aspect,box_area,h,iou,poly_box_ratio,reasons,split,stem,w
2.852,0.000972,0.0527,,1.0,extremely_small,train,OHI_dataset_MG_3889_JPG.rf.1e21792e6e4a29ef6d3f5596f5591a22,0.0185
2.852,0.000854,0.0494,,1.0,extremely_small,train,OHI_dataset_MG_3889_JPG.rf.bf0412bec550359937b027a1f4b74e6b,0.0173
7.029,0.001316,0.0962,,1.0,extreme_aspect,train,OHI_dataset_MG_4765_JPG.rf.856662d380002ab196e4491f8488fe42,0.0137
2.267,0.034169,0.2783,,0.4578,touches_boundary,train,OHI_datasetcrop_open_jpg.rf.2a01a46fb015a4d8f1626af2fad8b137,0.1228
2.972,0.016205,0.2194,,0.522,touches_boundary,train,OHI_datasetcrop_open_jpg.rf.2a01a46fb015a4d8f1626af2fad8b137,0.0738
3.919,0.002991,0.1083,,0.5101,touches_boundary,train,OHI_datasetcrop_open_jpg.rf.2a01a46fb015a4d8f1626af2fad8b137,0.0276
1.882,0.092174,0.4165,,0.529,touches_boundary,train,OHI_datasetcrop_open_jpg.rf.2a01a46fb015a4d8f1626af2fad8b137,0.2213
1.27,0.03214,0.202,,0.9711,touches_boundary,train,OHI_datasetcrop_upper_jpg.rf.6e3d40054706d11a67724da9ae76db45,0.1591
1.116,0.037219,0.2038,,0.7608,touches_boundary,train,OHI_datasetflip_IMG_2188_jpg.rf.6c9a71c0e9aaf424c68bb7addc2af3c8,0.1826
1.17,0.03961,0.2153,,0.7657,touches_boundary,train,OHI_datasetflip_IMG_2188_jpg.rf.6c9a71c0e9aaf424c68bb7addc2af3c8,0.184
1.865,0.052099,0.3117,,0.7946,touches_boundary,train,OHI_datasetflip_IMG_2188_jpg.rf.6c9a71c0e9aaf424c68bb7addc2af3c8,0.1671
1.105,0.05263,0.2182,,0.7956,touches_boundary,train,OHI_datasetflip_IMG_2188_jpg.rf.6c9a71c0e9aaf424c68bb7addc2af3c8,0.2412
1.066,0.030184,0.1683,,0.8154,touches_boundary,train,OHI_datasetflip_IMG_2188_jpg.rf.d79a12b0b873ca86717924c45c7eb897,0.1793
1.013,0.033515,0.1843,,0.8225,touches_boundary,train,OHI_datasetflip_IMG_2188_jpg.rf.d79a12b0b873ca86717924c45c7eb897,0.1819
1.48,0.075823,0.335,,0.7876,touches_boundary,train,OHI_datasetflip_IMG_2188_jpg.rf.d79a12b0b873ca86717924c45c7eb897,0.2263
2.178,0.045976,0.3165,,0.8174,touches_boundary,train,OHI_datasetflip_IMG_2188_jpg.rf.d79a12b0b873ca86717924c45c7eb897,0.1453
1.055,0.057006,0.2325,,0.8271,touches_boundary,train,OHI_datasetflip_IMG_2188_jpg.rf.d79a12b0b873ca86717924c45c7eb897,0.2452
1.428,0.024069,0.1298,,0.8362,touches_boundary,train,OHI_datasetgallery_-100616823_penta_lower_m_jpg.rf.3846498da85c8d680fb0627bce7b46bc,0.1854
1.625,0.031648,0.2268,,0.9267,touches_boundary,train,OHI_datasetgallery_-100616823_penta_upper_m_jpg.rf.1025024391fc21d64baca23376ac286c,0.1395
1.475,0.020018,0.1719,,0.9387,touches_boundary,train,OHI_datasetgallery_-100616823_penta_upper_m_jpg.rf.1025024391fc21d64baca23376ac286c,0.1165
1.719,0.02853,0.2215,,0.9631,touches_boundary,train,OHI_datasetgallery_-100616823_penta_upper_m_jpg.rf.d3196c122127bd6e129bd950b81ccedb,0.1288
1.616,0.018787,0.1743,,0.9622,touches_boundary,train,OHI_datasetgallery_-100616823_penta_upper_m_jpg.rf.d3196c122127bd6e129bd950b81ccedb,0.1078
1.645,0.018076,0.1725,,1.0,touches_boundary,train,OHI_datasetgallery_-100616823_penta_upper_m_jpg.rf.f96a1a7cea446486353cdb5dfa5caf2a,0.1048
5.107,0.006548,0.1829,,1.0,extreme_aspect,train,OHI_datasetgallery_-106765536_penta_front_m_jpg.rf.b5e5f7eaa6810b5b72c054029905fd9d,0.0358
2.135,0.027754,0.2434,,0.6283,touches_boundary,train,OHI_datasetgallery_-106765536_penta_lower_m_jpg.rf.a77225f7ca184e30b89f7c4ee510635b,0.114
1.045,0.013229,0.1176,,0.8297,touches_boundary,train,OHI_datasetgallery_-106765536_penta_upper_m_jpg.rf.39c7bd00f585c71069770864860da7cd,0.1125
1.412,0.016964,0.1548,,0.8089,touches_boundary,train,OHI_datasetgallery_-106765536_penta_upper_m_jpg.rf.39c7bd00f585c71069770864860da7cd,0.1096
1.62,0.019782,0.179,,0.7885,touches_boundary,train,OHI_datasetgallery_-106765536_penta_upper_m_jpg.rf.39c7bd00f585c71069770864860da7cd,0.1105
1.482,0.018605,0.1661,,0.8816,touches_boundary,train,OHI_datasetgallery_-112247038_penta_upper_m_jpg.rf.482ba6167c2373e85ea9137edd38371a,0.112
1.207,0.011906,0.0993,,0.8007,touches_boundary,train,OHI_datasetgallery_-112247038_penta_upper_m_jpg.rf.5ca9683bf43b1af1b653a56a86c3f403,0.1199
1.066,0.029024,0.1759,,0.838,touches_boundary,train,OHI_datasetgallery_-112247038_penta_upper_m_jpg.rf.5ca9683bf43b1af1b653a56a86c3f403,0.165
1.163,0.009402,0.0899,,0.8505,touches_boundary,train,OHI_datasetgallery_-112247038_penta_upper_m_jpg.rf.5ca9683bf43b1af1b653a56a86c3f403,0.1045
1.192,0.011674,0.118,,0.8284,touches_boundary,train,OHI_datasetgallery_-112247038_penta_upper_m_jpg.rf.5ca9683bf43b1af1b653a56a86c3f403,0.0989
1.443,0.020146,0.1705,,0.806,touches_boundary,train,OHI_datasetgallery_-112247038_penta_upper_m_jpg.rf.5ca9683bf43b1af1b653a56a86c3f403,0.1182
1.597,0.010973,0.1324,,0.9303,touches_boundary,train,OHI_datasetgallery_-118450926_penta_lower_m_jpg.rf.85db4aabce5aa9ed43ff26e5c9d0d7ca,0.0829
2.171,0.014486,0.1773,,0.9183,touches_boundary,train,OHI_datasetgallery_-118450926_penta_lower_m_jpg.rf.85db4aabce5aa9ed43ff26e5c9d0d7ca,0.0817
1.629,0.032201,0.229,,0.9318,touches_boundary,train,OHI_datasetgallery_-118450926_penta_lower_m_jpg.rf.85db4aabce5aa9ed43ff26e5c9d0d7ca,0.1406
1.652,0.013797,0.151,,0.7587,touches_boundary,train,OHI_datasetgallery_-118450926_penta_lower_m_jpg.rf.d3df7f0a7a3d100a154af5770ee9f9dc,0.0914
1.085,0.015601,0.1301,,0.8752,touches_boundary,train,OHI_datasetgallery_-118450926_penta_upper_m_jpg.rf.1de58afe503f2c6cc503f227cb26e23b,0.1199
1.464,0.017982,0.1623,,0.8557,touches_boundary,train,OHI_datasetgallery_-118450926_penta_upper_m_jpg.rf.1de58afe503f2c6cc503f227cb26e23b,0.1108
1.152,0.01655,0.1199,,0.7522,touches_boundary,train,OHI_datasetgallery_-118450926_penta_upper_m_jpg.rf.5f19d3ff27fed8c478a1834f397b55c9,0.1381
1.069,0.01888,0.1421,,0.7288,touches_boundary,train,OHI_datasetgallery_-118450926_penta_upper_m_jpg.rf.5f19d3ff27fed8c478a1834f397b55c9,0.1329
1.005,0.026695,0.163,,0.7388,touches_boundary,train,OHI_datasetgallery_-118450926_penta_upper_m_jpg.rf.5f19d3ff27fed8c478a1834f397b55c9,0.1638
2.312,0.019409,0.2118,,0.955,touches_boundary,train,OHI_datasetgallery_-127342845_penta_lower_m_jpg.rf.f0b2b445bca8b114a422d2277466d959,0.0916
2.406,0.020272,0.2208,,0.955,touches_boundary,train,OHI_datasetgallery_-127342845_penta_lower_m_jpg.rf.f0b2b445bca8b114a422d2277466d959,0.0918
1.395,0.019356,0.1643,,0.658,touches_boundary,train,OHI_datasetgallery_-137391181_penta_upper_m_jpg.rf.0a86b03f0a3d81aac6d4e21ba111d625,0.1178
1.463,0.020365,0.1726,,0.6382,touches_boundary,train,OHI_datasetgallery_-137391181_penta_upper_m_jpg.rf.0a86b03f0a3d81aac6d4e21ba111d625,0.118
1.527,0.018801,0.1695,,0.8431,touches_boundary,train,OHI_datasetgallery_-137391181_penta_upper_m_jpg.rf.144ba236ddf6b98cfa4da68dc55576c3,0.1109
1.867,0.015292,0.169,,1.0,touches_boundary,train,OHI_datasetgallery_-137391181_penta_upper_m_jpg.rf.ed8367e7b2751954b5abed93478ae57d,0.0905
2.151,0.014984,0.1795,,0.8801,touches_boundary,train,OHI_datasetgallery_-138079231_penta_lower_m_jpg.rf.95b50a472df7a790806091ef3a2c9773,0.0835
2.024,0.013589,0.1658,,0.8848,touches_boundary,train,OHI_datasetgallery_-138079231_penta_lower_m_jpg.rf.95b50a472df7a790806091ef3a2c9773,0.0819
1.823,0.015571,0.1685,,1.0,touches_boundary,train,OHI_datasetgallery_-138079231_penta_upper_m_jpg.rf.386f872dce11f07b40090bdf7e5939ae,0.0924
1.978,0.014552,0.1697,,1.0,touches_boundary,train,OHI_datasetgallery_-138079231_penta_upper_m_jpg.rf.386f872dce11f07b40090bdf7e5939ae,0.0858
1.56,0.017246,0.164,,0.8776,touches_boundary,train,OHI_datasetgallery_-138079231_penta_upper_m_jpg.rf.fbd3c07d39c138b632e598a52fa14c5c,0.1051
1.814,0.026056,0.2174,,0.8626,touches_boundary,train,OHI_datasetgallery_-138079231_penta_upper_m_jpg.rf.fbd3c07d39c138b632e598a52fa14c5c,0.1198
1.744,0.021013,0.1914,,0.7771,touches_boundary,train,OHI_datasetgallery_-150342966_penta_lower_m_jpg.rf.47399804c16a7574adef790df68b1c2a,0.1098
1.636,0.0565,0.304,,0.7783,touches_boundary,train,OHI_datasetgallery_-150342966_penta_lower_m_jpg.rf.47399804c16a7574adef790df68b1c2a,0.1858
1.882,0.025783,0.2203,,0.8845,touches_boundary,train,OHI_datasetgallery_-150342966_penta_upper_m_jpg.rf.252350aa4c1a44e14f3455979f64b91a,0.1171
1.599,0.037525,0.245,,0.9049,touches_boundary,train,OHI_datasetgallery_-150342966_penta_upper_m_jpg.rf.252350aa4c1a44e14f3455979f64b91a,0.1532
1.783,0.026588,0.2177,,0.897,touches_boundary,train,OHI_datasetgallery_-150342966_penta_upper_m_jpg.rf.252350aa4c1a44e14f3455979f64b91a,0.1221
1.751,0.022823,0.1999,,0.9312,touches_boundary,train,OHI_datasetgallery_-150342966_penta_upper_m_jpg.rf.334b04fd1832467b759e306904bbe773,0.1142
1.727,0.024577,0.206,,0.9276,touches_boundary,train,OHI_datasetgallery_-150342966_penta_upper_m_jpg.rf.334b04fd1832467b759e306904bbe773,0.1193
1.72,0.043029,0.2721,,0.9321,touches_boundary,train,OHI_datasetgallery_-150342966_penta_upper_m_jpg.rf.334b04fd1832467b759e306904bbe773,0.1582
1.353,0.016597,0.1498,,1.0,touches_boundary,train,OHI_datasetgallery_-160158513_penta_upper_m_jpg.rf.94402935138df09467891d753e7924df,0.1108
2.226,0.020062,0.2113,,1.0,touches_boundary,train,OHI_datasetgallery_-160158513_penta_upper_m_jpg.rf.94402935138df09467891d753e7924df,0.0949
1.953,0.018144,0.1883,,1.0,touches_boundary,train,OHI_datasetgallery_-160158513_penta_upper_m_jpg.rf.94402935138df09467891d753e7924df,0.0964
1.815,0.023139,0.2049,,1.0,touches_boundary,train,OHI_datasetgallery_-160158513_penta_upper_m_jpg.rf.94402935138df09467891d753e7924df,0.1129
1.435,0.020858,0.173,,0.8295,touches_boundary,train,OHI_datasetgallery_-160158513_penta_upper_m_jpg.rf.bad30191a29c655b088ac8a3ae0fb18a,0.1205
1.217,0.048085,0.1988,,0.7789,touches_boundary,train,OHI_datasetgallery_-40032188_penta_front_m_jpg.rf.dd16bfb9362109cb6a8cdc6d7842e21a,0.2419
1.831,0.01471,0.1641,,0.765,touches_boundary,train,OHI_datasetgallery_-40032188_penta_front_m_jpg.rf.dd16bfb9362109cb6a8cdc6d7842e21a,0.0896
1.39,0.050761,0.2656,,0.7944,touches_boundary,train,OHI_datasetgallery_-40032188_penta_front_m_jpg.rf.fa21a400cecd5e4ca43c73037d173357,0.1911
1.336,0.038834,0.2278,,0.8407,touches_boundary,train,OHI_datasetgallery_-40032188_penta_front_m_jpg.rf.fa21a400cecd5e4ca43c73037d173357,0.1705
1.062,0.036833,0.1863,,0.8388,touches_boundary,train,OHI_datasetgallery_-40032188_penta_front_m_jpg.rf.fa21a400cecd5e4ca43c73037d173357,0.1977
1.055,0.055104,0.2286,,0.7047,touches_boundary,train,OHI_datasetgallery_-40032188_penta_lower_m_jpg.rf.187eb51a23b4dc24a6d7029f07db1e7e,0.2411
1.163,0.054177,0.251,,0.7359,touches_boundary,train,OHI_datasetgallery_-40032188_penta_lower_m_jpg.rf.9389a0b3e5b8791325aac2caa97c5f8e,0.2159
1.142,0.051932,0.2133,,0.7553,touches_boundary,train,OHI_datasetgallery_-40032188_penta_lower_m_jpg.rf.9389a0b3e5b8791325aac2caa97c5f8e,0.2435
1.041,0.076905,0.2719,,0.8522,touches_boundary,train,OHI_datasetgallery_-40032188_penta_upper_m_jpg.rf.c54a598cdf9305f24d05c6c8bd4cd214,0.2829
1.05,0.04565,0.2085,,0.8211,touches_boundary,train,OHI_datasetgallery_-40615633_penta_lower_m_jpg.rf.5b471ec3bba8dfb241185a633a3e99cb,0.2189
1.181,0.043907,0.1928,,0.9178,touches_boundary,train,OHI_datasetgallery_-40615633_penta_upper_m_jpg.rf.a39afeba7bc12c931a34ed5ee5db5a81,0.2277
1.04,0.034478,0.1894,,0.9276,touches_boundary,train,OHI_datasetgallery_-40615633_penta_upper_m_jpg.rf.a39afeba7bc12c931a34ed5ee5db5a81,0.182
2.132,0.014316,0.1747,,0.8311,touches_boundary,train,OHI_datasetgallery_-42318742_penta_front_m_jpg.rf.8e6e5f541bd78c864e29b2e26cec54f6,0.082
1.003,0.009012,0.0948,,0.8254,touches_boundary,train,OHI_datasetgallery_-42318742_penta_front_m_jpg.rf.8e6e5f541bd78c864e29b2e26cec54f6,0.0951
2.787,0.010907,0.1744,,0.688,touches_boundary,train,OHI_datasetgallery_-42318742_penta_front_m_jpg.rf.c3ec733daeb6bbadfb761feb9c4db419,0.0626
1.075,0.058724,0.2512,,0.8858,touches_boundary,train,OHI_datasetgallery_-42318742_penta_lower_m_jpg.rf.d6a907c4213a9d01f936db5c6a6d12f6,0.2337
1.47,0.040125,0.2429,,0.8904,touches_boundary,train,OHI_datasetgallery_-42318742_penta_lower_m_jpg.rf.d6a907c4213a9d01f936db5c6a6d12f6,0.1652
5.363,0.013618,0.2702,,1.0,extreme_aspect,train,OHI_datasetgallery_-48450823_penta_front_m1_jpg.rf.961f206f0277f4a139589042e66212f5,0.0504
1.738,0.034123,0.2435,,0.6139,touches_boundary,train,OHI_datasetgallery_-48450823_penta_upper_m1_jpg.rf.03a976741748bf8f9d0373cf293fc215,0.1401
1.978,0.030682,0.2464,,0.5541,touches_boundary,train,OHI_datasetgallery_-48450823_penta_upper_m1_jpg.rf.03a976741748bf8f9d0373cf293fc215,0.1245
2.013,0.023843,0.2191,,0.8499,touches_boundary,train,OHI_datasetgallery_-48450823_penta_upper_m1_jpg.rf.e7848fe182c4c111e3ff3eed672d85f9,0.1088
2.643,0.020812,0.2345,,0.8103,touches_boundary,train,OHI_datasetgallery_-48450823_penta_upper_m1_jpg.rf.e7848fe182c4c111e3ff3eed672d85f9,0.0887
1.752,0.029894,0.2289,,0.8055,touches_boundary,train,OHI_datasetgallery_-48450823_penta_upper_m_jpg.rf.c0b91ce631a4abae8af1cd2280e5a4ae,0.1306
2.918,0.021223,0.2488,,1.0,touches_boundary,train,OHI_datasetgallery_-48450823_penta_upper_m_jpg.rf.c82fdcbe8f5829bed1016e3e3f18b8c7,0.0853
1.697,0.022068,0.1935,,0.9658,touches_boundary,train,OHI_datasetgallery_-48450823_penta_upper_m_jpg.rf.f400e043f2b5640b2d47b1504eacc7ff,0.114
2.07,0.021877,0.2128,,0.9602,touches_boundary,train,OHI_datasetgallery_-48450823_penta_upper_m_jpg.rf.f400e043f2b5640b2d47b1504eacc7ff,0.1028
2.363,0.023071,0.2335,,0.9538,touches_boundary,train,OHI_datasetgallery_-48450823_penta_upper_m_jpg.rf.f400e043f2b5640b2d47b1504eacc7ff,0.0988
5.638,0.005111,0.1698,,1.0,extreme_aspect,train,OHI_datasetgallery_-50885731_penta_front_m_jpg.rf.2340d8c1739fcb0b31b7ee1ed51ffa68,0.0301
2.106,0.014989,0.1777,,0.9205,touches_boundary,train,OHI_datasetgallery_-50885731_penta_lower_m_jpg.rf.8542a74e14cda00e6af355f32fa8d652,0.0844
2.275,0.018874,0.2072,,0.9152,touches_boundary,train,OHI_datasetgallery_-50885731_penta_lower_m_jpg.rf.8542a74e14cda00e6af355f32fa8d652,0.0911
1.418,0.021249,0.1736,,1.0,touches_boundary,train,OHI_datasetgallery_-58038273_penta_upper_m_jpg.rf.785144d4ae855ba0264c2631eeebc42a,0.1224
1.712,0.019043,0.1806,,1.0,touches_boundary,train,OHI_datasetgallery_-58038273_penta_upper_m_jpg.rf.785144d4ae855ba0264c2631eeebc42a,0.1055
1.202,0.024279,0.1709,,0.9055,touches_boundary,train,OHI_datasetgallery_-58038273_penta_upper_m_jpg.rf.7b7bbf00e0af96a08fb6f9547dad37ac,0.1421
1.39,0.021385,0.1724,,0.9135,touches_boundary,train,OHI_datasetgallery_-58038273_penta_upper_m_jpg.rf.7b7bbf00e0af96a08fb6f9547dad37ac,0.124
1.942,0.018655,0.1903,,0.8898,touches_boundary,train,OHI_datasetgallery_-58038273_penta_upper_m_jpg.rf.7b7bbf00e0af96a08fb6f9547dad37ac,0.098
1.343,0.024366,0.1809,,0.9043,touches_boundary,train,OHI_datasetgallery_-58038273_penta_upper_m_jpg.rf.f0e838655830d12647bdbfae847e703e,0.1347
1.55,0.021464,0.1824,,0.907,touches_boundary,train,OHI_datasetgallery_-58038273_penta_upper_m_jpg.rf.f0e838655830d12647bdbfae847e703e,0.1177
2.137,0.018567,0.1992,,0.8808,touches_boundary,train,OHI_datasetgallery_-58038273_penta_upper_m_jpg.rf.f0e838655830d12647bdbfae847e703e,0.0932
1.035,0.005501,0.0729,,0.9505,touches_boundary,train,OHI_datasetgallery_-76089144_penta_lower_m_jpg.rf.8b403f1fab29a51b5523447104254b09,0.0754
1.031,0.00601,0.0787,,0.9494,touches_boundary,train,OHI_datasetgallery_-76089144_penta_lower_m_jpg.rf.8b403f1fab29a51b5523447104254b09,0.0764
1.23,0.017335,0.146,,0.9452,touches_boundary,train,OHI_datasetgallery_-76089144_penta_lower_m_jpg.rf.8b403f1fab29a51b5523447104254b09,0.1187
1.312,0.004267,0.057,,0.9425,touches_boundary,train,OHI_datasetgallery_-76089144_penta_lower_m_jpg.rf.8b403f1fab29a51b5523447104254b09,0.0748
1.13,0.029758,0.1834,,0.7024,touches_boundary,train,OHI_datasetgallery_-76089144_penta_upper_m_jpg.rf.3e13135c94788145e11588adeb303e98,0.1623
1.377,0.023546,0.1801,,0.656,touches_boundary,train,OHI_datasetgallery_-76089144_penta_upper_m_jpg.rf.3e13135c94788145e11588adeb303e98,0.1308
1.442,0.02846,0.2026,,0.65,touches_boundary,train,OHI_datasetgallery_-76089144_penta_upper_m_jpg.rf.3e13135c94788145e11588adeb303e98,0.1405
1.296,0.025509,0.1818,,0.7116,touches_boundary,train,OHI_datasetgallery_-76089144_penta_upper_m_jpg.rf.cc93a0569e8663387c8c449a1fca8cce,0.1403
1.977,0.015045,0.1725,,1.0,touches_boundary,train,OHI_datasetgallery_-76089144_penta_upper_m_jpg.rf.f8d2ae41a91617349285e5854262d083,0.0872
1.951,0.011778,0.1516,,0.9252,touches_boundary,train,OHI_datasetIMG_0218_JPG.rf.367ec62756e055f56869775a2b8b414c,0.0777
2.35,0.022167,0.2282,,0.8688,touches_boundary,train,OHI_datasetIMG_0218_JPG.rf.7ac59a75dfcc95c2589feca9f00edda6,0.0971
5.209,0.000916,0.0691,,1.0,extremely_small;extreme_aspect,train,OHI_datasetIMG_0263_JPG.rf.fe4bb923422fa01463d1672f8aaf185b,0.0133
5.536,0.002966,0.1281,,1.0,extreme_aspect,train,OHI_datasetIMG_0665_JPG.rf.7bacdbce450830e609bfc5c5aa0b25a9,0.0231
5.064,0.003666,0.1363,,0.9093,extreme_aspect,train,OHI_datasetIMG_0665_JPG.rf.b903fecc9cb8c3d85ea5331f7f0b4956,0.0269
1.759,0.011295,0.0801,,1.0,touches_boundary,train,OHI_datasetIMG_1217_JPG.rf.8201917ab8329b3ea95fa19a686cc8b5,0.141
2.773,0.008587,0.0556,,1.0,touches_boundary,train,OHI_datasetIMG_1217_JPG.rf.8201917ab8329b3ea95fa19a686cc8b5,0.1543
1.126,0.027269,0.1556,,0.8134,touches_boundary,train,OHI_datasetIMG_1217_JPG.rf.8b211fac6058f379559d1e8efb177384,0.1752
1.157,0.030695,0.1884,,1.0,touches_boundary,train,OHI_datasetIMG_1217_JPG.rf.ba85b02284f1a84ae753ce02b2f0dcbf,0.1629
1.069,0.023839,0.1493,,1.0,touches_boundary,train,OHI_datasetIMG_1217_JPG.rf.ba85b02284f1a84ae753ce02b2f0dcbf,0.1596
2.439,0.015707,0.1957,,0.9198,touches_boundary,train,OHI_datasetIMG_1283_JPG.rf.1a1898504bc3d87bd5910ce335d57958,0.0802
2.108,0.028293,0.2442,,0.7718,touches_boundary,train,OHI_datasetIMG_1283_JPG.rf.8a0837cc8f25301767dc12c7b06d8296,0.1159
1.271,0.035658,0.2129,,0.8446,touches_boundary,train,OHI_datasetIMG_1286_JPG.rf.4030d4919322d70a147434d02d445560,0.1675
4.894,0.00573,0.0342,,0.8662,touches_boundary,train,OHI_datasetIMG_1286_JPG.rf.d7bd528771a6fd3e1d26ba93d0be9886,0.1675
1.347,0.021072,0.1684,,0.9135,touches_boundary,train,OHI_datasetIMG_1454a_jpg.rf.9cf75318edd89efd95933042dfed9c27,0.1251
1.982,0.065658,0.3607,,0.7292,touches_boundary,train,OHI_datasetIMG_1455a_jpg.rf.43efc7d13d2bf66a70ac39040b177b6e,0.182
2.849,0.007184,0.143,,0.6551,touches_boundary,train,OHI_datasetIMG_1455a_jpg.rf.43efc7d13d2bf66a70ac39040b177b6e,0.0502
2.511,0.007772,0.1397,,0.4068,low_polygon_to_box_ratio,train,OHI_datasetIMG_1462_JPG.rf.66b237b2e79c730ead2c267b66d911cf,0.0556
2.366,0.006877,0.1276,,0.443,low_polygon_to_box_ratio,train,OHI_datasetIMG_1462_JPG.rf.66b237b2e79c730ead2c267b66d911cf,0.0539
2.572,0.004093,0.1026,,0.3911,low_polygon_to_box_ratio,train,OHI_datasetIMG_1462_JPG.rf.66b237b2e79c730ead2c267b66d911cf,0.0399
6.047,0.002939,0.1333,,1.0,extreme_aspect,train,OHI_datasetIMG_1462_JPG.rf.ed8da0205ecca97b1fbd46509f1b68c2,0.022
5.162,0.002832,0.1209,,1.0,extreme_aspect,train,OHI_datasetIMG_1462_JPG.rf.ed8da0205ecca97b1fbd46509f1b68c2,0.0234
6.477,0.001488,0.0982,,1.0,extreme_aspect,train,OHI_datasetIMG_1462_JPG.rf.ed8da0205ecca97b1fbd46509f1b68c2,0.0152
1.041,0.030216,0.1774,,0.7193,touches_boundary,train,OHI_datasetIMG_1499_crop_jpg.rf.1bac8403b5e72b965649932cf2a6bcfd,0.1703
1.14,0.023358,0.1631,,0.687,touches_boundary,train,OHI_datasetIMG_1499_crop_jpg.rf.1bac8403b5e72b965649932cf2a6bcfd,0.1432
1.199,0.041213,0.2223,,0.678,touches_boundary,train,OHI_datasetIMG_1499_crop_jpg.rf.1bac8403b5e72b965649932cf2a6bcfd,0.1854
5.143,0.003297,0.1302,,1.0,extreme_aspect,train,OHI_datasetIMG_1518_JPG.rf.16a3482cd27073c1cfec6eacf9f86a79,0.0253
3.018,0.01059,0.1788,,0.7267,touches_boundary,train,OHI_datasetIMG_1556_JPG.rf.025d48d12dfba1c4087615fcaf12fc32,0.0592
2.367,0.011023,0.1615,,0.8585,touches_boundary,train,OHI_datasetIMG_1556_JPG.rf.59ea4d35d34bf1e9e42fe6c7228683ed,0.0682
5.366,0.005406,0.1703,,0.7623,extreme_aspect;touches_boundary,train,OHI_datasetIMG_1556_JPG.rf.59ea4d35d34bf1e9e42fe6c7228683ed,0.0317
2.155,0.025044,0.2323,,0.8281,touches_boundary,train,OHI_datasetIMG_1556_JPG.rf.59ea4d35d34bf1e9e42fe6c7228683ed,0.1078
1.071,0.031617,0.1718,,0.8655,touches_boundary,train,OHI_datasetIMG_1558_JPG.rf.4dff9dc11a8236b70e6b2bad8c5450ff,0.184
1.389,0.040569,0.2374,,0.7665,touches_boundary,train,OHI_datasetIMG_1558_JPG.rf.8c6b19da027269ddae85de89ca4b9616,0.1709
1.269,0.046553,0.2431,,0.7104,touches_boundary,train,OHI_datasetIMG_1558_JPG.rf.8c6b19da027269ddae85de89ca4b9616,0.1915
1.2,0.020704,0.1576,,0.7766,touches_boundary,train,OHI_datasetIMG_1661_JPG.rf.5b1cd8a1292a72a5b12b26693c697739,0.1313
1.084,0.017657,0.1383,,0.8368,touches_boundary,train,OHI_datasetIMG_1661_JPG.rf.75e75beb9daf4507a6b32a5ac85fb5c4,0.1276
1.028,0.035286,0.1853,,0.7901,touches_boundary,train,OHI_datasetIMG_1748_JPG.rf.19adc1235e4a297cdfb3c3392714454f,0.1904
5.053,0.013887,0.2649,,1.0,extreme_aspect,train,OHI_datasetIMG_1967_JPG.rf.688e5253984d7e66232f21f987320979,0.0524
6.6,0.003727,0.1568,,1.0,extreme_aspect,train,OHI_datasetIMG_1967_JPG.rf.688e5253984d7e66232f21f987320979,0.0238
1.743,0.01788,0.1766,,1.0,touches_boundary,train,OHI_datasetIMG_1976_JPG.rf.9ba856e533ebe903f603baeeb4f135ee,0.1013
1.616,0.020614,0.1825,,1.0,touches_boundary,train,OHI_datasetIMG_1976_JPG.rf.9ba856e533ebe903f603baeeb4f135ee,0.113
1.341,0.045509,0.247,,1.0,touches_boundary,train,OHI_datasetIMG_1976_JPG.rf.9ba856e533ebe903f603baeeb4f135ee,0.1842
1.699,0.034474,0.242,,0.7149,touches_boundary,train,OHI_datasetIMG_1976_JPG.rf.d32a0c9a21d5522aaf3a84d92f431c7d,0.1424
1.524,0.074188,0.3362,,0.7634,touches_boundary,train,OHI_datasetIMG_1976_JPG.rf.d32a0c9a21d5522aaf3a84d92f431c7d,0.2206
1.072,0.019544,0.1447,,0.8118,touches_boundary,train,OHI_datasetIMG_1976_JPG.rf.d32a0c9a21d5522aaf3a84d92f431c7d,0.135
1.005,0.046651,0.2154,,0.8057,touches_boundary,train,OHI_datasetIMG_1976_JPG.rf.d32a0c9a21d5522aaf3a84d92f431c7d,0.2166
1.883,0.021475,0.2011,,0.6725,touches_boundary,train,OHI_datasetIMG_2042_jpg.rf.fb61df1510b230b4b008b2147ff41d29,0.1068
3.987,0.007872,0.1772,,0.5139,touches_boundary,train,OHI_datasetIMG_2042_jpg.rf.fb61df1510b230b4b008b2147ff41d29,0.0444
1.355,0.047074,0.2526,,0.6543,touches_boundary,train,OHI_datasetIMG_2042_jpg.rf.fb61df1510b230b4b008b2147ff41d29,0.1864
1.769,0.046388,0.2865,,0.726,touches_boundary,train,OHI_datasetIMG_2042_jpg.rf.fb61df1510b230b4b008b2147ff41d29,0.1619
1.99,0.025545,0.2255,,0.7287,touches_boundary,train,OHI_datasetIMG_2042_jpg.rf.fb61df1510b230b4b008b2147ff41d29,0.1133
1.544,0.050847,0.2802,,0.6208,touches_boundary,train,OHI_datasetIMG_2042_jpg.rf.fb61df1510b230b4b008b2147ff41d29,0.1815
1.35,0.082758,0.3342,,0.6543,touches_boundary,train,OHI_datasetIMG_2042_jpg.rf.fb61df1510b230b4b008b2147ff41d29,0.2476
1.205,0.040263,0.2203,,0.8721,touches_boundary,train,OHI_datasetIMG_2069_JPG.rf.93f324e385e41147e86d3e198ab3e800,0.1828
2.091,0.006726,0.1186,,0.769,touches_boundary,train,OHI_datasetIMG_23351_jpg.rf.778fd3654d07738fb96338d8f69d9230,0.0567
3.051,0.014918,0.2133,,0.706,touches_boundary,train,OHI_datasetIMG_23351_jpg.rf.778fd3654d07738fb96338d8f69d9230,0.0699
5.436,0.004379,0.1543,,0.6887,extreme_aspect;touches_boundary,train,OHI_datasetIMG_23351_jpg.rf.778fd3654d07738fb96338d8f69d9230,0.0284
2.552,0.005348,0.1168,,0.3962,low_polygon_to_box_ratio,train,OHI_datasetIMG_23351_jpg.rf.9e56f4e5747f10607836cf3752e376f4,0.0458
2.242,0.021144,0.2177,,0.5093,touches_boundary,train,OHI_datasetIMG_23351_jpg.rf.9e56f4e5747f10607836cf3752e376f4,0.0971
3.016,0.008069,0.156,,0.4583,touches_boundary,train,OHI_datasetIMG_23351_jpg.rf.9e56f4e5747f10607836cf3752e376f4,0.0517
6.075,0.00341,0.1439,,1.0,extreme_aspect,train,OHI_datasetIMG_23351_jpg.rf.e24ed0bb7f0aa80e3ec41f88381f0d3d,0.0237
5.025,0.003113,0.1251,,1.0,extreme_aspect,train,OHI_datasetIMG_2335_JPG.rf.83ffa6d0051bd44179dc56144595617d,0.0249
1.064,0.065292,0.2477,,0.8461,touches_boundary,train,OHI_datasetIMG_2338_jpg.rf.bb277b6958ed9589dd0221aa26513c56,0.2636
1.673,0.062891,0.3244,,0.8433,touches_boundary,train,OHI_datasetIMG_2338_jpg.rf.bb277b6958ed9589dd0221aa26513c56,0.1939
2.124,0.058255,0.3518,,0.7184,touches_boundary,train,OHI_datasetIMG_2338_jpg.rf.cbcae56ff60b4f8d713c9b2511e920bd,0.1656
1.371,0.046627,0.2528,,0.8979,touches_boundary,train,OHI_datasetIMG_23421_jpg.rf.8d887d37923df6950eba53bba6a8fbbe,0.1844
1.505,0.035522,0.2312,,0.6964,touches_boundary,train,OHI_datasetIMG_23421_jpg.rf.c4e1bbf256fa546f75430ed6fe4038d0,0.1536
1.187,0.027743,0.1529,,0.7185,touches_boundary,train,OHI_datasetIMG_23421_jpg.rf.c4e1bbf256fa546f75430ed6fe4038d0,0.1815
2.794,0.016718,0.2161,,0.7938,touches_boundary,train,OHI_datasetIMG_2347_jpg.rf.542e006e7a27ef2ee7b87dd71c4a62cd,0.0774
4.188,0.011295,0.2175,,0.8024,touches_boundary,train,OHI_datasetIMG_2347_jpg.rf.542e006e7a27ef2ee7b87dd71c4a62cd,0.0519
2.553,0.023686,0.2459,,0.8447,touches_boundary,train,OHI_datasetIMG_2347_jpg.rf.67cb7eebc2e35313898b61a302aded26,0.0963
1.256,0.026011,0.1808,,0.8379,touches_boundary,train,OHI_datasetIMG_2347_jpg.rf.67cb7eebc2e35313898b61a302aded26,0.1439
1.308,0.051491,0.2595,,0.7238,touches_boundary,train,OHI_datasetIMG_2375_JPG.rf.9a168f77f1488608dff37b3b0097f759,0.1984
1.435,0.050795,0.27,,0.7614,touches_boundary,train,OHI_datasetIMG_2375_JPG.rf.9a168f77f1488608dff37b3b0097f759,0.1882
1.542,0.061667,0.3083,,0.7041,touches_boundary,train,OHI_datasetIMG_2375_JPG.rf.9a168f77f1488608dff37b3b0097f759,0.2
1.268,0.050436,0.2528,,0.7322,touches_boundary,train,OHI_datasetIMG_2375_JPG.rf.aefe7a640c4a13635ba931927e6682bf,0.1995
1.173,0.053806,0.2512,,0.7366,touches_boundary,train,OHI_datasetIMG_2375_JPG.rf.aefe7a640c4a13635ba931927e6682bf,0.2142
1.029,0.033706,0.181,,0.7636,touches_boundary,train,OHI_datasetIMG_2375_JPG.rf.aefe7a640c4a13635ba931927e6682bf,0.1863
1.388,0.053806,0.2733,,0.7457,touches_boundary,train,OHI_datasetIMG_2375_JPG.rf.aefe7a640c4a13635ba931927e6682bf,0.1969
1.5,0.065472,0.3134,,0.7098,touches_boundary,train,OHI_datasetIMG_2375_JPG.rf.aefe7a640c4a13635ba931927e6682bf,0.2089
1.713,0.006914,0.0635,,0.7371,touches_boundary,train,OHI_datasetIMG_2377_JPG.rf.6aa59af3a4c1f31ea6abd33cbc6cf415,0.1088
1.536,0.010786,0.0838,,0.7739,touches_boundary,train,OHI_datasetIMG_2377_JPG.rf.6aa59af3a4c1f31ea6abd33cbc6cf415,0.1287
1.065,0.020884,0.14,,0.7608,touches_boundary,train,OHI_datasetIMG_2377_JPG.rf.6aa59af3a4c1f31ea6abd33cbc6cf415,0.1491
1.396,0.046934,0.256,,0.6918,touches_boundary,train,OHI_datasetIMG_2377_JPG.rf.6aa59af3a4c1f31ea6abd33cbc6cf415,0.1834
1.629,0.055855,0.3017,,0.769,touches_boundary,train,OHI_datasetIMG_2377_JPG.rf.6aa59af3a4c1f31ea6abd33cbc6cf415,0.1852
2.301,0.030165,0.2635,,0.7381,touches_boundary,train,OHI_datasetIMG_2377_JPG.rf.6aa59af3a4c1f31ea6abd33cbc6cf415,0.1145
1.564,0.073717,0.3396,,0.6822,touches_boundary,train,OHI_datasetIMG_2377_JPG.rf.6aa59af3a4c1f31ea6abd33cbc6cf415,0.2171
1.328,0.040323,0.2314,,0.707,touches_boundary,train,OHI_datasetIMG_2377_JPG.rf.6aa59af3a4c1f31ea6abd33cbc6cf415,0.1742
1.316,0.05871,0.2779,,0.6793,touches_boundary,train,OHI_datasetIMG_2377_JPG.rf.d611fce4f9e1c668818c007fa88541ff,0.2112
1.773,0.035236,0.2499,,0.7394,touches_boundary,train,OHI_datasetIMG_2377_JPG.rf.d611fce4f9e1c668818c007fa88541ff,0.141
1.004,0.038591,0.196,,0.7233,touches_boundary,train,OHI_datasetIMG_2377_JPG.rf.d611fce4f9e1c668818c007fa88541ff,0.1968
4.053,0.030104,0.3493,,0.8107,touches_boundary,train,OHI_datasetIMG_2418_jpg.rf.c747d39c4d0c8a7fdf180642cc79929d,0.0862
1.375,0.056338,0.2783,,0.887,touches_boundary,train,OHI_datasetIMG_2420_jpg.rf.e9f59a499199e347b42d8d6335d3f8f3,0.2024
1.465,0.075073,0.3316,,0.9102,touches_boundary,train,OHI_datasetIMG_2420_jpg.rf.e9f59a499199e347b42d8d6335d3f8f3,0.2264
1.529,0.034913,0.231,,0.8517,touches_boundary,train,OHI_datasetIMG_2422_jpg.rf.412e060918eeedd57773abb2e3456082,0.1511
1.776,0.041012,0.2699,,0.8454,touches_boundary,train,OHI_datasetIMG_2422_jpg.rf.412e060918eeedd57773abb2e3456082,0.1519
1.115,0.031795,0.1689,,0.9074,touches_boundary,train,OHI_datasetIMG_2451_jpg.rf.3adb9d1b4a44b1779bee73bc666f7f6c,0.1882
1.594,0.019672,0.1771,,0.8738,touches_boundary,train,OHI_datasetIMG_2451_jpg.rf.3adb9d1b4a44b1779bee73bc666f7f6c,0.1111
1.693,0.024242,0.2026,,0.8698,touches_boundary,train,OHI_datasetIMG_2451_jpg.rf.3adb9d1b4a44b1779bee73bc666f7f6c,0.1197
1.336,0.059049,0.2809,,0.8827,touches_boundary,train,OHI_datasetIMG_2451_jpg.rf.3adb9d1b4a44b1779bee73bc666f7f6c,0.2102
1.275,0.03133,0.1999,,0.8001,touches_boundary,train,OHI_datasetIMG_2451_jpg.rf.6060517bbdc8f3e571e4ac2453576257,0.1567
1.067,0.015432,0.1202,,0.8278,touches_boundary,train,OHI_datasetIMG_2451_jpg.rf.6060517bbdc8f3e571e4ac2453576257,0.1284
1.096,0.028622,0.1771,,0.8159,touches_boundary,train,OHI_datasetIMG_2451_jpg.rf.6060517bbdc8f3e571e4ac2453576257,0.1616
1.672,0.067544,0.336,,0.8297,touches_boundary,train,OHI_datasetIMG_2451_jpg.rf.6060517bbdc8f3e571e4ac2453576257,0.201
1.45,0.017057,0.1573,,0.8362,touches_boundary,train,OHI_datasetIMG_2451_jpg.rf.6060517bbdc8f3e571e4ac2453576257,0.1084
1.324,0.022287,0.1718,,0.7776,touches_boundary,train,OHI_datasetIMG_2451_jpg.rf.6060517bbdc8f3e571e4ac2453576257,0.1297
1.048,0.062527,0.256,,0.8198,touches_boundary,train,OHI_datasetIMG_2451_jpg.rf.6060517bbdc8f3e571e4ac2453576257,0.2443
5.43,0.002104,0.1069,,1.0,extreme_aspect,train,OHI_datasetIMG_2481_JPG.rf.f8eabc4f224b7d25cedadc9e81a6fd41,0.0197
5.826,0.004481,0.1616,,1.0,extreme_aspect,train,OHI_datasetIMG_2501_jpg.rf.91cda67b6f05b5489e8e628f9318b324,0.0277
1.162,0.048333,0.204,,0.7693,touches_boundary,train,OHI_datasetIMG_2592_jpg.rf.b8f3c0776b9eebdab26e3492411048fd,0.237
1.095,0.031427,0.1855,,0.795,touches_boundary,train,OHI_datasetIMG_2592_jpg.rf.b8f3c0776b9eebdab26e3492411048fd,0.1694
1.206,0.020167,0.156,,0.7558,touches_boundary,train,OHI_datasetIMG_2593_jpg.rf.b7b2761b258595f2af495935c3e438f2,0.1293
1.417,0.025029,0.1883,,0.761,touches_boundary,train,OHI_datasetIMG_2593_jpg.rf.b7b2761b258595f2af495935c3e438f2,0.1329
2.0,0.011504,0.1517,,0.7075,touches_boundary,train,OHI_datasetIMG_2593_jpg.rf.b7b2761b258595f2af495935c3e438f2,0.0758
2.525,0.013134,0.1821,,0.3596,low_polygon_to_box_ratio,train,OHI_datasetIMG_2634_JPG.rf.e5cf9e7e59aea7861880d6a34c7cb574,0.0721
6.981,0.00439,0.1751,,1.0,extreme_aspect,train,OHI_datasetIMG_2634_JPG.rf.edb223d62c91f13f0883f67b1393c942,0.0251
1.118,0.009608,0.1036,,0.783,touches_boundary,train,OHI_datasetIMG_2718_JPG.rf.6874bf5f6f62e9dd93c7192a24542051,0.0927
1.102,0.012979,0.1196,,0.816,touches_boundary,train,OHI_datasetIMG_2718_JPG.rf.6874bf5f6f62e9dd93c7192a24542051,0.1085
1.508,0.02469,0.193,,0.7754,touches_boundary,train,OHI_datasetIMG_2718_JPG.rf.6874bf5f6f62e9dd93c7192a24542051,0.1279
1.08,0.031194,0.17,,0.794,touches_boundary,train,OHI_datasetIMG_2744_JPG.rf.4fa5a4cb5ced93c518bfe783f0541fe5,0.1835
1.349,0.026231,0.1394,,0.8359,touches_boundary,train,OHI_datasetIMG_2744_JPG.rf.96f55f10d9d3f982e05b5aa5cf7685bc,0.1881
1.303,0.00573,0.0663,,0.8603,touches_boundary,train,OHI_datasetIMG_2745_JPG.rf.7f8e7b05a0ddd694db7e1ff0b277e9d4,0.0864
1.065,0.011497,0.1106,,0.8585,touches_boundary,train,OHI_datasetIMG_2745_JPG.rf.7f8e7b05a0ddd694db7e1ff0b277e9d4,0.1039
1.49,0.011001,0.128,,0.7364,touches_boundary,train,OHI_datasetIMG_2745_JPG.rf.cf7e9137dc5443108161fb6c20250128,0.0859
1.107,0.058863,0.2553,,0.8865,touches_boundary,train,OHI_datasetIMG_2802_jpeg.rf.8f0b75cce1a32e1f45e330e11ebc29e6,0.2306
1.522,0.0071,0.104,,0.8901,touches_boundary,train,OHI_datasetIMG_2802_jpeg.rf.8f0b75cce1a32e1f45e330e11ebc29e6,0.0683
1.008,0.009104,0.0951,,0.9729,touches_boundary,train,OHI_datasetIMG_2802_jpeg.rf.a6f41104285c4e0fd5825a2da65c87c9,0.0958
1.416,0.035561,0.1584,,1.0,touches_boundary,train,OHI_datasetIMG_2802_jpeg.rf.f2dcc1d15aef5aba29632ae1af90345d,0.2244
1.179,0.025544,0.1472,,0.7793,touches_boundary,train,OHI_datasetIMG_2803_jpeg.rf.0ee697f851f40781cd3445167a8fe01b,0.1735
4.844,0.003538,0.1309,,0.8554,touches_boundary,train,OHI_datasetIMG_2890_JPG.rf.4558efcb23675c835919ecf7d6d7c90a,0.027
2.219,0.008093,0.134,,0.6985,touches_boundary,train,OHI_datasetIMG_2890_JPG.rf.a3f366329fde57c86c77333224889e3b,0.0604
1.212,0.040706,0.2221,,0.8489,touches_boundary,train,OHI_datasetIMG_2905_JPG.rf.23cf3f42767cc87792c2b54a320a0016,0.1833
1.112,0.040929,0.2134,,0.795,touches_boundary,train,OHI_datasetIMG_2905_JPG.rf.85f63e0a26bf5cf357a46e964a8ff583,0.1918
1.461,0.009664,0.0813,,0.7609,touches_boundary,train,OHI_datasetIMG_2906_JPG.rf.2b1133ed282945b9a4a7424ad0ab5fe8,0.1188
1.244,0.049735,0.2487,,0.7716,touches_boundary,train,OHI_datasetIMG_2957_jpg.rf.1d202ba74d87a2db59d2d83b29dde43a,0.2
1.344,0.058703,0.2809,,0.769,touches_boundary,train,OHI_datasetIMG_2957_jpg.rf.1d202ba74d87a2db59d2d83b29dde43a,0.209
1.255,0.047577,0.1947,,0.7566,touches_boundary,train,OHI_datasetIMG_2957_jpg.rf.1d202ba74d87a2db59d2d83b29dde43a,0.2444
1.009,0.040814,0.2011,,0.7552,touches_boundary,train,OHI_datasetIMG_2957_jpg.rf.1d202ba74d87a2db59d2d83b29dde43a,0.203
1.041,0.064195,0.2585,,0.7523,touches_boundary,train,OHI_datasetIMG_2957_jpg.rf.1d202ba74d87a2db59d2d83b29dde43a,0.2484
1.188,0.061382,0.2273,,0.7144,touches_boundary,train,OHI_datasetIMG_2957_jpg.rf.1d202ba74d87a2db59d2d83b29dde43a,0.2701
1.477,0.059657,0.2968,,0.7763,touches_boundary,train,OHI_datasetIMG_2957_jpg.rf.1d202ba74d87a2db59d2d83b29dde43a,0.201
1.125,0.039012,0.2095,,0.8493,touches_boundary,train,OHI_datasetIMG_2957_jpg.rf.1f6aa098c07acdaae1c3c742ed709859,0.1862
1.643,0.045316,0.2729,,0.8516,touches_boundary,train,OHI_datasetIMG_2957_jpg.rf.1f6aa098c07acdaae1c3c742ed709859,0.1661
5.163,0.006618,0.1848,,0.728,extreme_aspect,train,OHI_datasetIMG_3098_JPG.rf.22421cbfb09f512558a9d502a01e6e70,0.0358
1.681,0.026995,0.213,,0.9171,touches_boundary,train,OHI_datasetIMG_3098_JPG.rf.22421cbfb09f512558a9d502a01e6e70,0.1267
1.07,0.019577,0.1447,,0.9719,touches_boundary,train,OHI_datasetIMG_3100_JPG.rf.15ff36dee47554b2c324ac078ee04618,0.1352
1.085,0.052634,0.2389,,0.9736,touches_boundary,train,OHI_datasetIMG_3100_JPG.rf.15ff36dee47554b2c324ac078ee04618,0.2203
1.181,0.020501,0.1317,,0.717,touches_boundary,train,OHI_datasetIMG_3100_JPG.rf.86e164a295dc2912a8d11ed8b26080c1,0.1556
1.063,0.022384,0.1451,,0.7456,touches_boundary,train,OHI_datasetIMG_3100_JPG.rf.86e164a295dc2912a8d11ed8b26080c1,0.1543
1.215,0.050764,0.2483,,0.7045,touches_boundary,train,OHI_datasetIMG_3100_JPG.rf.86e164a295dc2912a8d11ed8b26080c1,0.2044
1.407,0.033833,0.2182,,0.7609,touches_boundary,train,OHI_datasetIMG_3100_JPG.rf.86e164a295dc2912a8d11ed8b26080c1,0.1551
1.218,0.056792,0.216,,0.7564,touches_boundary,train,OHI_datasetIMG_3100_JPG.rf.86e164a295dc2912a8d11ed8b26080c1,0.263
1.342,0.02331,0.1768,,0.8399,touches_boundary,train,OHI_datasetIMG_3101_JPG.rf.ac0e239ff14527d994daedee4976579a,0.1318
1.609,0.022244,0.1892,,0.8173,touches_boundary,train,OHI_datasetIMG_3101_JPG.rf.ac0e239ff14527d994daedee4976579a,0.1176
1.1,0.009547,0.1025,,0.9379,touches_boundary,train,OHI_datasetIMG_3103_JPG.rf.5a75b8c86f3731c1e22d75ee55df2500,0.0931
1.149,0.010015,0.1073,,0.9455,touches_boundary,train,OHI_datasetIMG_3103_JPG.rf.5a75b8c86f3731c1e22d75ee55df2500,0.0934
1.098,0.039167,0.2074,,0.9481,touches_boundary,train,OHI_datasetIMG_3103_JPG.rf.5a75b8c86f3731c1e22d75ee55df2500,0.1889
1.198,0.009734,0.108,,0.9711,touches_boundary,train,OHI_datasetIMG_3103_JPG.rf.8fe94156b0358de1a00d2f5b8d9aae9d,0.0901
1.515,0.014607,0.1487,,0.9684,touches_boundary,train,OHI_datasetIMG_3103_JPG.rf.8fe94156b0358de1a00d2f5b8d9aae9d,0.0982
1.741,0.027257,0.2178,,0.7685,touches_boundary,train,OHI_datasetIMG_3107_JPG.rf.63afcf72bab612563812f45db5b9b969,0.1251
1.114,0.014465,0.127,,0.7647,touches_boundary,train,OHI_datasetIMG_3107_JPG.rf.63afcf72bab612563812f45db5b9b969,0.1139
1.428,0.024479,0.187,,0.7957,touches_boundary,train,OHI_datasetIMG_3134_JPG.rf.c48b7212ce6bb274d89d95aee9dfae64,0.1309
1.419,0.025357,0.1897,,0.8081,touches_boundary,train,OHI_datasetIMG_3134_JPG.rf.c48b7212ce6bb274d89d95aee9dfae64,0.1337
1.8,0.014876,0.1636,,0.8625,touches_boundary,train,OHI_datasetIMG_3135_JPG.rf.701fe70230d5394400a706ce409347df,0.0909
1.519,0.020211,0.1752,,0.8325,touches_boundary,train,OHI_datasetIMG_3146_JPG.rf.1f20cd371f0c4f3dafef9b61c1964e94,0.1154
1.493,0.040586,0.2462,,0.8336,touches_boundary,train,OHI_datasetIMG_3146_JPG.rf.1f20cd371f0c4f3dafef9b61c1964e94,0.1649
1.823,0.033867,0.2485,,0.8178,touches_boundary,train,OHI_datasetIMG_3146_JPG.rf.1f20cd371f0c4f3dafef9b61c1964e94,0.1363
3.976,0.007468,0.1723,,0.9241,touches_boundary,train,OHI_datasetIMG_3146_JPG.rf.f837d4e42bea7f2cf741a17fa0e74356,0.0433
1.063,0.034929,0.1927,,0.8456,touches_boundary,train,OHI_datasetIMG_3239_JPG.rf.1355c022e5a442e5edb2dd5004f10eba,0.1813
1.261,0.031265,0.1986,,0.8564,touches_boundary,train,OHI_datasetIMG_3239_JPG.rf.1355c022e5a442e5edb2dd5004f10eba,0.1574
1.696,0.035504,0.1447,,0.7298,touches_boundary,train,OHI_datasetIMG_3400_JPG.rf.1e3930e2946f55768da1d48ed45822f6,0.2454
1.061,0.031642,0.1832,,0.7032,touches_boundary,train,OHI_datasetIMG_3400_JPG.rf.1e3930e2946f55768da1d48ed45822f6,0.1727
1.45,0.045076,0.2557,,0.7386,touches_boundary,train,OHI_datasetIMG_3400_JPG.rf.1e3930e2946f55768da1d48ed45822f6,0.1763
1.198,0.03527,0.2056,,0.6761,touches_boundary,train,OHI_datasetIMG_3400_JPG.rf.961814dc7a8af3c1290e5b2043db9be9,0.1716
1.112,0.043749,0.1983,,0.6767,touches_boundary,train,OHI_datasetIMG_3400_JPG.rf.961814dc7a8af3c1290e5b2043db9be9,0.2206
1.192,0.042725,0.2257,,0.7575,touches_boundary,train,OHI_datasetIMG_3418_JPG.rf.2bbf466dc745e047d1b7afe8005541da,0.1893
1.748,0.035538,0.2492,,0.7683,touches_boundary,train,OHI_datasetIMG_3418_JPG.rf.2bbf466dc745e047d1b7afe8005541da,0.1426
1.036,0.043307,0.2118,,0.7498,touches_boundary,train,OHI_datasetIMG_3419_JPG.rf.8135822314f270462745e009248b91ff,0.2044
1.019,0.041029,0.2044,,0.7712,touches_boundary,train,OHI_datasetIMG_3448_jpg.rf.4d43e9bf5dbeaae842ed22062ce0a15c,0.2007
1.282,0.035868,0.2144,,0.7378,touches_boundary,train,OHI_datasetIMG_3448_jpg.rf.4d43e9bf5dbeaae842ed22062ce0a15c,0.1673
1.313,0.082122,0.3283,,0.7123,touches_boundary,train,OHI_datasetIMG_3448_jpg.rf.4d43e9bf5dbeaae842ed22062ce0a15c,0.2501
1.707,0.067506,0.3394,,0.7852,touches_boundary,train,OHI_datasetIMG_3448_jpg.rf.4d43e9bf5dbeaae842ed22062ce0a15c,0.1989
1.102,0.063444,0.2645,,0.7593,touches_boundary,train,OHI_datasetIMG_3448_jpg.rf.4d43e9bf5dbeaae842ed22062ce0a15c,0.2399
1.497,0.01246,0.1366,,0.8256,touches_boundary,train,OHI_datasetIMG_3451_jpg.rf.9ff393f76f191709807a5ddff28c4e67,0.0912
1.025,0.046451,0.2182,,0.735,touches_boundary,train,OHI_datasetIMG_3451_jpg.rf.d1e1a1ca22c34242911e780d46846b17,0.2129
2.641,0.018685,0.2221,,0.7957,touches_boundary,train,OHI_datasetIMG_3453_jpg.rf.fee6c27dd970c15adeb1ac9f88b27703,0.0841
1.776,0.040668,0.2688,,0.8677,touches_boundary,train,OHI_datasetIMG_3453_jpg.rf.fee6c27dd970c15adeb1ac9f88b27703,0.1513
2.329,0.056464,0.3627,,0.7516,touches_boundary,train,OHI_datasetIMG_3453_jpg.rf.fee6c27dd970c15adeb1ac9f88b27703,0.1557
1.986,0.068609,0.3691,,0.7833,touches_boundary,train,OHI_datasetIMG_3453_jpg.rf.fee6c27dd970c15adeb1ac9f88b27703,0.1859
1.826,0.044777,0.2859,,0.837,touches_boundary,train,OHI_datasetIMG_3453_jpg.rf.fee6c27dd970c15adeb1ac9f88b27703,0.1566
1.885,0.026188,0.2222,,0.7779,touches_boundary,train,OHI_datasetIMG_3495_JPG.rf.7dbd6c4680459c9118de4d7ac3f9fcec,0.1179
1.05,0.041443,0.2086,,0.7196,touches_boundary,train,OHI_datasetIMG_3497_JPG.rf.875ac9581b6f15d13ce22f4e454694d1,0.1986
1.116,0.044838,0.2237,,0.6935,touches_boundary,train,OHI_datasetIMG_3497_JPG.rf.875ac9581b6f15d13ce22f4e454694d1,0.2005
2.97,0.032485,0.3106,,0.643,touches_boundary,train,OHI_datasetIMG_3497_JPG.rf.875ac9581b6f15d13ce22f4e454694d1,0.1046
1.305,0.068266,0.2984,,0.678,touches_boundary,train,OHI_datasetIMG_3497_JPG.rf.875ac9581b6f15d13ce22f4e454694d1,0.2287
3.341,0.003977,0.0345,,0.6041,touches_boundary,train,OHI_datasetIMG_3497_JPG.rf.875ac9581b6f15d13ce22f4e454694d1,0.1153
1.142,0.042857,0.2212,,0.7231,touches_boundary,train,OHI_datasetIMG_3497_JPG.rf.cd78ccec7bd94aadcf6263063ad2640d,0.1937
2.664,0.035215,0.3063,,0.6918,touches_boundary,train,OHI_datasetIMG_3497_JPG.rf.cd78ccec7bd94aadcf6263063ad2640d,0.115
1.368,0.065979,0.3004,,0.6854,touches_boundary,train,OHI_datasetIMG_3497_JPG.rf.cd78ccec7bd94aadcf6263063ad2640d,0.2196
2.763,0.004736,0.0414,,0.6832,touches_boundary,train,OHI_datasetIMG_3497_JPG.rf.cd78ccec7bd94aadcf6263063ad2640d,0.1144
1.291,0.054482,0.2653,,0.8066,touches_boundary,train,OHI_datasetIMG_3498_JPG.rf.0ea9ded1a7dcec52d3dc90cabc31ac49,0.2054
1.209,0.056318,0.2609,,0.784,touches_boundary,train,OHI_datasetIMG_3498_JPG.rf.0ea9ded1a7dcec52d3dc90cabc31ac49,0.2159
1.264,0.05318,0.2592,,0.8962,touches_boundary,train,OHI_datasetIMG_3498_JPG.rf.ad7af3bb8bb575b4279e8e3ee155bf2e,0.2052
1.488,0.011574,0.1312,,0.8814,touches_boundary,train,OHI_datasetIMG_3536_JPG.rf.d3c688b8153c0eb608bc85bfabfdab68,0.0882
1.766,0.012696,0.1497,,0.8655,touches_boundary,train,OHI_datasetIMG_3536_JPG.rf.d3c688b8153c0eb608bc85bfabfdab68,0.0848
1.551,0.011372,0.1328,,0.8677,touches_boundary,train,OHI_datasetIMG_3536_JPG.rf.d3c688b8153c0eb608bc85bfabfdab68,0.0856
6.155,0.003393,0.1445,,1.0,extreme_aspect,train,OHI_datasetIMG_3542_jpg.rf.68943a37300ff29fb7b07739dc144643,0.0235
1.253,0.018553,0.1525,,0.7213,touches_boundary,train,OHI_datasetIMG_3572_JPG.rf.f17d57b069837709f1c302f7d4c77875,0.1217
1.09,0.026509,0.1559,,0.8663,touches_boundary,train,OHI_datasetIMG_3700_JPG.rf.81a786e73af814463a426d7d95244503,0.17
2.849,0.000907,0.0508,,1.0,extremely_small,train,OHI_datasetIMG_3773_jpg.rf.2d6bb88efe9142daecc81253e57392b7,0.0178
1.116,0.033331,0.1728,,0.8483,touches_boundary,train,OHI_datasetIMG_3805_JPG.rf.d2b5b600c800245c03a9d95562f651bb,0.1929
1.103,0.037243,0.1837,,0.7955,touches_boundary,train,OHI_datasetIMG_3805_JPG.rf.f10a919d10916f0cdddc6d12feb2f83b,0.2027
1.37,0.033595,0.2145,,0.7638,touches_boundary,train,OHI_datasetIMG_3864_JPG.rf.9becd57940a9015fe3345b5350ea1c69,0.1566
2.187,0.000643,0.0375,,1.0,extremely_small,train,OHI_datasetIMG_3883_JPG.rf.3654a52a2a3d0768f68a46a55972752c,0.0171
2.065,0.000725,0.0387,,0.9155,extremely_small,train,OHI_datasetIMG_3883_JPG.rf.f136a406ebb57862e98d526fbefcbf92,0.0187
1.35,0.007236,0.0988,,0.9106,touches_boundary,train,OHI_datasetIMG_3887_JPG.rf.312e34160b1786ecf70838cd752c5474,0.0732
1.119,0.007343,0.0907,,0.9231,touches_boundary,train,OHI_datasetIMG_3887_JPG.rf.312e34160b1786ecf70838cd752c5474,0.081
1.616,0.004982,0.0555,,0.8228,touches_boundary,train,OHI_datasetIMG_3887_JPG.rf.d2d16c02cc19cc55cc812cae9fd6ef12,0.0897
1.097,0.005928,0.0735,,0.8294,touches_boundary,train,OHI_datasetIMG_3887_JPG.rf.d2d16c02cc19cc55cc812cae9fd6ef12,0.0807
5.812,0.003038,0.1329,,1.0,extreme_aspect,train,OHI_datasetIMG_3937_JPG.rf.6e5e97f84ad85035fc407f442c187685,0.0229
5.82,0.001857,0.104,,1.0,extreme_aspect,train,OHI_datasetIMG_3942_JPG.rf.4e60403ee40365b985552a6211fe3751,0.0179
1.305,0.05027,0.2562,,0.7499,touches_boundary,train,OHI_datasetIMG_3944_JPG.rf.8b10879621bd20fb4c3b61193b4d5e7f,0.1962
5.091,0.00283,0.12,,1.0,extreme_aspect,train,OHI_datasetIMG_3958_JPG.rf.78e39faf02fd39fb80fe0760a1485e12,0.0236
1.071,0.025024,0.1637,,0.8103,touches_boundary,train,OHI_datasetIMG_3959_JPG.rf.09d1b874ab791315d8f4a8a93a5bb9c4,0.1528
5.211,0.001079,0.075,,1.0,extreme_aspect,train,OHI_datasetIMG_4115_JPG.rf.abdcc542e240756b6d34c8ef13700eca,0.0144
5.211,0.00096,0.0707,,1.0,extremely_small;extreme_aspect,train,OHI_datasetIMG_4115_JPG.rf.cdbdb59573590cc12c12596516fc81d7,0.0136
5.432,0.003796,0.1436,,1.0,extreme_aspect,train,OHI_datasetIMG_4160_JPG.rf.dd6b50a435760ca4a0df3058ffbd68ab,0.0264
1.304,0.009138,0.1092,,0.8189,touches_boundary,train,OHI_datasetIMG_4205_JPG.rf.13d641a577bf7b28884bdfebd7103a27,0.0837
1.516,0.010576,0.1266,,0.791,touches_boundary,train,OHI_datasetIMG_4205_JPG.rf.13d641a577bf7b28884bdfebd7103a27,0.0835
1.379,0.025201,0.1864,,0.8034,touches_boundary,train,OHI_datasetIMG_4207_JPG.rf.060c3fe877b11bb5c4c18f7bf2af14ad,0.1352
1.254,0.02836,0.1886,,0.6695,touches_boundary,train,OHI_datasetIMG_4207_JPG.rf.b676e896a131469474d03a5c7dd327a3,0.1504
1.356,0.016748,0.1507,,0.8817,touches_boundary,train,OHI_datasetIMG_4213_JPG.rf.12149ad72814d073c945116ed124f192,0.1112
5.95,0.002733,0.1275,,1.0,extreme_aspect,train,OHI_datasetIMG_4233_JPG.rf.79648dc1e08f6f6278cb98259a041b59,0.0214
6.563,0.00343,0.15,,1.0,extreme_aspect,train,OHI_datasetIMG_4233_JPG.rf.79648dc1e08f6f6278cb98259a041b59,0.0229
6.444,0.002398,0.1243,,1.0,extreme_aspect,train,OHI_datasetIMG_4233_JPG.rf.79648dc1e08f6f6278cb98259a041b59,0.0193
1.337,0.015842,0.1456,,0.8642,touches_boundary,train,OHI_datasetIMG_4247_JPG.rf.469df559b7cdfaf15938a147fcf9c59f,0.1088
1.499,0.018345,0.1658,,0.8533,touches_boundary,train,OHI_datasetIMG_4247_JPG.rf.469df559b7cdfaf15938a147fcf9c59f,0.1106
1.274,0.038436,0.2213,,0.9041,touches_boundary,train,OHI_datasetIMG_4263_JPG.rf.e6a4148a2560c8f4f5dee8b4027f96e6,0.1737
5.609,0.001514,0.0922,,1.0,extreme_aspect,train,OHI_datasetIMG_4264_JPG.rf.7c7fceaf5c827ad11f5098a2d386c8a8,0.0164
1.249,0.02635,0.1814,,0.8025,touches_boundary,train,OHI_datasetIMG_4342_JPG.rf.8927250a76d41f1b3e8793e6fd4026ee,0.1452
1.438,0.019311,0.1666,,0.7819,touches_boundary,train,OHI_datasetIMG_4342_JPG.rf.8927250a76d41f1b3e8793e6fd4026ee,0.1159
1.46,0.017098,0.158,,0.7078,touches_boundary,train,OHI_datasetIMG_4342_JPG.rf.a71b7a87b45893292b58cfce5c5ab08a,0.1082
1.057,0.025973,0.1567,,0.8066,touches_boundary,train,OHI_datasetIMG_4363_JPG.rf.dd212dd43c72a654c745e219979f9793,0.1657
1.014,0.024076,0.1562,,0.7956,touches_boundary,train,OHI_datasetIMG_4363_JPG.rf.dd212dd43c72a654c745e219979f9793,0.1541
1.351,0.048068,0.2549,,0.7531,touches_boundary,train,OHI_datasetIMG_4363_JPG.rf.f12377e52201f1d82112399fb37e49c0,0.1886
1.344,0.017912,0.1552,,0.703,touches_boundary,train,OHI_datasetIMG_4364_JPG.rf.a9be50029d2277633dd8073f7ebde6f1,0.1154
1.339,0.02432,0.1805,,0.7084,touches_boundary,train,OHI_datasetIMG_4364_JPG.rf.a9be50029d2277633dd8073f7ebde6f1,0.1347
1.31,0.038207,0.2237,,0.7045,touches_boundary,train,OHI_datasetIMG_4364_JPG.rf.a9be50029d2277633dd8073f7ebde6f1,0.1708
1.299,0.063463,0.2871,,0.7423,touches_boundary,train,OHI_datasetIMG_4364_JPG.rf.a9be50029d2277633dd8073f7ebde6f1,0.221
1.251,0.059523,0.2729,,0.7158,touches_boundary,train,OHI_datasetIMG_4364_JPG.rf.a9be50029d2277633dd8073f7ebde6f1,0.2181
1.12,0.050441,0.2377,,0.7567,touches_boundary,train,OHI_datasetIMG_4364_JPG.rf.b03dc02071a17457150d0fe8cf8227d2,0.2122
5.226,0.002563,0.1157,,1.0,extreme_aspect,train,OHI_datasetIMG_4415_JPG.rf.124c084607d79fe3f0a1d1719441d04f,0.0221
2.377,0.006473,0.1241,,0.4403,low_polygon_to_box_ratio,train,OHI_datasetIMG_4415_JPG.rf.a1f5a26bb22f630a8c0b1d93af0b6688,0.0522
1.11,0.01488,0.1285,,0.7654,touches_boundary,train,OHI_datasetIMG_4452_JPG.rf.8286b5ead48eb1441d0052a0559862ad,0.1158
1.078,0.01515,0.1278,,0.7797,touches_boundary,train,OHI_datasetIMG_4452_JPG.rf.8286b5ead48eb1441d0052a0559862ad,0.1185
1.412,0.026043,0.1918,,0.7398,touches_boundary,train,OHI_datasetIMG_4452_JPG.rf.8286b5ead48eb1441d0052a0559862ad,0.1358
1.536,0.025769,0.199,,0.8039,touches_boundary,train,OHI_datasetIMG_4452_JPG.rf.8286b5ead48eb1441d0052a0559862ad,0.1295
1.204,0.032554,0.198,,1.0,touches_boundary,train,OHI_datasetIMG_4457_JPG.rf.a196d91bbf04fa847b30a942ec4f3983,0.1644
1.06,0.02887,0.165,,0.8459,touches_boundary,train,OHI_datasetIMG_4457_JPG.rf.a72bcdaea95493218725b370674a738a,0.175
1.172,0.019874,0.1526,,0.9214,touches_boundary,train,OHI_datasetIMG_4473_JPG.rf.e00ee70df05a190224de2aa0286c973d,0.1302
1.253,0.018493,0.1522,,0.917,touches_boundary,train,OHI_datasetIMG_4473_JPG.rf.e00ee70df05a190224de2aa0286c973d,0.1215
5.087,0.001374,0.0836,,1.0,extreme_aspect,train,OHI_datasetIMG_4484_JPG.rf.720d06e0d181e0b6ecd0454e23401313,0.0164
5.088,0.001388,0.084,,1.0,extreme_aspect,train,OHI_datasetIMG_4484_JPG.rf.bd23d7f9409cbfd86ccdedc60ff8b4b7,0.0165
1.285,0.01812,0.1526,,0.7994,touches_boundary,train,OHI_datasetIMG_4490_JPG.rf.a27395e2c7d0bc71439aaaf0da99dd37,0.1188
1.643,0.015979,0.162,,0.7563,touches_boundary,train,OHI_datasetIMG_4490_JPG.rf.a27395e2c7d0bc71439aaaf0da99dd37,0.0986
1.1,0.011013,0.1001,,0.8584,touches_boundary,train,OHI_datasetIMG_4490_JPG.rf.be7ada185a70a0954254405f14756b5c,0.1101
1.664,0.006863,0.0642,,0.8696,touches_boundary,train,OHI_datasetIMG_4490_JPG.rf.be7ada185a70a0954254405f14756b5c,0.1069
1.129,0.006666,0.0769,,0.8676,touches_boundary,train,OHI_datasetIMG_4490_JPG.rf.be7ada185a70a0954254405f14756b5c,0.0867
1.275,0.018915,0.1553,,0.8443,touches_boundary,train,OHI_datasetIMG_4490_JPG.rf.be7ada185a70a0954254405f14756b5c,0.1218
1.52,0.023448,0.1888,,0.6982,touches_boundary,train,OHI_datasetIMG_4510_JPG.rf.4fdea875e0b6fa8fa97ea00b9902f35f,0.1242
1.274,0.022028,0.1675,,0.6571,touches_boundary,train,OHI_datasetIMG_4510_JPG.rf.85836cc2a16fbf8839711aa122cfce72,0.1315
3.0,0.00081,0.0493,,1.0,extremely_small,train,OHI_datasetIMG_4517_JPG.rf.2327f0db52b62f6fdbb7641b8545fd7b,0.0164
5.415,0.004646,0.1586,,1.0,extreme_aspect,train,OHI_datasetIMG_4529_JPG.rf.b3aa605a981719e72e72a9bcf2da591f,0.0293
1.364,0.018827,0.1602,,0.6438,touches_boundary,train,OHI_datasetIMG_4557_JPG.rf.41603cf0a95b346318c8f57d91b4bb31,0.1175
1.797,0.002197,0.035,,1.0,touches_boundary,train,OHI_datasetIMG_4557_JPG.rf.e0ecda817ca917cf007afcd9758d03bd,0.0628
1.102,0.007,0.0878,,1.0,touches_boundary,train,OHI_datasetIMG_4557_JPG.rf.e0ecda817ca917cf007afcd9758d03bd,0.0797
2.022,0.001343,0.0258,,1.0,touches_boundary,train,OHI_datasetIMG_4557_JPG.rf.e0ecda817ca917cf007afcd9758d03bd,0.0521
1.645,0.002284,0.0373,,1.0,touches_boundary,train,OHI_datasetIMG_4557_JPG.rf.e0ecda817ca917cf007afcd9758d03bd,0.0613
1.142,0.007114,0.0901,,1.0,touches_boundary,train,OHI_datasetIMG_4557_JPG.rf.e0ecda817ca917cf007afcd9758d03bd,0.0789
1.356,0.045284,0.2478,,0.863,touches_boundary,train,OHI_datasetIMG_4638_JPG.rf.c31c442a237ba239ea4cee3f4652fa2d,0.1828
5.538,0.001911,0.1029,,1.0,extreme_aspect,train,OHI_datasetIMG_4648_JPG.rf.8ddce0b082de567447e426d7f1243fbe,0.0186
5.568,0.007496,0.2043,,1.0,extreme_aspect,train,OHI_datasetIMG_4666_JPG.rf.310440bea54c5d9b2cb026bee54afe32,0.0367
3.624,0.018816,0.2611,,0.885,touches_boundary,train,OHI_datasetIMG_4672_JPG.rf.345d114dfca2a1d77074acaef1817089,0.0721
2.654,0.02482,0.2566,,0.6081,touches_boundary,train,OHI_datasetIMG_4672_JPG.rf.5f598d23788ec7689c47f36aec037797,0.0967
5.306,0.004446,0.0289,,0.5891,extreme_aspect;touches_boundary,train,OHI_datasetIMG_4683_JPG.rf.66df367569c071bc3b945353ed6e89ce,0.1536
5.35,0.002458,0.1147,,1.0,extreme_aspect,train,OHI_datasetIMG_4685_JPG.rf.11c597fb7ef653f01a3a02a88e7ea886,0.0214
5.176,0.006873,0.1886,,1.0,extreme_aspect,train,OHI_datasetIMG_4691_JPG.rf.6053b341018c66c9a1f79d99daf5989b,0.0364
5.263,0.010907,0.2396,,1.0,extreme_aspect,train,OHI_datasetIMG_4700_JPG.rf.1124e05f52d50b127f791e2bf7762b9e,0.0455
1.582,0.013044,0.1436,,0.7875,touches_boundary,train,OHI_datasetIMG_4700_JPG.rf.436cc39756f9d3302eb0c04e5e6fe6e6,0.0908
1.59,0.01753,0.167,,0.8458,touches_boundary,train,OHI_datasetIMG_4702_JPG.rf.7083b9e6656f26f71f1f6e46f200c60c,0.105
1.389,0.015887,0.1485,,0.8498,touches_boundary,train,OHI_datasetIMG_4702_JPG.rf.ae07c201d17804f87d7c22bc019c4b8f,0.107
1.224,0.020313,0.1577,,0.8713,touches_boundary,train,OHI_datasetIMG_4702_JPG.rf.ae07c201d17804f87d7c22bc019c4b8f,0.1288
6.627,0.003238,0.1465,,1.0,extreme_aspect,train,OHI_datasetIMG_4713_JPG.rf.d7d51e18d835265424ab4b32f08ac7cd,0.0221
1.01,0.040938,0.2033,,0.737,touches_boundary,train,OHI_datasetIMG_4724_JPG.rf.b53e1df9b2fd6cb0a6cbfba142a00801,0.2014
1.059,0.037677,0.1997,,0.7303,touches_boundary,train,OHI_datasetIMG_4724_JPG.rf.b53e1df9b2fd6cb0a6cbfba142a00801,0.1887
2.765,0.048098,0.3647,,0.6825,touches_boundary,train,OHI_datasetIMG_4724_JPG.rf.b53e1df9b2fd6cb0a6cbfba142a00801,0.1319
1.231,0.047568,0.242,,0.7081,touches_boundary,train,OHI_datasetIMG_4724_JPG.rf.b53e1df9b2fd6cb0a6cbfba142a00801,0.1966
1.012,0.058145,0.2426,,0.7366,touches_boundary,train,OHI_datasetIMG_4724_JPG.rf.b53e1df9b2fd6cb0a6cbfba142a00801,0.2397
1.357,0.062468,0.2911,,0.7502,touches_boundary,train,OHI_datasetIMG_4803_JPG.rf.757f91738673da400ea13f6c3305e36e,0.2146
1.158,0.023636,0.1429,,0.7921,touches_boundary,train,OHI_datasetIMG_4803_JPG.rf.757f91738673da400ea13f6c3305e36e,0.1654
1.285,0.060429,0.2787,,0.7306,touches_boundary,train,OHI_datasetIMG_4803_JPG.rf.9bdca6cf535956dad91e78c0cce97417,0.2168
1.113,0.023886,0.1465,,0.7607,touches_boundary,train,OHI_datasetIMG_4803_JPG.rf.9bdca6cf535956dad91e78c0cce97417,0.1631
1.188,0.015671,0.1364,,0.7109,touches_boundary,train,OHI_datasetIMG_4804_JPG.rf.ca1adb76da45b4dc5050ffd878f6994d,0.1149
1.189,0.017314,0.1435,,0.7148,touches_boundary,train,OHI_datasetIMG_4804_JPG.rf.ca1adb76da45b4dc5050ffd878f6994d,0.1207
1.317,0.02475,0.1805,,0.6836,touches_boundary,train,OHI_datasetIMG_4804_JPG.rf.ca1adb76da45b4dc5050ffd878f6994d,0.1371
1.866,0.031631,0.243,,0.6916,touches_boundary,train,OHI_datasetIMG_4804_JPG.rf.ca1adb76da45b4dc5050ffd878f6994d,0.1302
1.221,0.013959,0.1305,,0.7051,touches_boundary,train,OHI_datasetIMG_4804_JPG.rf.ca1adb76da45b4dc5050ffd878f6994d,0.1069
1.329,0.019713,0.1619,,0.692,touches_boundary,train,OHI_datasetIMG_4804_JPG.rf.ca1adb76da45b4dc5050ffd878f6994d,0.1218
1.167,0.015785,0.1357,,0.6843,touches_boundary,train,OHI_datasetIMG_4804_JPG.rf.ea80afbc81c20edf2dc33b4f1f29f668,0.1163
1.152,0.01716,0.1406,,0.6882,touches_boundary,train,OHI_datasetIMG_4804_JPG.rf.ea80afbc81c20edf2dc33b4f1f29f668,0.1221
1.26,0.024249,0.1748,,0.6644,touches_boundary,train,OHI_datasetIMG_4804_JPG.rf.ea80afbc81c20edf2dc33b4f1f29f668,0.1387
1.813,0.031557,0.2392,,0.6613,touches_boundary,train,OHI_datasetIMG_4804_JPG.rf.ea80afbc81c20edf2dc33b4f1f29f668,0.1319
1.214,0.014312,0.1318,,0.6766,touches_boundary,train,OHI_datasetIMG_4804_JPG.rf.ea80afbc81c20edf2dc33b4f1f29f668,0.1086
1.321,0.020511,0.1646,,0.6565,touches_boundary,train,OHI_datasetIMG_4804_JPG.rf.ea80afbc81c20edf2dc33b4f1f29f668,0.1246
5.872,0.002611,0.1238,,1.0,extreme_aspect,train,OHI_datasetIMG_4809_JPG.rf.855c5513a223104eb0de82230f22b0bc,0.0211
1.502,0.01535,0.1519,,0.9667,touches_boundary,train,OHI_datasetIMG_4813_JPG.rf.833d95a096436235e36860c1e0817b89,0.1011
1.026,0.010965,0.1034,,0.9746,touches_boundary,train,OHI_datasetIMG_4813_JPG.rf.833d95a096436235e36860c1e0817b89,0.1061
1.095,0.040147,0.2097,,0.727,touches_boundary,train,OHI_datasetIMG_4826_JPG.rf.1421623ca45da95b9d4b2f3c539b73e9,0.1915
1.333,0.026271,0.1872,,0.6445,touches_boundary,train,OHI_datasetIMG_4827_JPG.rf.7a05774022441cbf293ee9e29fbfc124,0.1404
1.351,0.030878,0.2042,,0.6502,touches_boundary,train,OHI_datasetIMG_4827_JPG.rf.7a05774022441cbf293ee9e29fbfc124,0.1512
1.783,0.042913,0.2766,,0.6977,touches_boundary,train,OHI_datasetIMG_4827_JPG.rf.7a05774022441cbf293ee9e29fbfc124,0.1551
1.515,0.021298,0.1796,,0.7878,touches_boundary,train,OHI_datasetIMG_4827_JPG.rf.86815e02a42ed6a6f03d951ed2085e00,0.1186
1.301,0.027038,0.1876,,0.8198,touches_boundary,train,OHI_datasetIMG_4827_JPG.rf.86815e02a42ed6a6f03d951ed2085e00,0.1441
1.382,0.038374,0.2303,,0.8117,touches_boundary,train,OHI_datasetIMG_4827_JPG.rf.86815e02a42ed6a6f03d951ed2085e00,0.1666
2.509,0.014091,0.188,,0.4072,low_polygon_to_box_ratio,train,OHI_datasetIMG_4838_JPG.rf.0da19237402eb70c6f5a95f968aec778,0.0749
6.038,0.004931,0.1725,,1.0,extreme_aspect,train,OHI_datasetIMG_4838_JPG.rf.84a86c557ad65810bf3729d17159899e,0.0286
1.025,0.028572,0.1669,,0.8072,touches_boundary,train,OHI_datasetIMG_4842_JPG.rf.b72820ddb933cdb616bf7a92cf3430ef,0.1711
1.185,0.032897,0.1974,,0.7129,touches_boundary,train,OHI_datasetIMG_4842_JPG.rf.f9cfd2f1419895120455785442f371ff,0.1666
2.177,0.023559,0.2265,,0.9182,touches_boundary,train,OHI_datasetIMG_4844_JPG.rf.90106d66be2728f5f62047fca4f95906,0.104
1.665,0.025313,0.2053,,0.7571,touches_boundary,train,OHI_datasetIMG_4844_JPG.rf.fe42f2db2a8d946bebd2c7c4b1dd16e1,0.1233
1.277,0.054425,0.2636,,0.8159,touches_boundary,train,OHI_datasetIMG_4844_JPG.rf.fe42f2db2a8d946bebd2c7c4b1dd16e1,0.2065
2.76,0.005183,0.1196,,0.4375,low_polygon_to_box_ratio,train,OHI_datasetIMG_4928_JPG.rf.6aa2981d36f9bf41831415b3e25a6d0e,0.0433
2.851,0.004486,0.1131,,0.418,low_polygon_to_box_ratio,train,OHI_datasetIMG_4928_JPG.rf.6aa2981d36f9bf41831415b3e25a6d0e,0.0397
2.638,0.005354,0.1188,,0.4192,low_polygon_to_box_ratio,train,OHI_datasetIMG_4928_JPG.rf.cb0d7bb07f65d2c35e3c233ee0c2adc8,0.045
2.721,0.004641,0.1124,,0.4,low_polygon_to_box_ratio,train,OHI_datasetIMG_4928_JPG.rf.cb0d7bb07f65d2c35e3c233ee0c2adc8,0.0413
6.16,0.002198,0.1163,,1.0,extreme_aspect,train,OHI_datasetIMG_4928_JPG.rf.d92b4eb856f14179b8839a8d6fb5e047,0.0189
6.695,0.001818,0.1103,,1.0,extreme_aspect,train,OHI_datasetIMG_4928_JPG.rf.d92b4eb856f14179b8839a8d6fb5e047,0.0165
2.006,0.00076,0.039,,0.7087,extremely_small,train,OHI_datasetIMG_4935_JPG.rf.9d8c2d158f77d03737fd136ca8fa549f,0.0195
2.598,0.000511,0.0365,,1.0,extremely_small,train,OHI_datasetIMG_4935_JPG.rf.c1dc82a2a49ae4f7e8afb0aa356809df,0.014
1.903,0.000942,0.0424,,0.6621,extremely_small,train,OHI_datasetIMG_4935_JPG.rf.f4dfe55e34edc3dc515e9527f3c3eff6,0.0223
5.545,0.011465,0.2521,,1.0,extreme_aspect,train,OHI_datasetIMG_4986_JPG.rf.fc7e39c370e606ef8a55cdaab3f54680,0.0455
5.543,0.011321,0.2505,,1.0,extreme_aspect,train,OHI_datasetIMG_4986_JPG.rf.fc7e39c370e606ef8a55cdaab3f54680,0.0452
6.173,0.00507,0.1769,,1.0,extreme_aspect,train,OHI_datasetIMG_4986_JPG.rf.fc7e39c370e606ef8a55cdaab3f54680,0.0287
5.071,0.01402,0.2666,,0.9092,extreme_aspect,train,OHI_datasetIMG_4986_JPG.rf.ff517f867026b0654510983588dc4dc4,0.0526
5.069,0.013843,0.2649,,0.9092,extreme_aspect,train,OHI_datasetIMG_4986_JPG.rf.ff517f867026b0654510983588dc4dc4,0.0523
5.587,0.00626,0.187,,0.9005,extreme_aspect,train,OHI_datasetIMG_4986_JPG.rf.ff517f867026b0654510983588dc4dc4,0.0335
1.714,0.0008,0.037,,1.0,extremely_small,train,OHI_datasetIMG_4994_JPG.rf.85cf83ba18758de16977a2529a7192fb,0.0216
2.372,0.011837,0.1676,,0.4415,low_polygon_to_box_ratio,train,OHI_datasetIMG_5009_JPG.rf.6c18a412e43ac49f63f221ec0a0e5b51,0.0706
5.197,0.004231,0.1483,,1.0,extreme_aspect,train,OHI_datasetIMG_5009_JPG.rf.6dd6303d1ba75ab183e37eb6f6c47c31,0.0285
2.372,0.011552,0.1655,,0.4415,low_polygon_to_box_ratio,train,OHI_datasetIMG_5009_JPG.rf.f5e557b78f1f42d5ab74d08aaa434d3e,0.0698
2.029,0.01384,0.1676,,0.6437,touches_boundary,train,OHI_datasetIMG_5020_JPG.rf.3847505fe8e1bf46b4bfbec7e50a7272,0.0826
1.284,0.051236,0.2565,,0.6644,touches_boundary,train,OHI_datasetIMG_5021_JPG.rf.5566e174fbb15c9fc344cd918b4a2ada,0.1997
1.272,0.052901,0.2594,,0.6671,touches_boundary,train,OHI_datasetIMG_5021_JPG.rf.b708437fc84c4e1d7c5db047cd6f4e11,0.204
1.564,0.038358,0.245,,0.6268,touches_boundary,train,OHI_datasetIMG_5021_JPG.rf.b708437fc84c4e1d7c5db047cd6f4e11,0.1566
1.816,0.048569,0.297,,0.7477,touches_boundary,train,OHI_datasetIMG_5022_JPG.rf.17b6ae5856c05396599ef575a2d1ad16,0.1636
4.069,0.005988,0.1561,,0.8857,touches_boundary,train,OHI_datasetIMG_5053_JPG.rf.e4fdb2914d30fe1e90180bdd121bc6e5,0.0384
1.171,0.018835,0.1485,,0.9073,touches_boundary,train,OHI_datasetIMG_5053_JPG.rf.e4fdb2914d30fe1e90180bdd121bc6e5,0.1268
1.312,0.033352,0.2092,,0.7327,touches_boundary,train,OHI_datasetIMG_5054_JPG.rf.d45315af97ac65d1e54bcfce04079436,0.1594
5.042,0.004221,0.1459,,1.0,extreme_aspect,train,OHI_datasetIMG_5060_JPG.rf.2e8e36cf5eeec42c0841531023526edd,0.0289
1.248,0.040205,0.224,,0.7384,touches_boundary,train,OHI_datasetIMG_5061_JPG.rf.6b3e69ae6335b9987fa37249b3430a15,0.1795
5.136,0.003935,0.1422,,1.0,extreme_aspect,train,OHI_datasetIMG_5067_JPG.rf.f1e782d4a0c551c7d65c38b395f7fda8,0.0277
1.044,0.028647,0.1729,,0.7659,touches_boundary,train,OHI_datasetIMG_5101_JPG.rf.4792f4860fc0d88e9e87acd2712c3f6d,0.1657
1.361,0.031929,0.2085,,0.748,touches_boundary,train,OHI_datasetIMG_5101_JPG.rf.6f1c576d4574194e7356ebc94811880a,0.1532
1.339,0.021999,0.1716,,0.7289,touches_boundary,train,OHI_datasetIMG_5101_JPG.rf.6f1c576d4574194e7356ebc94811880a,0.1282
1.318,0.025156,0.1381,,0.8033,touches_boundary,train,OHI_datasetIMG_5101_JPG.rf.6f1c576d4574194e7356ebc94811880a,0.1821
1.151,0.048,0.2351,,0.791,touches_boundary,train,OHI_datasetIMG_5102_JPG.rf.90112452961eb7cba4dcf098fa3daef8,0.2042
2.406,0.006363,0.0514,,0.7872,touches_boundary,train,OHI_datasetIMG_5102_JPG.rf.90112452961eb7cba4dcf098fa3daef8,0.1237
1.151,0.048606,0.2366,,0.7716,touches_boundary,train,OHI_datasetIMG_5102_JPG.rf.ecc17e50d455427df43ed3d125f75d36,0.2055
2.219,0.006834,0.0555,,0.7782,touches_boundary,train,OHI_datasetIMG_5102_JPG.rf.ecc17e50d455427df43ed3d125f75d36,0.1232
1.291,0.035561,0.2143,,0.7985,touches_boundary,train,OHI_datasetIMG_5123_JPG.rf.4cd79561f80bacf2302f94ce8cfa5a09,0.1659
1.24,0.045149,0.2367,,0.7864,touches_boundary,train,OHI_datasetIMG_5123_JPG.rf.4cd79561f80bacf2302f94ce8cfa5a09,0.1908
1.219,0.035557,0.2082,,0.8047,touches_boundary,train,OHI_datasetIMG_5123_JPG.rf.4cd79561f80bacf2302f94ce8cfa5a09,0.1708
1.023,0.031885,0.1806,,0.7236,touches_boundary,train,OHI_datasetIMG_5123_JPG.rf.4d7f7b1473264b3dfeb11b6cdecad582,0.1765
1.27,0.052283,0.2577,,0.7349,touches_boundary,train,OHI_datasetIMG_5123_JPG.rf.4d7f7b1473264b3dfeb11b6cdecad582,0.2029
1.109,0.04176,0.2152,,0.7059,touches_boundary,train,OHI_datasetIMG_5123_JPG.rf.4d7f7b1473264b3dfeb11b6cdecad582,0.194
1.969,0.021656,0.2065,,0.8886,touches_boundary,train,OHI_datasetIMG_5124_JPG.rf.da601e220191c980220bb9f5627deb67,0.1049
1.706,0.016472,0.1676,,0.8935,touches_boundary,train,OHI_datasetIMG_5124_JPG.rf.da601e220191c980220bb9f5627deb67,0.0983
1.398,0.058027,0.2848,,0.7516,touches_boundary,train,OHI_datasetIMG_5124_JPG.rf.f24c1edd5753d94a49fe6409fad11299,0.2037
2.041,0.019051,0.1972,,0.8073,touches_boundary,train,OHI_datasetIMG_5142_JPG.rf.020d6e5be303220fa0485628611fde7f,0.0966
4.313,0.000763,0.0574,,1.0,extremely_small,train,OHI_datasetIMG_5176_JPG.rf.5cca42d210ac66da38dbe7ab49adc470,0.0133
4.313,0.000909,0.0626,,1.0,extremely_small,train,OHI_datasetIMG_5176_JPG.rf.b640bc046060139d5abc28eb5fd35099,0.0145
1.175,0.030946,0.1623,,0.7268,touches_boundary,train,OHI_datasetIMG_5190_JPG.rf.1a74ad0cbf3c9d96c96454a44a60c291,0.1907
1.153,0.040065,0.215,,0.6877,touches_boundary,train,OHI_datasetIMG_5190_JPG.rf.1a74ad0cbf3c9d96c96454a44a60c291,0.1864
1.726,0.057571,0.3152,,0.7298,touches_boundary,train,OHI_datasetIMG_5190_JPG.rf.1a74ad0cbf3c9d96c96454a44a60c291,0.1826
1.482,0.010013,0.1218,,0.7352,touches_boundary,train,OHI_datasetIMG_5190_JPG.rf.1a74ad0cbf3c9d96c96454a44a60c291,0.0822
1.363,0.05115,0.2641,,0.7884,touches_boundary,train,OHI_datasetIMG_5190_JPG.rf.3354797cafd3298dd1b296801f589dc7,0.1937
1.296,0.055537,0.2683,,0.797,touches_boundary,train,OHI_datasetIMG_5190_JPG.rf.3354797cafd3298dd1b296801f589dc7,0.207
2.096,0.010232,0.0699,,0.8207,touches_boundary,train,OHI_datasetIMG_5190_JPG.rf.3354797cafd3298dd1b296801f589dc7,0.1464
1.692,0.031667,0.2315,,0.8698,touches_boundary,train,OHI_datasetIMG_5197_JPG.rf.3106f7b50781c3194389261c473e6f98,0.1368
1.496,0.028862,0.2078,,0.876,touches_boundary,train,OHI_datasetIMG_5197_JPG.rf.3106f7b50781c3194389261c473e6f98,0.1389
1.338,0.026803,0.1893,,0.8396,touches_boundary,train,OHI_datasetIMG_5197_JPG.rf.afcbb1c758bab9f5720e7ed29d5bfc4a,0.1416
1.44,0.030061,0.208,,0.8315,touches_boundary,train,OHI_datasetIMG_5197_JPG.rf.afcbb1c758bab9f5720e7ed29d5bfc4a,0.1445
1.187,0.024113,0.1692,,0.8351,touches_boundary,train,OHI_datasetIMG_5197_JPG.rf.afcbb1c758bab9f5720e7ed29d5bfc4a,0.1425
2.495,0.00083,0.0455,,0.7305,extremely_small,train,OHI_datasetIMG_5201_JPG.rf.1dbeefdf555b186d9bc7764871df04cc,0.0182
3.239,0.000588,0.0436,,1.0,extremely_small,train,OHI_datasetIMG_5201_JPG.rf.1df346d9470c2168c0930aff9d97640c,0.0135
2.592,0.000864,0.0473,,0.7645,extremely_small,train,OHI_datasetIMG_5201_JPG.rf.c739240eb48fbad0b08231d027c98e34,0.0183
1.375,0.015617,0.1066,,0.8438,touches_boundary,train,OHI_datasetIMG_5212_JPG.rf.29ca3bce12d6c36a3cab1d3363f4a331,0.1466
1.103,0.019529,0.1467,,0.8354,touches_boundary,train,OHI_datasetIMG_5212_JPG.rf.29ca3bce12d6c36a3cab1d3363f4a331,0.1331
1.414,0.01577,0.1056,,0.8662,touches_boundary,train,OHI_datasetIMG_5212_JPG.rf.72e734fd90f2eb7c2b31a4401b54aaee,0.1493
1.4,0.015591,0.1055,,0.8715,touches_boundary,train,OHI_datasetIMG_5212_JPG.rf.72e734fd90f2eb7c2b31a4401b54aaee,0.1478
1.071,0.021213,0.1507,,0.8582,touches_boundary,train,OHI_datasetIMG_5212_JPG.rf.72e734fd90f2eb7c2b31a4401b54aaee,0.1407
5.031,0.003328,0.1294,,1.0,extreme_aspect,train,OHI_datasetIMG_5215_JPG.rf.6d47e152aee0bfd50d1c2ce896820ee7,0.0257
1.028,0.019256,0.1407,,0.9422,touches_boundary,train,OHI_datasetIMG_5233_JPG.rf.5e4f2400b954640be113afd95f4df6b4,0.1369
1.03,0.018954,0.1397,,0.9494,touches_boundary,train,OHI_datasetIMG_5233_JPG.rf.5e4f2400b954640be113afd95f4df6b4,0.1357
1.248,0.016573,0.1152,,0.8135,touches_boundary,train,OHI_datasetIMG_5233_JPG.rf.a0ff30b024dce6df07eb6b145f62e517,0.1438
1.373,0.014661,0.1033,,0.8196,touches_boundary,train,OHI_datasetIMG_5233_JPG.rf.a0ff30b024dce6df07eb6b145f62e517,0.1419
1.018,0.030224,0.1754,,0.8037,touches_boundary,train,OHI_datasetIMG_5233_JPG.rf.a0ff30b024dce6df07eb6b145f62e517,0.1723
1.568,0.039828,0.2499,,0.9364,touches_boundary,train,OHI_datasetIMG_5249_JPG.rf.9359d664fc083f2097eb1a5409d0a5d0,0.1594
5.039,0.003029,0.0245,,0.8213,extreme_aspect,train,OHI_datasetIMG_5249_JPG.rf.9359d664fc083f2097eb1a5409d0a5d0,0.1235
1.329,0.008991,0.0822,,0.9529,touches_boundary,train,OHI_datasetIMG_5249_JPG.rf.9359d664fc083f2097eb1a5409d0a5d0,0.1093
1.313,0.008744,0.0816,,0.91,touches_boundary,train,OHI_datasetIMG_5249_JPG.rf.ce6b1286993a5fd699fbad78ca7cc2c7,0.1072
1.147,0.010181,0.1081,,0.973,touches_boundary,train,OHI_datasetIMG_5250_JPG.rf.e7617b1677262fe711b9fd6dc5fd91ac,0.0942
1.744,0.023596,0.2029,,0.8668,touches_boundary,train,OHI_datasetIMG_5250_JPG.rf.fcf509add27af7d0b84740a5969bb4ea,0.1163
1.492,0.029826,0.211,,0.9649,touches_boundary,train,OHI_datasetIMG_5265_JPG.rf.d6ea1ce5d88c427c9a83ce0070717c72,0.1414
1.735,0.037071,0.2536,,0.713,touches_boundary,train,OHI_datasetIMG_5266_JPG.rf.715500a16ce65705ae77f7a078dea882,0.1462
2.611,0.005887,0.124,,0.6778,touches_boundary,train,OHI_datasetIMG_5266_JPG.rf.715500a16ce65705ae77f7a078dea882,0.0475
1.369,0.02366,0.1315,,1.0,touches_boundary,train,OHI_datasetIMG_5275_JPG.rf.8436c35a1539bb19d8953d7253472e0c,0.18
1.297,0.034996,0.2131,,1.0,touches_boundary,train,OHI_datasetIMG_5275_JPG.rf.e86d44c138d1f4906ce23c781c003613,0.1642
1.19,0.060333,0.2679,,0.692,touches_boundary,train,OHI_datasetIMG_5277_JPG.rf.3da0f0be80ea226ebdded194bf768e7e,0.2252
1.068,0.022341,0.1545,,0.7172,touches_boundary,train,OHI_datasetIMG_5277_JPG.rf.3da0f0be80ea226ebdded194bf768e7e,0.1446
1.254,0.031327,0.1982,,0.6873,touches_boundary,train,OHI_datasetIMG_5277_JPG.rf.3da0f0be80ea226ebdded194bf768e7e,0.1581
1.338,0.101269,0.3681,,0.6678,touches_boundary,train,OHI_datasetIMG_5277_JPG.rf.3da0f0be80ea226ebdded194bf768e7e,0.2751
1.022,0.026015,0.163,,0.7031,touches_boundary,train,OHI_datasetIMG_5277_JPG.rf.5a83f57a64ea339486f16078c4420d09,0.1596
1.195,0.059694,0.267,,0.7094,touches_boundary,train,OHI_datasetIMG_5277_JPG.rf.5a83f57a64ea339486f16078c4420d09,0.2235
1.031,0.021472,0.1488,,0.7387,touches_boundary,train,OHI_datasetIMG_5277_JPG.rf.5a83f57a64ea339486f16078c4420d09,0.1443
1.234,0.030785,0.1949,,0.7032,touches_boundary,train,OHI_datasetIMG_5277_JPG.rf.5a83f57a64ea339486f16078c4420d09,0.158
1.465,0.094699,0.3724,,0.7246,touches_boundary,train,OHI_datasetIMG_5277_JPG.rf.5a83f57a64ea339486f16078c4420d09,0.2543
1.395,0.036889,0.2269,,0.9019,touches_boundary,train,OHI_datasetIMG_5284_JPG.rf.5513957e541e63585564bdd4f2c3d33b,0.1626
1.706,0.018073,0.1029,,0.9298,touches_boundary,train,OHI_datasetIMG_5284_JPG.rf.5513957e541e63585564bdd4f2c3d33b,0.1756
1.18,0.042492,0.2239,,0.9208,touches_boundary,train,OHI_datasetIMG_5284_JPG.rf.5513957e541e63585564bdd4f2c3d33b,0.1898
1.23,0.080822,0.3153,,0.6941,touches_boundary,train,OHI_datasetIMG_5284_JPG.rf.5e7df695b3684184fb5ea369fed9ee1a,0.2564
1.807,0.017947,0.0997,,0.7516,touches_boundary,train,OHI_datasetIMG_5284_JPG.rf.5e7df695b3684184fb5ea369fed9ee1a,0.1801
1.091,0.049793,0.233,,0.7267,touches_boundary,train,OHI_datasetIMG_5284_JPG.rf.5e7df695b3684184fb5ea369fed9ee1a,0.2137
5.735,0.001542,0.094,,1.0,extreme_aspect,train,OHI_datasetIMG_5285_JPG.rf.61b4841b7fb4b6fb3ae47fbd55eb2903,0.0164
5.206,0.0014,0.0854,,1.0,extreme_aspect,train,OHI_datasetIMG_5285_JPG.rf.61b4841b7fb4b6fb3ae47fbd55eb2903,0.0164
2.567,0.003766,0.0983,,0.4356,low_polygon_to_box_ratio,train,OHI_datasetIMG_5285_JPG.rf.a82514fac7aa26fd85f899c188977526,0.0383
1.206,0.031028,0.1934,,0.6651,touches_boundary,train,OHI_datasetIMG_5290_JPG.rf.45c0bde8c091ef0f326b541b739a6f85,0.1604
1.348,0.0341,0.2144,,0.9151,touches_boundary,train,OHI_datasetIMG_5290_JPG.rf.e19c70429be8945d3bd725eaee360705,0.159
1.438,0.030646,0.2099,,0.9115,touches_boundary,train,OHI_datasetIMG_5290_JPG.rf.e19c70429be8945d3bd725eaee360705,0.146
5.036,0.005289,0.1632,,1.0,extreme_aspect,train,OHI_datasetIMG_5295_JPG.rf.55a85f38ddd401e0f0f083ff223e472f,0.0324
5.306,0.004793,0.1595,,1.0,extreme_aspect,train,OHI_datasetIMG_5342_JPG.rf.1583d149aa50d0828124fd3a7b5d8897,0.0301
1.132,0.042647,0.2197,,0.7547,touches_boundary,train,OHI_datasetIMG_5346_jpg.rf.17c0bbc79d106dee08517da712af37d7,0.1941
1.567,0.019786,0.1124,,0.7878,touches_boundary,train,OHI_datasetIMG_5346_jpg.rf.17c0bbc79d106dee08517da712af37d7,0.1761
1.134,0.04187,0.2179,,0.7696,touches_boundary,train,OHI_datasetIMG_5346_jpg.rf.fad9dd786189dc3b3a171052f881d3b9,0.1922
1.622,0.019004,0.1083,,0.8019,touches_boundary,train,OHI_datasetIMG_5346_jpg.rf.fad9dd786189dc3b3a171052f881d3b9,0.1756
1.306,0.024128,0.1775,,0.842,touches_boundary,train,OHI_datasetIMG_5356_JPG.rf.19ee83319781cb53c76df0374e1d02b4,0.1359
1.22,0.021822,0.1631,,0.8446,touches_boundary,train,OHI_datasetIMG_5356_JPG.rf.19ee83319781cb53c76df0374e1d02b4,0.1338
1.614,0.040035,0.2542,,0.8616,touches_boundary,train,OHI_datasetIMG_5356_JPG.rf.19ee83319781cb53c76df0374e1d02b4,0.1575
1.049,0.021888,0.1515,,0.8584,touches_boundary,train,OHI_datasetIMG_5356_JPG.rf.19ee83319781cb53c76df0374e1d02b4,0.1445
1.023,0.011143,0.1068,,0.8374,touches_boundary,train,OHI_datasetIMG_5356_JPG.rf.19ee83319781cb53c76df0374e1d02b4,0.1043
1.009,0.037766,0.1952,,0.7888,touches_boundary,train,OHI_datasetIMG_5377_JPG.rf.b47b4ea1f6cfe8313640c993904e06ac,0.1935
1.051,0.039251,0.2031,,0.7619,touches_boundary,train,OHI_datasetIMG_5377_JPG.rf.e89d4b77a520f13e16589462a077640b,0.1933
1.396,0.044946,0.2504,,0.7273,touches_boundary,train,OHI_datasetIMG_5378_JPG.rf.6571be9fc39ee0ed589898f5a0f816bb,0.1795
1.061,0.046071,0.2211,,0.7187,touches_boundary,train,OHI_datasetIMG_5378_JPG.rf.6571be9fc39ee0ed589898f5a0f816bb,0.2084
1.037,0.039164,0.2015,,0.8602,touches_boundary,train,OHI_datasetIMG_5388_JPG.rf.100069d45f096bff0fa91549d5e93c15,0.1944
1.239,0.038856,0.2194,,1.0,touches_boundary,train,OHI_datasetIMG_5388_JPG.rf.4162cff4e69aa01d68397b26005037a3,0.1771
6.318,0.002097,0.1151,,1.0,extreme_aspect,train,OHI_datasetIMG_5405_JPG.rf.26224dda455a81ae9e0537d10966c240,0.0182
2.446,0.005667,0.1177,,0.3818,low_polygon_to_box_ratio,train,OHI_datasetIMG_5405_JPG.rf.aabaab3acbaafada1f98870b3d7ad396,0.0481
2.208,0.00659,0.1206,,0.4463,low_polygon_to_box_ratio,train,OHI_datasetIMG_5405_JPG.rf.aabaab3acbaafada1f98870b3d7ad396,0.0546
1.395,0.017167,0.1547,,0.8351,touches_boundary,train,OHI_datasetIMG_5406_JPG.rf.7dd0d19859523b378e3343a1c4dc9010,0.1109
1.185,0.017026,0.1421,,0.8507,touches_boundary,train,OHI_datasetIMG_5406_JPG.rf.7dd0d19859523b378e3343a1c4dc9010,0.1198
1.317,0.026306,0.1861,,0.8418,touches_boundary,train,OHI_datasetIMG_5406_JPG.rf.7dd0d19859523b378e3343a1c4dc9010,0.1413
1.389,0.04208,0.2418,,0.8503,touches_boundary,train,OHI_datasetIMG_5406_JPG.rf.7dd0d19859523b378e3343a1c4dc9010,0.174
1.332,0.016223,0.147,,0.8347,touches_boundary,train,OHI_datasetIMG_5406_JPG.rf.7dd0d19859523b378e3343a1c4dc9010,0.1104
1.413,0.041163,0.2412,,0.7285,touches_boundary,train,OHI_datasetIMG_5430_JPG.rf.9ac5e3e85be2b1b0a2e7cdb6cbce1cc9,0.1707
1.303,0.058722,0.2766,,0.7865,touches_boundary,train,OHI_datasetIMG_5430_JPG.rf.9ac5e3e85be2b1b0a2e7cdb6cbce1cc9,0.2123
1.206,0.036485,0.2098,,0.7677,touches_boundary,train,OHI_datasetIMG_5430_JPG.rf.9ac5e3e85be2b1b0a2e7cdb6cbce1cc9,0.1739
5.408,0.004649,0.1586,,1.0,extreme_aspect,train,OHI_datasetIMG_5449_JPG.rf.d11e8a33fdf7aa7043a5124ae954afe2,0.0293
1.025,0.032958,0.1838,,0.7196,touches_boundary,train,OHI_datasetIMG_5455_JPG.rf.552a68a0e335297328d445280184fe25,0.1794
1.094,0.023337,0.146,,0.7338,touches_boundary,train,OHI_datasetIMG_5455_JPG.rf.552a68a0e335297328d445280184fe25,0.1598
1.078,0.018548,0.1312,,0.7321,touches_boundary,train,OHI_datasetIMG_5455_JPG.rf.552a68a0e335297328d445280184fe25,0.1414
1.173,0.035035,0.2027,,0.6848,touches_boundary,train,OHI_datasetIMG_5455_JPG.rf.552a68a0e335297328d445280184fe25,0.1728
1.598,0.055955,0.299,,0.7192,touches_boundary,train,OHI_datasetIMG_5455_JPG.rf.552a68a0e335297328d445280184fe25,0.1871
2.382,0.028411,0.2601,,0.6981,touches_boundary,train,OHI_datasetIMG_5455_JPG.rf.552a68a0e335297328d445280184fe25,0.1092
1.01,0.026603,0.1639,,0.7678,touches_boundary,train,OHI_datasetIMG_5455_JPG.rf.900e72e75d5fc5d142dd744485db61ec,0.1623
1.34,0.016157,0.1098,,0.7885,touches_boundary,train,OHI_datasetIMG_5560_JPG.rf.298b0347f23da7335ab67e01bb73453f,0.1471
1.177,0.036206,0.2064,,0.9464,touches_boundary,train,OHI_datasetIMG_5586_JPG.rf.62b90f1f29f2cad164e72d54fb7d1200,0.1754
1.258,0.035063,0.2101,,0.7612,touches_boundary,train,OHI_datasetIMG_5600_JPG.rf.1a7639b63aebce0af8f8e8427f62f555,0.1669
4.504,0.004697,0.1455,,0.3773,low_polygon_to_box_ratio,train,OHI_datasetIMG_5673_JPG.rf.4174895ce3952b2962d94e1eeb63dfc6,0.0323
2.814,0.010055,0.1682,,0.3779,low_polygon_to_box_ratio,train,OHI_datasetIMG_5673_JPG.rf.9f6eba651169e212fe001c4852a33089,0.0598
3.237,0.006352,0.1434,,0.2758,low_polygon_to_box_ratio,train,OHI_datasetIMG_5673_JPG.rf.9f6eba651169e212fe001c4852a33089,0.0443
7.375,0.003266,0.1552,,1.0,extreme_aspect,train,OHI_datasetIMG_5673_JPG.rf.ce597ad91d4834783b125b5e7f4aef56,0.021
11.893,0.001506,0.1338,,1.0,extreme_aspect,train,OHI_datasetIMG_5673_JPG.rf.ce597ad91d4834783b125b5e7f4aef56,0.0113
1.466,0.014826,0.1006,,0.7746,touches_boundary,train,OHI_datasetIMG_5711_JPG.rf.1a465dd68a3e6537e17c95e7ee25d7d9,0.1474
1.392,0.045789,0.2525,,0.7374,touches_boundary,train,OHI_datasetIMG_5711_JPG.rf.1a465dd68a3e6537e17c95e7ee25d7d9,0.1813
1.296,0.046665,0.246,,0.6997,touches_boundary,train,OHI_datasetIMG_5711_JPG.rf.9f9d60212382027603a53b906f782809,0.1897
2.653,0.007789,0.0542,,0.7121,touches_boundary,train,OHI_datasetIMG_5711_JPG.rf.9f9d60212382027603a53b906f782809,0.1438
1.545,0.045444,0.265,,0.7695,touches_boundary,train,OHI_datasetIMG_5711_JPG.rf.9f9d60212382027603a53b906f782809,0.1715
1.144,0.045392,0.2279,,0.7245,touches_boundary,train,OHI_datasetIMG_5719_JPG.rf.605b5e897a1ee0862ea8f05761450250,0.1992
1.127,0.031801,0.1893,,0.9229,touches_boundary,train,OHI_datasetIMG_5719_JPG.rf.d5e0fe61a0a4f87d4f2cd122dbaca2ee,0.168
1.373,0.031191,0.2069,,0.9525,touches_boundary,train,OHI_datasetIMG_5756_JPG.rf.1c4da2d53018cdad0bb282260a4c4c2e,0.1507
2.024,0.029937,0.2461,,0.9445,touches_boundary,train,OHI_datasetIMG_5756_JPG.rf.1c4da2d53018cdad0bb282260a4c4c2e,0.1216
1.116,0.031553,0.1682,,0.7219,touches_boundary,train,OHI_datasetIMG_5756_JPG.rf.aad80bca0cfadbf57eb2df87a1929956,0.1876
2.434,0.016286,0.1991,,0.6494,touches_boundary,train,OHI_datasetIMG_5756_JPG.rf.aad80bca0cfadbf57eb2df87a1929956,0.0818
2.351,0.020882,0.2216,,0.9725,touches_boundary,train,OHI_datasetIMG_5759_JPG.rf.60027e7c1cf19a7c8f11172d453ef80e,0.0943
7.27,0.008591,0.2499,,0.9347,extreme_aspect;touches_boundary,train,OHI_datasetIMG_5759_JPG.rf.60027e7c1cf19a7c8f11172d453ef80e,0.0344
1.11,0.025899,0.1695,,0.9234,touches_boundary,train,OHI_datasetIMG_5768_JPG.rf.92d45bd6b112a9eee44bbec3ed45222c,0.1528
1.077,0.031714,0.1848,,0.7813,touches_boundary,train,OHI_datasetIMG_5768_JPG.rf.c59bb95e73c3e8f9d83be1fced08dfe2,0.1716
1.241,0.014343,0.1334,,0.7757,touches_boundary,train,OHI_datasetIMG_5785_JPG.rf.6f60859b770becdc6b9ed788101ddf00,0.1075
1.36,0.019824,0.1642,,0.7694,touches_boundary,train,OHI_datasetIMG_5785_JPG.rf.6f60859b770becdc6b9ed788101ddf00,0.1207
1.318,0.013961,0.1356,,0.8176,touches_boundary,train,OHI_datasetIMG_5785_JPG.rf.d0026ea5b9474c773e335a990d599086,0.1029
1.478,0.019076,0.1679,,0.7977,touches_boundary,train,OHI_datasetIMG_5785_JPG.rf.d0026ea5b9474c773e335a990d599086,0.1136
1.028,0.010277,0.1,,0.7237,touches_boundary,train,OHI_datasetIMG_5801_JPG.rf.6a19691bb8e3844c9e16d2554582d23d,0.1028
1.003,0.015432,0.124,,0.7415,touches_boundary,train,OHI_datasetIMG_5801_JPG.rf.6a19691bb8e3844c9e16d2554582d23d,0.1244
5.071,0.005767,0.171,,1.0,extreme_aspect,train,OHI_datasetIMG_5802_JPG.rf.5702d2fe34b58255de4914939db21993,0.0337
1.166,0.027001,0.1775,,0.8975,touches_boundary,train,OHI_datasetIMG_5803_JPG.rf.bba7b2dd9b3c31d1903d63d8c774dec3,0.1521
1.007,0.029572,0.1713,,0.8058,touches_boundary,train,OHI_datasetIMG_5803_JPG.rf.be49282abebeceb55fe375ea27534c14,0.1726
1.354,0.033357,0.2125,,0.8057,touches_boundary,train,OHI_datasetIMG_5803_JPG.rf.be49282abebeceb55fe375ea27534c14,0.157
1.158,0.046847,0.2329,,0.7045,touches_boundary,train,OHI_datasetIMG_5804_JPG.rf.cd408280641547b4ba0d3addceee46d0,0.2011
1.483,0.052624,0.2794,,0.7026,touches_boundary,train,OHI_datasetIMG_5804_JPG.rf.cd408280641547b4ba0d3addceee46d0,0.1883
5.693,0.003454,0.1402,,1.0,extreme_aspect,train,OHI_datasetIMG_5831_JPG.rf.7b6876acf798d68093a0f38782a87863,0.0246
5.594,0.001645,0.0959,,1.0,extreme_aspect,train,OHI_datasetIMG_5831_JPG.rf.7b6876acf798d68093a0f38782a87863,0.0171
1.153,0.052388,0.2458,,0.7366,touches_boundary,train,OHI_datasetIMG_5834_JPG.rf.197c43f1a99ef1b241b1332b3a9bfdef,0.2132
2.371,0.008808,0.0609,,0.7332,touches_boundary,train,OHI_datasetIMG_5834_JPG.rf.197c43f1a99ef1b241b1332b3a9bfdef,0.1445
1.278,0.049359,0.2511,,0.7447,touches_boundary,train,OHI_datasetIMG_5834_JPG.rf.197c43f1a99ef1b241b1332b3a9bfdef,0.1965
1.333,0.016238,0.1104,,0.7113,touches_boundary,train,OHI_datasetIMG_5834_JPG.rf.197c43f1a99ef1b241b1332b3a9bfdef,0.1471
1.122,0.059598,0.2586,,0.7258,touches_boundary,train,OHI_datasetIMG_5834_JPG.rf.fd513d6b75231e016cf4777296bf5871,0.2305
2.476,0.009556,0.0621,,0.7075,touches_boundary,train,OHI_datasetIMG_5834_JPG.rf.fd513d6b75231e016cf4777296bf5871,0.1538
1.015,0.03361,0.182,,0.7437,touches_boundary,train,OHI_datasetIMG_5834_JPG.rf.fd513d6b75231e016cf4777296bf5871,0.1847
1.15,0.029793,0.1851,,0.703,touches_boundary,train,OHI_datasetIMG_5834_JPG.rf.fd513d6b75231e016cf4777296bf5871,0.161
1.466,0.049534,0.2694,,0.763,touches_boundary,train,OHI_datasetIMG_5834_JPG.rf.fd513d6b75231e016cf4777296bf5871,0.1838
1.113,0.014719,0.115,,0.7223,touches_boundary,train,OHI_datasetIMG_5834_JPG.rf.fd513d6b75231e016cf4777296bf5871,0.128
7.456,0.003337,0.1577,,1.0,extreme_aspect,train,OHI_datasetIMG_5855_JPG.rf.4ead063c57e103dd45620837c0b23cd1,0.0212
5.4,0.005362,0.1702,,0.7159,extreme_aspect,train,OHI_datasetIMG_5855_JPG.rf.c2094b9b3a40dc4c71d7c50ae758b957,0.0315
1.115,0.037612,0.2048,,1.0,touches_boundary,train,OHI_datasetIMG_5859_JPG.rf.8dc2d6f3be4e331edba47919a194d004,0.1837
1.017,0.025753,0.1619,,0.9036,touches_boundary,train,OHI_datasetIMG_5859_JPG.rf.d2e485bafb0283cd4019295bf07adba4,0.1591
1.459,0.030371,0.1443,,0.7353,touches_boundary,train,OHI_datasetIMG_5862_JPG.rf.3f4256f93e7f9fa6017c770c83bde4f8,0.2105
1.206,0.041459,0.2236,,0.8957,touches_boundary,train,OHI_datasetIMG_5862_JPG.rf.ef1dbc08c73e23b08d7dbaea9d89996f,0.1854
1.68,0.013537,0.0898,,0.9088,touches_boundary,train,OHI_datasetIMG_5862_JPG.rf.ef1dbc08c73e23b08d7dbaea9d89996f,0.1508
1.22,0.014784,0.1101,,0.9453,touches_boundary,train,OHI_datasetIMG_5866_JPG.rf.8fd97e9229389ab46338edc055f41669,0.1343
1.453,0.021131,0.1206,,0.953,touches_boundary,train,OHI_datasetIMG_5866_JPG.rf.8fd97e9229389ab46338edc055f41669,0.1752
1.573,0.030081,0.2175,,0.8462,touches_boundary,train,OHI_datasetIMG_5866_JPG.rf.d44c149f048487abffbba7413f2751e3,0.1383
1.067,0.03639,0.197,,0.9738,touches_boundary,train,OHI_datasetIMG_5888_JPG.rf.3813d8d88d302dc8e2a87a2c864b4f35,0.1847
1.239,0.05709,0.2659,,0.6971,touches_boundary,train,OHI_datasetIMG_5888_JPG.rf.6607d3633c053586c5149a51e5607ff0,0.2147
1.738,0.008207,0.0687,,0.589,touches_boundary,train,OHI_datasetIMG_5888_JPG.rf.6607d3633c053586c5149a51e5607ff0,0.1194
1.114,0.032428,0.19,,0.7052,touches_boundary,train,OHI_datasetIMG_5888_JPG.rf.6607d3633c053586c5149a51e5607ff0,0.1706
1.023,0.034355,0.1875,,0.8033,touches_boundary,train,OHI_datasetIMG_5889_JPG.rf.37aa2d6830309d10caad98fefacb96ce,0.1833
1.206,0.042958,0.2276,,0.7852,touches_boundary,train,OHI_datasetIMG_5889_JPG.rf.893f34f5f640fb6eb4ad81cbfcd1116a,0.1887
3.852,0.003019,0.028,,0.6954,touches_boundary,train,OHI_datasetIMG_5889_JPG.rf.893f34f5f640fb6eb4ad81cbfcd1116a,0.1078
1.435,0.041437,0.2438,,0.754,touches_boundary,train,OHI_datasetIMG_5889_JPG.rf.893f34f5f640fb6eb4ad81cbfcd1116a,0.1699
2.797,0.012765,0.1889,,0.7104,touches_boundary,train,OHI_datasetIMG_5896_JPG.rf.c93e6b691447f2e4e06e3c6291d4958f,0.0676
1.616,0.019022,0.1085,,0.9525,touches_boundary,train,OHI_datasetIMG_5897_JPG.rf.be1f198216af0e94920f3d02116fff73,0.1753
1.83,0.017416,0.0976,,0.9287,touches_boundary,train,OHI_datasetIMG_5897_JPG.rf.d9422b39c19d755a386c2889489e8e59,0.1785
1.154,0.036178,0.2043,,0.812,touches_boundary,train,OHI_datasetIMG_5898_JPG.rf.ccb29f93e0037d4cf9d752939d9a8616,0.1771
1.049,0.032978,0.1773,,0.7439,touches_boundary,train,OHI_datasetIMG_5898_JPG.rf.d62baa630f9bc4147a0b112ec0fe6c17,0.186
1.382,0.044692,0.2485,,0.9415,touches_boundary,train,OHI_datasetIMG_5914_JPG.rf.1869dd3a2b5c621d864942f3116c2ee7,0.1799
1.017,0.057538,0.2378,,0.8435,touches_boundary,train,OHI_datasetIMG_5914_JPG.rf.422f3ebc0c7aa1f4de3124068fd9373a,0.2419
1.685,0.035772,0.2455,,0.8379,touches_boundary,train,OHI_datasetIMG_5924_JPG.rf.0011b68b94bea4c07ae5570cf9251df7,0.1457
1.428,0.040744,0.2412,,0.8581,touches_boundary,train,OHI_datasetIMG_5924_JPG.rf.0011b68b94bea4c07ae5570cf9251df7,0.1689
1.682,0.041881,0.2654,,0.7183,touches_boundary,train,OHI_datasetIMG_5924_JPG.rf.76a55b62058bea28b5dfebb859bae5fa,0.1578
1.33,0.026845,0.1421,,0.9759,touches_boundary,train,OHI_datasetIMG_5925_JPG.rf.c1b99a2de5a15188dc032c6f139df4d3,0.1889
1.639,0.023031,0.1185,,0.9092,touches_boundary,train,OHI_datasetIMG_5925_JPG.rf.f9889760d9a9bc3c5c928e6fcdf02b74,0.1943
1.036,0.017771,0.1357,,0.9493,touches_boundary,train,OHI_datasetIMG_5937_JPG.rf.ba0edd357486004b6e3bb5ae6d2f30e5,0.131
1.445,0.056626,0.2861,,0.7035,touches_boundary,train,OHI_datasetIMG_5939_JPG.rf.31d569ee9e6c0cd3f9cd29f26ed1ef0b,0.1979
2.134,0.05458,0.3412,,0.7505,touches_boundary,train,OHI_datasetIMG_5948_JPG.rf.4140055fd941feb3ae2d240bf485a59b,0.1599
1.759,0.061123,0.3279,,0.6589,touches_boundary,train,OHI_datasetIMG_5948_JPG.rf.962d40748e7f3413d50eacf4bd245488,0.1864
1.844,0.075005,0.3719,,0.8942,touches_boundary,train,OHI_datasetIMG_5949_JPG.rf.ab068e9ca72dbb3668e0a5319b4bebc6,0.2017
1.505,0.066442,0.3163,,0.9038,touches_boundary,train,OHI_datasetIMG_5949_JPG.rf.ab068e9ca72dbb3668e0a5319b4bebc6,0.2101
2.168,0.001,0.0466,,0.8332,extremely_small,train,OHI_datasetIMG_6011_JPG.rf.03ec29a339c3d5131861e71e790fbb20,0.0215
2.473,0.000749,0.043,,1.0,extremely_small,train,OHI_datasetIMG_6011_JPG.rf.7979baff9801e980597a28721d48c0f3,0.0174
1.051,0.035069,0.192,,0.718,touches_boundary,train,OHI_datasetIMG_6015_JPG.rf.964bd4c73e0e1f82b39d22458c8a1d43,0.1827
1.348,0.042068,0.2381,,0.7503,touches_boundary,train,OHI_datasetIMG_6015_JPG.rf.964bd4c73e0e1f82b39d22458c8a1d43,0.1767
1.0,0.044723,0.2115,,0.7722,touches_boundary,train,OHI_datasetIMG_6015_JPG.rf.f65ab580f999760595ace6ddd78af33d,0.2114
1.246,0.006894,0.0744,,0.8017,touches_boundary,train,OHI_datasetIMG_6022_JPG.rf.876b46027c6b0088e292a440367b2a92,0.0927
1.164,0.00671,0.0759,,0.888,touches_boundary,train,OHI_datasetIMG_6022_JPG.rf.de5628cc380b0f5ae766d656964da73a,0.0884
1.049,0.031828,0.1742,,0.7808,touches_boundary,train,OHI_datasetIMG_6030_JPG.rf.7456670d463560902675f119d2f8f2de,0.1828
1.07,0.029523,0.1777,,0.9398,touches_boundary,train,OHI_datasetIMG_6035_JPG.rf.84415247f076f13d7c085c2e144298da,0.1661
1.067,0.026698,0.1688,,0.9486,touches_boundary,train,OHI_datasetIMG_6035_JPG.rf.84415247f076f13d7c085c2e144298da,0.1582
1.705,0.022686,0.1967,,0.9325,touches_boundary,train,OHI_datasetIMG_6035_JPG.rf.84415247f076f13d7c085c2e144298da,0.1153
1.024,0.038382,0.1982,,0.7355,touches_boundary,train,OHI_datasetIMG_6035_JPG.rf.8f69c75af42f51564c25afe1bf1de398,0.1936
1.158,0.023682,0.1656,,0.7205,touches_boundary,train,OHI_datasetIMG_6035_JPG.rf.8f69c75af42f51564c25afe1bf1de398,0.143
1.522,0.054308,0.2875,,0.735,touches_boundary,train,OHI_datasetIMG_6035_JPG.rf.8f69c75af42f51564c25afe1bf1de398,0.1889
1.147,0.04511,0.2275,,0.717,touches_boundary,train,OHI_datasetIMG_6035_JPG.rf.8f69c75af42f51564c25afe1bf1de398,0.1983
2.607,0.007276,0.0528,,0.6967,touches_boundary,train,OHI_datasetIMG_6035_JPG.rf.8f69c75af42f51564c25afe1bf1de398,0.1377
5.5,0.006268,0.1857,,1.0,extreme_aspect,train,OHI_datasetIMG_6054_JPG.rf.6096b13e0f04dd32fe93296ff798c10d,0.0338
2.57,0.004799,0.111,,0.4351,low_polygon_to_box_ratio,train,OHI_datasetIMG_6093_JPG.rf.17589e96a3a17014112af5cba7450434,0.0432
5.75,0.001941,0.1056,,1.0,extreme_aspect,train,OHI_datasetIMG_6093_JPG.rf.702fd137b8f47d43dfd717c1de3c7c8d,0.0184
1.037,0.024086,0.1524,,0.9506,touches_boundary,train,OHI_datasetIMG_6094_JPG.rf.0eb3c9ba8a5e43ae512e2659d2c7c46f,0.158
1.379,0.027997,0.1965,,0.9415,touches_boundary,train,OHI_datasetIMG_6094_JPG.rf.0eb3c9ba8a5e43ae512e2659d2c7c46f,0.1425
1.463,0.056371,0.2872,,0.953,touches_boundary,train,OHI_datasetIMG_6094_JPG.rf.0eb3c9ba8a5e43ae512e2659d2c7c46f,0.1963
1.581,0.02923,0.215,,0.9527,touches_boundary,train,OHI_datasetIMG_6094_JPG.rf.0eb3c9ba8a5e43ae512e2659d2c7c46f,0.136
1.042,0.019831,0.1438,,0.949,touches_boundary,train,OHI_datasetIMG_6094_JPG.rf.0eb3c9ba8a5e43ae512e2659d2c7c46f,0.1379
2.447,0.000824,0.0449,,1.0,extremely_small,train,OHI_datasetIMG_6110_JPG.rf.42883d7d4bc270b4ea46178638c81008,0.0183
2.447,0.000782,0.0438,,1.0,extremely_small,train,OHI_datasetIMG_6110_JPG.rf.5b681350e58fc89f0dadfef1670ef0fa,0.0179
1.376,0.039968,0.2345,,0.914,touches_boundary,train,OHI_datasetIMG_6112_JPG.rf.0bfaf95e993a94004657b54ad8abcc87,0.1705
1.428,0.021435,0.1225,,0.8535,touches_boundary,train,OHI_datasetIMG_6112_JPG.rf.f769fd13920b067524f6f3dc4f5a0486,0.175
1.866,0.043816,0.2859,,0.7348,touches_boundary,train,OHI_datasetIMG_6124_JPG.rf.da19277ec3953071155d240d23cea91e,0.1532
3.162,0.016316,0.2271,,0.6232,touches_boundary,train,OHI_datasetIMG_6124_JPG.rf.da19277ec3953071155d240d23cea91e,0.0718
1.355,0.016887,0.1116,,0.7472,touches_boundary,train,OHI_datasetIMG_6124_JPG.rf.da19277ec3953071155d240d23cea91e,0.1513
1.669,0.010606,0.0797,,0.9756,touches_boundary,train,OHI_datasetIMG_6124_JPG.rf.ee970c606cca6d0edf8e422456033aca,0.133
7.578,0.001634,0.1113,,1.0,extreme_aspect,train,OHI_datasetIMG_6142_JPG.rf.67e4ed15f28c84237cee638ccfaf515a,0.0147
7.578,0.0016,0.1101,,1.0,extreme_aspect,train,OHI_datasetIMG_6142_JPG.rf.b27a5f7b39b20d962722a0b89762381b,0.0145
1.085,0.049788,0.2142,,0.7943,touches_boundary,train,OHI_datasetIMG_6145_JPG.rf.6c4296536377c5b892db7ce7e6299116,0.2324
1.046,0.022233,0.1525,,0.8787,touches_boundary,train,OHI_datasetIMG_6145_JPG.rf.ad61fc3247457351f822e2aa3cd891d8,0.1458
1.186,0.015568,0.1146,,0.7547,touches_boundary,train,OHI_datasetIMG_6146_JPG.rf.156901c17f9920554afbdd1d6308ed18,0.1359
1.741,0.022523,0.198,,0.7528,touches_boundary,train,OHI_datasetIMG_6146_JPG.rf.156901c17f9920554afbdd1d6308ed18,0.1137
1.137,0.022131,0.1587,,0.7186,touches_boundary,train,OHI_datasetIMG_6146_JPG.rf.3987eb67312b935c78f632c09c064bc8,0.1395
1.592,0.032878,0.2288,,0.6472,touches_boundary,train,OHI_datasetIMG_6146_JPG.rf.3987eb67312b935c78f632c09c064bc8,0.1437
1.246,0.028206,0.1874,,0.8602,touches_boundary,train,OHI_datasetIMG_6161_JPG.rf.16769f0a6cd4bf53719e65670013acaa,0.1505
1.775,0.011471,0.0804,,0.8873,touches_boundary,train,OHI_datasetIMG_6161_JPG.rf.16769f0a6cd4bf53719e65670013acaa,0.1427
1.314,0.02933,0.1963,,0.8655,touches_boundary,train,OHI_datasetIMG_6161_JPG.rf.16769f0a6cd4bf53719e65670013acaa,0.1494
1.483,0.041044,0.2467,,0.9655,touches_boundary,train,OHI_datasetIMG_6161_JPG.rf.6d3ca391de35f1bbb29565ccbd853150,0.1664
2.847,0.006671,0.0484,,0.9696,touches_boundary,train,OHI_datasetIMG_6161_JPG.rf.6d3ca391de35f1bbb29565ccbd853150,0.1378
1.443,0.008804,0.1127,,0.9342,touches_boundary,train,OHI_datasetIMG_6162_JPG.rf.78c74fa0760ed785d1b21c3173561169,0.0781
1.404,0.009793,0.0835,,0.8197,touches_boundary,train,OHI_datasetIMG_6162_JPG.rf.dbdfd5e44719c1717493a8c33dfc2c3f,0.1173
1.07,0.012008,0.1059,,0.8103,touches_boundary,train,OHI_datasetIMG_6162_JPG.rf.dbdfd5e44719c1717493a8c33dfc2c3f,0.1133
1.299,0.023367,0.1742,,0.7748,touches_boundary,train,OHI_datasetIMG_6162_JPG.rf.dbdfd5e44719c1717493a8c33dfc2c3f,0.1341
1.278,0.006016,0.0686,,0.8165,touches_boundary,train,OHI_datasetIMG_6162_JPG.rf.dbdfd5e44719c1717493a8c33dfc2c3f,0.0877
2.506,0.009638,0.1554,,0.365,low_polygon_to_box_ratio,train,OHI_datasetIMG_6167_JPG.rf.29350beb7be0d1291219452af2105f0e,0.062
2.208,0.015043,0.1823,,0.4463,low_polygon_to_box_ratio,train,OHI_datasetIMG_6167_JPG.rf.29350beb7be0d1291219452af2105f0e,0.0825
2.514,0.012266,0.1756,,0.3627,low_polygon_to_box_ratio,train,OHI_datasetIMG_6167_JPG.rf.29350beb7be0d1291219452af2105f0e,0.0699
6.814,0.003164,0.1468,,1.0,extreme_aspect,train,OHI_datasetIMG_6167_JPG.rf.bb7b023e0c4237080ce3e81df8a08b39,0.0215
6.883,0.004002,0.166,,1.0,extreme_aspect,train,OHI_datasetIMG_6167_JPG.rf.bb7b023e0c4237080ce3e81df8a08b39,0.0241
5.06,0.004642,0.1533,,0.7332,extreme_aspect,train,OHI_datasetIMG_6167_JPG.rf.cfe7d2d55d354632945a6d93edf49b47,0.0303
5.097,0.005887,0.1732,,0.7313,extreme_aspect,train,OHI_datasetIMG_6167_JPG.rf.cfe7d2d55d354632945a6d93edf49b47,0.034
1.27,0.022303,0.1683,,0.9442,touches_boundary,train,OHI_datasetIMG_6170_JPG.rf.401db9d0fc8937ee6404564ef6d54216,0.1325
1.39,0.036163,0.2242,,0.6984,touches_boundary,train,OHI_datasetIMG_6236_JPG.rf.74a38f8a1a688bf793653fd95dbc3e13,0.1613
5.057,0.003688,0.1366,,1.0,extreme_aspect,train,OHI_datasetIMG_6241_JPG.rf.a10adcd1c4694aae01eb2e400b9b2e59,0.027
1.951,0.032316,0.2511,,0.7917,touches_boundary,train,OHI_datasetIMG_6251_JPG.rf.af470bea442f77f277fc88daf10795ab,0.1287
7.161,0.004841,0.1862,,1.0,extreme_aspect,train,OHI_datasetIMG_6266_JPG.rf.de0a314d3383555657b976993cdab541,0.026
6.381,0.006,0.1957,,0.887,extreme_aspect,train,OHI_datasetIMG_6266_JPG.rf.e46f0192cd92646cdc881563e7e0a45d,0.0307
1.748,0.050075,0.2958,,0.9274,touches_boundary,train,OHI_datasetIMG_6267_JPG.rf.8e1bbc87c0e5ee26450e7d5139d17a2a,0.1693
1.518,0.049645,0.2745,,0.9342,touches_boundary,train,OHI_datasetIMG_6267_JPG.rf.c67f25b4cca3b83b60d22e887f0fcfce,0.1809
1.351,0.059845,0.2843,,0.9422,touches_boundary,train,OHI_datasetIMG_6267_JPG.rf.c67f25b4cca3b83b60d22e887f0fcfce,0.2105
1.012,0.02645,0.1636,,0.7715,touches_boundary,train,OHI_datasetIMG_6328_JPG.rf.cc5e43e30cb8cdfda128d7763af82e10,0.1617
1.293,0.038688,0.173,,0.7974,touches_boundary,train,OHI_datasetIMG_6328_JPG.rf.d5ebf28efa1a6d57834434ae91cd2ead,0.2236
1.131,0.043534,0.1962,,0.811,touches_boundary,train,OHI_datasetIMG_6328_JPG.rf.d5ebf28efa1a6d57834434ae91cd2ead,0.2219
1.069,0.021813,0.1429,,0.9211,touches_boundary,train,OHI_datasetIMG_6329_JPG.rf.9926c6c56a7466909859a17cb4da9481,0.1527
1.217,0.016298,0.1157,,0.7638,touches_boundary,train,OHI_datasetIMG_6329_JPG.rf.f88b89e5e36e24bf8c92efcaa1708642,0.1408
1.05,0.017056,0.1275,,0.7828,touches_boundary,train,OHI_datasetIMG_6329_JPG.rf.f88b89e5e36e24bf8c92efcaa1708642,0.1338
1.036,0.022012,0.151,,0.7705,touches_boundary,train,OHI_datasetIMG_6329_JPG.rf.f88b89e5e36e24bf8c92efcaa1708642,0.1458
1.01,0.023015,0.151,,0.8431,touches_boundary,train,OHI_datasetIMG_6340_JPG.rf.287e10d6e583b0df583892aa4a5e55fc,0.1524
1.773,0.020675,0.108,,0.753,touches_boundary,train,OHI_datasetIMG_6340_JPG.rf.b727a994e06f563f4b1b613f6e0fc88f,0.1915
1.328,0.030082,0.1999,,0.7522,touches_boundary,train,OHI_datasetIMG_6340_JPG.rf.b727a994e06f563f4b1b613f6e0fc88f,0.1505
1.451,0.032649,0.2177,,0.7326,touches_boundary,train,OHI_datasetIMG_6360_JPG.rf.4a8279a4755e400d676237ccbfdc27d5,0.15
1.174,0.028508,0.1829,,0.8008,touches_boundary,train,OHI_datasetIMG_6360_JPG.rf.4a8279a4755e400d676237ccbfdc27d5,0.1558
1.442,0.034934,0.2245,,0.7336,touches_boundary,train,OHI_datasetIMG_6360_JPG.rf.4a8279a4755e400d676237ccbfdc27d5,0.1556
1.041,0.030219,0.1774,,0.8215,touches_boundary,train,OHI_datasetIMG_6382_JPG.rf.b0483171d4683165d0cfed72d4651e21,0.1704
5.029,0.00569,0.1692,,1.0,extreme_aspect,train,OHI_datasetIMG_6397_JPG.rf.bc6012ac89567ca2bcbe8ac183b960de,0.0336
1.386,0.014662,0.1425,,0.9392,touches_boundary,train,OHI_datasetIMG_6400_JPG.rf.01bd28be5753f94e5eff6aef31cf1067,0.1029
1.445,0.019043,0.1659,,0.9398,touches_boundary,train,OHI_datasetIMG_6400_JPG.rf.01bd28be5753f94e5eff6aef31cf1067,0.1148
1.432,0.014501,0.1441,,0.9373,touches_boundary,train,OHI_datasetIMG_6400_JPG.rf.f368b4504cb1a72d3c544aecefc89eef,0.1006
1.486,0.018741,0.1669,,0.9387,touches_boundary,train,OHI_datasetIMG_6400_JPG.rf.f368b4504cb1a72d3c544aecefc89eef,0.1123
5.478,0.011632,0.2524,,0.7119,extreme_aspect,train,OHI_datasetIMG_6409_JPG.rf.106dd78c2e7dd0e6ba16b4166b4732f7,0.0461
5.422,0.00574,0.1764,,0.7148,extreme_aspect,train,OHI_datasetIMG_6409_JPG.rf.106dd78c2e7dd0e6ba16b4166b4732f7,0.0325
7.61,0.007616,0.2407,,1.0,extreme_aspect,train,OHI_datasetIMG_6409_JPG.rf.b87cda0eed9e0d573c0b6a12e0b22fb3,0.0316
7.5,0.003773,0.1682,,1.0,extreme_aspect,train,OHI_datasetIMG_6409_JPG.rf.b87cda0eed9e0d573c0b6a12e0b22fb3,0.0224
5.487,0.006378,0.1871,,1.0,extreme_aspect,train,OHI_datasetIMG_6409_JPG.rf.b87cda0eed9e0d573c0b6a12e0b22fb3,0.0341
2.713,0.02214,0.2451,,0.3549,low_polygon_to_box_ratio,train,OHI_datasetIMG_6409_JPG.rf.ca284ac31eecaf45c7375cbc95a2201c,0.0903
2.7,0.010871,0.1713,,0.3581,low_polygon_to_box_ratio,train,OHI_datasetIMG_6409_JPG.rf.ca284ac31eecaf45c7375cbc95a2201c,0.0634
2.423,0.01534,0.1928,,0.429,low_polygon_to_box_ratio,train,OHI_datasetIMG_6409_JPG.rf.ca284ac31eecaf45c7375cbc95a2201c,0.0796
1.596,0.039247,0.2503,,0.8522,touches_boundary,train,OHI_datasetIMG_6433_JPG.rf.00c87d5ce773c5ca0d69800ee29908f9,0.1568
1.128,0.03747,0.2056,,0.684,touches_boundary,train,OHI_datasetIMG_6439_JPG.rf.2f162de9ac28e08568de382e3165a868,0.1823
1.27,0.042426,0.2321,,0.6772,touches_boundary,train,OHI_datasetIMG_6439_JPG.rf.2f162de9ac28e08568de382e3165a868,0.1828
2.973,0.002548,0.0293,,0.6427,touches_boundary,train,OHI_datasetIMG_6439_JPG.rf.2f162de9ac28e08568de382e3165a868,0.087
1.026,0.02524,0.1609,,0.719,touches_boundary,train,OHI_datasetIMG_6439_JPG.rf.2f162de9ac28e08568de382e3165a868,0.1568
1.227,0.042974,0.2296,,0.683,touches_boundary,train,OHI_datasetIMG_6439_JPG.rf.2f162de9ac28e08568de382e3165a868,0.1872
1.654,0.067714,0.3346,,0.6985,touches_boundary,train,OHI_datasetIMG_6439_JPG.rf.2f162de9ac28e08568de382e3165a868,0.2024
1.874,0.030817,0.2403,,0.7343,touches_boundary,train,OHI_datasetIMG_6439_JPG.rf.2f162de9ac28e08568de382e3165a868,0.1282
1.012,0.007433,0.0857,,0.8218,touches_boundary,train,OHI_datasetIMG_6439_JPG.rf.bcf7188f37ea36492ad0d59b9cb7342e,0.0867
1.135,0.030614,0.1642,,0.7814,touches_boundary,train,OHI_datasetIMG_6440_JPG.rf.aeab8b511ec88182f271fcfb9602b104,0.1864
5.766,0.003814,0.1483,,1.0,extreme_aspect,train,OHI_datasetIMG_6447_JPG.rf.099cf20d41cf60c1174c50058610158b,0.0257
2.572,0.010331,0.163,,0.4345,low_polygon_to_box_ratio,train,OHI_datasetIMG_6447_JPG.rf.8bcf5753c66e3a22b2dff3957e2ae42f,0.0634
1.269,0.040428,0.2265,,0.7649,touches_boundary,train,OHI_datasetIMG_6566_JPG.rf.0c32d811b9dd9233d4d286db7bce668f,0.1785
1.407,0.003196,0.0671,,0.7746,touches_boundary,train,OHI_datasetIMG_6566_JPG.rf.0c32d811b9dd9233d4d286db7bce668f,0.0477
1.223,0.041385,0.2249,,0.7278,touches_boundary,train,OHI_datasetIMG_6566_JPG.rf.0c32d811b9dd9233d4d286db7bce668f,0.184
2.812,0.00407,0.038,,0.6993,touches_boundary,train,OHI_datasetIMG_6566_JPG.rf.0c32d811b9dd9233d4d286db7bce668f,0.107
1.375,0.025718,0.1368,,0.8039,touches_boundary,train,OHI_datasetIMG_6566_JPG.rf.cb6e402a7068e1a9a9cf3fed0e3f6c91,0.1881
1.257,0.027602,0.1863,,0.8346,touches_boundary,train,OHI_datasetIMG_6601_JPG.rf.2aad620353b31d8d79914b3690083d6d,0.1482
1.234,0.031447,0.197,,0.8406,touches_boundary,train,OHI_datasetIMG_6601_JPG.rf.2aad620353b31d8d79914b3690083d6d,0.1596
1.159,0.028512,0.1818,,0.6711,touches_boundary,train,OHI_datasetIMG_6602_JPG.rf.3e0dc7f04e1d548c5ececee0f597cf90,0.1569
2.126,0.030797,0.2559,,0.6583,touches_boundary,train,OHI_datasetIMG_6621_JPG.rf.78a7ab2a1bfddfd8e1f446a91074b89e,0.1204
2.363,0.022452,0.2304,,0.6565,touches_boundary,train,OHI_datasetIMG_6621_JPG.rf.78a7ab2a1bfddfd8e1f446a91074b89e,0.0975
1.798,0.031813,0.2392,,0.9293,touches_boundary,train,OHI_datasetIMG_6626_JPG.rf.501e4d43fdb500b9fae2010a25fa3dcf,0.133
1.327,0.02707,0.1895,,0.8246,touches_boundary,train,OHI_datasetIMG_6626_JPG.rf.9651f6f1fcadf2fd7f7f5e1d0ba0b49f,0.1428
1.661,0.024129,0.2002,,0.9338,touches_boundary,train,OHI_datasetIMG_6641_JPG.rf.0d8a6f9c1077e5d0704ea1d2b3cc5494,0.1205
1.314,0.038598,0.2252,,0.7093,touches_boundary,train,OHI_datasetIMG_6649_JPG.rf.2748c590102e6a7bd04bef6f5ae8b5da,0.1714
1.565,0.036137,0.2378,,0.7085,touches_boundary,train,OHI_datasetIMG_6649_JPG.rf.2748c590102e6a7bd04bef6f5ae8b5da,0.152
1.263,0.029534,0.1931,,0.7376,touches_boundary,train,OHI_datasetIMG_6651_JPG.rf.4b28235cf1c50d2bd63e388e4379ccc1,0.1529
1.447,0.048839,0.2658,,0.7341,touches_boundary,train,OHI_datasetIMG_6651_JPG.rf.4b28235cf1c50d2bd63e388e4379ccc1,0.1837
1.541,0.036169,0.2361,,0.968,touches_boundary,train,OHI_datasetIMG_6651_JPG.rf.a31e0143b63d2ba3cd69bbad1398f11a,0.1532
1.572,0.045166,0.2665,,0.7933,touches_boundary,train,OHI_datasetIMG_6657_JPG.rf.66285ce296f62a8a231c20a88bffcccf,0.1695
1.412,0.042568,0.2452,,0.7381,touches_boundary,train,OHI_datasetIMG_6657_JPG.rf.b327a16587527536787981c6c0d3a333,0.1736
1.31,0.006995,0.0957,,0.6953,touches_boundary,train,OHI_datasetIMG_6683_JPG.rf.0ed352ff5f7c6e3204a2d03492920bde,0.0731
1.075,0.005215,0.0749,,0.728,touches_boundary,train,OHI_datasetIMG_6683_JPG.rf.0ed352ff5f7c6e3204a2d03492920bde,0.0697
1.247,0.008595,0.1035,,0.7007,touches_boundary,train,OHI_datasetIMG_6683_JPG.rf.0ed352ff5f7c6e3204a2d03492920bde,0.083
1.432,0.013873,0.1409,,0.667,touches_boundary,train,OHI_datasetIMG_6683_JPG.rf.0ed352ff5f7c6e3204a2d03492920bde,0.0984
1.849,0.021807,0.2008,,0.9595,touches_boundary,train,OHI_datasetIMG_6685_JPG.rf.8acf0038fc7cf3e8c8b64d2a961ecfeb,0.1086
1.331,0.028823,0.1959,,0.7111,touches_boundary,train,OHI_datasetIMG_6685_JPG.rf.dd3bbdbdf7943fbb8a21d0425059e3a5,0.1472
1.116,0.051507,0.2397,,0.7963,touches_boundary,train,OHI_datasetIMG_6686_JPG.rf.3c1163c14ac67bb5aab6322124d9a829,0.2148
1.426,0.057527,0.2864,,0.8054,touches_boundary,train,OHI_datasetIMG_6686_JPG.rf.3c1163c14ac67bb5aab6322124d9a829,0.2009
2.026,0.037115,0.2742,,0.8052,touches_boundary,train,OHI_datasetIMG_6686_JPG.rf.3c1163c14ac67bb5aab6322124d9a829,0.1354
1.715,0.041394,0.2664,,0.729,touches_boundary,train,OHI_datasetIMG_6686_JPG.rf.68f56defb250374d9d93c38d994bbf88,0.1554
1.207,0.039616,0.1811,,0.729,touches_boundary,train,OHI_datasetIMG_6686_JPG.rf.68f56defb250374d9d93c38d994bbf88,0.2187
1.183,0.055411,0.2561,,0.7741,touches_boundary,train,OHI_datasetlower_JPG.rf.027bcd92bdcb1786f9ffd2cfdc9961db,0.2164
1.561,0.037081,0.2406,,0.8188,touches_boundary,train,OHI_datasetlower_JPG.rf.027bcd92bdcb1786f9ffd2cfdc9961db,0.1541
1.748,0.025966,0.1219,,0.8149,touches_boundary,train,OHI_datasetlower_JPG.rf.027bcd92bdcb1786f9ffd2cfdc9961db,0.213
1.235,0.049109,0.2463,,0.9363,touches_boundary,train,OHI_datasetlower_JPG.rf.bfe1cc5f9bb3b823fe4fab0a1bdff50d,0.1994
1.205,0.022434,0.1644,,0.9427,touches_boundary,train,OHI_datasetlower_JPG.rf.bfe1cc5f9bb3b823fe4fab0a1bdff50d,0.1364
1.45,0.027517,0.1998,,0.9396,touches_boundary,train,OHI_datasetlower_JPG.rf.bfe1cc5f9bb3b823fe4fab0a1bdff50d,0.1377
1.073,0.050231,0.2321,,0.9511,touches_boundary,train,OHI_datasetlower_JPG.rf.bfe1cc5f9bb3b823fe4fab0a1bdff50d,0.2164
1.028,0.030963,0.1736,,0.9495,touches_boundary,train,OHI_datasetlower_JPG.rf.bfe1cc5f9bb3b823fe4fab0a1bdff50d,0.1784
5.383,0.007171,0.1965,,1.0,extreme_aspect,train,OHI_datasetSANGER_M_19591112_324752336_1_jpg.rf.6230ed9411cade0edb36a37415a941f4,0.0365
1.089,0.042866,0.216,,0.8224,touches_boundary,train,OHI_datasetupper_jpg.rf.911e0fffe531deb3e71cdf9c9dc990ab,0.1984
1.066,0.050748,0.2326,,0.8437,touches_boundary,train,OHI_datasetupper_jpg.rf.911e0fffe531deb3e71cdf9c9dc990ab,0.2182
2.136,0.021468,0.2141,,1.0,touches_boundary,valid,OHI_datasetgallery_-127342845_penta_upper_m_jpg.rf.26bde85b117164de79a3b7b8cb174049,0.1003
2.237,0.020492,0.2141,,1.0,touches_boundary,valid,OHI_datasetgallery_-50885731_penta_upper_m_jpg.rf.c3c9b27012c5c52aa9002b3bc80f6a60,0.0957
3.087,0.021774,0.2593,,1.0,touches_boundary,valid,OHI_datasetgallery_-50885731_penta_upper_m_jpg.rf.c3c9b27012c5c52aa9002b3bc80f6a60,0.084
3.253,0.000837,0.0522,,1.0,extremely_small,valid,OHI_datasetIMG_0281_JPG.rf.5246fd1b8883ddac184f832c9e67915d,0.016
3.209,0.000976,0.056,,1.0,extremely_small,valid,OHI_datasetIMG_1111_JPG.rf.c942055271ddc43953098ef41b84b5f5,0.0174
1.85,0.000991,0.0428,,1.0,extremely_small,valid,OHI_datasetIMG_1111_JPG.rf.c942055271ddc43953098ef41b84b5f5,0.0231
3.753,0.000453,0.0412,,1.0,extremely_small,valid,OHI_datasetIMG_1111_JPG.rf.c942055271ddc43953098ef41b84b5f5,0.011
2.143,0.00035,0.0274,,1.0,extremely_small,valid,OHI_datasetIMG_1111_JPG.rf.c942055271ddc43953098ef41b84b5f5,0.0128
1.615,0.000397,0.0253,,1.0,extremely_small,valid,OHI_datasetIMG_1111_JPG.rf.c942055271ddc43953098ef41b84b5f5,0.0157
1.052,0.000391,0.0193,,1.0,extremely_small,valid,OHI_datasetIMG_1111_JPG.rf.c942055271ddc43953098ef41b84b5f5,0.0203
5.885,0.003058,0.1342,,1.0,extreme_aspect,valid,OHI_datasetIMG_1487_JPG.rf.6d13165ebf5750995b1a492bf070b8a7,0.0228
5.375,0.008,0.2074,,1.0,extreme_aspect,valid,OHI_datasetIMG_1746_JPG.rf.d600e314a6b016368ccf8dec0655e93f,0.0386
6.792,0.00384,0.1615,,1.0,extreme_aspect,valid,OHI_datasetIMG_1746_JPG.rf.d600e314a6b016368ccf8dec0655e93f,0.0238
5.05,0.002706,0.1169,,1.0,extreme_aspect,valid,OHI_datasetIMG_2554_JPG.rf.32ba65011ccf35fbbc8c310b8bcd8ba5,0.0231
5.04,0.003618,0.135,,1.0,extreme_aspect,valid,OHI_datasetIMG_3106_JPG.rf.a10f609f0b0ae87f28446a0a7852a886,0.0268
6.362,0.002731,0.1318,,1.0,extreme_aspect,valid,OHI_datasetIMG_3535_JPG.rf.9613839339d5c5328e729649ebdb93d5,0.0207
5.071,0.004246,0.1467,,1.0,extreme_aspect,valid,OHI_datasetIMG_4061_JPG.rf.44a56abf045eae744b40171e894c4a31,0.0289
4.65,0.000949,0.0664,,1.0,extremely_small,valid,OHI_datasetIMG_4197_JPG.rf.ed04242005343e7beffd6cd73f2f5378,0.0143
5.019,0.001732,0.0932,,1.0,extreme_aspect,valid,OHI_datasetIMG_4566_JPG.rf.aafe65408e9cb5731af8465e1d52e537,0.0186
6.094,0.002198,0.1157,,1.0,extreme_aspect,valid,OHI_datasetIMG_4922_JPG.rf.0db42f8913292f6f2c19f6a10483eef0,0.019
6.184,0.004044,0.1581,,1.0,extreme_aspect,valid,OHI_datasetIMG_4981_JPG.rf.0f58faa88422b0a5d2ef23579571eef8,0.0256
5.013,0.003788,0.1378,,1.0,extreme_aspect,valid,OHI_datasetIMG_5783_JPG.rf.209553bf5a9903b397ff7fcd4ed35675,0.0275
5.025,0.01077,0.2326,,1.0,extreme_aspect,valid,OHI_datasetIMG_6308_JPG.rf.9c15010b0f21cb9f5a244d771a46c0d1,0.0463
5.707,0.007189,0.2025,,1.0,extreme_aspect,valid,OHI_datasetIMG_6308_JPG.rf.9c15010b0f21cb9f5a244d771a46c0d1,0.0355
1.007,0.026895,0.1646,,1.0,touches_boundary,valid,OHI_datasetIMG_6464_JPG.rf.025c1a36bf056f04c6c340feaf9e50f1,0.1634
5.182,0.003835,0.141,,1.0,extreme_aspect,valid,OHI_datasetIMG_6575_JPG.rf.ab7df5687bd0be415b46647e4a247e15,0.0272
5.071,0.005326,0.1644,,1.0,extreme_aspect,valid,OHI_datasetIMG_6595_JPG.rf.4abfd8607c46fcb8bb74a56146c0843b,0.0324
5.055,0.003644,0.1357,,1.0,extreme_aspect,test,OHI_datasetgallery_-137391181_penta_front_m_jpg.rf.1658a13aacc6e090dad90434d636b387,0.0269
5.935,0.002624,0.1248,,1.0,extreme_aspect,test,OHI_datasetgallery_-137391181_penta_front_m_jpg.rf.1658a13aacc6e090dad90434d636b387,0.021
6.683,0.00826,0.235,,1.0,extreme_aspect,test,OHI_datasetgallery_-48450823_penta_front_m_jpg.rf.3287bcc7ede9fe4a330f1a27a923958f,0.0352
5.05,0.002157,0.1044,,1.0,extreme_aspect,test,OHI_datasetIMG_1660_JPG.rf.c15cec709dbede3eef42a4bc08689a75,0.0207
5.308,0.001831,0.0986,,1.0,extreme_aspect,test,OHI_datasetIMG_3950_JPG.rf.d9001ee9191ae5f7400488617e2b5e08,0.0186
6.158,0.002068,0.1128,,1.0,extreme_aspect,test,OHI_datasetIMG_4741_JPG.rf.6080574cdf807e3aa4c836789fe89619,0.0183
5.654,0.00158,0.0945,,1.0,extreme_aspect,test,OHI_datasetIMG_4741_JPG.rf.6080574cdf807e3aa4c836789fe89619,0.0167
5.25,0.001061,0.0746,,1.0,extreme_aspect,test,OHI_datasetIMG_4892_JPG.rf.bd964b849dfcc4ed5c65ad461905c676,0.0142
6.402,0.000898,0.0758,,1.0,extremely_small;extreme_aspect,test,OHI_datasetIMG_5150_JPG.rf.ecd0d45a0aa581f1d310e941438a87ee,0.0118
5.478,0.001053,0.076,,1.0,extreme_aspect,test,OHI_datasetIMG_5150_JPG.rf.ecd0d45a0aa581f1d310e941438a87ee,0.0139
1.902,0.000782,0.0386,,1.0,extremely_small,test,OHI_datasetIMG_5208_JPG.rf.b8dadd9f82f190023810f38231e0f4d8,0.0203
6.0,0.008931,0.2315,,1.0,extreme_aspect,test,OHI_datasetIMG_5922_JPG.rf.617fac837a568bdef27d9e0a2ffad0bb,0.0386
,,,0.7077,,heavy_overlap_iou>=0.7,train,OHI_datasetIMG_6630_JPG.rf.2d9a6068e169603c26d9e6b32575d940,
,,,0.7077,,heavy_overlap_iou>=0.7,train,OHI_datasetIMG_6630_JPG.rf.e8293adda0e170fa1b88d5f2a562eb28,
