image_name,crop_name,confidence,x1,y1,x2,y2,crop_w,crop_h
anonymous-frontalView-1727348211233.jpg,anonymous-frontalView-1727348211233_tooth_000.jpg,0.3413,33,278,142,497,109,219
anonymous-frontalView-1727348211233.jpg,anonymous-frontalView-1727348211233_tooth_001.jpg,0.2919,49,285,174,498,125,213
anonymous-frontalView-1727348211233.jpg,anonymous-frontalView-1727348211233_tooth_002.jpg,0.6425,121,487,210,679,89,192
anonymous-frontalView-1727348211233.jpg,anonymous-frontalView-1727348211233_tooth_003.jpg,0.8036,120,265,236,511,116,246
anonymous-frontalView-1727348211233.jpg,anonymous-frontalView-1727348211233_tooth_004.jpg,0.4488,136,493,199,653,63,160
anonymous-frontalView-1727348211233.jpg,anonymous-frontalView-1727348211233_tooth_005.jpg,0.7807,199,481,323,703,124,222
anonymous-frontalView-1727348211233.jpg,anonymous-frontalView-1727348211233_tooth_006.jpg,0.8534,214,270,371,497,157,227
anonymous-frontalView-1727348211233.jpg,anonymous-frontalView-1727348211233_tooth_007.jpg,0.8763,308,485,445,721,137,236
anonymous-frontalView-1727348211233.jpg,anonymous-frontalView-1727348211233_tooth_008.jpg,0.8774,361,283,577,515,216,232
anonymous-frontalView-1727348211233.jpg,anonymous-frontalView-1727348211233_tooth_009.jpg,0.8723,449,488,602,721,153,233
anonymous-frontalView-1727348211233.jpg,anonymous-frontalView-1727348211233_tooth_010.jpg,0.9101,588,275,820,520,232,245
anonymous-frontalView-1727348211233.jpg,anonymous-frontalView-1727348211233_tooth_011.jpg,0.8878,607,489,747,725,140,236
anonymous-frontalView-1727348211233.jpg,anonymous-frontalView-1727348211233_tooth_012.jpg,0.8002,746,481,901,722,155,241
anonymous-frontalView-1727348211233.jpg,anonymous-frontalView-1727348211233_tooth_013.jpg,0.8699,804,250,968,501,164,251
anonymous-frontalView-1727348211233.jpg,anonymous-frontalView-1727348211233_tooth_014.jpg,0.839,885,479,1029,724,144,245
anonymous-frontalView-1727348211233.jpg,anonymous-frontalView-1727348211233_tooth_015.jpg,0.8383,961,253,1091,532,130,279
anonymous-frontalView-1727348211233.jpg,anonymous-frontalView-1727348211233_tooth_016.jpg,0.386,1010,482,1105,677,95,195
anonymous-frontalView-1727348211233.jpg,anonymous-frontalView-1727348211233_tooth_017.jpg,0.4352,1023,504,1088,660,65,156
anonymous-frontalView-1727348211233.jpg,anonymous-frontalView-1727348211233_tooth_018.jpg,0.5318,1072,270,1192,522,120,252
anonymous-frontalView-1727348211233.jpg,anonymous-frontalView-1727348211233_tooth_019.jpg,0.6092,1077,491,1146,630,69,139
anonymous-frontalView-1727348211233.jpg,anonymous-frontalView-1727348211233_tooth_020.jpg,0.3994,1099,289,1210,511,111,222
anonymous-frontalView-1727348211233.jpg,anonymous-frontalView-1727348211233_tooth_021.jpg,0.3914,1141,490,1231,604,90,114
anonymous-frontalView-1727348211233.jpg,anonymous-frontalView-1727348211233_tooth_022.jpg,0.5791,1154,741,1319,989,165,248
anonymous-frontalView-1727348211233.jpg,anonymous-frontalView-1727348211233_tooth_023.jpg,0.2535,1176,307,1278,494,102,187
anonymous-frontalView-1727348211233.jpg,anonymous-frontalView-1727348211233_tooth_024.jpg,0.5439,1189,336,1281,481,92,145
anonymous-frontalView-1727418713868.jpg,anonymous-frontalView-1727418713868_tooth_000.jpg,0.3657,497,405,582,551,85,146
anonymous-frontalView-1727418713868.jpg,anonymous-frontalView-1727418713868_tooth_001.jpg,0.3724,581,586,697,733,116,147
anonymous-frontalView-1727418713868.jpg,anonymous-frontalView-1727418713868_tooth_002.jpg,0.5077,583,375,698,572,115,197
anonymous-frontalView-1727418713868.jpg,anonymous-frontalView-1727418713868_tooth_003.jpg,0.4565,598,588,704,715,106,127
anonymous-frontalView-1727418713868.jpg,anonymous-frontalView-1727418713868_tooth_004.jpg,0.679,723,556,856,742,133,186
anonymous-frontalView-1727418713868.jpg,anonymous-frontalView-1727418713868_tooth_005.jpg,0.5642,757,361,884,533,127,172
anonymous-frontalView-1727418713868.jpg,anonymous-frontalView-1727418713868_tooth_006.jpg,0.5637,891,560,1026,714,135,154
anonymous-frontalView-1727418713868.jpg,anonymous-frontalView-1727418713868_tooth_007.jpg,0.6587,961,353,1223,562,262,209
anonymous-frontalView-1727418713868.jpg,anonymous-frontalView-1727418713868_tooth_008.jpg,0.369,1076,559,1214,711,138,152
anonymous-frontalView-1727418713868.jpg,anonymous-frontalView-1727418713868_tooth_009.jpg,0.5367,1249,576,1379,735,130,159
anonymous-frontalView-1727418713868.jpg,anonymous-frontalView-1727418713868_tooth_010.jpg,0.8063,1255,355,1485,579,230,224
anonymous-frontalView-1727418713868.jpg,anonymous-frontalView-1727418713868_tooth_011.jpg,0.6487,1423,586,1532,734,109,148
anonymous-frontalView-1727418713868.jpg,anonymous-frontalView-1727418713868_tooth_012.jpg,0.406,1559,591,1638,731,79,140
anonymous-frontalView-1727418713868.jpg,anonymous-frontalView-1727418713868_tooth_013.jpg,0.5443,1563,393,1670,568,107,175
anonymous-frontalView-1727418713868.jpg,anonymous-frontalView-1727418713868_tooth_014.jpg,0.4779,1677,428,1785,605,108,177
anonymous-frontalView-1727418713868.jpg,anonymous-frontalView-1727418713868_tooth_015.jpg,0.2568,1686,427,1804,594,118,167
anonymous-frontalView-1727422536909.jpg,anonymous-frontalView-1727422536909_tooth_000.jpg,0.3184,88,401,168,512,80,111
anonymous-frontalView-1727422536909.jpg,anonymous-frontalView-1727422536909_tooth_001.jpg,0.4538,188,530,315,652,127,122
anonymous-frontalView-1727422536909.jpg,anonymous-frontalView-1727422536909_tooth_002.jpg,0.7623,186,344,361,510,175,166
anonymous-frontalView-1727422536909.jpg,anonymous-frontalView-1727422536909_tooth_003.jpg,0.5491,340,544,464,738,124,194
anonymous-frontalView-1727422536909.jpg,anonymous-frontalView-1727422536909_tooth_004.jpg,0.8547,489,215,783,598,294,383
anonymous-frontalView-1727422536909.jpg,anonymous-frontalView-1727422536909_tooth_005.jpg,0.5347,640,597,789,746,149,149
anonymous-frontalView-1727422536909.jpg,anonymous-frontalView-1727422536909_tooth_006.jpg,0.7884,810,258,1051,592,241,334
anonymous-frontalView-1727422536909.jpg,anonymous-frontalView-1727422536909_tooth_007.jpg,0.6714,825,607,958,781,133,174
anonymous-frontalView-1727422536909.jpg,anonymous-frontalView-1727422536909_tooth_008.jpg,0.481,1061,352,1180,567,119,215
anonymous-frontalView-1727422536909.jpg,anonymous-frontalView-1727422536909_tooth_009.jpg,0.5072,1090,556,1192,688,102,132
anonymous-frontalView-1727422536909.jpg,anonymous-frontalView-1727422536909_tooth_010.jpg,0.4936,1204,323,1318,509,114,186
anonymous-frontalView-1727422536909.jpg,anonymous-frontalView-1727422536909_tooth_011.jpg,0.4041,1403,0,1565,164,162,164
anonymous-frontalView-1727424461503.jpg,anonymous-frontalView-1727424461503_tooth_000.jpg,0.4348,0,0,264,244,264,244
anonymous-frontalView-1727424461503.jpg,anonymous-frontalView-1727424461503_tooth_001.jpg,0.2546,206,654,318,777,112,123
anonymous-frontalView-1727424461503.jpg,anonymous-frontalView-1727424461503_tooth_002.jpg,0.6772,235,271,409,493,174,222
anonymous-frontalView-1727424461503.jpg,anonymous-frontalView-1727424461503_tooth_003.jpg,0.4115,339,613,453,798,114,185
anonymous-frontalView-1727424461503.jpg,anonymous-frontalView-1727424461503_tooth_004.jpg,0.7035,423,437,579,620,156,183
anonymous-frontalView-1727424461503.jpg,anonymous-frontalView-1727424461503_tooth_005.jpg,0.7219,480,626,624,881,144,255
anonymous-frontalView-1727424461503.jpg,anonymous-frontalView-1727424461503_tooth_006.jpg,0.7396,592,357,838,672,246,315
anonymous-frontalView-1727424461503.jpg,anonymous-frontalView-1727424461503_tooth_007.jpg,0.4833,669,672,788,837,119,165
anonymous-frontalView-1727424461503.jpg,anonymous-frontalView-1727424461503_tooth_008.jpg,0.6702,815,651,969,882,154,231
anonymous-frontalView-1727424461503.jpg,anonymous-frontalView-1727424461503_tooth_009.jpg,0.7635,869,304,1110,656,241,352
anonymous-frontalView-1727424461503.jpg,anonymous-frontalView-1727424461503_tooth_010.jpg,0.7516,987,635,1120,859,133,224
anonymous-frontalView-1727424461503.jpg,anonymous-frontalView-1727424461503_tooth_011.jpg,0.4723,1102,232,1344,568,242,336
anonymous-frontalView-1727424461503.jpg,anonymous-frontalView-1727424461503_tooth_012.jpg,0.368,1136,568,1247,806,111,238
anonymous-frontalView-1727424461503.jpg,anonymous-frontalView-1727424461503_tooth_013.jpg,0.6394,1136,568,1306,822,170,254
anonymous-frontalView-1727424461503.jpg,anonymous-frontalView-1727424461503_tooth_014.jpg,0.3096,1259,556,1342,768,83,212
anonymous-frontalView-1727424461503.jpg,anonymous-frontalView-1727424461503_tooth_015.jpg,0.2752,1328,539,1434,759,106,220
anonymous-frontalView-1727424461503.jpg,anonymous-frontalView-1727424461503_tooth_016.jpg,0.3785,1470,785,1711,1131,241,346
anonymous-frontalView-1727424461503.jpg,anonymous-frontalView-1727424461503_tooth_017.jpg,0.3449,1476,790,1666,1081,190,291
anonymous-frontalView-1727424461503.jpg,anonymous-frontalView-1727424461503_tooth_018.jpg,0.5168,1523,0,1775,295,252,295
anonymous-frontalView-1727671361652.jpg,anonymous-frontalView-1727671361652_tooth_000.jpg,0.2715,449,596,537,701,88,105
anonymous-frontalView-1727671361652.jpg,anonymous-frontalView-1727671361652_tooth_001.jpg,0.2583,555,741,652,825,97,84
anonymous-frontalView-1727671361652.jpg,anonymous-frontalView-1727671361652_tooth_002.jpg,0.352,569,536,729,668,160,132
anonymous-frontalView-1727671361652.jpg,anonymous-frontalView-1727671361652_tooth_003.jpg,0.5998,576,530,727,642,151,112
anonymous-frontalView-1727671361652.jpg,anonymous-frontalView-1727671361652_tooth_004.jpg,0.5689,661,716,771,907,110,191
anonymous-frontalView-1727671361652.jpg,anonymous-frontalView-1727671361652_tooth_005.jpg,0.7415,788,709,933,966,145,257
anonymous-frontalView-1727671361652.jpg,anonymous-frontalView-1727671361652_tooth_006.jpg,0.6352,821,471,985,713,164,242
anonymous-frontalView-1727671361652.jpg,anonymous-frontalView-1727671361652_tooth_007.jpg,0.6902,967,710,1116,969,149,259
anonymous-frontalView-1727671361652.jpg,anonymous-frontalView-1727671361652_tooth_008.jpg,0.3015,972,711,1113,909,141,198
anonymous-frontalView-1727671361652.jpg,anonymous-frontalView-1727671361652_tooth_009.jpg,0.7965,1027,425,1283,717,256,292
anonymous-frontalView-1727671361652.jpg,anonymous-frontalView-1727671361652_tooth_010.jpg,0.7427,1147,704,1281,949,134,245
anonymous-frontalView-1727671361652.jpg,anonymous-frontalView-1727671361652_tooth_011.jpg,0.7216,1307,719,1436,939,129,220
anonymous-frontalView-1727671361652.jpg,anonymous-frontalView-1727671361652_tooth_012.jpg,0.7163,1313,458,1515,728,202,270
anonymous-frontalView-1727671361652.jpg,anonymous-frontalView-1727671361652_tooth_013.jpg,0.7346,1444,714,1564,940,120,226
anonymous-frontalView-1727671361652.jpg,anonymous-frontalView-1727671361652_tooth_014.jpg,0.5164,1534,514,1646,694,112,180
anonymous-frontalView-1727671361652.jpg,anonymous-frontalView-1727671361652_tooth_015.jpg,0.333,1638,484,1718,719,80,235
anonymous-frontalView-1727678768706.jpg,anonymous-frontalView-1727678768706_tooth_000.jpg,0.3382,473,411,580,561,107,150
anonymous-frontalView-1727678768706.jpg,anonymous-frontalView-1727678768706_tooth_001.jpg,0.4059,590,617,725,770,135,153
anonymous-frontalView-1727678768706.jpg,anonymous-frontalView-1727678768706_tooth_002.jpg,0.4492,607,406,733,619,126,213
anonymous-frontalView-1727678768706.jpg,anonymous-frontalView-1727678768706_tooth_003.jpg,0.7656,731,634,862,868,131,234
anonymous-frontalView-1727678768706.jpg,anonymous-frontalView-1727678768706_tooth_004.jpg,0.7399,750,429,919,652,169,223
anonymous-frontalView-1727678768706.jpg,anonymous-frontalView-1727678768706_tooth_005.jpg,0.7712,893,678,1069,870,176,192
anonymous-frontalView-1727678768706.jpg,anonymous-frontalView-1727678768706_tooth_006.jpg,0.7497,952,382,1239,697,287,315
anonymous-frontalView-1727678768706.jpg,anonymous-frontalView-1727678768706_tooth_007.jpg,0.6434,1114,679,1260,922,146,243
anonymous-frontalView-1727678768706.jpg,anonymous-frontalView-1727678768706_tooth_008.jpg,0.6899,1279,690,1427,920,148,230
anonymous-frontalView-1727678768706.jpg,anonymous-frontalView-1727678768706_tooth_009.jpg,0.7944,1291,410,1571,702,280,292
anonymous-frontalView-1727678768706.jpg,anonymous-frontalView-1727678768706_tooth_010.jpg,0.6309,1464,688,1580,863,116,175
anonymous-frontalView-1727678768706.jpg,anonymous-frontalView-1727678768706_tooth_011.jpg,0.431,1577,415,1726,645,149,230
anonymous-frontalView-1727678768706.jpg,anonymous-frontalView-1727678768706_tooth_012.jpg,0.6484,1608,643,1733,856,125,213
anonymous-frontalView-1727678768706.jpg,anonymous-frontalView-1727678768706_tooth_013.jpg,0.4532,1738,433,1833,622,95,189
anonymous-frontalView-1727682033413.jpg,anonymous-frontalView-1727682033413_tooth_000.jpg,0.2797,18,927,321,1123,303,196
anonymous-frontalView-1727682033413.jpg,anonymous-frontalView-1727682033413_tooth_001.jpg,0.4187,179,359,292,537,113,178
anonymous-frontalView-1727682033413.jpg,anonymous-frontalView-1727682033413_tooth_002.jpg,0.3414,178,0,522,170,344,170
anonymous-frontalView-1727682033413.jpg,anonymous-frontalView-1727682033413_tooth_003.jpg,0.4118,281,550,381,708,100,158
anonymous-frontalView-1727682033413.jpg,anonymous-frontalView-1727682033413_tooth_004.jpg,0.7595,316,314,492,549,176,235
anonymous-frontalView-1727682033413.jpg,anonymous-frontalView-1727682033413_tooth_005.jpg,0.7001,437,511,601,777,164,266
anonymous-frontalView-1727682033413.jpg,anonymous-frontalView-1727682033413_tooth_006.jpg,0.8031,534,299,722,541,188,242
anonymous-frontalView-1727682033413.jpg,anonymous-frontalView-1727682033413_tooth_007.jpg,0.7298,635,553,810,797,175,244
anonymous-frontalView-1727682033413.jpg,anonymous-frontalView-1727682033413_tooth_008.jpg,0.8307,753,262,1029,564,276,302
anonymous-frontalView-1727682033413.jpg,anonymous-frontalView-1727682033413_tooth_009.jpg,0.8402,835,557,995,805,160,248
anonymous-frontalView-1727682033413.jpg,anonymous-frontalView-1727682033413_tooth_010.jpg,0.6596,1009,555,1152,798,143,243
anonymous-frontalView-1727682033413.jpg,anonymous-frontalView-1727682033413_tooth_011.jpg,0.8524,1052,267,1289,563,237,296
anonymous-frontalView-1727682033413.jpg,anonymous-frontalView-1727682033413_tooth_012.jpg,0.6902,1162,542,1300,783,138,241
anonymous-frontalView-1727682033413.jpg,anonymous-frontalView-1727682033413_tooth_013.jpg,0.7008,1302,519,1399,747,97,228
anonymous-frontalView-1727682033413.jpg,anonymous-frontalView-1727682033413_tooth_014.jpg,0.5707,1309,325,1449,545,140,220
anonymous-frontalView-1727682033413.jpg,anonymous-frontalView-1727682033413_tooth_015.jpg,0.4473,1451,332,1539,549,88,217
anonymous-frontalView-1727764541094.jpg,anonymous-frontalView-1727764541094_tooth_000.jpg,0.2895,285,533,356,647,71,114
anonymous-frontalView-1727764541094.jpg,anonymous-frontalView-1727764541094_tooth_001.jpg,0.3077,374,530,465,658,91,128
anonymous-frontalView-1727764541094.jpg,anonymous-frontalView-1727764541094_tooth_002.jpg,0.3928,390,673,478,801,88,128
anonymous-frontalView-1727764541094.jpg,anonymous-frontalView-1727764541094_tooth_003.jpg,0.5511,483,506,598,666,115,160
anonymous-frontalView-1727764541094.jpg,anonymous-frontalView-1727764541094_tooth_004.jpg,0.5625,487,674,596,814,109,140
anonymous-frontalView-1727764541094.jpg,anonymous-frontalView-1727764541094_tooth_005.jpg,0.8268,624,660,757,863,133,203
anonymous-frontalView-1727764541094.jpg,anonymous-frontalView-1727764541094_tooth_006.jpg,0.6245,629,470,786,653,157,183
anonymous-frontalView-1727764541094.jpg,anonymous-frontalView-1727764541094_tooth_007.jpg,0.7268,780,682,919,847,139,165
anonymous-frontalView-1727764541094.jpg,anonymous-frontalView-1727764541094_tooth_008.jpg,0.8148,808,423,1036,682,228,259
anonymous-frontalView-1727764541094.jpg,anonymous-frontalView-1727764541094_tooth_009.jpg,0.6646,943,690,1064,844,121,154
anonymous-frontalView-1727764541094.jpg,anonymous-frontalView-1727764541094_tooth_010.jpg,0.6821,1055,414,1261,669,206,255
anonymous-frontalView-1727764541094.jpg,anonymous-frontalView-1727764541094_tooth_011.jpg,0.5638,1089,688,1190,833,101,145
anonymous-frontalView-1727764541094.jpg,anonymous-frontalView-1727764541094_tooth_012.jpg,0.6751,1214,665,1340,839,126,174
anonymous-frontalView-1727764541094.jpg,anonymous-frontalView-1727764541094_tooth_013.jpg,0.5662,1284,448,1392,630,108,182
anonymous-frontalView-1727764541094.jpg,anonymous-frontalView-1727764541094_tooth_014.jpg,0.484,1356,629,1434,802,78,173
anonymous-frontalView-1727764541094.jpg,anonymous-frontalView-1727764541094_tooth_015.jpg,0.301,1408,445,1475,636,67,191
anonymous-frontalView-1727764541094.jpg,anonymous-frontalView-1727764541094_tooth_016.jpg,0.2663,1439,474,1502,623,63,149
anonymous-frontalView-1727767823983.jpg,anonymous-frontalView-1727767823983_tooth_000.jpg,0.3621,12,828,332,1104,320,276
anonymous-frontalView-1727767823983.jpg,anonymous-frontalView-1727767823983_tooth_001.jpg,0.2721,267,310,396,455,129,145
anonymous-frontalView-1727767823983.jpg,anonymous-frontalView-1727767823983_tooth_002.jpg,0.4185,286,545,382,710,96,165
anonymous-frontalView-1727767823983.jpg,anonymous-frontalView-1727767823983_tooth_003.jpg,0.554,394,541,524,729,130,188
anonymous-frontalView-1727767823983.jpg,anonymous-frontalView-1727767823983_tooth_004.jpg,0.48,409,306,551,524,142,218
anonymous-frontalView-1727767823983.jpg,anonymous-frontalView-1727767823983_tooth_005.jpg,0.7539,551,514,672,736,121,222
anonymous-frontalView-1727767823983.jpg,anonymous-frontalView-1727767823983_tooth_006.jpg,0.7938,570,249,777,523,207,274
anonymous-frontalView-1727767823983.jpg,anonymous-frontalView-1727767823983_tooth_007.jpg,0.7821,704,521,860,705,156,184
anonymous-frontalView-1727767823983.jpg,anonymous-frontalView-1727767823983_tooth_008.jpg,0.8476,797,263,1068,539,271,276
anonymous-frontalView-1727767823983.jpg,anonymous-frontalView-1727767823983_tooth_009.jpg,0.5967,895,538,1043,739,148,201
anonymous-frontalView-1727767823983.jpg,anonymous-frontalView-1727767823983_tooth_010.jpg,0.6315,1074,551,1208,726,134,175
anonymous-frontalView-1727767823983.jpg,anonymous-frontalView-1727767823983_tooth_011.jpg,0.7508,1081,285,1295,545,214,260
anonymous-frontalView-1727767823983.jpg,anonymous-frontalView-1727767823983_tooth_012.jpg,0.7058,1231,549,1358,724,127,175
anonymous-frontalView-1727767823983.jpg,anonymous-frontalView-1727767823983_tooth_013.jpg,0.4249,1303,308,1462,538,159,230
anonymous-frontalView-1727767823983.jpg,anonymous-frontalView-1727767823983_tooth_014.jpg,0.4126,1373,541,1449,725,76,184
anonymous-frontalView-1727767823983.jpg,anonymous-frontalView-1727767823983_tooth_015.jpg,0.608,1732,0,1965,224,233,224
anonymous-frontalView-1727768018238.jpg,anonymous-frontalView-1727768018238_tooth_000.jpg,0.3135,290,627,364,751,74,124
anonymous-frontalView-1727768018238.jpg,anonymous-frontalView-1727768018238_tooth_001.jpg,0.3524,274,4,709,359,435,355
anonymous-frontalView-1727768018238.jpg,anonymous-frontalView-1727768018238_tooth_002.jpg,0.5076,371,626,474,783,103,157
anonymous-frontalView-1727768018238.jpg,anonymous-frontalView-1727768018238_tooth_003.jpg,0.517,379,628,484,758,105,130
anonymous-frontalView-1727768018238.jpg,anonymous-frontalView-1727768018238_tooth_004.jpg,0.4124,389,411,504,620,115,209
anonymous-frontalView-1727768018238.jpg,anonymous-frontalView-1727768018238_tooth_005.jpg,0.7691,495,618,591,796,96,178
anonymous-frontalView-1727768018238.jpg,anonymous-frontalView-1727768018238_tooth_006.jpg,0.2731,505,619,598,772,93,153
anonymous-frontalView-1727768018238.jpg,anonymous-frontalView-1727768018238_tooth_007.jpg,0.7147,527,409,685,613,158,204
anonymous-frontalView-1727768018238.jpg,anonymous-frontalView-1727768018238_tooth_008.jpg,0.6253,626,621,746,767,120,146
anonymous-frontalView-1727768018238.jpg,anonymous-frontalView-1727768018238_tooth_009.jpg,0.8183,699,396,916,634,217,238
anonymous-frontalView-1727768018238.jpg,anonymous-frontalView-1727768018238_tooth_010.jpg,0.5242,774,635,891,768,117,133
anonymous-frontalView-1727768018238.jpg,anonymous-frontalView-1727768018238_tooth_011.jpg,0.5602,920,625,1023,776,103,151
anonymous-frontalView-1727768018238.jpg,anonymous-frontalView-1727768018238_tooth_012.jpg,0.682,939,412,1097,629,158,217
anonymous-frontalView-1727768018238.jpg,anonymous-frontalView-1727768018238_tooth_013.jpg,0.7384,1056,626,1158,762,102,136
anonymous-frontalView-1727768018238.jpg,anonymous-frontalView-1727768018238_tooth_014.jpg,0.3163,1103,410,1237,609,134,199
anonymous-frontalView-1727768018238.jpg,anonymous-frontalView-1727768018238_tooth_015.jpg,0.591,1165,617,1233,754,68,137
anonymous-frontalView-1727768018238.jpg,anonymous-frontalView-1727768018238_tooth_016.jpg,0.3162,1253,440,1332,583,79,143
anonymous-frontalView-1727768018238.jpg,anonymous-frontalView-1727768018238_tooth_017.jpg,0.2505,1359,910,1561,1094,202,184
anonymous-frontalView-1727768018238.jpg,anonymous-frontalView-1727768018238_tooth_018.jpg,0.5427,1536,108,1822,401,286,293
anonymous-frontalView-1727768018238.jpg,anonymous-frontalView-1727768018238_tooth_019.jpg,0.3442,1546,27,1858,403,312,376
anonymous-frontalView-1727768018238.jpg,anonymous-frontalView-1727768018238_tooth_020.jpg,0.2609,1547,9,1961,407,414,398
anonymous-leftLateralView-1726807333703.jpg,anonymous-leftLateralView-1726807333703_tooth_000.jpg,0.7464,0,575,155,790,155,215
anonymous-leftLateralView-1726807333703.jpg,anonymous-leftLateralView-1726807333703_tooth_001.jpg,0.8062,235,484,525,736,290,252
anonymous-leftLateralView-1726807333703.jpg,anonymous-leftLateralView-1726807333703_tooth_002.jpg,0.4158,296,737,423,878,127,141
anonymous-leftLateralView-1726807333703.jpg,anonymous-leftLateralView-1726807333703_tooth_003.jpg,0.3884,504,685,626,832,122,147
anonymous-leftLateralView-1726807333703.jpg,anonymous-leftLateralView-1726807333703_tooth_004.jpg,0.8356,547,372,812,683,265,311
anonymous-leftLateralView-1726807333703.jpg,anonymous-leftLateralView-1726807333703_tooth_005.jpg,0.3433,704,639,865,828,161,189
anonymous-leftLateralView-1726807333703.jpg,anonymous-leftLateralView-1726807333703_tooth_006.jpg,0.7971,800,251,1033,584,233,333
anonymous-leftLateralView-1726807333703.jpg,anonymous-leftLateralView-1726807333703_tooth_007.jpg,0.7203,901,560,1139,827,238,267
anonymous-leftLateralView-1726807333703.jpg,anonymous-leftLateralView-1726807333703_tooth_008.jpg,0.539,1043,242,1192,523,149,281
anonymous-leftLateralView-1726807333703.jpg,anonymous-leftLateralView-1726807333703_tooth_009.jpg,0.528,1186,244,1305,478,119,234
anonymous-leftLateralView-1726807333703.jpg,anonymous-leftLateralView-1726807333703_tooth_010.jpg,0.6171,1311,200,1473,417,162,217
anonymous-leftLateralView-1726892814255.jpg,anonymous-leftLateralView-1726892814255_tooth_000.jpg,0.4992,47,445,204,611,157,166
anonymous-leftLateralView-1726892814255.jpg,anonymous-leftLateralView-1726892814255_tooth_001.jpg,0.3345,87,612,217,815,130,203
anonymous-leftLateralView-1726892814255.jpg,anonymous-leftLateralView-1726892814255_tooth_002.jpg,0.3207,172,603,392,856,220,253
anonymous-leftLateralView-1726892814255.jpg,anonymous-leftLateralView-1726892814255_tooth_003.jpg,0.6864,216,391,391,606,175,215
anonymous-leftLateralView-1726892814255.jpg,anonymous-leftLateralView-1726892814255_tooth_004.jpg,0.5112,224,605,394,866,170,261
anonymous-leftLateralView-1726892814255.jpg,anonymous-leftLateralView-1726892814255_tooth_005.jpg,0.8911,405,358,678,645,273,287
anonymous-leftLateralView-1726892814255.jpg,anonymous-leftLateralView-1726892814255_tooth_006.jpg,0.5443,426,619,569,905,143,286
anonymous-leftLateralView-1726892814255.jpg,anonymous-leftLateralView-1726892814255_tooth_007.jpg,0.4761,641,610,788,810,147,200
anonymous-leftLateralView-1726892814255.jpg,anonymous-leftLateralView-1726892814255_tooth_008.jpg,0.8587,699,308,1006,614,307,306
anonymous-leftLateralView-1726892814255.jpg,anonymous-leftLateralView-1726892814255_tooth_009.jpg,0.5802,833,595,1002,809,169,214
anonymous-leftLateralView-1726892814255.jpg,anonymous-leftLateralView-1726892814255_tooth_010.jpg,0.851,1031,265,1273,574,242,309
anonymous-leftLateralView-1726892814255.jpg,anonymous-leftLateralView-1726892814255_tooth_011.jpg,0.6667,1043,556,1215,842,172,286
anonymous-leftLateralView-1726892814255.jpg,anonymous-leftLateralView-1726892814255_tooth_012.jpg,0.5231,1263,500,1464,844,201,344
anonymous-leftLateralView-1726892814255.jpg,anonymous-leftLateralView-1726892814255_tooth_013.jpg,0.857,1272,221,1497,521,225,300
anonymous-leftLateralView-1726892814255.jpg,anonymous-leftLateralView-1726892814255_tooth_014.jpg,0.7931,1464,493,1664,787,200,294
anonymous-leftLateralView-1726892814255.jpg,anonymous-leftLateralView-1726892814255_tooth_015.jpg,0.7086,1515,199,1675,507,160,308
anonymous-leftLateralView-1726892814255.jpg,anonymous-leftLateralView-1726892814255_tooth_016.jpg,0.4216,1668,499,1793,692,125,193
anonymous-leftLateralView-1726892814255.jpg,anonymous-leftLateralView-1726892814255_tooth_017.jpg,0.547,1681,248,1788,516,107,268
anonymous-leftLateralView-1727186873004.jpg,anonymous-leftLateralView-1727186873004_tooth_000.jpg,0.2849,0,341,61,473,61,132
anonymous-leftLateralView-1727186873004.jpg,anonymous-leftLateralView-1727186873004_tooth_001.jpg,0.4727,0,330,83,471,83,141
anonymous-leftLateralView-1727186873004.jpg,anonymous-leftLateralView-1727186873004_tooth_002.jpg,0.7944,89,322,284,509,195,187
anonymous-leftLateralView-1727186873004.jpg,anonymous-leftLateralView-1727186873004_tooth_003.jpg,0.8934,294,295,536,523,242,228
anonymous-leftLateralView-1727186873004.jpg,anonymous-leftLateralView-1727186873004_tooth_004.jpg,0.3279,336,532,486,625,150,93
anonymous-leftLateralView-1727186873004.jpg,anonymous-leftLateralView-1727186873004_tooth_005.jpg,0.7693,502,500,656,676,154,176
anonymous-leftLateralView-1727186873004.jpg,anonymous-leftLateralView-1727186873004_tooth_006.jpg,0.8317,568,311,768,510,200,199
anonymous-leftLateralView-1727186873004.jpg,anonymous-leftLateralView-1727186873004_tooth_007.jpg,0.7869,675,477,837,715,162,238
anonymous-leftLateralView-1727186873004.jpg,anonymous-leftLateralView-1727186873004_tooth_008.jpg,0.7502,791,309,964,512,173,203
anonymous-leftLateralView-1727186873004.jpg,anonymous-leftLateralView-1727186873004_tooth_009.jpg,0.5223,873,488,1007,655,134,167
anonymous-leftLateralView-1727186873004.jpg,anonymous-leftLateralView-1727186873004_tooth_010.jpg,0.6292,969,329,1103,499,134,170
anonymous-leftLateralView-1727186873004.jpg,anonymous-leftLateralView-1727186873004_tooth_011.jpg,0.3711,1116,319,1200,447,84,128
anonymous-leftLateralView-1727186873004.jpg,anonymous-leftLateralView-1727186873004_tooth_012.jpg,0.5146,1215,283,1320,412,105,129
anonymous-leftLateralView-1727253685867.jpg,anonymous-leftLateralView-1727253685867_tooth_000.jpg,0.4217,0,181,85,399,85,218
anonymous-leftLateralView-1727253685867.jpg,anonymous-leftLateralView-1727253685867_tooth_001.jpg,0.7662,0,419,116,695,116,276
anonymous-leftLateralView-1727253685867.jpg,anonymous-leftLateralView-1727253685867_tooth_002.jpg,0.8157,103,26,433,421,330,395
anonymous-leftLateralView-1727253685867.jpg,anonymous-leftLateralView-1727253685867_tooth_003.jpg,0.8236,127,421,322,703,195,282
anonymous-leftLateralView-1727253685867.jpg,anonymous-leftLateralView-1727253685867_tooth_004.jpg,0.7807,335,402,537,713,202,311
anonymous-leftLateralView-1727253685867.jpg,anonymous-leftLateralView-1727253685867_tooth_005.jpg,0.7083,460,126,660,373,200,247
anonymous-leftLateralView-1727253685867.jpg,anonymous-leftLateralView-1727253685867_tooth_006.jpg,0.6301,552,401,718,688,166,287
anonymous-leftLateralView-1727253685867.jpg,anonymous-leftLateralView-1727253685867_tooth_007.jpg,0.7543,689,147,856,422,167,275
anonymous-leftLateralView-1727253685867.jpg,anonymous-leftLateralView-1727253685867_tooth_008.jpg,0.435,727,431,885,655,158,224
anonymous-leftLateralView-1727253685867.jpg,anonymous-leftLateralView-1727253685867_tooth_009.jpg,0.2793,857,400,969,544,112,144
anonymous-leftLateralView-1727253685867.jpg,anonymous-leftLateralView-1727253685867_tooth_010.jpg,0.6529,857,185,987,391,130,206
anonymous-leftLateralView-1727253685867.jpg,anonymous-leftLateralView-1727253685867_tooth_011.jpg,0.3253,964,179,1058,382,94,203
anonymous-leftLateralView-1727253685867.jpg,anonymous-leftLateralView-1727253685867_tooth_012.jpg,0.3725,979,198,1054,375,75,177
anonymous-leftLateralView-1727253685867.jpg,anonymous-leftLateralView-1727253685867_tooth_013.jpg,0.3652,1369,375,1580,849,211,474
anonymous-leftLateralView-1727253685867.jpg,anonymous-leftLateralView-1727253685867_tooth_014.jpg,0.2793,1380,353,1580,733,200,380
anonymous-leftLateralView-1727411415123.jpg,anonymous-leftLateralView-1727411415123_tooth_000.jpg,0.7439,626,279,814,482,188,203
anonymous-leftLateralView-1727411415123.jpg,anonymous-leftLateralView-1727411415123_tooth_001.jpg,0.5227,623,490,882,634,259,144
anonymous-leftLateralView-1727411415123.jpg,anonymous-leftLateralView-1727411415123_tooth_002.jpg,0.7278,823,277,979,480,156,203
anonymous-leftLateralView-1727411415123.jpg,anonymous-leftLateralView-1727411415123_tooth_003.jpg,0.5898,903,459,1068,658,165,199
anonymous-leftLateralView-1727411415123.jpg,anonymous-leftLateralView-1727411415123_tooth_004.jpg,0.746,986,180,1176,449,190,269
anonymous-leftLateralView-1727411415123.jpg,anonymous-leftLateralView-1727411415123_tooth_005.jpg,0.7952,1071,415,1295,716,224,301
anonymous-leftLateralView-1727411415123.jpg,anonymous-leftLateralView-1727411415123_tooth_006.jpg,0.7982,1224,41,1492,386,268,345
anonymous-leftLateralView-1727411415123.jpg,anonymous-leftLateralView-1727411415123_tooth_007.jpg,0.8617,1339,390,1603,787,264,397
anonymous-leftLateralView-1727411415123.jpg,anonymous-leftLateralView-1727411415123_tooth_008.jpg,0.7188,1547,91,1788,370,241,279
anonymous-leftLateralView-1727411415123.jpg,anonymous-leftLateralView-1727411415123_tooth_009.jpg,0.6692,1641,360,1788,722,147,362
anonymous-leftLateralView-1727412461239.jpg,anonymous-leftLateralView-1727412461239_tooth_000.jpg,0.8269,0,184,214,480,214,296
anonymous-leftLateralView-1727412461239.jpg,anonymous-leftLateralView-1727412461239_tooth_001.jpg,0.4102,0,479,99,856,99,377
anonymous-leftLateralView-1727412461239.jpg,anonymous-leftLateralView-1727412461239_tooth_002.jpg,0.7506,98,467,359,773,261,306
anonymous-leftLateralView-1727412461239.jpg,anonymous-leftLateralView-1727412461239_tooth_003.jpg,0.8102,106,462,360,887,254,425
anonymous-leftLateralView-1727412461239.jpg,anonymous-leftLateralView-1727412461239_tooth_004.jpg,0.8344,238,146,507,493,269,347
anonymous-leftLateralView-1727412461239.jpg,anonymous-leftLateralView-1727412461239_tooth_005.jpg,0.7912,388,514,635,902,247,388
anonymous-leftLateralView-1727412461239.jpg,anonymous-leftLateralView-1727412461239_tooth_006.jpg,0.7472,536,228,774,585,238,357
anonymous-leftLateralView-1727412461239.jpg,anonymous-leftLateralView-1727412461239_tooth_007.jpg,0.6957,662,582,839,826,177,244
anonymous-leftLateralView-1727412461239.jpg,anonymous-leftLateralView-1727412461239_tooth_008.jpg,0.8004,793,388,938,620,145,232
anonymous-leftLateralView-1727412461239.jpg,anonymous-leftLateralView-1727412461239_tooth_009.jpg,0.5583,847,619,979,778,132,159
anonymous-leftLateralView-1727412461239.jpg,anonymous-leftLateralView-1727412461239_tooth_010.jpg,0.5519,946,409,1066,635,120,226
anonymous-leftLateralView-1727412461239.jpg,anonymous-leftLateralView-1727412461239_tooth_011.jpg,0.3594,1005,625,1126,750,121,125
anonymous-leftLateralView-1727412461239.jpg,anonymous-leftLateralView-1727412461239_tooth_012.jpg,0.6252,1068,406,1214,620,146,214
anonymous-leftLateralView-1727424552371.jpg,anonymous-leftLateralView-1727424552371_tooth_000.jpg,0.8381,0,252,168,530,168,278
anonymous-leftLateralView-1727424552371.jpg,anonymous-leftLateralView-1727424552371_tooth_001.jpg,0.2979,0,533,122,678,122,145
anonymous-leftLateralView-1727424552371.jpg,anonymous-leftLateralView-1727424552371_tooth_002.jpg,0.6189,175,486,333,649,158,163
anonymous-leftLateralView-1727424552371.jpg,anonymous-leftLateralView-1727424552371_tooth_003.jpg,0.5198,198,271,408,485,210,214
anonymous-leftLateralView-1727424552371.jpg,anonymous-leftLateralView-1727424552371_tooth_004.jpg,0.7609,368,475,497,696,129,221
anonymous-leftLateralView-1727424552371.jpg,anonymous-leftLateralView-1727424552371_tooth_005.jpg,0.2651,419,235,607,505,188,270
anonymous-leftLateralView-1727424552371.jpg,anonymous-leftLateralView-1727424552371_tooth_006.jpg,0.2649,439,278,580,507,141,229
anonymous-leftLateralView-1727424552371.jpg,anonymous-leftLateralView-1727424552371_tooth_007.jpg,0.6763,528,476,669,672,141,196
anonymous-leftLateralView-1727424552371.jpg,anonymous-leftLateralView-1727424552371_tooth_008.jpg,0.6189,619,307,735,480,116,173
anonymous-leftLateralView-1727424552371.jpg,anonymous-leftLateralView-1727424552371_tooth_009.jpg,0.3633,688,477,760,605,72,128
anonymous-leftLateralView-1727424552371.jpg,anonymous-leftLateralView-1727424552371_tooth_010.jpg,0.4357,741,331,813,471,72,140
anonymous-leftLateralView-1727424552371.jpg,anonymous-leftLateralView-1727424552371_tooth_011.jpg,0.3555,783,459,889,566,106,107
anonymous-leftLateralView-1727424552371.jpg,anonymous-leftLateralView-1727424552371_tooth_012.jpg,0.4069,826,326,907,455,81,129
anonymous-leftLateralView-1727424552371.jpg,anonymous-leftLateralView-1727424552371_tooth_013.jpg,0.3914,1158,325,1509,746,351,421
anonymous-leftLateralView-1727424552371.jpg,anonymous-leftLateralView-1727424552371_tooth_014.jpg,0.4999,1175,278,1558,732,383,454
anonymous-leftLateralView-1727424552371.jpg,anonymous-leftLateralView-1727424552371_tooth_015.jpg,0.2676,1195,220,1613,723,418,503
anonymous-leftLateralView-1727428806555.jpg,anonymous-leftLateralView-1727428806555_tooth_000.jpg,0.474,0,590,137,818,137,228
anonymous-leftLateralView-1727428806555.jpg,anonymous-leftLateralView-1727428806555_tooth_001.jpg,0.8363,173,542,598,847,425,305
anonymous-leftLateralView-1727428806555.jpg,anonymous-leftLateralView-1727428806555_tooth_002.jpg,0.8108,625,488,975,796,350,308
anonymous-leftLateralView-1727428806555.jpg,anonymous-leftLateralView-1727428806555_tooth_003.jpg,0.7134,776,780,1046,1003,270,223
anonymous-leftLateralView-1727428806555.jpg,anonymous-leftLateralView-1727428806555_tooth_004.jpg,0.7481,1023,477,1319,825,296,348
anonymous-leftLateralView-1727428806555.jpg,anonymous-leftLateralView-1727428806555_tooth_005.jpg,0.6361,1059,842,1274,1071,215,229
anonymous-leftLateralView-1727428806555.jpg,anonymous-leftLateralView-1727428806555_tooth_006.jpg,0.8286,1307,777,1562,1107,255,330
anonymous-leftLateralView-1727428806555.jpg,anonymous-leftLateralView-1727428806555_tooth_007.jpg,0.6798,1374,500,1622,773,248,273
anonymous-leftLateralView-1727428806555.jpg,anonymous-leftLateralView-1727428806555_tooth_008.jpg,0.7158,1602,793,1801,1032,199,239
anonymous-leftLateralView-1727428806555.jpg,anonymous-leftLateralView-1727428806555_tooth_009.jpg,0.562,1655,560,1801,769,146,209
anonymous-leftLateralView-1727428806555.jpg,anonymous-leftLateralView-1727428806555_tooth_010.jpg,0.5265,1827,579,1983,782,156,203
anonymous-leftLateralView-1727682258796.jpg,anonymous-leftLateralView-1727682258796_tooth_000.jpg,0.3377,0,457,46,695,46,238
anonymous-leftLateralView-1727682258796.jpg,anonymous-leftLateralView-1727682258796_tooth_001.jpg,0.4197,0,465,66,702,66,237
anonymous-leftLateralView-1727682258796.jpg,anonymous-leftLateralView-1727682258796_tooth_002.jpg,0.7771,0,180,140,467,140,287
anonymous-leftLateralView-1727682258796.jpg,anonymous-leftLateralView-1727682258796_tooth_003.jpg,0.8296,97,432,327,715,230,283
anonymous-leftLateralView-1727682258796.jpg,anonymous-leftLateralView-1727682258796_tooth_004.jpg,0.8639,204,154,455,430,251,276
anonymous-leftLateralView-1727682258796.jpg,anonymous-leftLateralView-1727682258796_tooth_005.jpg,0.762,356,395,566,702,210,307
anonymous-leftLateralView-1727682258796.jpg,anonymous-leftLateralView-1727682258796_tooth_006.jpg,0.7182,482,135,707,476,225,341
anonymous-leftLateralView-1727682258796.jpg,anonymous-leftLateralView-1727682258796_tooth_007.jpg,0.7621,592,451,740,658,148,207
anonymous-leftLateralView-1727682258796.jpg,anonymous-leftLateralView-1727682258796_tooth_008.jpg,0.6542,714,206,848,464,134,258
anonymous-leftLateralView-1727682258796.jpg,anonymous-leftLateralView-1727682258796_tooth_009.jpg,0.3635,752,447,821,594,69,147
anonymous-leftLateralView-1727682258796.jpg,anonymous-leftLateralView-1727682258796_tooth_010.jpg,0.3506,841,410,921,542,80,132
anonymous-leftLateralView-1727682258796.jpg,anonymous-leftLateralView-1727682258796_tooth_011.jpg,0.4225,1344,175,1681,664,337,489
anonymous-leftLateralView-1727868277532.jpg,anonymous-leftLateralView-1727868277532_tooth_000.jpg,0.2802,0,132,59,258,59,126
anonymous-leftLateralView-1727868277532.jpg,anonymous-leftLateralView-1727868277532_tooth_001.jpg,0.8474,92,96,381,423,289,327
anonymous-leftLateralView-1727868277532.jpg,anonymous-leftLateralView-1727868277532_tooth_002.jpg,0.4791,160,428,313,549,153,121
anonymous-leftLateralView-1727868277532.jpg,anonymous-leftLateralView-1727868277532_tooth_003.jpg,0.7006,348,405,528,609,180,204
anonymous-leftLateralView-1727868277532.jpg,anonymous-leftLateralView-1727868277532_tooth_004.jpg,0.7923,414,172,629,411,215,239
anonymous-leftLateralView-1727868277532.jpg,anonymous-leftLateralView-1727868277532_tooth_005.jpg,0.7524,560,416,740,694,180,278
anonymous-leftLateralView-1727868277532.jpg,anonymous-leftLateralView-1727868277532_tooth_006.jpg,0.7534,660,169,856,443,196,274
anonymous-leftLateralView-1727868277532.jpg,anonymous-leftLateralView-1727868277532_tooth_007.jpg,0.3057,787,435,903,600,116,165
anonymous-leftLateralView-1727868277532.jpg,anonymous-leftLateralView-1727868277532_tooth_008.jpg,0.6119,791,437,918,635,127,198
anonymous-leftLateralView-1727868277532.jpg,anonymous-leftLateralView-1727868277532_tooth_009.jpg,0.6879,871,284,1003,436,132,152
anonymous-leftLateralView-1727868277532.jpg,anonymous-leftLateralView-1727868277532_tooth_010.jpg,0.5323,940,456,1035,587,95,131
anonymous-leftLateralView-1727868277532.jpg,anonymous-leftLateralView-1727868277532_tooth_011.jpg,0.5243,1017,308,1103,444,86,136
anonymous-leftLateralView-1727868277532.jpg,anonymous-leftLateralView-1727868277532_tooth_012.jpg,0.3304,1060,446,1217,564,157,118
anonymous-leftLateralView-1727868277532.jpg,anonymous-leftLateralView-1727868277532_tooth_013.jpg,0.2916,1125,292,1239,427,114,135
anonymous-mandibularView-1726736862309.jpg,anonymous-mandibularView-1726736862309_tooth_000.jpg,0.3553,0,290,128,420,128,130
anonymous-mandibularView-1726736862309.jpg,anonymous-mandibularView-1726736862309_tooth_001.jpg,0.3623,178,288,350,416,172,128
anonymous-mandibularView-1726736862309.jpg,anonymous-mandibularView-1726736862309_tooth_002.jpg,0.3073,210,662,350,805,140,143
anonymous-mandibularView-1726736862309.jpg,anonymous-mandibularView-1726736862309_tooth_003.jpg,0.3437,216,679,360,819,144,140
anonymous-mandibularView-1726736862309.jpg,anonymous-mandibularView-1726736862309_tooth_004.jpg,0.4361,283,832,554,1037,271,205
anonymous-mandibularView-1726736862309.jpg,anonymous-mandibularView-1726736862309_tooth_005.jpg,0.2572,639,1163,891,1360,252,197
anonymous-mandibularView-1726736862309.jpg,anonymous-mandibularView-1726736862309_tooth_006.jpg,0.4627,785,1280,968,1455,183,175
anonymous-mandibularView-1726736862309.jpg,anonymous-mandibularView-1726736862309_tooth_007.jpg,0.5104,1008,1335,1137,1489,129,154
anonymous-mandibularView-1726736862309.jpg,anonymous-mandibularView-1726736862309_tooth_008.jpg,0.6531,1172,1359,1340,1519,168,160
anonymous-mandibularView-1726736862309.jpg,anonymous-mandibularView-1726736862309_tooth_009.jpg,0.5392,1382,1256,1532,1457,150,201
anonymous-mandibularView-1726736862309.jpg,anonymous-mandibularView-1726736862309_tooth_010.jpg,0.6357,1571,1154,1732,1378,161,224
anonymous-mandibularView-1726736862309.jpg,anonymous-mandibularView-1726736862309_tooth_011.jpg,0.3342,1584,1149,1732,1321,148,172
anonymous-mandibularView-1726736862309.jpg,anonymous-mandibularView-1726736862309_tooth_012.jpg,0.5971,1762,1103,1930,1297,168,194
anonymous-mandibularView-1726736862309.jpg,anonymous-mandibularView-1726736862309_tooth_013.jpg,0.2591,1777,1100,1924,1259,147,159
anonymous-mandibularView-1726736862309.jpg,anonymous-mandibularView-1726736862309_tooth_014.jpg,0.5908,1823,448,2122,644,299,196
anonymous-mandibularView-1726736862309.jpg,anonymous-mandibularView-1726736862309_tooth_015.jpg,0.3932,1844,232,2128,451,284,219
anonymous-mandibularView-1726736862309.jpg,anonymous-mandibularView-1726736862309_tooth_016.jpg,0.592,1856,76,2071,222,215,146
anonymous-mandibularView-1726736862309.jpg,anonymous-mandibularView-1726736862309_tooth_017.jpg,0.5328,1862,680,2107,811,245,131
anonymous-mandibularView-1726736862309.jpg,anonymous-mandibularView-1726736862309_tooth_018.jpg,0.4573,1875,828,2090,969,215,141
anonymous-mandibularView-1726736862309.jpg,anonymous-mandibularView-1726736862309_tooth_019.jpg,0.4984,1884,821,2077,942,193,121
anonymous-mandibularView-1726736862309.jpg,anonymous-mandibularView-1726736862309_tooth_020.jpg,0.5049,1941,991,2077,1204,136,213
anonymous-mandibularView-1726736862309.jpg,anonymous-mandibularView-1726736862309_tooth_021.jpg,0.3633,1950,978,2074,1171,124,193
anonymous-mandibularView-1727428501523.jpg,anonymous-mandibularView-1727428501523_tooth_000.jpg,0.322,155,55,402,232,247,177
anonymous-mandibularView-1727428501523.jpg,anonymous-mandibularView-1727428501523_tooth_001.jpg,0.26,202,234,449,361,247,127
anonymous-mandibularView-1727428501523.jpg,anonymous-mandibularView-1727428501523_tooth_002.jpg,0.3012,214,369,474,505,260,136
anonymous-mandibularView-1727428501523.jpg,anonymous-mandibularView-1727428501523_tooth_003.jpg,0.4316,264,388,477,497,213,109
anonymous-mandibularView-1727428501523.jpg,anonymous-mandibularView-1727428501523_tooth_004.jpg,0.5145,338,527,497,722,159,195
anonymous-mandibularView-1727428501523.jpg,anonymous-mandibularView-1727428501523_tooth_005.jpg,0.312,497,554,608,778,111,224
anonymous-mandibularView-1727428501523.jpg,anonymous-mandibularView-1727428501523_tooth_006.jpg,0.5014,636,658,780,791,144,133
anonymous-mandibularView-1727428501523.jpg,anonymous-mandibularView-1727428501523_tooth_007.jpg,0.419,777,734,945,792,168,58
anonymous-mandibularView-1727428501523.jpg,anonymous-mandibularView-1727428501523_tooth_008.jpg,0.5593,1150,655,1268,756,118,101
anonymous-mandibularView-1727428501523.jpg,anonymous-mandibularView-1727428501523_tooth_009.jpg,0.4424,1310,534,1495,726,185,192
anonymous-mandibularView-1727428501523.jpg,anonymous-mandibularView-1727428501523_tooth_010.jpg,0.2626,1392,443,1569,524,177,81
anonymous-mandibularView-1727428501523.jpg,anonymous-mandibularView-1727428501523_tooth_011.jpg,0.5172,1421,280,1637,435,216,155
anonymous-mandibularView-1727428501523.jpg,anonymous-mandibularView-1727428501523_tooth_012.jpg,0.7152,1472,106,1688,272,216,166
anonymous-mandibularView-1727431008520.jpg,anonymous-mandibularView-1727431008520_tooth_000.jpg,0.707,99,438,336,671,237,233
anonymous-mandibularView-1727431008520.jpg,anonymous-mandibularView-1727431008520_tooth_001.jpg,0.2546,151,687,406,862,255,175
anonymous-mandibularView-1727431008520.jpg,anonymous-mandibularView-1727431008520_tooth_002.jpg,0.4972,362,862,515,1055,153,193
anonymous-mandibularView-1727431008520.jpg,anonymous-mandibularView-1727431008520_tooth_003.jpg,0.3073,515,866,608,1070,93,204
anonymous-mandibularView-1727431008520.jpg,anonymous-mandibularView-1727431008520_tooth_004.jpg,0.3992,764,1001,900,1127,136,126
anonymous-mandibularView-1727431008520.jpg,anonymous-mandibularView-1727431008520_tooth_005.jpg,0.4875,934,998,1071,1115,137,117
anonymous-mandibularView-1727431008520.jpg,anonymous-mandibularView-1727431008520_tooth_006.jpg,0.3577,1091,927,1217,1055,126,128
anonymous-mandibularView-1727431008520.jpg,anonymous-mandibularView-1727431008520_tooth_007.jpg,0.4085,1102,920,1237,1041,135,121
anonymous-mandibularView-1727431008520.jpg,anonymous-mandibularView-1727431008520_tooth_008.jpg,0.4504,1199,665,1394,873,195,208
anonymous-mandibularView-1727431008520.jpg,anonymous-mandibularView-1727431008520_tooth_009.jpg,0.5942,1402,559,1610,784,208,225
anonymous-mandibularView-1727431008520.jpg,anonymous-mandibularView-1727431008520_tooth_010.jpg,0.6931,1456,400,1658,553,202,153
anonymous-mandibularView-1727434026636.jpg,anonymous-mandibularView-1727434026636_tooth_000.jpg,0.4217,45,377,245,529,200,152
anonymous-mandibularView-1727434026636.jpg,anonymous-mandibularView-1727434026636_tooth_001.jpg,0.6235,92,528,297,686,205,158
anonymous-mandibularView-1727434026636.jpg,anonymous-mandibularView-1727434026636_tooth_002.jpg,0.4081,174,694,347,788,173,94
anonymous-mandibularView-1727434026636.jpg,anonymous-mandibularView-1727434026636_tooth_003.jpg,0.2597,324,875,413,985,89,110
anonymous-mandibularView-1727434026636.jpg,anonymous-mandibularView-1727434026636_tooth_004.jpg,0.3284,447,937,558,1017,111,80
anonymous-mandibularView-1727434026636.jpg,anonymous-mandibularView-1727434026636_tooth_005.jpg,0.5244,586,934,708,1036,122,102
anonymous-mandibularView-1727434026636.jpg,anonymous-mandibularView-1727434026636_tooth_006.jpg,0.5361,733,938,864,1042,131,104
anonymous-mandibularView-1727434026636.jpg,anonymous-mandibularView-1727434026636_tooth_007.jpg,0.3422,887,900,996,987,109,87
anonymous-mandibularView-1727434026636.jpg,anonymous-mandibularView-1727434026636_tooth_008.jpg,0.2692,992,802,1070,922,78,120
anonymous-mandibularView-1727434026636.jpg,anonymous-mandibularView-1727434026636_tooth_009.jpg,0.4166,1074,750,1181,876,107,126
anonymous-mandibularView-1727434026636.jpg,anonymous-mandibularView-1727434026636_tooth_010.jpg,0.3901,1120,672,1280,758,160,86
anonymous-mandibularView-1727434026636.jpg,anonymous-mandibularView-1727434026636_tooth_011.jpg,0.7235,1156,508,1355,669,199,161
anonymous-mandibularView-1727434026636.jpg,anonymous-mandibularView-1727434026636_tooth_012.jpg,0.82,1234,355,1408,503,174,148
anonymous-mandibularView-1727434026636.jpg,anonymous-mandibularView-1727434026636_tooth_013.jpg,0.2653,1288,224,1429,343,141,119
anonymous-mandibularView-1727697872262.jpg,anonymous-mandibularView-1727697872262_tooth_000.jpg,0.6796,91,272,275,432,184,160
anonymous-mandibularView-1727697872262.jpg,anonymous-mandibularView-1727697872262_tooth_001.jpg,0.6227,134,454,290,558,156,104
anonymous-mandibularView-1727697872262.jpg,anonymous-mandibularView-1727697872262_tooth_002.jpg,0.4097,166,569,307,690,141,121
anonymous-mandibularView-1727697872262.jpg,anonymous-mandibularView-1727697872262_tooth_003.jpg,0.3743,170,572,307,648,137,76
anonymous-mandibularView-1727697872262.jpg,anonymous-mandibularView-1727697872262_tooth_004.jpg,0.3586,455,697,565,775,110,78
anonymous-mandibularView-1727697872262.jpg,anonymous-mandibularView-1727697872262_tooth_005.jpg,0.4067,588,683,696,773,108,90
anonymous-mandibularView-1727697872262.jpg,anonymous-mandibularView-1727697872262_tooth_006.jpg,0.4518,706,660,828,764,122,104
anonymous-mandibularView-1727697872262.jpg,anonymous-mandibularView-1727697872262_tooth_007.jpg,0.3598,852,600,932,726,80,126
anonymous-mandibularView-1727697872262.jpg,anonymous-mandibularView-1727697872262_tooth_008.jpg,0.4843,933,525,1054,651,121,126
anonymous-mandibularView-1727697872262.jpg,anonymous-mandibularView-1727697872262_tooth_009.jpg,0.5185,969,409,1112,510,143,101
anonymous-mandibularView-1727697872262.jpg,anonymous-mandibularView-1727697872262_tooth_010.jpg,0.799,1000,231,1185,395,185,164
anonymous-mandibularView-1727703597109.jpg,anonymous-mandibularView-1727703597109_tooth_000.jpg,0.6432,175,352,411,582,236,230
anonymous-mandibularView-1727703597109.jpg,anonymous-mandibularView-1727703597109_tooth_001.jpg,0.8014,267,571,476,793,209,222
anonymous-mandibularView-1727703597109.jpg,anonymous-mandibularView-1727703597109_tooth_002.jpg,0.6263,365,795,517,956,152,161
anonymous-mandibularView-1727703597109.jpg,anonymous-mandibularView-1727703597109_tooth_003.jpg,0.4487,476,974,599,1072,123,98
anonymous-mandibularView-1727703597109.jpg,anonymous-mandibularView-1727703597109_tooth_004.jpg,0.3769,605,1057,734,1122,129,65
anonymous-mandibularView-1727703597109.jpg,anonymous-mandibularView-1727703597109_tooth_005.jpg,0.4581,746,1091,890,1145,144,54
anonymous-mandibularView-1727703597109.jpg,anonymous-mandibularView-1727703597109_tooth_006.jpg,0.3034,908,1086,1051,1141,143,55
anonymous-mandibularView-1727703597109.jpg,anonymous-mandibularView-1727703597109_tooth_007.jpg,0.6663,1259,786,1400,973,141,187
anonymous-mandibularView-1727703597109.jpg,anonymous-mandibularView-1727703597109_tooth_008.jpg,0.5941,1299,595,1490,770,191,175
anonymous-mandibularView-1727703597109.jpg,anonymous-mandibularView-1727703597109_tooth_009.jpg,0.7391,1346,364,1558,581,212,217
anonymous-mandibularView-1727775921173.jpg,anonymous-mandibularView-1727775921173_tooth_000.jpg,0.2592,0,549,84,794,84,245
anonymous-mandibularView-1727775921173.jpg,anonymous-mandibularView-1727775921173_tooth_001.jpg,0.3717,103,352,341,551,238,199
anonymous-mandibularView-1727775921173.jpg,anonymous-mandibularView-1727775921173_tooth_002.jpg,0.5385,201,546,402,742,201,196
anonymous-mandibularView-1727775921173.jpg,anonymous-mandibularView-1727775921173_tooth_003.jpg,0.5303,326,724,480,906,154,182
anonymous-mandibularView-1727775921173.jpg,anonymous-mandibularView-1727775921173_tooth_004.jpg,0.555,454,870,591,1015,137,145
anonymous-mandibularView-1727775921173.jpg,anonymous-mandibularView-1727775921173_tooth_005.jpg,0.6025,618,892,770,1075,152,183
anonymous-mandibularView-1727775921173.jpg,anonymous-mandibularView-1727775921173_tooth_006.jpg,0.7216,791,898,933,1079,142,181
anonymous-mandibularView-1727775921173.jpg,anonymous-mandibularView-1727775921173_tooth_007.jpg,0.6592,955,876,1091,1014,136,138
anonymous-mandibularView-1727775921173.jpg,anonymous-mandibularView-1727775921173_tooth_008.jpg,0.4869,1169,683,1301,847,132,164
anonymous-mandibularView-1727775921173.jpg,anonymous-mandibularView-1727775921173_tooth_009.jpg,0.666,1214,499,1400,674,186,175
anonymous-mandibularView-1727775921173.jpg,anonymous-mandibularView-1727775921173_tooth_010.jpg,0.7121,1260,304,1473,502,213,198
anonymous-mandibularView-1727775921173.jpg,anonymous-mandibularView-1727775921173_tooth_011.jpg,0.3758,1527,567,1614,809,87,242
anonymous-mandibularView-1727864656191.jpg,anonymous-mandibularView-1727864656191_tooth_000.jpg,0.3112,110,0,224,224,114,224
anonymous-mandibularView-1727864656191.jpg,anonymous-mandibularView-1727864656191_tooth_001.jpg,0.7028,167,398,382,589,215,191
anonymous-mandibularView-1727864656191.jpg,anonymous-mandibularView-1727864656191_tooth_002.jpg,0.5911,176,594,424,778,248,184
anonymous-mandibularView-1727864656191.jpg,anonymous-mandibularView-1727864656191_tooth_003.jpg,0.427,211,775,416,909,205,134
anonymous-mandibularView-1727864656191.jpg,anonymous-mandibularView-1727864656191_tooth_004.jpg,0.5681,241,0,425,157,184,157
anonymous-mandibularView-1727864656191.jpg,anonymous-mandibularView-1727864656191_tooth_005.jpg,0.7942,480,0,817,259,337,259
anonymous-mandibularView-1727864656191.jpg,anonymous-mandibularView-1727864656191_tooth_006.jpg,0.2797,672,1067,825,1213,153,146
anonymous-mandibularView-1727864656191.jpg,anonymous-mandibularView-1727864656191_tooth_007.jpg,0.8015,837,0,1181,272,344,272
anonymous-mandibularView-1727864656191.jpg,anonymous-mandibularView-1727864656191_tooth_008.jpg,0.6359,871,1060,1017,1220,146,160
anonymous-mandibularView-1727864656191.jpg,anonymous-mandibularView-1727864656191_tooth_009.jpg,0.44,1070,1037,1213,1180,143,143
anonymous-mandibularView-1727864656191.jpg,anonymous-mandibularView-1727864656191_tooth_010.jpg,0.4222,1236,965,1346,1140,110,175
anonymous-mandibularView-1727864656191.jpg,anonymous-mandibularView-1727864656191_tooth_011.jpg,0.5444,1236,0,1437,193,201,193
anonymous-mandibularView-1727864656191.jpg,anonymous-mandibularView-1727864656191_tooth_012.jpg,0.4001,1314,877,1476,1067,162,190
anonymous-mandibularView-1727864656191.jpg,anonymous-mandibularView-1727864656191_tooth_013.jpg,0.5959,1414,585,1665,852,251,267
anonymous-mandibularView-1727864656191.jpg,anonymous-mandibularView-1727864656191_tooth_014.jpg,0.5871,1460,0,1602,277,142,277
anonymous-mandibularView-1727864656191.jpg,anonymous-mandibularView-1727864656191_tooth_015.jpg,0.6961,1506,407,1718,574,212,167
anonymous-mandibularView-1727864656191.jpg,anonymous-mandibularView-1727864656191_tooth_016.jpg,0.2509,1703,72,1792,182,89,110
anonymous-mandibularView-1727873809936.jpg,anonymous-mandibularView-1727873809936_tooth_000.jpg,0.7833,119,208,312,387,193,179
anonymous-mandibularView-1727873809936.jpg,anonymous-mandibularView-1727873809936_tooth_001.jpg,0.6533,154,386,366,564,212,178
anonymous-mandibularView-1727873809936.jpg,anonymous-mandibularView-1727873809936_tooth_002.jpg,0.6037,214,588,385,675,171,87
anonymous-mandibularView-1727873809936.jpg,anonymous-mandibularView-1727873809936_tooth_003.jpg,0.4701,286,694,430,796,144,102
anonymous-mandibularView-1727873809936.jpg,anonymous-mandibularView-1727873809936_tooth_004.jpg,0.5598,487,0,737,78,250,78
anonymous-mandibularView-1727873809936.jpg,anonymous-mandibularView-1727873809936_tooth_005.jpg,0.7038,753,0,1011,89,258,89
anonymous-mandibularView-1727873809936.jpg,anonymous-mandibularView-1727873809936_tooth_006.jpg,0.2598,778,927,919,989,141,62
anonymous-mandibularView-1727873809936.jpg,anonymous-mandibularView-1727873809936_tooth_007.jpg,0.3304,933,905,1033,951,100,46
anonymous-mandibularView-1727873809936.jpg,anonymous-mandibularView-1727873809936_tooth_008.jpg,0.4362,1143,698,1290,784,147,86
anonymous-mandibularView-1727873809936.jpg,anonymous-mandibularView-1727873809936_tooth_009.jpg,0.4684,1196,590,1340,675,144,85
anonymous-mandibularView-1727873809936.jpg,anonymous-mandibularView-1727873809936_tooth_010.jpg,0.7364,1223,398,1410,567,187,169
anonymous-mandibularView-1727873809936.jpg,anonymous-mandibularView-1727873809936_tooth_011.jpg,0.572,1289,229,1447,385,158,156
anonymous-mandibularView-1727873809936.jpg,anonymous-mandibularView-1727873809936_tooth_012.jpg,0.4748,1309,230,1436,309,127,79
anonymous-mandibularView-1727875877197.jpg,anonymous-mandibularView-1727875877197_tooth_000.jpg,0.6918,45,191,210,371,165,180
anonymous-mandibularView-1727875877197.jpg,anonymous-mandibularView-1727875877197_tooth_001.jpg,0.8177,76,390,270,575,194,185
anonymous-mandibularView-1727875877197.jpg,anonymous-mandibularView-1727875877197_tooth_002.jpg,0.5343,143,594,277,693,134,99
anonymous-mandibularView-1727875877197.jpg,anonymous-mandibularView-1727875877197_tooth_003.jpg,0.3556,227,707,337,788,110,81
anonymous-mandibularView-1727875877197.jpg,anonymous-mandibularView-1727875877197_tooth_004.jpg,0.2639,232,0,507,43,275,43
anonymous-mandibularView-1727875877197.jpg,anonymous-mandibularView-1727875877197_tooth_005.jpg,0.3746,508,0,787,41,279,41
anonymous-mandibularView-1727875877197.jpg,anonymous-mandibularView-1727875877197_tooth_006.jpg,0.2808,631,938,752,993,121,55
anonymous-mandibularView-1727875877197.jpg,anonymous-mandibularView-1727875877197_tooth_007.jpg,0.3284,637,923,746,991,109,68
anonymous-mandibularView-1727875877197.jpg,anonymous-mandibularView-1727875877197_tooth_008.jpg,0.376,773,880,899,959,126,79
anonymous-mandibularView-1727875877197.jpg,anonymous-mandibularView-1727875877197_tooth_009.jpg,0.2762,886,800,990,887,104,87
anonymous-mandibularView-1727875877197.jpg,anonymous-mandibularView-1727875877197_tooth_010.jpg,0.5148,981,664,1086,786,105,122
anonymous-mandibularView-1727875877197.jpg,anonymous-mandibularView-1727875877197_tooth_011.jpg,0.6002,1029,545,1163,649,134,104
anonymous-mandibularView-1727875877197.jpg,anonymous-mandibularView-1727875877197_tooth_012.jpg,0.7092,1065,332,1260,529,195,197
anonymous-mandibularView-1727875877197.jpg,anonymous-mandibularView-1727875877197_tooth_013.jpg,0.5183,1110,161,1293,314,183,153
anonymous-mandibularView-1727875877197.jpg,anonymous-mandibularView-1727875877197_tooth_014.jpg,0.2871,1129,137,1299,308,170,171
anonymous-mandibularView-1727875877197.jpg,anonymous-mandibularView-1727875877197_tooth_015.jpg,0.459,1213,674,1377,942,164,268
anonymous-maxillaryView-1726807426131.jpg,anonymous-maxillaryView-1726807426131_tooth_000.jpg,0.2739,264,744,511,909,247,165
anonymous-maxillaryView-1726807426131.jpg,anonymous-maxillaryView-1726807426131_tooth_001.jpg,0.3312,328,597,420,699,92,102
anonymous-maxillaryView-1726807426131.jpg,anonymous-maxillaryView-1726807426131_tooth_002.jpg,0.2798,442,549,580,641,138,92
anonymous-maxillaryView-1726807426131.jpg,anonymous-maxillaryView-1726807426131_tooth_003.jpg,0.2777,478,651,573,746,95,95
anonymous-maxillaryView-1726807426131.jpg,anonymous-maxillaryView-1726807426131_tooth_004.jpg,0.2655,493,393,575,535,82,142
anonymous-maxillaryView-1726807426131.jpg,anonymous-maxillaryView-1726807426131_tooth_005.jpg,0.2818,569,567,649,643,80,76
anonymous-maxillaryView-1726807426131.jpg,anonymous-maxillaryView-1726807426131_tooth_006.jpg,0.4151,579,256,690,435,111,179
anonymous-maxillaryView-1726807426131.jpg,anonymous-maxillaryView-1726807426131_tooth_007.jpg,0.3209,627,442,716,543,89,101
anonymous-maxillaryView-1726807426131.jpg,anonymous-maxillaryView-1726807426131_tooth_008.jpg,0.2987,640,428,724,536,84,108
anonymous-maxillaryView-1726807426131.jpg,anonymous-maxillaryView-1726807426131_tooth_009.jpg,0.5514,705,143,880,317,175,174
anonymous-maxillaryView-1726807426131.jpg,anonymous-maxillaryView-1726807426131_tooth_010.jpg,0.7633,895,75,1129,240,234,165
anonymous-maxillaryView-1726807426131.jpg,anonymous-maxillaryView-1726807426131_tooth_011.jpg,0.3029,1136,109,1353,219,217,110
anonymous-maxillaryView-1726807426131.jpg,anonymous-maxillaryView-1726807426131_tooth_012.jpg,0.458,1146,97,1352,195,206,98
anonymous-maxillaryView-1726807426131.jpg,anonymous-maxillaryView-1726807426131_tooth_013.jpg,0.2672,1452,400,1527,494,75,94
anonymous-maxillaryView-1726807426131.jpg,anonymous-maxillaryView-1726807426131_tooth_014.jpg,0.3462,1493,498,1701,591,208,93
anonymous-maxillaryView-1726807426131.jpg,anonymous-maxillaryView-1726807426131_tooth_015.jpg,0.4431,1499,604,1621,696,122,92
anonymous-maxillaryView-1727348028977.jpg,anonymous-maxillaryView-1727348028977_tooth_000.jpg,0.6071,222,757,428,883,206,126
anonymous-maxillaryView-1727348028977.jpg,anonymous-maxillaryView-1727348028977_tooth_001.jpg,0.4704,223,900,426,1028,203,128
anonymous-maxillaryView-1727348028977.jpg,anonymous-maxillaryView-1727348028977_tooth_002.jpg,0.5837,251,626,421,738,170,112
anonymous-maxillaryView-1727348028977.jpg,anonymous-maxillaryView-1727348028977_tooth_003.jpg,0.5317,288,488,459,608,171,120
anonymous-maxillaryView-1727348028977.jpg,anonymous-maxillaryView-1727348028977_tooth_004.jpg,0.6364,353,329,508,473,155,144
anonymous-maxillaryView-1727348028977.jpg,anonymous-maxillaryView-1727348028977_tooth_005.jpg,0.4021,453,225,601,314,148,89
anonymous-maxillaryView-1727348028977.jpg,anonymous-maxillaryView-1727348028977_tooth_006.jpg,0.604,589,127,788,237,199,110
anonymous-maxillaryView-1727348028977.jpg,anonymous-maxillaryView-1727348028977_tooth_007.jpg,0.5019,816,132,1029,228,213,96
anonymous-maxillaryView-1727348028977.jpg,anonymous-maxillaryView-1727348028977_tooth_008.jpg,0.5111,1059,190,1180,283,121,93
anonymous-maxillaryView-1727348028977.jpg,anonymous-maxillaryView-1727348028977_tooth_009.jpg,0.3586,1197,318,1313,454,116,136
anonymous-maxillaryView-1727348028977.jpg,anonymous-maxillaryView-1727348028977_tooth_010.jpg,0.5762,1239,497,1396,613,157,116
anonymous-maxillaryView-1727348028977.jpg,anonymous-maxillaryView-1727348028977_tooth_011.jpg,0.5202,1284,632,1446,733,162,101
anonymous-maxillaryView-1727348028977.jpg,anonymous-maxillaryView-1727348028977_tooth_012.jpg,0.5586,1344,740,1546,893,202,153
anonymous-maxillaryView-1727348028977.jpg,anonymous-maxillaryView-1727348028977_tooth_013.jpg,0.3982,1354,925,1546,1050,192,125
anonymous-maxillaryView-1727678882524.jpg,anonymous-maxillaryView-1727678882524_tooth_000.jpg,0.5899,54,1334,407,1520,353,186
anonymous-maxillaryView-1727678882524.jpg,anonymous-maxillaryView-1727678882524_tooth_001.jpg,0.5757,122,1076,495,1311,373,235
anonymous-maxillaryView-1727678882524.jpg,anonymous-maxillaryView-1727678882524_tooth_002.jpg,0.4817,229,894,565,1058,336,164
anonymous-maxillaryView-1727678882524.jpg,anonymous-maxillaryView-1727678882524_tooth_003.jpg,0.6126,314,663,628,879,314,216
anonymous-maxillaryView-1727678882524.jpg,anonymous-maxillaryView-1727678882524_tooth_004.jpg,0.422,488,394,696,633,208,239
anonymous-maxillaryView-1727678882524.jpg,anonymous-maxillaryView-1727678882524_tooth_005.jpg,0.3615,696,211,916,434,220,223
anonymous-maxillaryView-1727678882524.jpg,anonymous-maxillaryView-1727678882524_tooth_006.jpg,0.6099,947,103,1329,287,382,184
anonymous-maxillaryView-1727678882524.jpg,anonymous-maxillaryView-1727678882524_tooth_007.jpg,0.6964,1368,100,1712,351,344,251
anonymous-maxillaryView-1727678882524.jpg,anonymous-maxillaryView-1727678882524_tooth_008.jpg,0.3399,1680,280,1933,431,253,151
anonymous-maxillaryView-1727678882524.jpg,anonymous-maxillaryView-1727678882524_tooth_009.jpg,0.3005,1827,461,2075,609,248,148
anonymous-maxillaryView-1727678882524.jpg,anonymous-maxillaryView-1727678882524_tooth_010.jpg,0.5993,1832,643,2122,818,290,175
anonymous-maxillaryView-1727678882524.jpg,anonymous-maxillaryView-1727678882524_tooth_011.jpg,0.3387,1831,1216,2159,1392,328,176
anonymous-maxillaryView-1727678882524.jpg,anonymous-maxillaryView-1727678882524_tooth_012.jpg,0.5279,1852,437,2057,603,205,166
anonymous-maxillaryView-1727678882524.jpg,anonymous-maxillaryView-1727678882524_tooth_013.jpg,0.2604,1846,1243,2152,1372,306,129
anonymous-maxillaryView-1727678882524.jpg,anonymous-maxillaryView-1727678882524_tooth_014.jpg,0.4555,1867,1021,2181,1186,314,165
anonymous-maxillaryView-1727678882524.jpg,anonymous-maxillaryView-1727678882524_tooth_015.jpg,0.4451,1879,862,2172,983,293,121
anonymous-maxillaryView-1727682092188.jpg,anonymous-maxillaryView-1727682092188_tooth_000.jpg,0.6332,540,994,813,1169,273,175
anonymous-maxillaryView-1727682092188.jpg,anonymous-maxillaryView-1727682092188_tooth_001.jpg,0.6334,566,1198,809,1348,243,150
anonymous-maxillaryView-1727682092188.jpg,anonymous-maxillaryView-1727682092188_tooth_002.jpg,0.6896,638,840,865,965,227,125
anonymous-maxillaryView-1727682092188.jpg,anonymous-maxillaryView-1727682092188_tooth_003.jpg,0.5088,701,638,943,810,242,172
anonymous-maxillaryView-1727682092188.jpg,anonymous-maxillaryView-1727682092188_tooth_004.jpg,0.603,815,421,1001,609,186,188
anonymous-maxillaryView-1727682092188.jpg,anonymous-maxillaryView-1727682092188_tooth_005.jpg,0.3938,1014,297,1187,440,173,143
anonymous-maxillaryView-1727682092188.jpg,anonymous-maxillaryView-1727682092188_tooth_006.jpg,0.374,1232,246,1514,359,282,113
anonymous-maxillaryView-1727682092188.jpg,anonymous-maxillaryView-1727682092188_tooth_007.jpg,0.542,1530,258,1794,391,264,133
anonymous-maxillaryView-1727682092188.jpg,anonymous-maxillaryView-1727682092188_tooth_008.jpg,0.3579,1806,370,1992,515,186,145
anonymous-maxillaryView-1727682092188.jpg,anonymous-maxillaryView-1727682092188_tooth_009.jpg,0.4177,1828,355,1996,496,168,141
anonymous-maxillaryView-1727682092188.jpg,anonymous-maxillaryView-1727682092188_tooth_010.jpg,0.5646,1951,540,2163,674,212,134
anonymous-maxillaryView-1727682092188.jpg,anonymous-maxillaryView-1727682092188_tooth_011.jpg,0.276,1969,517,2155,667,186,150
anonymous-maxillaryView-1727682092188.jpg,anonymous-maxillaryView-1727682092188_tooth_012.jpg,0.3951,1967,1238,2242,1370,275,132
anonymous-maxillaryView-1727682092188.jpg,anonymous-maxillaryView-1727682092188_tooth_013.jpg,0.4732,1993,732,2218,868,225,136
anonymous-maxillaryView-1727682092188.jpg,anonymous-maxillaryView-1727682092188_tooth_014.jpg,0.6401,2015,910,2239,1032,224,122
anonymous-maxillaryView-1727682092188.jpg,anonymous-maxillaryView-1727682092188_tooth_015.jpg,0.5457,2030,1061,2307,1206,277,145
anonymous-maxillaryView-1727682092188.jpg,anonymous-maxillaryView-1727682092188_tooth_016.jpg,0.6506,2455,896,2936,1416,481,520
anonymous-maxillaryView-1727764792798.jpg,anonymous-maxillaryView-1727764792798_tooth_000.jpg,0.3256,734,1282,996,1471,262,189
anonymous-maxillaryView-1727764792798.jpg,anonymous-maxillaryView-1727764792798_tooth_001.jpg,0.4783,794,893,1136,1271,342,378
anonymous-maxillaryView-1727764792798.jpg,anonymous-maxillaryView-1727764792798_tooth_002.jpg,0.3371,828,893,1166,1113,338,220
anonymous-maxillaryView-1727764792798.jpg,anonymous-maxillaryView-1727764792798_tooth_003.jpg,0.2582,869,912,1136,1058,267,146
anonymous-maxillaryView-1727764792798.jpg,anonymous-maxillaryView-1727764792798_tooth_004.jpg,0.3565,998,723,1300,891,302,168
anonymous-maxillaryView-1727764792798.jpg,anonymous-maxillaryView-1727764792798_tooth_005.jpg,0.3123,1118,438,1311,704,193,266
anonymous-maxillaryView-1727764792798.jpg,anonymous-maxillaryView-1727764792798_tooth_006.jpg,0.2975,1131,472,1360,707,229,235
anonymous-maxillaryView-1727764792798.jpg,anonymous-maxillaryView-1727764792798_tooth_007.jpg,0.6191,1325,352,1540,547,215,195
anonymous-maxillaryView-1727764792798.jpg,anonymous-maxillaryView-1727764792798_tooth_008.jpg,0.7071,1581,295,1896,496,315,201
anonymous-maxillaryView-1727764792798.jpg,anonymous-maxillaryView-1727764792798_tooth_009.jpg,0.5657,1959,332,2261,513,302,181
anonymous-maxillaryView-1727764792798.jpg,anonymous-maxillaryView-1727764792798_tooth_010.jpg,0.3307,2323,641,2569,797,246,156
anonymous-maxillaryView-1727764792798.jpg,anonymous-maxillaryView-1727764792798_tooth_011.jpg,0.2989,2348,627,2566,773,218,146
anonymous-maxillaryView-1727764792798.jpg,anonymous-maxillaryView-1727764792798_tooth_012.jpg,0.5653,2345,827,2644,1000,299,173
anonymous-maxillaryView-1727764792798.jpg,anonymous-maxillaryView-1727764792798_tooth_013.jpg,0.3057,2424,1041,2710,1188,286,147
anonymous-maxillaryView-1727764792798.jpg,anonymous-maxillaryView-1727764792798_tooth_014.jpg,0.5154,2423,1197,2767,1425,344,228
anonymous-maxillaryView-1727768058789.jpg,anonymous-maxillaryView-1727768058789_tooth_000.jpg,0.3256,81,856,378,1025,297,169
anonymous-maxillaryView-1727768058789.jpg,anonymous-maxillaryView-1727768058789_tooth_001.jpg,0.2576,116,633,420,845,304,212
anonymous-maxillaryView-1727768058789.jpg,anonymous-maxillaryView-1727768058789_tooth_002.jpg,0.333,122,498,430,828,308,330
anonymous-maxillaryView-1727768058789.jpg,anonymous-maxillaryView-1727768058789_tooth_003.jpg,0.4631,159,482,466,780,307,298
anonymous-maxillaryView-1727768058789.jpg,anonymous-maxillaryView-1727768058789_tooth_004.jpg,0.4785,161,494,469,651,308,157
anonymous-maxillaryView-1727768058789.jpg,anonymous-maxillaryView-1727768058789_tooth_005.jpg,0.4115,263,332,537,468,274,136
anonymous-maxillaryView-1727768058789.jpg,anonymous-maxillaryView-1727768058789_tooth_006.jpg,0.2646,274,290,546,465,272,175
anonymous-maxillaryView-1727768058789.jpg,anonymous-maxillaryView-1727768058789_tooth_007.jpg,0.4152,358,192,564,303,206,111
anonymous-maxillaryView-1727768058789.jpg,anonymous-maxillaryView-1727768058789_tooth_008.jpg,0.2645,1476,384,1745,518,269,134
anonymous-maxillaryView-1727768058789.jpg,anonymous-maxillaryView-1727768058789_tooth_009.jpg,0.3949,1553,534,1816,676,263,142
anonymous-maxillaryView-1727768058789.jpg,anonymous-maxillaryView-1727768058789_tooth_010.jpg,0.3057,1606,693,1916,872,310,179
anonymous-maxillaryView-1727768058789.jpg,anonymous-maxillaryView-1727768058789_tooth_011.jpg,0.2643,1654,829,1935,1043,281,214
anonymous-maxillaryView-1727768058789.jpg,anonymous-maxillaryView-1727768058789_tooth_012.jpg,0.3248,1656,887,1938,1059,282,172
anonymous-maxillaryView-1727768058789.jpg,anonymous-maxillaryView-1727768058789_tooth_013.jpg,0.7334,2073,860,2371,1315,298,455
anonymous-maxillaryView-1727778452432.jpg,anonymous-maxillaryView-1727778452432_tooth_000.jpg,0.6014,145,847,412,996,267,149
anonymous-maxillaryView-1727778452432.jpg,anonymous-maxillaryView-1727778452432_tooth_001.jpg,0.5118,213,720,447,850,234,130
anonymous-maxillaryView-1727778452432.jpg,anonymous-maxillaryView-1727778452432_tooth_002.jpg,0.7489,283,542,520,706,237,164
anonymous-maxillaryView-1727778452432.jpg,anonymous-maxillaryView-1727778452432_tooth_003.jpg,0.5631,364,349,540,531,176,182
anonymous-maxillaryView-1727778452432.jpg,anonymous-maxillaryView-1727778452432_tooth_004.jpg,0.5712,529,234,687,420,158,186
anonymous-maxillaryView-1727778452432.jpg,anonymous-maxillaryView-1727778452432_tooth_005.jpg,0.6669,694,97,925,289,231,192
anonymous-maxillaryView-1727778452432.jpg,anonymous-maxillaryView-1727778452432_tooth_006.jpg,0.4839,932,170,1149,311,217,141
anonymous-maxillaryView-1727778452432.jpg,anonymous-maxillaryView-1727778452432_tooth_007.jpg,0.3073,1068,371,1205,571,137,200
anonymous-maxillaryView-1727778452432.jpg,anonymous-maxillaryView-1727778452432_tooth_008.jpg,0.6693,1235,533,1459,696,224,163
anonymous-maxillaryView-1727778452432.jpg,anonymous-maxillaryView-1727778452432_tooth_009.jpg,0.5269,1244,326,1420,473,176,147
anonymous-maxillaryView-1727778452432.jpg,anonymous-maxillaryView-1727778452432_tooth_010.jpg,0.6488,1276,719,1524,829,248,110
anonymous-maxillaryView-1727778452432.jpg,anonymous-maxillaryView-1727778452432_tooth_011.jpg,0.5842,1315,843,1579,982,264,139
anonymous-maxillaryView-1727782272418.jpg,anonymous-maxillaryView-1727782272418_tooth_000.jpg,0.408,122,768,315,911,193,143
anonymous-maxillaryView-1727782272418.jpg,anonymous-maxillaryView-1727782272418_tooth_001.jpg,0.4609,135,601,321,747,186,146
anonymous-maxillaryView-1727782272418.jpg,anonymous-maxillaryView-1727782272418_tooth_002.jpg,0.4683,175,483,328,593,153,110
anonymous-maxillaryView-1727782272418.jpg,anonymous-maxillaryView-1727782272418_tooth_003.jpg,0.6671,199,329,386,472,187,143
anonymous-maxillaryView-1727782272418.jpg,anonymous-maxillaryView-1727782272418_tooth_004.jpg,0.4102,277,182,401,322,124,140
anonymous-maxillaryView-1727782272418.jpg,anonymous-maxillaryView-1727782272418_tooth_005.jpg,0.3759,376,95,520,214,144,119
anonymous-maxillaryView-1727782272418.jpg,anonymous-maxillaryView-1727782272418_tooth_006.jpg,0.3865,515,65,703,117,188,52
anonymous-maxillaryView-1727782272418.jpg,anonymous-maxillaryView-1727782272418_tooth_007.jpg,0.6175,929,122,1052,243,123,121
anonymous-maxillaryView-1727782272418.jpg,anonymous-maxillaryView-1727782272418_tooth_008.jpg,0.535,1066,206,1178,346,112,140
anonymous-maxillaryView-1727782272418.jpg,anonymous-maxillaryView-1727782272418_tooth_009.jpg,0.5258,1104,362,1270,490,166,128
anonymous-maxillaryView-1727782272418.jpg,anonymous-maxillaryView-1727782272418_tooth_010.jpg,0.284,1150,497,1319,608,169,111
anonymous-maxillaryView-1727782272418.jpg,anonymous-maxillaryView-1727782272418_tooth_011.jpg,0.6039,1173,509,1311,613,138,104
anonymous-maxillaryView-1727782272418.jpg,anonymous-maxillaryView-1727782272418_tooth_012.jpg,0.607,1187,619,1373,765,186,146
anonymous-maxillaryView-1727782272418.jpg,anonymous-maxillaryView-1727782272418_tooth_013.jpg,0.5913,1227,781,1424,902,197,121
anonymous-maxillaryView-1727782733331.jpg,anonymous-maxillaryView-1727782733331_tooth_000.jpg,0.4429,161,987,380,1147,219,160
anonymous-maxillaryView-1727782733331.jpg,anonymous-maxillaryView-1727782733331_tooth_001.jpg,0.5736,215,787,429,968,214,181
anonymous-maxillaryView-1727782733331.jpg,anonymous-maxillaryView-1727782733331_tooth_002.jpg,0.5448,265,640,448,766,183,126
anonymous-maxillaryView-1727782733331.jpg,anonymous-maxillaryView-1727782733331_tooth_003.jpg,0.6071,321,460,517,619,196,159
anonymous-maxillaryView-1727782733331.jpg,anonymous-maxillaryView-1727782733331_tooth_004.jpg,0.4372,419,289,565,440,146,151
anonymous-maxillaryView-1727782733331.jpg,anonymous-maxillaryView-1727782733331_tooth_005.jpg,0.4676,543,162,716,304,173,142
anonymous-maxillaryView-1727782733331.jpg,anonymous-maxillaryView-1727782733331_tooth_006.jpg,0.2972,975,138,1174,281,199,143
anonymous-maxillaryView-1727782733331.jpg,anonymous-maxillaryView-1727782733331_tooth_007.jpg,0.2653,1182,201,1327,355,145,154
anonymous-maxillaryView-1727782733331.jpg,anonymous-maxillaryView-1727782733331_tooth_008.jpg,0.3616,1199,193,1333,338,134,145
anonymous-maxillaryView-1727782733331.jpg,anonymous-maxillaryView-1727782733331_tooth_009.jpg,0.417,1324,322,1464,461,140,139
anonymous-maxillaryView-1727782733331.jpg,anonymous-maxillaryView-1727782733331_tooth_010.jpg,0.5086,1367,479,1544,628,177,149
anonymous-maxillaryView-1727782733331.jpg,anonymous-maxillaryView-1727782733331_tooth_011.jpg,0.5723,1422,649,1611,766,189,117
anonymous-maxillaryView-1727782733331.jpg,anonymous-maxillaryView-1727782733331_tooth_012.jpg,0.6006,1428,788,1655,954,227,166
anonymous-maxillaryView-1727782733331.jpg,anonymous-maxillaryView-1727782733331_tooth_013.jpg,0.5559,1453,983,1673,1124,220,141
anonymous-maxillaryView-1727868347839.jpg,anonymous-maxillaryView-1727868347839_tooth_000.jpg,0.5129,195,741,434,998,239,257
anonymous-maxillaryView-1727868347839.jpg,anonymous-maxillaryView-1727868347839_tooth_001.jpg,0.5632,198,748,440,917,242,169
anonymous-maxillaryView-1727868347839.jpg,anonymous-maxillaryView-1727868347839_tooth_002.jpg,0.448,313,611,519,755,206,144
anonymous-maxillaryView-1727868347839.jpg,anonymous-maxillaryView-1727868347839_tooth_003.jpg,0.6359,362,439,546,606,184,167
anonymous-maxillaryView-1727868347839.jpg,anonymous-maxillaryView-1727868347839_tooth_004.jpg,0.6075,449,244,586,438,137,194
anonymous-maxillaryView-1727868347839.jpg,anonymous-maxillaryView-1727868347839_tooth_005.jpg,0.5401,590,159,761,301,171,142
anonymous-maxillaryView-1727868347839.jpg,anonymous-maxillaryView-1727868347839_tooth_006.jpg,0.648,785,112,1024,282,239,170
anonymous-maxillaryView-1727868347839.jpg,anonymous-maxillaryView-1727868347839_tooth_007.jpg,0.6788,1053,152,1257,321,204,169
anonymous-maxillaryView-1727868347839.jpg,anonymous-maxillaryView-1727868347839_tooth_008.jpg,0.4592,1259,299,1391,408,132,109
anonymous-maxillaryView-1727868347839.jpg,anonymous-maxillaryView-1727868347839_tooth_009.jpg,0.4593,1340,435,1498,570,158,135
anonymous-maxillaryView-1727868347839.jpg,anonymous-maxillaryView-1727868347839_tooth_010.jpg,0.66,1364,602,1543,732,179,130
anonymous-maxillaryView-1727868347839.jpg,anonymous-maxillaryView-1727868347839_tooth_011.jpg,0.6953,1384,759,1585,868,201,109
anonymous-maxillaryView-1727868347839.jpg,anonymous-maxillaryView-1727868347839_tooth_012.jpg,0.5915,1423,889,1639,1035,216,146
anonymous-maxillaryView-1727868347839.jpg,anonymous-maxillaryView-1727868347839_tooth_013.jpg,0.5361,1452,1073,1640,1185,188,112
anonymous-rightLateralView-1726814947519.jpg,anonymous-rightLateralView-1726814947519_tooth_000.jpg,0.264,173,427,268,498,95,71
anonymous-rightLateralView-1726814947519.jpg,anonymous-rightLateralView-1726814947519_tooth_001.jpg,0.4339,311,449,442,569,131,120
anonymous-rightLateralView-1726814947519.jpg,anonymous-rightLateralView-1726814947519_tooth_002.jpg,0.393,472,401,565,460,93,59
anonymous-rightLateralView-1726814947519.jpg,anonymous-rightLateralView-1726814947519_tooth_003.jpg,0.5058,501,490,675,602,174,112
anonymous-rightLateralView-1726814947519.jpg,anonymous-rightLateralView-1726814947519_tooth_004.jpg,0.3482,545,640,671,728,126,88
anonymous-rightLateralView-1726814947519.jpg,anonymous-rightLateralView-1726814947519_tooth_005.jpg,0.4818,712,479,822,596,110,117
anonymous-rightLateralView-1726814947519.jpg,anonymous-rightLateralView-1726814947519_tooth_006.jpg,0.3086,725,619,803,731,78,112
anonymous-rightLateralView-1726814947519.jpg,anonymous-rightLateralView-1726814947519_tooth_007.jpg,0.6048,817,585,968,730,151,145
anonymous-rightLateralView-1726814947519.jpg,anonymous-rightLateralView-1726814947519_tooth_008.jpg,0.666,852,432,996,573,144,141
anonymous-rightLateralView-1726814947519.jpg,anonymous-rightLateralView-1726814947519_tooth_009.jpg,0.7783,1038,437,1181,594,143,157
anonymous-rightLateralView-1726814947519.jpg,anonymous-rightLateralView-1726814947519_tooth_010.jpg,0.6989,1103,617,1236,744,133,127
anonymous-rightLateralView-1726814947519.jpg,anonymous-rightLateralView-1726814947519_tooth_011.jpg,0.4792,1248,615,1368,732,120,117
anonymous-rightLateralView-1726814947519.jpg,anonymous-rightLateralView-1726814947519_tooth_012.jpg,0.8243,1244,465,1456,607,212,142
anonymous-rightLateralView-1726814947519.jpg,anonymous-rightLateralView-1726814947519_tooth_013.jpg,0.4663,1379,617,1482,719,103,102
anonymous-rightLateralView-1726814947519.jpg,anonymous-rightLateralView-1726814947519_tooth_014.jpg,0.6356,1480,469,1645,625,165,156
anonymous-rightLateralView-1726892751122.jpg,anonymous-rightLateralView-1726892751122_tooth_000.jpg,0.2773,336,411,466,632,130,221
anonymous-rightLateralView-1726892751122.jpg,anonymous-rightLateralView-1726892751122_tooth_001.jpg,0.4188,411,617,533,793,122,176
anonymous-rightLateralView-1726892751122.jpg,anonymous-rightLateralView-1726892751122_tooth_002.jpg,0.3112,454,352,595,633,141,281
anonymous-rightLateralView-1726892751122.jpg,anonymous-rightLateralView-1726892751122_tooth_003.jpg,0.5178,536,599,655,817,119,218
anonymous-rightLateralView-1726892751122.jpg,anonymous-rightLateralView-1726892751122_tooth_004.jpg,0.5623,559,262,728,598,169,336
anonymous-rightLateralView-1726892751122.jpg,anonymous-rightLateralView-1726892751122_tooth_005.jpg,0.3191,670,555,818,808,148,253
anonymous-rightLateralView-1726892751122.jpg,anonymous-rightLateralView-1726892751122_tooth_006.jpg,0.7923,671,542,851,840,180,298
anonymous-rightLateralView-1726892751122.jpg,anonymous-rightLateralView-1726892751122_tooth_007.jpg,0.8337,723,284,943,560,220,276
anonymous-rightLateralView-1726892751122.jpg,anonymous-rightLateralView-1726892751122_tooth_008.jpg,0.8361,856,502,1063,852,207,350
anonymous-rightLateralView-1726892751122.jpg,anonymous-rightLateralView-1726892751122_tooth_009.jpg,0.8247,949,308,1161,540,212,232
anonymous-rightLateralView-1726892751122.jpg,anonymous-rightLateralView-1726892751122_tooth_010.jpg,0.2588,1102,530,1282,781,180,251
anonymous-rightLateralView-1726892751122.jpg,anonymous-rightLateralView-1726892751122_tooth_011.jpg,0.8107,1179,319,1468,559,289,240
anonymous-rightLateralView-1726892751122.jpg,anonymous-rightLateralView-1726892751122_tooth_012.jpg,0.2516,1367,535,1481,679,114,144
anonymous-rightLateralView-1726892751122.jpg,anonymous-rightLateralView-1726892751122_tooth_013.jpg,0.8264,1492,335,1778,538,286,203
anonymous-rightLateralView-1726892751122.jpg,anonymous-rightLateralView-1726892751122_tooth_014.jpg,0.4938,1526,528,1687,703,161,175
anonymous-rightLateralView-1726892751122.jpg,anonymous-rightLateralView-1726892751122_tooth_015.jpg,0.5978,1748,497,1867,760,119,263
anonymous-rightLateralView-1726892751122.jpg,anonymous-rightLateralView-1726892751122_tooth_016.jpg,0.6843,1800,336,1980,506,180,170
anonymous-rightLateralView-1727175730379.jpg,anonymous-rightLateralView-1727175730379_tooth_000.jpg,0.3008,172,172,307,318,135,146
anonymous-rightLateralView-1727175730379.jpg,anonymous-rightLateralView-1727175730379_tooth_001.jpg,0.3898,270,322,432,459,162,137
anonymous-rightLateralView-1727175730379.jpg,anonymous-rightLateralView-1727175730379_tooth_002.jpg,0.5833,472,407,651,520,179,113
anonymous-rightLateralView-1727175730379.jpg,anonymous-rightLateralView-1727175730379_tooth_003.jpg,0.5301,518,309,657,409,139,100
anonymous-rightLateralView-1727175730379.jpg,anonymous-rightLateralView-1727175730379_tooth_004.jpg,0.762,657,455,835,651,178,196
anonymous-rightLateralView-1727175730379.jpg,anonymous-rightLateralView-1727175730379_tooth_005.jpg,0.7934,686,288,850,438,164,150
anonymous-rightLateralView-1727175730379.jpg,anonymous-rightLateralView-1727175730379_tooth_006.jpg,0.7394,883,248,1077,427,194,179
anonymous-rightLateralView-1727175730379.jpg,anonymous-rightLateralView-1727175730379_tooth_007.jpg,0.6694,1080,451,1256,663,176,212
anonymous-rightLateralView-1727175730379.jpg,anonymous-rightLateralView-1727175730379_tooth_008.jpg,0.8278,1119,156,1394,445,275,289
anonymous-rightLateralView-1727175730379.jpg,anonymous-rightLateralView-1727175730379_tooth_009.jpg,0.5338,1297,401,1438,600,141,199
anonymous-rightLateralView-1727175730379.jpg,anonymous-rightLateralView-1727175730379_tooth_010.jpg,0.6308,1433,205,1505,380,72,175
anonymous-rightLateralView-1727175730379.jpg,anonymous-rightLateralView-1727175730379_tooth_011.jpg,0.3736,1453,369,1505,523,52,154
anonymous-rightLateralView-1727253615845.jpg,anonymous-rightLateralView-1727253615845_tooth_000.jpg,0.3823,391,504,589,598,198,94
anonymous-rightLateralView-1727253615845.jpg,anonymous-rightLateralView-1727253615845_tooth_001.jpg,0.4251,500,377,612,497,112,120
anonymous-rightLateralView-1727253615845.jpg,anonymous-rightLateralView-1727253615845_tooth_002.jpg,0.3556,610,529,730,627,120,98
anonymous-rightLateralView-1727253615845.jpg,anonymous-rightLateralView-1727253615845_tooth_003.jpg,0.6138,644,374,801,529,157,155
anonymous-rightLateralView-1727253615845.jpg,anonymous-rightLateralView-1727253615845_tooth_004.jpg,0.5012,779,526,924,672,145,146
anonymous-rightLateralView-1727253615845.jpg,anonymous-rightLateralView-1727253615845_tooth_005.jpg,0.8126,835,288,1031,533,196,245
anonymous-rightLateralView-1727253615845.jpg,anonymous-rightLateralView-1727253615845_tooth_006.jpg,0.5965,999,502,1180,710,181,208
anonymous-rightLateralView-1727253615845.jpg,anonymous-rightLateralView-1727253615845_tooth_007.jpg,0.6542,1073,280,1279,509,206,229
anonymous-rightLateralView-1727253615845.jpg,anonymous-rightLateralView-1727253615845_tooth_008.jpg,0.6395,1219,527,1382,702,163,175
anonymous-rightLateralView-1727253615845.jpg,anonymous-rightLateralView-1727253615845_tooth_009.jpg,0.6734,1339,228,1499,543,160,315
anonymous-rightLateralView-1727253615845.jpg,anonymous-rightLateralView-1727253615845_tooth_010.jpg,0.3506,1434,543,1499,712,65,169
anonymous-rightLateralView-1727411484788.jpg,anonymous-rightLateralView-1727411484788_tooth_000.jpg,0.379,686,635,882,796,196,161
anonymous-rightLateralView-1727411484788.jpg,anonymous-rightLateralView-1727411484788_tooth_001.jpg,0.364,732,446,859,606,127,160
anonymous-rightLateralView-1727411484788.jpg,anonymous-rightLateralView-1727411484788_tooth_002.jpg,0.6172,886,455,1112,681,226,226
anonymous-rightLateralView-1727411484788.jpg,anonymous-rightLateralView-1727411484788_tooth_003.jpg,0.5416,897,715,1176,862,279,147
anonymous-rightLateralView-1727411484788.jpg,anonymous-rightLateralView-1727411484788_tooth_004.jpg,0.3752,938,478,1095,676,157,198
anonymous-rightLateralView-1727411484788.jpg,anonymous-rightLateralView-1727411484788_tooth_005.jpg,0.5932,1137,469,1288,693,151,224
anonymous-rightLateralView-1727411484788.jpg,anonymous-rightLateralView-1727411484788_tooth_006.jpg,0.4992,1189,699,1386,905,197,206
anonymous-rightLateralView-1727411484788.jpg,anonymous-rightLateralView-1727411484788_tooth_007.jpg,0.7472,1326,384,1539,665,213,281
anonymous-rightLateralView-1727411484788.jpg,anonymous-rightLateralView-1727411484788_tooth_008.jpg,0.7116,1387,680,1641,976,254,296
anonymous-rightLateralView-1727411484788.jpg,anonymous-rightLateralView-1727411484788_tooth_009.jpg,0.7608,1610,216,1894,604,284,388
anonymous-rightLateralView-1727411484788.jpg,anonymous-rightLateralView-1727411484788_tooth_010.jpg,0.8002,1697,645,1985,1074,288,429
anonymous-rightLateralView-1727411484788.jpg,anonymous-rightLateralView-1727411484788_tooth_011.jpg,0.4553,1977,309,2117,618,140,309
anonymous-rightLateralView-1727411484788.jpg,anonymous-rightLateralView-1727411484788_tooth_012.jpg,0.3894,2023,666,2117,1118,94,452
anonymous-rightLateralView-1727411484788.jpg,anonymous-rightLateralView-1727411484788_tooth_013.jpg,0.4536,2030,666,2117,986,87,320
anonymous-rightLateralView-1727412411379.jpg,anonymous-rightLateralView-1727412411379_tooth_000.jpg,0.3908,427,350,527,483,100,133
anonymous-rightLateralView-1727412411379.jpg,anonymous-rightLateralView-1727412411379_tooth_001.jpg,0.5374,558,343,732,513,174,170
anonymous-rightLateralView-1727412411379.jpg,anonymous-rightLateralView-1727412411379_tooth_002.jpg,0.4167,589,524,781,651,192,127
anonymous-rightLateralView-1727412411379.jpg,anonymous-rightLateralView-1727412411379_tooth_003.jpg,0.3273,638,525,780,630,142,105
anonymous-rightLateralView-1727412411379.jpg,anonymous-rightLateralView-1727412411379_tooth_004.jpg,0.614,746,308,868,488,122,180
anonymous-rightLateralView-1727412411379.jpg,anonymous-rightLateralView-1727412411379_tooth_005.jpg,0.509,793,470,939,632,146,162
anonymous-rightLateralView-1727412411379.jpg,anonymous-rightLateralView-1727412411379_tooth_006.jpg,0.6802,884,212,1058,428,174,216
anonymous-rightLateralView-1727412411379.jpg,anonymous-rightLateralView-1727412411379_tooth_007.jpg,0.7844,939,422,1135,666,196,244
anonymous-rightLateralView-1727412411379.jpg,anonymous-rightLateralView-1727412411379_tooth_008.jpg,0.7892,1087,44,1321,351,234,307
anonymous-rightLateralView-1727412411379.jpg,anonymous-rightLateralView-1727412411379_tooth_009.jpg,0.8184,1166,365,1405,708,239,343
anonymous-rightLateralView-1727412411379.jpg,anonymous-rightLateralView-1727412411379_tooth_010.jpg,0.655,1371,58,1606,322,235,264
anonymous-rightLateralView-1727412411379.jpg,anonymous-rightLateralView-1727412411379_tooth_011.jpg,0.86,1427,315,1653,698,226,383
anonymous-rightLateralView-1727412411379.jpg,anonymous-rightLateralView-1727412411379_tooth_012.jpg,0.6195,1429,318,1650,595,221,277
anonymous-rightLateralView-1727412411379.jpg,anonymous-rightLateralView-1727412411379_tooth_013.jpg,0.4322,1620,36,1697,292,77,256
anonymous-rightLateralView-1727671727432.jpg,anonymous-rightLateralView-1727671727432_tooth_000.jpg,0.3667,590,584,739,739,149,155
anonymous-rightLateralView-1727671727432.jpg,anonymous-rightLateralView-1727671727432_tooth_001.jpg,0.3759,772,642,910,769,138,127
anonymous-rightLateralView-1727671727432.jpg,anonymous-rightLateralView-1727671727432_tooth_002.jpg,0.6708,1038,583,1239,742,201,159
anonymous-rightLateralView-1727671727432.jpg,anonymous-rightLateralView-1727671727432_tooth_003.jpg,0.69,1051,770,1204,1008,153,238
anonymous-rightLateralView-1727671727432.jpg,anonymous-rightLateralView-1727671727432_tooth_004.jpg,0.7033,1249,791,1470,1097,221,306
anonymous-rightLateralView-1727671727432.jpg,anonymous-rightLateralView-1727671727432_tooth_005.jpg,0.7545,1381,533,1622,837,241,304
anonymous-rightLateralView-1727671727432.jpg,anonymous-rightLateralView-1727671727432_tooth_006.jpg,0.6463,1535,824,1714,1067,179,243
anonymous-rightLateralView-1727671727432.jpg,anonymous-rightLateralView-1727671727432_tooth_007.jpg,0.7697,1688,506,1990,890,302,384
anonymous-rightLateralView-1727671727432.jpg,anonymous-rightLateralView-1727671727432_tooth_008.jpg,0.5465,1737,896,1900,1003,163,107
anonymous-rightLateralView-1727671727432.jpg,anonymous-rightLateralView-1727671727432_tooth_009.jpg,0.7265,2018,663,2237,907,219,244
anonymous-rightLateralView-1727683763074.jpg,anonymous-rightLateralView-1727683763074_tooth_000.jpg,0.4364,234,347,380,466,146,119
anonymous-rightLateralView-1727683763074.jpg,anonymous-rightLateralView-1727683763074_tooth_001.jpg,0.2865,236,339,378,522,142,183
anonymous-rightLateralView-1727683763074.jpg,anonymous-rightLateralView-1727683763074_tooth_002.jpg,0.6565,371,514,598,673,227,159
anonymous-rightLateralView-1727683763074.jpg,anonymous-rightLateralView-1727683763074_tooth_003.jpg,0.5403,402,355,552,496,150,141
anonymous-rightLateralView-1727683763074.jpg,anonymous-rightLateralView-1727683763074_tooth_004.jpg,0.7459,588,329,787,526,199,197
anonymous-rightLateralView-1727683763074.jpg,anonymous-rightLateralView-1727683763074_tooth_005.jpg,0.5816,594,546,779,708,185,162
anonymous-rightLateralView-1727683763074.jpg,anonymous-rightLateralView-1727683763074_tooth_006.jpg,0.6262,773,560,993,828,220,268
anonymous-rightLateralView-1727683763074.jpg,anonymous-rightLateralView-1727683763074_tooth_007.jpg,0.7189,869,224,1093,553,224,329
anonymous-rightLateralView-1727683763074.jpg,anonymous-rightLateralView-1727683763074_tooth_008.jpg,0.762,1074,522,1330,850,256,328
anonymous-rightLateralView-1727683763074.jpg,anonymous-rightLateralView-1727683763074_tooth_009.jpg,0.7412,1179,202,1456,491,277,289
anonymous-rightLateralView-1727683763074.jpg,anonymous-rightLateralView-1727683763074_tooth_010.jpg,0.826,1361,525,1538,832,177,307
anonymous-rightLateralView-1727683763074.jpg,anonymous-rightLateralView-1727683763074_tooth_011.jpg,0.4163,1462,156,1538,508,76,352
anonymous-rightLateralView-1727761954744.jpg,anonymous-rightLateralView-1727761954744_tooth_000.jpg,0.4352,552,377,764,490,212,113
anonymous-rightLateralView-1727761954744.jpg,anonymous-rightLateralView-1727761954744_tooth_001.jpg,0.6188,700,254,839,371,139,117
anonymous-rightLateralView-1727761954744.jpg,anonymous-rightLateralView-1727761954744_tooth_002.jpg,0.432,801,376,932,507,131,131
anonymous-rightLateralView-1727761954744.jpg,anonymous-rightLateralView-1727761954744_tooth_003.jpg,0.6385,857,242,1051,364,194,122
anonymous-rightLateralView-1727761954744.jpg,anonymous-rightLateralView-1727761954744_tooth_004.jpg,0.5807,961,351,1153,510,192,159
anonymous-rightLateralView-1727761954744.jpg,anonymous-rightLateralView-1727761954744_tooth_005.jpg,0.6227,1107,109,1296,345,189,236
anonymous-rightLateralView-1727761954744.jpg,anonymous-rightLateralView-1727761954744_tooth_006.jpg,0.425,1197,341,1327,479,130,138
anonymous-rightLateralView-1727761954744.jpg,anonymous-rightLateralView-1727761954744_tooth_007.jpg,0.3561,1378,132,1483,378,105,246
anonymous-rightLateralView-1727782111289.jpg,anonymous-rightLateralView-1727782111289_tooth_000.jpg,0.5259,321,472,463,577,142,105
anonymous-rightLateralView-1727782111289.jpg,anonymous-rightLateralView-1727782111289_tooth_001.jpg,0.4647,360,360,459,446,99,86
anonymous-rightLateralView-1727782111289.jpg,anonymous-rightLateralView-1727782111289_tooth_002.jpg,0.3891,469,358,546,426,77,68
anonymous-rightLateralView-1727782111289.jpg,anonymous-rightLateralView-1727782111289_tooth_003.jpg,0.432,468,429,584,580,116,151
anonymous-rightLateralView-1727782111289.jpg,anonymous-rightLateralView-1727782111289_tooth_004.jpg,0.5039,561,297,666,400,105,103
anonymous-rightLateralView-1727782111289.jpg,anonymous-rightLateralView-1727782111289_tooth_005.jpg,0.6925,591,397,744,596,153,199
anonymous-rightLateralView-1727782111289.jpg,anonymous-rightLateralView-1727782111289_tooth_006.jpg,0.7118,692,240,882,374,190,134
anonymous-rightLateralView-1727782111289.jpg,anonymous-rightLateralView-1727782111289_tooth_007.jpg,0.7307,770,388,926,599,156,211
anonymous-rightLateralView-1727782111289.jpg,anonymous-rightLateralView-1727782111289_tooth_008.jpg,0.7209,902,179,1093,355,191,176
anonymous-rightLateralView-1727782111289.jpg,anonymous-rightLateralView-1727782111289_tooth_009.jpg,0.7622,960,371,1127,565,167,194
anonymous-rightLateralView-1727782111289.jpg,anonymous-rightLateralView-1727782111289_tooth_010.jpg,0.731,1135,163,1348,314,213,151
anonymous-rightLateralView-1727782111289.jpg,anonymous-rightLateralView-1727782111289_tooth_011.jpg,0.6831,1144,377,1292,550,148,173
anonymous-rightLateralView-1727782111289.jpg,anonymous-rightLateralView-1727782111289_tooth_012.jpg,0.4439,1304,376,1444,474,140,98
anonymous-rightLateralView-1727782111289.jpg,anonymous-rightLateralView-1727782111289_tooth_013.jpg,0.327,1403,231,1522,307,119,76
anonymous-rightLateralView-1727782111289.jpg,anonymous-rightLateralView-1727782111289_tooth_014.jpg,0.3518,1445,346,1522,423,77,77
anonymous_002-007-1425-00_1733985413148_Right_Lateral_View.jpg,anonymous_002-007-1425-00_1733985413148_Right_Lateral_View_tooth_000.jpg,0.4612,576,821,844,1007,268,186
anonymous_002-007-1425-00_1733985413148_Right_Lateral_View.jpg,anonymous_002-007-1425-00_1733985413148_Right_Lateral_View_tooth_001.jpg,0.2905,637,830,839,1020,202,190
anonymous_002-007-1425-00_1733985413148_Right_Lateral_View.jpg,anonymous_002-007-1425-00_1733985413148_Right_Lateral_View_tooth_002.jpg,0.3566,697,1043,940,1239,243,196
anonymous_002-007-1425-00_1733985413148_Right_Lateral_View.jpg,anonymous_002-007-1425-00_1733985413148_Right_Lateral_View_tooth_003.jpg,0.4941,890,825,1189,1035,299,210
anonymous_002-007-1425-00_1733985413148_Right_Lateral_View.jpg,anonymous_002-007-1425-00_1733985413148_Right_Lateral_View_tooth_004.jpg,0.3785,1045,1023,1374,1223,329,200
anonymous_002-007-1425-00_1733985413148_Right_Lateral_View.jpg,anonymous_002-007-1425-00_1733985413148_Right_Lateral_View_tooth_005.jpg,0.2866,1190,1018,1348,1213,158,195
anonymous_002-007-1425-00_1733985413148_Right_Lateral_View.jpg,anonymous_002-007-1425-00_1733985413148_Right_Lateral_View_tooth_006.jpg,0.4923,1241,742,1461,999,220,257
anonymous_002-007-1425-00_1733985413148_Right_Lateral_View.jpg,anonymous_002-007-1425-00_1733985413148_Right_Lateral_View_tooth_007.jpg,0.6062,1420,955,1689,1273,269,318
anonymous_002-007-1425-00_1733985413148_Right_Lateral_View.jpg,anonymous_002-007-1425-00_1733985413148_Right_Lateral_View_tooth_008.jpg,0.7727,1611,533,1981,985,370,452
anonymous_002-007-1425-00_1733985413148_Right_Lateral_View.jpg,anonymous_002-007-1425-00_1733985413148_Right_Lateral_View_tooth_009.jpg,0.2853,1765,993,2056,1196,291,203
anonymous_002-007-1425-00_1733985413148_Right_Lateral_View.jpg,anonymous_002-007-1425-00_1733985413148_Right_Lateral_View_tooth_010.jpg,0.652,2074,561,2380,917,306,356
anonymous_002-007-1425-00_1733985413148_Right_Lateral_View.jpg,anonymous_002-007-1425-00_1733985413148_Right_Lateral_View_tooth_011.jpg,0.3723,2173,909,2439,1077,266,168
anonymous_002-007-1425-00_1733985413148_Right_Lateral_View.jpg,anonymous_002-007-1425-00_1733985413148_Right_Lateral_View_tooth_012.jpg,0.726,2468,666,2896,966,428,300
anonymous_003-007-1002-01_1731041206649_Frontal_View.jpg,anonymous_003-007-1002-01_1731041206649_Frontal_View_tooth_000.jpg,0.4114,77,271,165,412,88,141
anonymous_003-007-1002-01_1731041206649_Frontal_View.jpg,anonymous_003-007-1002-01_1731041206649_Frontal_View_tooth_001.jpg,0.4231,104,440,215,618,111,178
anonymous_003-007-1002-01_1731041206649_Frontal_View.jpg,anonymous_003-007-1002-01_1731041206649_Frontal_View_tooth_002.jpg,0.2715,209,459,277,633,68,174
anonymous_003-007-1002-01_1731041206649_Frontal_View.jpg,anonymous_003-007-1002-01_1731041206649_Frontal_View_tooth_003.jpg,0.4846,215,459,286,611,71,152
anonymous_003-007-1002-01_1731041206649_Frontal_View.jpg,anonymous_003-007-1002-01_1731041206649_Frontal_View_tooth_004.jpg,0.2689,224,237,306,393,82,156
anonymous_003-007-1002-01_1731041206649_Frontal_View.jpg,anonymous_003-007-1002-01_1731041206649_Frontal_View_tooth_005.jpg,0.568,223,236,330,424,107,188
anonymous_003-007-1002-01_1731041206649_Frontal_View.jpg,anonymous_003-007-1002-01_1731041206649_Frontal_View_tooth_006.jpg,0.5437,286,444,379,634,93,190
anonymous_003-007-1002-01_1731041206649_Frontal_View.jpg,anonymous_003-007-1002-01_1731041206649_Frontal_View_tooth_007.jpg,0.7348,327,175,453,428,126,253
anonymous_003-007-1002-01_1731041206649_Frontal_View.jpg,anonymous_003-007-1002-01_1731041206649_Frontal_View_tooth_008.jpg,0.8267,385,407,502,649,117,242
anonymous_003-007-1002-01_1731041206649_Frontal_View.jpg,anonymous_003-007-1002-01_1731041206649_Frontal_View_tooth_009.jpg,0.8079,463,217,615,411,152,194
anonymous_003-007-1002-01_1731041206649_Frontal_View.jpg,anonymous_003-007-1002-01_1731041206649_Frontal_View_tooth_010.jpg,0.6284,523,404,637,580,114,176
anonymous_003-007-1002-01_1731041206649_Frontal_View.jpg,anonymous_003-007-1002-01_1731041206649_Frontal_View_tooth_011.jpg,0.8262,633,172,845,422,212,250
anonymous_003-007-1002-01_1731041206649_Frontal_View.jpg,anonymous_003-007-1002-01_1731041206649_Frontal_View_tooth_012.jpg,0.793,646,410,785,630,139,220
anonymous_003-007-1002-01_1731041206649_Frontal_View.jpg,anonymous_003-007-1002-01_1731041206649_Frontal_View_tooth_013.jpg,0.2602,655,412,777,586,122,174
anonymous_003-007-1002-01_1731041206649_Frontal_View.jpg,anonymous_003-007-1002-01_1731041206649_Frontal_View_tooth_014.jpg,0.5296,787,413,882,535,95,122
anonymous_003-007-1002-01_1731041206649_Frontal_View.jpg,anonymous_003-007-1002-01_1731041206649_Frontal_View_tooth_015.jpg,0.8008,863,177,1066,407,203,230
anonymous_003-007-1002-01_1731041206649_Frontal_View.jpg,anonymous_003-007-1002-01_1731041206649_Frontal_View_tooth_016.jpg,0.7471,889,395,1016,619,127,224
anonymous_003-007-1002-01_1731041206649_Frontal_View.jpg,anonymous_003-007-1002-01_1731041206649_Frontal_View_tooth_017.jpg,0.6813,1046,376,1162,560,116,184
anonymous_003-007-1002-01_1731041206649_Frontal_View.jpg,anonymous_003-007-1002-01_1731041206649_Frontal_View_tooth_018.jpg,0.75,1089,204,1203,374,114,170
anonymous_003-007-1002-01_1731041206649_Frontal_View.jpg,anonymous_003-007-1002-01_1731041206649_Frontal_View_tooth_019.jpg,0.7607,1163,374,1250,580,87,206
anonymous_003-007-1002-01_1731041206649_Frontal_View.jpg,anonymous_003-007-1002-01_1731041206649_Frontal_View_tooth_020.jpg,0.6447,1211,199,1308,386,97,187
anonymous_003-007-1002-01_1731041206649_Frontal_View.jpg,anonymous_003-007-1002-01_1731041206649_Frontal_View_tooth_021.jpg,0.317,1248,411,1302,562,54,151
anonymous_003-007-1004-00_1731042060585_Frontal_View.jpg,anonymous_003-007-1004-00_1731042060585_Frontal_View_tooth_000.jpg,0.4854,55,333,204,582,149,249
anonymous_003-007-1004-00_1731042060585_Frontal_View.jpg,anonymous_003-007-1004-00_1731042060585_Frontal_View_tooth_001.jpg,0.3055,166,625,250,778,84,153
anonymous_003-007-1004-00_1731042060585_Frontal_View.jpg,anonymous_003-007-1004-00_1731042060585_Frontal_View_tooth_002.jpg,0.6573,192,289,360,612,168,323
anonymous_003-007-1004-00_1731042060585_Frontal_View.jpg,anonymous_003-007-1004-00_1731042060585_Frontal_View_tooth_003.jpg,0.5663,250,612,364,882,114,270
anonymous_003-007-1004-00_1731042060585_Frontal_View.jpg,anonymous_003-007-1004-00_1731042060585_Frontal_View_tooth_004.jpg,0.3162,252,612,349,824,97,212
anonymous_003-007-1004-00_1731042060585_Frontal_View.jpg,anonymous_003-007-1004-00_1731042060585_Frontal_View_tooth_005.jpg,0.6414,361,576,529,899,168,323
anonymous_003-007-1004-00_1731042060585_Frontal_View.jpg,anonymous_003-007-1004-00_1731042060585_Frontal_View_tooth_006.jpg,0.7481,364,323,584,599,220,276
anonymous_003-007-1004-00_1731042060585_Frontal_View.jpg,anonymous_003-007-1004-00_1731042060585_Frontal_View_tooth_007.jpg,0.7234,533,590,702,819,169,229
anonymous_003-007-1004-00_1731042060585_Frontal_View.jpg,anonymous_003-007-1004-00_1731042060585_Frontal_View_tooth_008.jpg,0.2873,550,588,688,790,138,202
anonymous_003-007-1004-00_1731042060585_Frontal_View.jpg,anonymous_003-007-1004-00_1731042060585_Frontal_View_tooth_009.jpg,0.8189,590,221,889,605,299,384
anonymous_003-007-1004-00_1731042060585_Frontal_View.jpg,anonymous_003-007-1004-00_1731042060585_Frontal_View_tooth_010.jpg,0.7901,709,591,893,844,184,253
anonymous_003-007-1004-00_1731042060585_Frontal_View.jpg,anonymous_003-007-1004-00_1731042060585_Frontal_View_tooth_011.jpg,0.3967,893,563,1024,718,131,155
anonymous_003-007-1004-00_1731042060585_Frontal_View.jpg,anonymous_003-007-1004-00_1731042060585_Frontal_View_tooth_012.jpg,0.852,916,207,1203,566,287,359
anonymous_003-007-1004-00_1731042060585_Frontal_View.jpg,anonymous_003-007-1004-00_1731042060585_Frontal_View_tooth_013.jpg,0.841,1041,534,1215,841,174,307
anonymous_003-007-1004-00_1731042060585_Frontal_View.jpg,anonymous_003-007-1004-00_1731042060585_Frontal_View_tooth_014.jpg,0.7768,1218,216,1402,493,184,277
anonymous_003-007-1004-00_1731042060585_Frontal_View.jpg,anonymous_003-007-1004-00_1731042060585_Frontal_View_tooth_015.jpg,0.7997,1239,492,1415,740,176,248
anonymous_003-007-1004-00_1731042060585_Frontal_View.jpg,anonymous_003-007-1004-00_1731042060585_Frontal_View_tooth_016.jpg,0.6377,1404,184,1543,485,139,301
anonymous_003-007-1004-00_1731042060585_Frontal_View.jpg,anonymous_003-007-1004-00_1731042060585_Frontal_View_tooth_017.jpg,0.5944,1408,470,1526,764,118,294
anonymous_003-007-1004-00_1731042060585_Frontal_View.jpg,anonymous_003-007-1004-00_1731042060585_Frontal_View_tooth_018.jpg,0.326,1416,472,1515,710,99,238
anonymous_003-007-1011-01_1731051758521_Left_Lateral_View.jpg,anonymous_003-007-1011-01_1731051758521_Left_Lateral_View_tooth_000.jpg,0.3305,0,499,61,918,61,419
anonymous_003-007-1011-01_1731051758521_Left_Lateral_View.jpg,anonymous_003-007-1011-01_1731051758521_Left_Lateral_View_tooth_001.jpg,0.3294,20,885,182,1033,162,148
anonymous_003-007-1011-01_1731051758521_Left_Lateral_View.jpg,anonymous_003-007-1011-01_1731051758521_Left_Lateral_View_tooth_002.jpg,0.8184,102,560,342,874,240,314
anonymous_003-007-1011-01_1731051758521_Left_Lateral_View.jpg,anonymous_003-007-1011-01_1731051758521_Left_Lateral_View_tooth_003.jpg,0.3688,237,875,425,1003,188,128
anonymous_003-007-1011-01_1731051758521_Left_Lateral_View.jpg,anonymous_003-007-1011-01_1731051758521_Left_Lateral_View_tooth_004.jpg,0.7469,410,569,624,881,214,312
anonymous_003-007-1011-01_1731051758521_Left_Lateral_View.jpg,anonymous_003-007-1011-01_1731051758521_Left_Lateral_View_tooth_005.jpg,0.6046,670,624,892,780,222,156
anonymous_003-007-1011-01_1731051758521_Left_Lateral_View.jpg,anonymous_003-007-1011-01_1731051758521_Left_Lateral_View_tooth_006.jpg,0.6577,930,650,1130,789,200,139
anonymous_003-007-1011-01_1731051758521_Left_Lateral_View.jpg,anonymous_003-007-1011-01_1731051758521_Left_Lateral_View_tooth_007.jpg,0.4727,982,497,1187,640,205,143
anonymous_003-007-1012-00_1731052265486_Frontal_View.jpg,anonymous_003-007-1012-00_1731052265486_Frontal_View_tooth_000.jpg,0.7576,285,250,448,511,163,261
anonymous_003-007-1012-00_1731052265486_Frontal_View.jpg,anonymous_003-007-1012-00_1731052265486_Frontal_View_tooth_001.jpg,0.6902,305,531,455,805,150,274
anonymous_003-007-1012-00_1731052265486_Frontal_View.jpg,anonymous_003-007-1012-00_1731052265486_Frontal_View_tooth_002.jpg,0.7998,454,186,674,486,220,300
anonymous_003-007-1012-00_1731052265486_Frontal_View.jpg,anonymous_003-007-1012-00_1731052265486_Frontal_View_tooth_003.jpg,0.8068,466,482,631,873,165,391
anonymous_003-007-1012-00_1731052265486_Frontal_View.jpg,anonymous_003-007-1012-00_1731052265486_Frontal_View_tooth_004.jpg,0.8422,630,519,838,836,208,317
anonymous_003-007-1012-00_1731052265486_Frontal_View.jpg,anonymous_003-007-1012-00_1731052265486_Frontal_View_tooth_005.jpg,0.9103,695,106,1046,539,351,433
anonymous_003-007-1012-00_1731052265486_Frontal_View.jpg,anonymous_003-007-1012-00_1731052265486_Frontal_View_tooth_006.jpg,0.8138,849,516,1064,869,215,353
anonymous_003-007-1012-00_1731052265486_Frontal_View.jpg,anonymous_003-007-1012-00_1731052265486_Frontal_View_tooth_007.jpg,0.8652,1055,77,1387,504,332,427
anonymous_003-007-1012-00_1731052265486_Frontal_View.jpg,anonymous_003-007-1012-00_1731052265486_Frontal_View_tooth_008.jpg,0.8561,1067,477,1268,830,201,353
anonymous_003-007-1012-00_1731052265486_Frontal_View.jpg,anonymous_003-007-1012-00_1731052265486_Frontal_View_tooth_009.jpg,0.797,1278,469,1463,765,185,296
anonymous_003-007-1012-00_1731052265486_Frontal_View.jpg,anonymous_003-007-1012-00_1731052265486_Frontal_View_tooth_010.jpg,0.8163,1393,147,1572,430,179,283
anonymous_003-007-1012-00_1731052265486_Frontal_View.jpg,anonymous_003-007-1012-00_1731052265486_Frontal_View_tooth_011.jpg,0.4806,1460,429,1587,711,127,282
anonymous_003-007-1012-00_1731052265486_Frontal_View.jpg,anonymous_003-007-1012-00_1731052265486_Frontal_View_tooth_012.jpg,0.2616,1466,426,1562,694,96,268
anonymous_003-007-1012-00_1731052265486_Frontal_View.jpg,anonymous_003-007-1012-00_1731052265486_Frontal_View_tooth_013.jpg,0.5361,1579,154,1715,426,136,272
anonymous_003-007-1012-00_1731052265486_Frontal_View.jpg,anonymous_003-007-1012-00_1731052265486_Frontal_View_tooth_014.jpg,0.587,1586,444,1718,639,132,195
anonymous_003-007-1022-00_1731213200765_Maxillary_Occlusal_View.jpg,anonymous_003-007-1022-00_1731213200765_Maxillary_Occlusal_View_tooth_000.jpg,0.6222,324,1652,697,1960,373,308
anonymous_003-007-1022-00_1731213200765_Maxillary_Occlusal_View.jpg,anonymous_003-007-1022-00_1731213200765_Maxillary_Occlusal_View_tooth_001.jpg,0.4576,385,2014,649,2176,264,162
anonymous_003-007-1022-00_1731213200765_Maxillary_Occlusal_View.jpg,anonymous_003-007-1022-00_1731213200765_Maxillary_Occlusal_View_tooth_002.jpg,0.5946,378,1287,773,1607,395,320
anonymous_003-007-1022-00_1731213200765_Maxillary_Occlusal_View.jpg,anonymous_003-007-1022-00_1731213200765_Maxillary_Occlusal_View_tooth_003.jpg,0.6019,527,1055,811,1290,284,235
anonymous_003-007-1022-00_1731213200765_Maxillary_Occlusal_View.jpg,anonymous_003-007-1022-00_1731213200765_Maxillary_Occlusal_View_tooth_004.jpg,0.6087,580,775,925,1022,345,247
anonymous_003-007-1022-00_1731213200765_Maxillary_Occlusal_View.jpg,anonymous_003-007-1022-00_1731213200765_Maxillary_Occlusal_View_tooth_005.jpg,0.5701,693,419,995,739,302,320
anonymous_003-007-1022-00_1731213200765_Maxillary_Occlusal_View.jpg,anonymous_003-007-1022-00_1731213200765_Maxillary_Occlusal_View_tooth_006.jpg,0.3745,927,232,1195,485,268,253
anonymous_003-007-1022-00_1731213200765_Maxillary_Occlusal_View.jpg,anonymous_003-007-1022-00_1731213200765_Maxillary_Occlusal_View_tooth_007.jpg,0.3869,1191,55,1607,383,416,328
anonymous_003-007-1022-00_1731213200765_Maxillary_Occlusal_View.jpg,anonymous_003-007-1022-00_1731213200765_Maxillary_Occlusal_View_tooth_008.jpg,0.4795,1206,54,1610,278,404,224
anonymous_003-007-1022-00_1731213200765_Maxillary_Occlusal_View.jpg,anonymous_003-007-1022-00_1731213200765_Maxillary_Occlusal_View_tooth_009.jpg,0.4278,1672,56,2078,396,406,340
anonymous_003-007-1022-00_1731213200765_Maxillary_Occlusal_View.jpg,anonymous_003-007-1022-00_1731213200765_Maxillary_Occlusal_View_tooth_010.jpg,0.4769,2111,271,2382,486,271,215
anonymous_003-007-1022-00_1731213200765_Maxillary_Occlusal_View.jpg,anonymous_003-007-1022-00_1731213200765_Maxillary_Occlusal_View_tooth_011.jpg,0.4839,2303,488,2594,760,291,272
anonymous_003-007-1022-00_1731213200765_Maxillary_Occlusal_View.jpg,anonymous_003-007-1022-00_1731213200765_Maxillary_Occlusal_View_tooth_012.jpg,0.5078,2327,818,2690,1057,363,239
anonymous_003-007-1022-00_1731213200765_Maxillary_Occlusal_View.jpg,anonymous_003-007-1022-00_1731213200765_Maxillary_Occlusal_View_tooth_013.jpg,0.6222,2458,1376,2898,1684,440,308
anonymous_003-007-1022-00_1731213200765_Maxillary_Occlusal_View.jpg,anonymous_003-007-1022-00_1731213200765_Maxillary_Occlusal_View_tooth_014.jpg,0.5136,2468,1128,2764,1353,296,225
anonymous_003-007-1022-00_1731213200765_Maxillary_Occlusal_View.jpg,anonymous_003-007-1022-00_1731213200765_Maxillary_Occlusal_View_tooth_015.jpg,0.2966,2545,1767,2958,2065,413,298
anonymous_003-007-1044-00_1731313465914_Left_Lateral_View.jpg,anonymous_003-007-1044-00_1731313465914_Left_Lateral_View_tooth_000.jpg,0.6324,0,174,94,491,94,317
anonymous_003-007-1044-00_1731313465914_Left_Lateral_View.jpg,anonymous_003-007-1044-00_1731313465914_Left_Lateral_View_tooth_001.jpg,0.4428,0,176,90,391,90,215
anonymous_003-007-1044-00_1731313465914_Left_Lateral_View.jpg,anonymous_003-007-1044-00_1731313465914_Left_Lateral_View_tooth_002.jpg,0.7977,0,499,161,734,161,235
anonymous_003-007-1044-00_1731313465914_Left_Lateral_View.jpg,anonymous_003-007-1044-00_1731313465914_Left_Lateral_View_tooth_003.jpg,0.8494,116,217,354,523,238,306
anonymous_003-007-1044-00_1731313465914_Left_Lateral_View.jpg,anonymous_003-007-1044-00_1731313465914_Left_Lateral_View_tooth_004.jpg,0.8061,194,516,415,748,221,232
anonymous_003-007-1044-00_1731313465914_Left_Lateral_View.jpg,anonymous_003-007-1044-00_1731313465914_Left_Lateral_View_tooth_005.jpg,0.2645,440,295,557,382,117,87
anonymous_003-007-1044-00_1731313465914_Left_Lateral_View.jpg,anonymous_003-007-1044-00_1731313465914_Left_Lateral_View_tooth_006.jpg,0.6624,446,478,602,681,156,203
anonymous_003-007-1044-00_1731313465914_Left_Lateral_View.jpg,anonymous_003-007-1044-00_1731313465914_Left_Lateral_View_tooth_007.jpg,0.4704,506,371,731,534,225,163
anonymous_003-007-1044-00_1731313465914_Left_Lateral_View.jpg,anonymous_003-007-1044-00_1731313465914_Left_Lateral_View_tooth_008.jpg,0.38,658,520,795,636,137,116
anonymous_003-007-1044-00_1731313465914_Left_Lateral_View.jpg,anonymous_003-007-1044-00_1731313465914_Left_Lateral_View_tooth_009.jpg,0.4204,739,410,870,516,131,106
anonymous_003-007-1044-00_1731313465914_Left_Lateral_View.jpg,anonymous_003-007-1044-00_1731313465914_Left_Lateral_View_tooth_010.jpg,0.2597,855,483,976,600,121,117
anonymous_003-007-1044-00_1731313465914_Left_Lateral_View.jpg,anonymous_003-007-1044-00_1731313465914_Left_Lateral_View_tooth_011.jpg,0.4545,912,353,1029,467,117,114
anonymous_003-007-1055-01_1731386400029_Right_Lateral_View.jpg,anonymous_003-007-1055-01_1731386400029_Right_Lateral_View_tooth_000.jpg,0.4594,313,660,506,777,193,117
anonymous_003-007-1055-01_1731386400029_Right_Lateral_View.jpg,anonymous_003-007-1055-01_1731386400029_Right_Lateral_View_tooth_001.jpg,0.5061,355,800,569,898,214,98
anonymous_003-007-1055-01_1731386400029_Right_Lateral_View.jpg,anonymous_003-007-1055-01_1731386400029_Right_Lateral_View_tooth_002.jpg,0.7003,699,677,888,897,189,220
anonymous_003-007-1055-01_1731386400029_Right_Lateral_View.jpg,anonymous_003-007-1055-01_1731386400029_Right_Lateral_View_tooth_003.jpg,0.695,975,745,1167,925,192,180
anonymous_003-007-1055-01_1731386400029_Right_Lateral_View.jpg,anonymous_003-007-1055-01_1731386400029_Right_Lateral_View_tooth_004.jpg,0.3288,1186,632,1401,909,215,277
anonymous_003-007-1055-01_1731386400029_Right_Lateral_View.jpg,anonymous_003-007-1055-01_1731386400029_Right_Lateral_View_tooth_005.jpg,0.7037,1190,639,1422,971,232,332
anonymous_003-007-1055-01_1731386400029_Right_Lateral_View.jpg,anonymous_003-007-1055-01_1731386400029_Right_Lateral_View_tooth_006.jpg,0.6004,1468,639,1561,991,93,352
anonymous_003-007-1059-01_1731392005920_Left_Lateral_View.jpg,anonymous_003-007-1059-01_1731392005920_Left_Lateral_View_tooth_000.jpg,0.2923,0,773,82,951,82,178
anonymous_003-007-1059-01_1731392005920_Left_Lateral_View.jpg,anonymous_003-007-1059-01_1731392005920_Left_Lateral_View_tooth_001.jpg,0.5007,0,776,105,931,105,155
anonymous_003-007-1059-01_1731392005920_Left_Lateral_View.jpg,anonymous_003-007-1059-01_1731392005920_Left_Lateral_View_tooth_002.jpg,0.7019,53,457,310,782,257,325
anonymous_003-007-1059-01_1731392005920_Left_Lateral_View.jpg,anonymous_003-007-1059-01_1731392005920_Left_Lateral_View_tooth_003.jpg,0.5328,157,798,354,958,197,160
anonymous_003-007-1059-01_1731392005920_Left_Lateral_View.jpg,anonymous_003-007-1059-01_1731392005920_Left_Lateral_View_tooth_004.jpg,0.7371,342,543,560,757,218,214
anonymous_003-007-1059-01_1731392005920_Left_Lateral_View.jpg,anonymous_003-007-1059-01_1731392005920_Left_Lateral_View_tooth_005.jpg,0.5282,395,757,576,910,181,153
anonymous_003-007-1059-01_1731392005920_Left_Lateral_View.jpg,anonymous_003-007-1059-01_1731392005920_Left_Lateral_View_tooth_006.jpg,0.6477,579,651,759,796,180,145
anonymous_003-007-1059-01_1731392005920_Left_Lateral_View.jpg,anonymous_003-007-1059-01_1731392005920_Left_Lateral_View_tooth_007.jpg,0.3573,594,633,767,780,173,147
anonymous_003-007-1059-01_1731392005920_Left_Lateral_View.jpg,anonymous_003-007-1059-01_1731392005920_Left_Lateral_View_tooth_008.jpg,0.4589,778,644,953,825,175,181
anonymous_003-007-1083-01_1732175835410_Left_Lateral_View.jpg,anonymous_003-007-1083-01_1732175835410_Left_Lateral_View_tooth_000.jpg,0.8783,0,705,157,1028,157,323
anonymous_003-007-1083-01_1732175835410_Left_Lateral_View.jpg,anonymous_003-007-1083-01_1732175835410_Left_Lateral_View_tooth_001.jpg,0.7426,52,373,313,699,261,326
anonymous_003-007-1083-01_1732175835410_Left_Lateral_View.jpg,anonymous_003-007-1083-01_1732175835410_Left_Lateral_View_tooth_002.jpg,0.5358,218,708,434,946,216,238
anonymous_003-007-1083-01_1732175835410_Left_Lateral_View.jpg,anonymous_003-007-1083-01_1732175835410_Left_Lateral_View_tooth_003.jpg,0.7161,219,701,432,1044,213,343
anonymous_003-007-1083-01_1732175835410_Left_Lateral_View.jpg,anonymous_003-007-1083-01_1732175835410_Left_Lateral_View_tooth_004.jpg,0.7444,353,392,564,705,211,313
anonymous_003-007-1083-01_1732175835410_Left_Lateral_View.jpg,anonymous_003-007-1083-01_1732175835410_Left_Lateral_View_tooth_005.jpg,0.6086,471,727,662,981,191,254
anonymous_003-007-1083-01_1732175835410_Left_Lateral_View.jpg,anonymous_003-007-1083-01_1732175835410_Left_Lateral_View_tooth_006.jpg,0.6673,601,454,773,691,172,237
anonymous_003-007-1083-01_1732175835410_Left_Lateral_View.jpg,anonymous_003-007-1083-01_1732175835410_Left_Lateral_View_tooth_007.jpg,0.5414,656,708,822,897,166,189
anonymous_003-007-1083-01_1732175835410_Left_Lateral_View.jpg,anonymous_003-007-1083-01_1732175835410_Left_Lateral_View_tooth_008.jpg,0.6577,793,480,936,647,143,167
anonymous_003-007-1083-01_1732175835410_Left_Lateral_View.jpg,anonymous_003-007-1083-01_1732175835410_Left_Lateral_View_tooth_009.jpg,0.5939,828,672,1059,836,231,164
anonymous_003-007-1083-01_1732175835410_Left_Lateral_View.jpg,anonymous_003-007-1083-01_1732175835410_Left_Lateral_View_tooth_010.jpg,0.5583,952,483,1082,628,130,145
anonymous_003-007-1086-00_1732180719427_Left_Lateral_View.jpg,anonymous_003-007-1086-00_1732180719427_Left_Lateral_View_tooth_000.jpg,0.8314,0,366,155,621,155,255
anonymous_003-007-1086-00_1732180719427_Left_Lateral_View.jpg,anonymous_003-007-1086-00_1732180719427_Left_Lateral_View_tooth_001.jpg,0.4512,0,1010,253,1367,253,357
anonymous_003-007-1086-00_1732180719427_Left_Lateral_View.jpg,anonymous_003-007-1086-00_1732180719427_Left_Lateral_View_tooth_002.jpg,0.8562,0,610,252,897,252,287
anonymous_003-007-1086-00_1732180719427_Left_Lateral_View.jpg,anonymous_003-007-1086-00_1732180719427_Left_Lateral_View_tooth_003.jpg,0.8103,205,348,425,662,220,314
anonymous_003-007-1086-00_1732180719427_Left_Lateral_View.jpg,anonymous_003-007-1086-00_1732180719427_Left_Lateral_View_tooth_004.jpg,0.6929,267,687,413,861,146,174
anonymous_003-007-1086-00_1732180719427_Left_Lateral_View.jpg,anonymous_003-007-1086-00_1732180719427_Left_Lateral_View_tooth_005.jpg,0.6717,433,685,621,842,188,157
anonymous_003-007-1086-00_1732180719427_Left_Lateral_View.jpg,anonymous_003-007-1086-00_1732180719427_Left_Lateral_View_tooth_006.jpg,0.6927,454,472,624,689,170,217
anonymous_003-007-1086-00_1732180719427_Left_Lateral_View.jpg,anonymous_003-007-1086-00_1732180719427_Left_Lateral_View_tooth_007.jpg,0.7551,632,541,773,712,141,171
anonymous_003-007-1086-00_1732180719427_Left_Lateral_View.jpg,anonymous_003-007-1086-00_1732180719427_Left_Lateral_View_tooth_008.jpg,0.5165,630,713,852,841,222,128
anonymous_003-007-1086-00_1732180719427_Left_Lateral_View.jpg,anonymous_003-007-1086-00_1732180719427_Left_Lateral_View_tooth_009.jpg,0.6463,790,558,966,717,176,159
anonymous_003-007-1086-00_1732180719427_Left_Lateral_View.jpg,anonymous_003-007-1086-00_1732180719427_Left_Lateral_View_tooth_010.jpg,0.5533,1169,543,1367,920,198,377
anonymous_003-007-1086-00_1732180719427_Left_Lateral_View.jpg,anonymous_003-007-1086-00_1732180719427_Left_Lateral_View_tooth_011.jpg,0.2809,1193,502,1367,841,174,339
anonymous_003-007-1099-01_1732262197016_Right_Lateral_View.jpg,anonymous_003-007-1099-01_1732262197016_Right_Lateral_View_tooth_000.jpg,0.3347,48,440,184,655,136,215
anonymous_003-007-1099-01_1732262197016_Right_Lateral_View.jpg,anonymous_003-007-1099-01_1732262197016_Right_Lateral_View_tooth_001.jpg,0.4389,179,646,421,861,242,215
anonymous_003-007-1099-01_1732262197016_Right_Lateral_View.jpg,anonymous_003-007-1099-01_1732262197016_Right_Lateral_View_tooth_002.jpg,0.4026,417,575,541,694,124,119
anonymous_003-007-1099-01_1732262197016_Right_Lateral_View.jpg,anonymous_003-007-1099-01_1732262197016_Right_Lateral_View_tooth_003.jpg,0.5256,421,734,577,923,156,189
anonymous_003-007-1099-01_1732262197016_Right_Lateral_View.jpg,anonymous_003-007-1099-01_1732262197016_Right_Lateral_View_tooth_004.jpg,0.4212,568,808,738,1096,170,288
anonymous_003-007-1099-01_1732262197016_Right_Lateral_View.jpg,anonymous_003-007-1099-01_1732262197016_Right_Lateral_View_tooth_005.jpg,0.6325,573,583,746,774,173,191
anonymous_003-007-1099-01_1732262197016_Right_Lateral_View.jpg,anonymous_003-007-1099-01_1732262197016_Right_Lateral_View_tooth_006.jpg,0.8021,573,804,770,1065,197,261
anonymous_003-007-1099-01_1732262197016_Right_Lateral_View.jpg,anonymous_003-007-1099-01_1732262197016_Right_Lateral_View_tooth_007.jpg,0.2936,581,806,766,994,185,188
anonymous_003-007-1099-01_1732262197016_Right_Lateral_View.jpg,anonymous_003-007-1099-01_1732262197016_Right_Lateral_View_tooth_008.jpg,0.6925,804,833,1001,1053,197,220
anonymous_003-007-1099-01_1732262197016_Right_Lateral_View.jpg,anonymous_003-007-1099-01_1732262197016_Right_Lateral_View_tooth_009.jpg,0.6098,803,602,1036,840,233,238
anonymous_003-007-1099-01_1732262197016_Right_Lateral_View.jpg,anonymous_003-007-1099-01_1732262197016_Right_Lateral_View_tooth_010.jpg,0.5308,1021,871,1195,1031,174,160
anonymous_003-007-1099-01_1732262197016_Right_Lateral_View.jpg,anonymous_003-007-1099-01_1732262197016_Right_Lateral_View_tooth_011.jpg,0.4794,1028,0,1245,301,217,301
anonymous_003-007-1099-01_1732262197016_Right_Lateral_View.jpg,anonymous_003-007-1099-01_1732262197016_Right_Lateral_View_tooth_012.jpg,0.697,1072,607,1245,865,173,258
anonymous_003-007-1100-00_1732262920724_Left_Lateral_View.jpg,anonymous_003-007-1100-00_1732262920724_Left_Lateral_View_tooth_000.jpg,0.6429,0,613,124,742,124,129
anonymous_003-007-1100-00_1732262920724_Left_Lateral_View.jpg,anonymous_003-007-1100-00_1732262920724_Left_Lateral_View_tooth_001.jpg,0.2608,43,331,262,598,219,267
anonymous_003-007-1100-00_1732262920724_Left_Lateral_View.jpg,anonymous_003-007-1100-00_1732262920724_Left_Lateral_View_tooth_002.jpg,0.8273,50,272,280,583,230,311
anonymous_003-007-1100-00_1732262920724_Left_Lateral_View.jpg,anonymous_003-007-1100-00_1732262920724_Left_Lateral_View_tooth_003.jpg,0.7351,137,593,334,800,197,207
anonymous_003-007-1100-00_1732262920724_Left_Lateral_View.jpg,anonymous_003-007-1100-00_1732262920724_Left_Lateral_View_tooth_004.jpg,0.6786,311,277,523,596,212,319
anonymous_003-007-1100-00_1732262920724_Left_Lateral_View.jpg,anonymous_003-007-1100-00_1732262920724_Left_Lateral_View_tooth_005.jpg,0.5299,365,687,518,875,153,188
anonymous_003-007-1100-00_1732262920724_Left_Lateral_View.jpg,anonymous_003-007-1100-00_1732262920724_Left_Lateral_View_tooth_006.jpg,0.5198,529,692,668,871,139,179
anonymous_003-007-1100-00_1732262920724_Left_Lateral_View.jpg,anonymous_003-007-1100-00_1732262920724_Left_Lateral_View_tooth_007.jpg,0.6615,544,367,694,575,150,208
anonymous_003-007-1100-00_1732262920724_Left_Lateral_View.jpg,anonymous_003-007-1100-00_1732262920724_Left_Lateral_View_tooth_008.jpg,0.5822,687,648,919,887,232,239
anonymous_003-007-1100-00_1732262920724_Left_Lateral_View.jpg,anonymous_003-007-1100-00_1732262920724_Left_Lateral_View_tooth_009.jpg,0.4835,718,410,837,557,119,147
anonymous_003-007-1100-00_1732262920724_Left_Lateral_View.jpg,anonymous_003-007-1100-00_1732262920724_Left_Lateral_View_tooth_010.jpg,0.4897,852,370,1022,523,170,153
anonymous_003-007-1100-00_1732262920724_Left_Lateral_View.jpg,anonymous_003-007-1100-00_1732262920724_Left_Lateral_View_tooth_011.jpg,0.4127,900,568,1037,770,137,202
anonymous_003-007-1123-01_1732512071673_Left_Lateral_View.jpg,anonymous_003-007-1123-01_1732512071673_Left_Lateral_View_tooth_000.jpg,0.6005,0,644,74,830,74,186
anonymous_003-007-1123-01_1732512071673_Left_Lateral_View.jpg,anonymous_003-007-1123-01_1732512071673_Left_Lateral_View_tooth_001.jpg,0.3723,0,344,224,647,224,303
anonymous_003-007-1123-01_1732512071673_Left_Lateral_View.jpg,anonymous_003-007-1123-01_1732512071673_Left_Lateral_View_tooth_002.jpg,0.5586,112,634,295,866,183,232
anonymous_003-007-1123-01_1732512071673_Left_Lateral_View.jpg,anonymous_003-007-1123-01_1732512071673_Left_Lateral_View_tooth_003.jpg,0.2697,263,448,437,606,174,158
anonymous_003-007-1123-01_1732512071673_Left_Lateral_View.jpg,anonymous_003-007-1123-01_1732512071673_Left_Lateral_View_tooth_004.jpg,0.6827,271,418,441,646,170,228
anonymous_003-007-1123-01_1732512071673_Left_Lateral_View.jpg,anonymous_003-007-1123-01_1732512071673_Left_Lateral_View_tooth_005.jpg,0.4666,341,633,503,823,162,190
anonymous_003-007-1123-01_1732512071673_Left_Lateral_View.jpg,anonymous_003-007-1123-01_1732512071673_Left_Lateral_View_tooth_006.jpg,0.7261,477,471,646,644,169,173
anonymous_003-007-1123-01_1732512071673_Left_Lateral_View.jpg,anonymous_003-007-1123-01_1732512071673_Left_Lateral_View_tooth_007.jpg,0.3551,546,635,708,840,162,205
anonymous_003-007-1123-01_1732512071673_Left_Lateral_View.jpg,anonymous_003-007-1123-01_1732512071673_Left_Lateral_View_tooth_008.jpg,0.295,546,638,779,838,233,200
anonymous_003-007-1123-01_1732512071673_Left_Lateral_View.jpg,anonymous_003-007-1123-01_1732512071673_Left_Lateral_View_tooth_009.jpg,0.7119,668,464,895,637,227,173
anonymous_003-007-1123-01_1732512071673_Left_Lateral_View.jpg,anonymous_003-007-1123-01_1732512071673_Left_Lateral_View_tooth_010.jpg,0.2592,675,497,840,633,165,136
anonymous_003-007-1123-01_1732512071673_Left_Lateral_View.jpg,anonymous_003-007-1123-01_1732512071673_Left_Lateral_View_tooth_011.jpg,0.3483,953,874,1119,1119,166,245
anonymous_003-007-1124-00_1732512565150_Left_Lateral_View.jpg,anonymous_003-007-1124-00_1732512565150_Left_Lateral_View_tooth_000.jpg,0.8293,0,679,181,969,181,290
anonymous_003-007-1124-00_1732512565150_Left_Lateral_View.jpg,anonymous_003-007-1124-00_1732512565150_Left_Lateral_View_tooth_001.jpg,0.3057,0,671,177,900,177,229
anonymous_003-007-1124-00_1732512565150_Left_Lateral_View.jpg,anonymous_003-007-1124-00_1732512565150_Left_Lateral_View_tooth_002.jpg,0.6857,86,455,300,644,214,189
anonymous_003-007-1124-00_1732512565150_Left_Lateral_View.jpg,anonymous_003-007-1124-00_1732512565150_Left_Lateral_View_tooth_003.jpg,0.3207,207,684,429,915,222,231
anonymous_003-007-1124-00_1732512565150_Left_Lateral_View.jpg,anonymous_003-007-1124-00_1732512565150_Left_Lateral_View_tooth_004.jpg,0.7085,212,690,436,1016,224,326
anonymous_003-007-1124-00_1732512565150_Left_Lateral_View.jpg,anonymous_003-007-1124-00_1732512565150_Left_Lateral_View_tooth_005.jpg,0.8494,344,421,583,719,239,298
anonymous_003-007-1124-00_1732512565150_Left_Lateral_View.jpg,anonymous_003-007-1124-00_1732512565150_Left_Lateral_View_tooth_006.jpg,0.6573,462,721,637,965,175,244
anonymous_003-007-1124-00_1732512565150_Left_Lateral_View.jpg,anonymous_003-007-1124-00_1732512565150_Left_Lateral_View_tooth_007.jpg,0.745,618,508,772,740,154,232
anonymous_003-007-1124-00_1732512565150_Left_Lateral_View.jpg,anonymous_003-007-1124-00_1732512565150_Left_Lateral_View_tooth_008.jpg,0.5288,657,734,812,892,155,158
anonymous_003-007-1124-00_1732512565150_Left_Lateral_View.jpg,anonymous_003-007-1124-00_1732512565150_Left_Lateral_View_tooth_009.jpg,0.5845,789,563,937,731,148,168
anonymous_003-007-1124-00_1732512565150_Left_Lateral_View.jpg,anonymous_003-007-1124-00_1732512565150_Left_Lateral_View_tooth_010.jpg,0.4676,833,732,1004,914,171,182
anonymous_003-007-1124-00_1732512565150_Left_Lateral_View.jpg,anonymous_003-007-1124-00_1732512565150_Left_Lateral_View_tooth_011.jpg,0.6356,952,556,1119,728,167,172
anonymous_003-007-1124-00_1732512565150_Left_Lateral_View.jpg,anonymous_003-007-1124-00_1732512565150_Left_Lateral_View_tooth_012.jpg,0.4369,1067,717,1215,891,148,174
anonymous_003-007-1124-00_1732512565150_Left_Lateral_View.jpg,anonymous_003-007-1124-00_1732512565150_Left_Lateral_View_tooth_013.jpg,0.2766,1146,0,1429,192,283,192
anonymous_003-007-1126-00_1732515253289_Left_Lateral_View.jpg,anonymous_003-007-1126-00_1732515253289_Left_Lateral_View_tooth_000.jpg,0.2531,41,488,232,719,191,231
anonymous_003-007-1126-00_1732515253289_Left_Lateral_View.jpg,anonymous_003-007-1126-00_1732515253289_Left_Lateral_View_tooth_001.jpg,0.5784,44,552,226,724,182,172
anonymous_003-007-1126-00_1732515253289_Left_Lateral_View.jpg,anonymous_003-007-1126-00_1732515253289_Left_Lateral_View_tooth_002.jpg,0.6006,53,436,262,562,209,126
anonymous_003-007-1126-00_1732515253289_Left_Lateral_View.jpg,anonymous_003-007-1126-00_1732515253289_Left_Lateral_View_tooth_003.jpg,0.6672,267,531,456,755,189,224
anonymous_003-007-1126-00_1732515253289_Left_Lateral_View.jpg,anonymous_003-007-1126-00_1732515253289_Left_Lateral_View_tooth_004.jpg,0.6232,309,405,475,535,166,130
anonymous_003-007-1126-00_1732515253289_Left_Lateral_View.jpg,anonymous_003-007-1126-00_1732515253289_Left_Lateral_View_tooth_005.jpg,0.6933,492,574,671,761,179,187
anonymous_003-007-1126-00_1732515253289_Left_Lateral_View.jpg,anonymous_003-007-1126-00_1732515253289_Left_Lateral_View_tooth_006.jpg,0.7082,508,410,679,588,171,178
anonymous_003-007-1126-00_1732515253289_Left_Lateral_View.jpg,anonymous_003-007-1126-00_1732515253289_Left_Lateral_View_tooth_007.jpg,0.5051,681,612,850,781,169,169
anonymous_003-007-1126-00_1732515253289_Left_Lateral_View.jpg,anonymous_003-007-1126-00_1732515253289_Left_Lateral_View_tooth_008.jpg,0.6892,704,425,920,609,216,184
anonymous_003-007-1126-00_1732515253289_Left_Lateral_View.jpg,anonymous_003-007-1126-00_1732515253289_Left_Lateral_View_tooth_009.jpg,0.7313,930,642,1123,785,193,143
anonymous_003-007-1126-00_1732515253289_Left_Lateral_View.jpg,anonymous_003-007-1126-00_1732515253289_Left_Lateral_View_tooth_010.jpg,0.8088,932,439,1136,637,204,198
anonymous_003-007-1130-00_1732522239159_Left_Lateral_View.jpg,anonymous_003-007-1130-00_1732522239159_Left_Lateral_View_tooth_000.jpg,0.4513,0,238,75,416,75,178
anonymous_003-007-1130-00_1732522239159_Left_Lateral_View.jpg,anonymous_003-007-1130-00_1732522239159_Left_Lateral_View_tooth_001.jpg,0.3966,55,433,180,586,125,153
anonymous_003-007-1130-00_1732522239159_Left_Lateral_View.jpg,anonymous_003-007-1130-00_1732522239159_Left_Lateral_View_tooth_002.jpg,0.7979,132,250,369,471,237,221
anonymous_003-007-1130-00_1732522239159_Left_Lateral_View.jpg,anonymous_003-007-1130-00_1732522239159_Left_Lateral_View_tooth_003.jpg,0.8152,250,445,460,674,210,229
anonymous_003-007-1130-00_1732522239159_Left_Lateral_View.jpg,anonymous_003-007-1130-00_1732522239159_Left_Lateral_View_tooth_004.jpg,0.6983,414,295,616,468,202,173
anonymous_003-007-1130-00_1732522239159_Left_Lateral_View.jpg,anonymous_003-007-1130-00_1732522239159_Left_Lateral_View_tooth_005.jpg,0.5454,489,470,687,593,198,123
anonymous_003-007-1130-00_1732522239159_Left_Lateral_View.jpg,anonymous_003-007-1130-00_1732522239159_Left_Lateral_View_tooth_006.jpg,0.5532,627,344,802,464,175,120
anonymous_003-007-1130-00_1732522239159_Left_Lateral_View.jpg,anonymous_003-007-1130-00_1732522239159_Left_Lateral_View_tooth_007.jpg,0.434,720,0,1020,72,300,72
anonymous_003-007-1130-00_1732522239159_Left_Lateral_View.jpg,anonymous_003-007-1130-00_1732522239159_Left_Lateral_View_tooth_008.jpg,0.6621,836,325,1033,453,197,128
anonymous_003-007-1143-01_1732598176850_Left_Lateral_View.jpg,anonymous_003-007-1143-01_1732598176850_Left_Lateral_View_tooth_000.jpg,0.2595,0,687,37,862,37,175
anonymous_003-007-1143-01_1732598176850_Left_Lateral_View.jpg,anonymous_003-007-1143-01_1732598176850_Left_Lateral_View_tooth_001.jpg,0.6272,10,874,179,1073,169,199
anonymous_003-007-1143-01_1732598176850_Left_Lateral_View.jpg,anonymous_003-007-1143-01_1732598176850_Left_Lateral_View_tooth_002.jpg,0.7477,83,656,281,866,198,210
anonymous_003-007-1143-01_1732598176850_Left_Lateral_View.jpg,anonymous_003-007-1143-01_1732598176850_Left_Lateral_View_tooth_003.jpg,0.7005,230,858,429,1119,199,261
anonymous_003-007-1143-01_1732598176850_Left_Lateral_View.jpg,anonymous_003-007-1143-01_1732598176850_Left_Lateral_View_tooth_004.jpg,0.8139,361,622,549,870,188,248
anonymous_003-007-1143-01_1732598176850_Left_Lateral_View.jpg,anonymous_003-007-1143-01_1732598176850_Left_Lateral_View_tooth_005.jpg,0.5537,474,852,671,1050,197,198
anonymous_003-007-1143-01_1732598176850_Left_Lateral_View.jpg,anonymous_003-007-1143-01_1732598176850_Left_Lateral_View_tooth_006.jpg,0.5914,594,688,803,853,209,165
anonymous_003-007-1143-01_1732598176850_Left_Lateral_View.jpg,anonymous_003-007-1143-01_1732598176850_Left_Lateral_View_tooth_007.jpg,0.252,712,849,858,953,146,104
anonymous_003-007-1143-01_1732598176850_Left_Lateral_View.jpg,anonymous_003-007-1143-01_1732598176850_Left_Lateral_View_tooth_008.jpg,0.5213,841,681,994,832,153,151
anonymous_003-007-1143-01_1732598176850_Left_Lateral_View.jpg,anonymous_003-007-1143-01_1732598176850_Left_Lateral_View_tooth_009.jpg,0.4701,889,828,1144,937,255,109
anonymous_003-007-1143-01_1732598176850_Left_Lateral_View.jpg,anonymous_003-007-1143-01_1732598176850_Left_Lateral_View_tooth_010.jpg,0.5274,1018,667,1210,795,192,128
anonymous_003-007-1143-01_1732598176850_Left_Lateral_View.jpg,anonymous_003-007-1143-01_1732598176850_Left_Lateral_View_tooth_011.jpg,0.3269,1292,0,1400,311,108,311
anonymous_003-007-1150-01_1732607471437_Right_Lateral_View.jpg,anonymous_003-007-1150-01_1732607471437_Right_Lateral_View_tooth_000.jpg,0.26,133,620,238,755,105,135
anonymous_003-007-1150-01_1732607471437_Right_Lateral_View.jpg,anonymous_003-007-1150-01_1732607471437_Right_Lateral_View_tooth_001.jpg,0.2895,237,579,403,711,166,132
anonymous_003-007-1150-01_1732607471437_Right_Lateral_View.jpg,anonymous_003-007-1150-01_1732607471437_Right_Lateral_View_tooth_002.jpg,0.7093,242,735,449,885,207,150
anonymous_003-007-1150-01_1732607471437_Right_Lateral_View.jpg,anonymous_003-007-1150-01_1732607471437_Right_Lateral_View_tooth_003.jpg,0.2546,448,647,643,781,195,134
anonymous_003-007-1150-01_1732607471437_Right_Lateral_View.jpg,anonymous_003-007-1150-01_1732607471437_Right_Lateral_View_tooth_004.jpg,0.2832,477,800,745,937,268,137
anonymous_003-007-1150-01_1732607471437_Right_Lateral_View.jpg,anonymous_003-007-1150-01_1732607471437_Right_Lateral_View_tooth_005.jpg,0.5544,489,816,806,928,317,112
anonymous_003-007-1150-01_1732607471437_Right_Lateral_View.jpg,anonymous_003-007-1150-01_1732607471437_Right_Lateral_View_tooth_006.jpg,0.6845,669,663,835,810,166,147
anonymous_003-007-1150-01_1732607471437_Right_Lateral_View.jpg,anonymous_003-007-1150-01_1732607471437_Right_Lateral_View_tooth_007.jpg,0.6342,896,852,1067,1032,171,180
anonymous_003-007-1150-01_1732607471437_Right_Lateral_View.jpg,anonymous_003-007-1150-01_1732607471437_Right_Lateral_View_tooth_008.jpg,0.6862,907,672,1101,811,194,139
anonymous_003-007-1150-01_1732607471437_Right_Lateral_View.jpg,anonymous_003-007-1150-01_1732607471437_Right_Lateral_View_tooth_009.jpg,0.6285,1132,849,1335,1036,203,187
anonymous_003-007-1150-01_1732607471437_Right_Lateral_View.jpg,anonymous_003-007-1150-01_1732607471437_Right_Lateral_View_tooth_010.jpg,0.7837,1152,596,1381,855,229,259
anonymous_003-007-1151-00_1732608241351_Right_Lateral_View.jpg,anonymous_003-007-1151-00_1732608241351_Right_Lateral_View_tooth_000.jpg,0.3701,354,448,611,637,257,189
anonymous_003-007-1151-00_1732608241351_Right_Lateral_View.jpg,anonymous_003-007-1151-00_1732608241351_Right_Lateral_View_tooth_001.jpg,0.4072,428,652,715,807,287,155
anonymous_003-007-1151-00_1732608241351_Right_Lateral_View.jpg,anonymous_003-007-1151-00_1732608241351_Right_Lateral_View_tooth_002.jpg,0.527,673,545,953,701,280,156
anonymous_003-007-1151-00_1732608241351_Right_Lateral_View.jpg,anonymous_003-007-1151-00_1732608241351_Right_Lateral_View_tooth_003.jpg,0.5176,782,729,1120,843,338,114
anonymous_003-007-1151-00_1732608241351_Right_Lateral_View.jpg,anonymous_003-007-1151-00_1732608241351_Right_Lateral_View_tooth_004.jpg,0.6589,1007,573,1233,740,226,167
anonymous_003-007-1151-00_1732608241351_Right_Lateral_View.jpg,anonymous_003-007-1151-00_1732608241351_Right_Lateral_View_tooth_005.jpg,0.7026,1314,561,1576,740,262,179
anonymous_003-007-1151-00_1732608241351_Right_Lateral_View.jpg,anonymous_003-007-1151-00_1732608241351_Right_Lateral_View_tooth_006.jpg,0.5493,1384,745,1594,924,210,179
anonymous_003-007-1151-00_1732608241351_Right_Lateral_View.jpg,anonymous_003-007-1151-00_1732608241351_Right_Lateral_View_tooth_007.jpg,0.7397,1654,461,1871,771,217,310
anonymous_003-007-1151-00_1732608241351_Right_Lateral_View.jpg,anonymous_003-007-1151-00_1732608241351_Right_Lateral_View_tooth_008.jpg,0.3781,1678,776,1871,969,193,193
anonymous_003-007-1168-01_1732686410487_Right_Lateral_View.jpg,anonymous_003-007-1168-01_1732686410487_Right_Lateral_View_tooth_000.jpg,0.444,354,739,537,882,183,143
anonymous_003-007-1168-01_1732686410487_Right_Lateral_View.jpg,anonymous_003-007-1168-01_1732686410487_Right_Lateral_View_tooth_001.jpg,0.5627,456,889,661,1029,205,140
anonymous_003-007-1168-01_1732686410487_Right_Lateral_View.jpg,anonymous_003-007-1168-01_1732686410487_Right_Lateral_View_tooth_002.jpg,0.6042,569,738,726,887,157,149
anonymous_003-007-1168-01_1732686410487_Right_Lateral_View.jpg,anonymous_003-007-1168-01_1732686410487_Right_Lateral_View_tooth_003.jpg,0.7395,715,896,884,1049,169,153
anonymous_003-007-1168-01_1732686410487_Right_Lateral_View.jpg,anonymous_003-007-1168-01_1732686410487_Right_Lateral_View_tooth_004.jpg,0.8142,741,709,946,899,205,190
anonymous_003-007-1168-01_1732686410487_Right_Lateral_View.jpg,anonymous_003-007-1168-01_1732686410487_Right_Lateral_View_tooth_005.jpg,0.7759,910,890,1090,1097,180,207
anonymous_003-007-1168-01_1732686410487_Right_Lateral_View.jpg,anonymous_003-007-1168-01_1732686410487_Right_Lateral_View_tooth_006.jpg,0.673,998,634,1224,917,226,283
anonymous_003-007-1168-01_1732686410487_Right_Lateral_View.jpg,anonymous_003-007-1168-01_1732686410487_Right_Lateral_View_tooth_007.jpg,0.6201,1146,899,1329,1083,183,184
anonymous_003-007-1168-01_1732686410487_Right_Lateral_View.jpg,anonymous_003-007-1168-01_1732686410487_Right_Lateral_View_tooth_008.jpg,0.7628,1263,613,1415,856,152,243
anonymous_003-007-1168-01_1732686410487_Right_Lateral_View.jpg,anonymous_003-007-1168-01_1732686410487_Right_Lateral_View_tooth_009.jpg,0.4788,1351,874,1415,1014,64,140
anonymous_003-007-1170-01_1732690605466_Left_Lateral_View.jpg,anonymous_003-007-1170-01_1732690605466_Left_Lateral_View_tooth_000.jpg,0.7554,0,370,86,596,86,226
anonymous_003-007-1170-01_1732690605466_Left_Lateral_View.jpg,anonymous_003-007-1170-01_1732690605466_Left_Lateral_View_tooth_001.jpg,0.7803,21,609,193,831,172,222
anonymous_003-007-1170-01_1732690605466_Left_Lateral_View.jpg,anonymous_003-007-1170-01_1732690605466_Left_Lateral_View_tooth_002.jpg,0.806,154,398,343,628,189,230
anonymous_003-007-1170-01_1732690605466_Left_Lateral_View.jpg,anonymous_003-007-1170-01_1732690605466_Left_Lateral_View_tooth_003.jpg,0.7142,240,632,408,818,168,186
anonymous_003-007-1170-01_1732690605466_Left_Lateral_View.jpg,anonymous_003-007-1170-01_1732690605466_Left_Lateral_View_tooth_004.jpg,0.6328,380,475,560,656,180,181
anonymous_003-007-1170-01_1732690605466_Left_Lateral_View.jpg,anonymous_003-007-1170-01_1732690605466_Left_Lateral_View_tooth_005.jpg,0.4371,429,663,585,779,156,116
anonymous_003-007-1170-01_1732690605466_Left_Lateral_View.jpg,anonymous_003-007-1170-01_1732690605466_Left_Lateral_View_tooth_006.jpg,0.48,577,514,702,642,125,128
anonymous_003-007-1170-01_1732690605466_Left_Lateral_View.jpg,anonymous_003-007-1170-01_1732690605466_Left_Lateral_View_tooth_007.jpg,0.6063,590,651,816,772,226,121
anonymous_003-007-1170-01_1732690605466_Left_Lateral_View.jpg,anonymous_003-007-1170-01_1732690605466_Left_Lateral_View_tooth_008.jpg,0.6411,713,509,894,635,181,126
anonymous_003-007-1170-01_1732690605466_Left_Lateral_View.jpg,anonymous_003-007-1170-01_1732690605466_Left_Lateral_View_tooth_009.jpg,0.3161,914,473,1010,604,96,131
anonymous_003-007-1210-00_1732858424401_Right_Lateral_View.jpg,anonymous_003-007-1210-00_1732858424401_Right_Lateral_View_tooth_000.jpg,0.4807,164,610,358,750,194,140
anonymous_003-007-1210-00_1732858424401_Right_Lateral_View.jpg,anonymous_003-007-1210-00_1732858424401_Right_Lateral_View_tooth_001.jpg,0.414,330,486,593,647,263,161
anonymous_003-007-1210-00_1732858424401_Right_Lateral_View.jpg,anonymous_003-007-1210-00_1732858424401_Right_Lateral_View_tooth_002.jpg,0.6576,388,500,602,642,214,142
anonymous_003-007-1210-00_1732858424401_Right_Lateral_View.jpg,anonymous_003-007-1210-00_1732858424401_Right_Lateral_View_tooth_003.jpg,0.7221,391,661,688,848,297,187
anonymous_003-007-1210-00_1732858424401_Right_Lateral_View.jpg,anonymous_003-007-1210-00_1732858424401_Right_Lateral_View_tooth_004.jpg,0.6744,626,510,808,645,182,135
anonymous_003-007-1210-00_1732858424401_Right_Lateral_View.jpg,anonymous_003-007-1210-00_1732858424401_Right_Lateral_View_tooth_005.jpg,0.7558,734,658,927,858,193,200
anonymous_003-007-1210-00_1732858424401_Right_Lateral_View.jpg,anonymous_003-007-1210-00_1732858424401_Right_Lateral_View_tooth_006.jpg,0.7048,837,455,1045,642,208,187
anonymous_003-007-1210-00_1732858424401_Right_Lateral_View.jpg,anonymous_003-007-1210-00_1732858424401_Right_Lateral_View_tooth_007.jpg,0.7628,979,631,1181,871,202,240
anonymous_003-007-1210-00_1732858424401_Right_Lateral_View.jpg,anonymous_003-007-1210-00_1732858424401_Right_Lateral_View_tooth_008.jpg,0.6519,1103,397,1305,557,202,160
anonymous_003-007-1210-00_1732858424401_Right_Lateral_View.jpg,anonymous_003-007-1210-00_1732858424401_Right_Lateral_View_tooth_009.jpg,0.2601,1236,573,1455,792,219,219
anonymous_003-007-1210-00_1732858424401_Right_Lateral_View.jpg,anonymous_003-007-1210-00_1732858424401_Right_Lateral_View_tooth_010.jpg,0.8015,1245,570,1455,863,210,293
anonymous_003-007-1210-00_1732858424401_Right_Lateral_View.jpg,anonymous_003-007-1210-00_1732858424401_Right_Lateral_View_tooth_011.jpg,0.6197,1365,245,1455,557,90,312
anonymous_003-007-1211-01_1732860586562_Right_Lateral_View.jpg,anonymous_003-007-1211-01_1732860586562_Right_Lateral_View_tooth_000.jpg,0.4257,122,550,255,656,133,106
anonymous_003-007-1211-01_1732860586562_Right_Lateral_View.jpg,anonymous_003-007-1211-01_1732860586562_Right_Lateral_View_tooth_001.jpg,0.6032,197,423,374,566,177,143
anonymous_003-007-1211-01_1732860586562_Right_Lateral_View.jpg,anonymous_003-007-1211-01_1732860586562_Right_Lateral_View_tooth_002.jpg,0.7505,285,578,481,739,196,161
anonymous_003-007-1211-01_1732860586562_Right_Lateral_View.jpg,anonymous_003-007-1211-01_1732860586562_Right_Lateral_View_tooth_003.jpg,0.5944,398,441,543,572,145,131
anonymous_003-007-1211-01_1732860586562_Right_Lateral_View.jpg,anonymous_003-007-1211-01_1732860586562_Right_Lateral_View_tooth_004.jpg,0.6877,510,573,655,746,145,173
anonymous_003-007-1211-01_1732860586562_Right_Lateral_View.jpg,anonymous_003-007-1211-01_1732860586562_Right_Lateral_View_tooth_005.jpg,0.6792,562,394,723,586,161,192
anonymous_003-007-1211-01_1732860586562_Right_Lateral_View.jpg,anonymous_003-007-1211-01_1732860586562_Right_Lateral_View_tooth_006.jpg,0.6964,705,567,869,790,164,223
anonymous_003-007-1211-01_1732860586562_Right_Lateral_View.jpg,anonymous_003-007-1211-01_1732860586562_Right_Lateral_View_tooth_007.jpg,0.6025,765,348,983,593,218,245
anonymous_003-007-1211-01_1732860586562_Right_Lateral_View.jpg,anonymous_003-007-1211-01_1732860586562_Right_Lateral_View_tooth_008.jpg,0.2634,936,574,1088,751,152,177
anonymous_003-007-1211-01_1732860586562_Right_Lateral_View.jpg,anonymous_003-007-1211-01_1732860586562_Right_Lateral_View_tooth_009.jpg,0.7291,1056,370,1256,602,200,232
anonymous_003-007-1211-01_1732860586562_Right_Lateral_View.jpg,anonymous_003-007-1211-01_1732860586562_Right_Lateral_View_tooth_010.jpg,0.3027,1081,370,1256,677,175,307
anonymous_003-007-1213-01_1732862150627_Left_Lateral_View.jpg,anonymous_003-007-1213-01_1732862150627_Left_Lateral_View_tooth_000.jpg,0.6754,0,501,128,821,128,320
anonymous_003-007-1213-01_1732862150627_Left_Lateral_View.jpg,anonymous_003-007-1213-01_1732862150627_Left_Lateral_View_tooth_001.jpg,0.7449,52,816,286,1081,234,265
anonymous_003-007-1213-01_1732862150627_Left_Lateral_View.jpg,anonymous_003-007-1213-01_1732862150627_Left_Lateral_View_tooth_002.jpg,0.736,202,440,463,801,261,361
anonymous_003-007-1213-01_1732862150627_Left_Lateral_View.jpg,anonymous_003-007-1213-01_1732862150627_Left_Lateral_View_tooth_003.jpg,0.6297,366,781,562,1000,196,219
anonymous_003-007-1213-01_1732862150627_Left_Lateral_View.jpg,anonymous_003-007-1213-01_1732862150627_Left_Lateral_View_tooth_004.jpg,0.6296,505,573,702,775,197,202
anonymous_003-007-1213-01_1732862150627_Left_Lateral_View.jpg,anonymous_003-007-1213-01_1732862150627_Left_Lateral_View_tooth_005.jpg,0.3395,624,771,795,897,171,126
anonymous_003-007-1213-01_1732862150627_Left_Lateral_View.jpg,anonymous_003-007-1213-01_1732862150627_Left_Lateral_View_tooth_006.jpg,0.5109,763,583,915,734,152,151
anonymous_003-007-1213-01_1732862150627_Left_Lateral_View.jpg,anonymous_003-007-1213-01_1732862150627_Left_Lateral_View_tooth_007.jpg,0.2871,772,599,901,749,129,150
anonymous_003-007-1213-01_1732862150627_Left_Lateral_View.jpg,anonymous_003-007-1213-01_1732862150627_Left_Lateral_View_tooth_008.jpg,0.3799,956,557,1133,694,177,137
anonymous_003-007-1215-01_1732863751319_Left_Lateral_View.jpg,anonymous_003-007-1215-01_1732863751319_Left_Lateral_View_tooth_000.jpg,0.8593,0,301,154,565,154,264
anonymous_003-007-1215-01_1732863751319_Left_Lateral_View.jpg,anonymous_003-007-1215-01_1732863751319_Left_Lateral_View_tooth_001.jpg,0.7507,0,605,165,818,165,213
anonymous_003-007-1215-01_1732863751319_Left_Lateral_View.jpg,anonymous_003-007-1215-01_1732863751319_Left_Lateral_View_tooth_002.jpg,0.7429,184,609,397,893,213,284
anonymous_003-007-1215-01_1732863751319_Left_Lateral_View.jpg,anonymous_003-007-1215-01_1732863751319_Left_Lateral_View_tooth_003.jpg,0.7476,233,329,443,572,210,243
anonymous_003-007-1215-01_1732863751319_Left_Lateral_View.jpg,anonymous_003-007-1215-01_1732863751319_Left_Lateral_View_tooth_004.jpg,0.7762,408,612,576,884,168,272
anonymous_003-007-1215-01_1732863751319_Left_Lateral_View.jpg,anonymous_003-007-1215-01_1732863751319_Left_Lateral_View_tooth_005.jpg,0.846,469,385,628,600,159,215
anonymous_003-007-1215-01_1732863751319_Left_Lateral_View.jpg,anonymous_003-007-1215-01_1732863751319_Left_Lateral_View_tooth_006.jpg,0.6291,578,616,757,826,179,210
anonymous_003-007-1215-01_1732863751319_Left_Lateral_View.jpg,anonymous_003-007-1215-01_1732863751319_Left_Lateral_View_tooth_007.jpg,0.7241,644,401,791,599,147,198
anonymous_003-007-1215-01_1732863751319_Left_Lateral_View.jpg,anonymous_003-007-1215-01_1732863751319_Left_Lateral_View_tooth_008.jpg,0.2618,670,119,849,293,179,174
anonymous_003-007-1215-01_1732863751319_Left_Lateral_View.jpg,anonymous_003-007-1215-01_1732863751319_Left_Lateral_View_tooth_009.jpg,0.6375,769,591,995,754,226,163
anonymous_003-007-1215-01_1732863751319_Left_Lateral_View.jpg,anonymous_003-007-1215-01_1732863751319_Left_Lateral_View_tooth_010.jpg,0.2847,773,595,935,745,162,150
anonymous_003-007-1215-01_1732863751319_Left_Lateral_View.jpg,anonymous_003-007-1215-01_1732863751319_Left_Lateral_View_tooth_011.jpg,0.4946,807,414,955,557,148,143
anonymous_003-007-1215-01_1732863751319_Left_Lateral_View.jpg,anonymous_003-007-1215-01_1732863751319_Left_Lateral_View_tooth_012.jpg,0.2821,984,373,1069,501,85,128
anonymous_003-007-1215-01_1732863751319_Left_Lateral_View.jpg,anonymous_003-007-1215-01_1732863751319_Left_Lateral_View_tooth_013.jpg,0.2623,1049,931,1144,1144,95,213
anonymous_003-007-1217-01_1732873386455_Mandibular_View.jpg,anonymous_003-007-1217-01_1732873386455_Mandibular_View_tooth_000.jpg,0.4643,142,133,287,278,145,145
anonymous_003-007-1217-01_1732873386455_Mandibular_View.jpg,anonymous_003-007-1217-01_1732873386455_Mandibular_View_tooth_001.jpg,0.7701,151,293,328,463,177,170
anonymous_003-007-1217-01_1732873386455_Mandibular_View.jpg,anonymous_003-007-1217-01_1732873386455_Mandibular_View_tooth_002.jpg,0.7489,191,478,345,647,154,169
anonymous_003-007-1217-01_1732873386455_Mandibular_View.jpg,anonymous_003-007-1217-01_1732873386455_Mandibular_View_tooth_003.jpg,0.5755,264,665,394,782,130,117
anonymous_003-007-1217-01_1732873386455_Mandibular_View.jpg,anonymous_003-007-1217-01_1732873386455_Mandibular_View_tooth_004.jpg,0.2914,364,784,466,893,102,109
anonymous_003-007-1217-01_1732873386455_Mandibular_View.jpg,anonymous_003-007-1217-01_1732873386455_Mandibular_View_tooth_005.jpg,0.2688,460,869,594,957,134,88
anonymous_003-007-1217-01_1732873386455_Mandibular_View.jpg,anonymous_003-007-1217-01_1732873386455_Mandibular_View_tooth_006.jpg,0.5526,725,893,822,984,97,91
anonymous_003-007-1217-01_1732873386455_Mandibular_View.jpg,anonymous_003-007-1217-01_1732873386455_Mandibular_View_tooth_007.jpg,0.5251,842,853,955,956,113,103
anonymous_003-007-1217-01_1732873386455_Mandibular_View.jpg,anonymous_003-007-1217-01_1732873386455_Mandibular_View_tooth_008.jpg,0.3629,961,764,1049,883,88,119
anonymous_003-007-1217-01_1732873386455_Mandibular_View.jpg,anonymous_003-007-1217-01_1732873386455_Mandibular_View_tooth_009.jpg,0.46,1027,635,1145,757,118,122
anonymous_003-007-1217-01_1732873386455_Mandibular_View.jpg,anonymous_003-007-1217-01_1732873386455_Mandibular_View_tooth_010.jpg,0.6534,1088,461,1232,618,144,157
anonymous_003-007-1217-01_1732873386455_Mandibular_View.jpg,anonymous_003-007-1217-01_1732873386455_Mandibular_View_tooth_011.jpg,0.7236,1109,279,1281,452,172,173
anonymous_003-007-1217-01_1732873386455_Mandibular_View.jpg,anonymous_003-007-1217-01_1732873386455_Mandibular_View_tooth_012.jpg,0.7184,1158,93,1317,263,159,170
anonymous_003-007-1233-00_1732944212509_Right_Lateral_View.jpg,anonymous_003-007-1233-00_1732944212509_Right_Lateral_View_tooth_000.jpg,0.5945,98,523,266,642,168,119
anonymous_003-007-1233-00_1732944212509_Right_Lateral_View.jpg,anonymous_003-007-1233-00_1732944212509_Right_Lateral_View_tooth_001.jpg,0.6709,250,682,486,786,236,104
anonymous_003-007-1233-00_1732944212509_Right_Lateral_View.jpg,anonymous_003-007-1233-00_1732944212509_Right_Lateral_View_tooth_002.jpg,0.4541,503,687,682,817,179,130
anonymous_003-007-1233-00_1732944212509_Right_Lateral_View.jpg,anonymous_003-007-1233-00_1732944212509_Right_Lateral_View_tooth_003.jpg,0.6295,692,541,895,680,203,139
anonymous_003-007-1233-00_1732944212509_Right_Lateral_View.jpg,anonymous_003-007-1233-00_1732944212509_Right_Lateral_View_tooth_004.jpg,0.7354,717,711,903,912,186,201
anonymous_003-007-1233-00_1732944212509_Right_Lateral_View.jpg,anonymous_003-007-1233-00_1732944212509_Right_Lateral_View_tooth_005.jpg,0.785,953,696,1144,921,191,225
anonymous_003-007-1233-00_1732944212509_Right_Lateral_View.jpg,anonymous_003-007-1233-00_1732944212509_Right_Lateral_View_tooth_006.jpg,0.7732,977,466,1197,689,220,223
anonymous_003-007-1233-00_1732944212509_Right_Lateral_View.jpg,anonymous_003-007-1233-00_1732944212509_Right_Lateral_View_tooth_007.jpg,0.6525,1211,643,1315,888,104,245
anonymous_003-007-1233-00_1732944212509_Right_Lateral_View.jpg,anonymous_003-007-1233-00_1732944212509_Right_Lateral_View_tooth_008.jpg,0.5163,1239,356,1315,625,76,269
anonymous_003-007-1235-00_1732946927322_Right_Lateral_View.jpg,anonymous_003-007-1235-00_1732946927322_Right_Lateral_View_tooth_000.jpg,0.3726,219,563,434,696,215,133
anonymous_003-007-1235-00_1732946927322_Right_Lateral_View.jpg,anonymous_003-007-1235-00_1732946927322_Right_Lateral_View_tooth_001.jpg,0.4193,292,723,558,839,266,116
anonymous_003-007-1235-00_1732946927322_Right_Lateral_View.jpg,anonymous_003-007-1235-00_1732946927322_Right_Lateral_View_tooth_002.jpg,0.4378,472,621,637,749,165,128
anonymous_003-007-1235-00_1732946927322_Right_Lateral_View.jpg,anonymous_003-007-1235-00_1732946927322_Right_Lateral_View_tooth_003.jpg,0.3588,586,769,794,904,208,135
anonymous_003-007-1235-00_1732946927322_Right_Lateral_View.jpg,anonymous_003-007-1235-00_1732946927322_Right_Lateral_View_tooth_004.jpg,0.6042,668,606,861,775,193,169
anonymous_003-007-1235-00_1732946927322_Right_Lateral_View.jpg,anonymous_003-007-1235-00_1732946927322_Right_Lateral_View_tooth_005.jpg,0.3584,797,782,1014,1046,217,264
anonymous_003-007-1235-00_1732946927322_Right_Lateral_View.jpg,anonymous_003-007-1235-00_1732946927322_Right_Lateral_View_tooth_006.jpg,0.7759,943,578,1146,854,203,276
anonymous_003-007-1235-00_1732946927322_Right_Lateral_View.jpg,anonymous_003-007-1235-00_1732946927322_Right_Lateral_View_tooth_007.jpg,0.6773,1123,806,1308,1023,185,217
anonymous_003-007-1235-00_1732946927322_Right_Lateral_View.jpg,anonymous_003-007-1235-00_1732946927322_Right_Lateral_View_tooth_008.jpg,0.6071,1216,583,1435,822,219,239
anonymous_003-007-1235-00_1732946927322_Right_Lateral_View.jpg,anonymous_003-007-1235-00_1732946927322_Right_Lateral_View_tooth_009.jpg,0.5613,1363,818,1517,1012,154,194
anonymous_003-007-1254-01_1733114052105_Right_Lateral_View.jpg,anonymous_003-007-1254-01_1733114052105_Right_Lateral_View_tooth_000.jpg,0.4113,368,785,542,919,174,134
anonymous_003-007-1254-01_1733114052105_Right_Lateral_View.jpg,anonymous_003-007-1254-01_1733114052105_Right_Lateral_View_tooth_001.jpg,0.3808,470,700,630,795,160,95
anonymous_003-007-1254-01_1733114052105_Right_Lateral_View.jpg,anonymous_003-007-1254-01_1733114052105_Right_Lateral_View_tooth_002.jpg,0.5262,578,828,839,951,261,123
anonymous_003-007-1254-01_1733114052105_Right_Lateral_View.jpg,anonymous_003-007-1254-01_1733114052105_Right_Lateral_View_tooth_003.jpg,0.5407,639,666,781,825,142,159
anonymous_003-007-1254-01_1733114052105_Right_Lateral_View.jpg,anonymous_003-007-1254-01_1733114052105_Right_Lateral_View_tooth_004.jpg,0.733,802,606,999,829,197,223
anonymous_003-007-1254-01_1733114052105_Right_Lateral_View.jpg,anonymous_003-007-1254-01_1733114052105_Right_Lateral_View_tooth_005.jpg,0.7544,1012,811,1209,1043,197,232
anonymous_003-007-1254-01_1733114052105_Right_Lateral_View.jpg,anonymous_003-007-1254-01_1733114052105_Right_Lateral_View_tooth_006.jpg,0.7378,1064,550,1300,812,236,262
anonymous_003-007-1254-01_1733114052105_Right_Lateral_View.jpg,anonymous_003-007-1254-01_1733114052105_Right_Lateral_View_tooth_007.jpg,0.4687,1253,822,1405,983,152,161
anonymous_003-007-1254-01_1733114052105_Right_Lateral_View.jpg,anonymous_003-007-1254-01_1733114052105_Right_Lateral_View_tooth_008.jpg,0.6219,1342,484,1448,803,106,319
anonymous_003-007-1254-01_1733114052105_Right_Lateral_View.jpg,anonymous_003-007-1254-01_1733114052105_Right_Lateral_View_tooth_009.jpg,0.3921,1350,485,1448,735,98,250
anonymous_003-007-1256-01_1733116383089_Right_Lateral_View.jpg,anonymous_003-007-1256-01_1733116383089_Right_Lateral_View_tooth_000.jpg,0.3233,309,815,428,936,119,121
anonymous_003-007-1256-01_1733116383089_Right_Lateral_View.jpg,anonymous_003-007-1256-01_1733116383089_Right_Lateral_View_tooth_001.jpg,0.3328,354,958,518,1065,164,107
anonymous_003-007-1256-01_1733116383089_Right_Lateral_View.jpg,anonymous_003-007-1256-01_1733116383089_Right_Lateral_View_tooth_002.jpg,0.3143,443,824,562,958,119,134
anonymous_003-007-1256-01_1733116383089_Right_Lateral_View.jpg,anonymous_003-007-1256-01_1733116383089_Right_Lateral_View_tooth_003.jpg,0.3628,545,980,667,1113,122,133
anonymous_003-007-1256-01_1733116383089_Right_Lateral_View.jpg,anonymous_003-007-1256-01_1733116383089_Right_Lateral_View_tooth_004.jpg,0.5406,574,819,728,975,154,156
anonymous_003-007-1256-01_1733116383089_Right_Lateral_View.jpg,anonymous_003-007-1256-01_1733116383089_Right_Lateral_View_tooth_005.jpg,0.5668,695,974,841,1143,146,169
anonymous_003-007-1256-01_1733116383089_Right_Lateral_View.jpg,anonymous_003-007-1256-01_1733116383089_Right_Lateral_View_tooth_006.jpg,0.7628,757,749,976,964,219,215
anonymous_003-007-1256-01_1733116383089_Right_Lateral_View.jpg,anonymous_003-007-1256-01_1733116383089_Right_Lateral_View_tooth_007.jpg,0.7104,879,950,1048,1162,169,212
anonymous_003-007-1256-01_1733116383089_Right_Lateral_View.jpg,anonymous_003-007-1256-01_1733116383089_Right_Lateral_View_tooth_008.jpg,0.6243,1049,727,1235,936,186,209
anonymous_003-007-1256-01_1733116383089_Right_Lateral_View.jpg,anonymous_003-007-1256-01_1733116383089_Right_Lateral_View_tooth_009.jpg,0.6711,1079,945,1280,1148,201,203
anonymous_003-007-1256-01_1733116383089_Right_Lateral_View.jpg,anonymous_003-007-1256-01_1733116383089_Right_Lateral_View_tooth_010.jpg,0.8058,1297,691,1557,986,260,295
anonymous_003-007-1256-01_1733116383089_Right_Lateral_View.jpg,anonymous_003-007-1256-01_1733116383089_Right_Lateral_View_tooth_011.jpg,0.2993,1531,965,1636,1061,105,96
anonymous_003-007-1256-01_1733116383089_Right_Lateral_View.jpg,anonymous_003-007-1256-01_1733116383089_Right_Lateral_View_tooth_012.jpg,0.5621,1622,759,1706,962,84,203
anonymous_003-007-1258-01_1733118887519_Right_Lateral_View.jpg,anonymous_003-007-1258-01_1733118887519_Right_Lateral_View_tooth_000.jpg,0.3204,342,587,484,706,142,119
anonymous_003-007-1258-01_1733118887519_Right_Lateral_View.jpg,anonymous_003-007-1258-01_1733118887519_Right_Lateral_View_tooth_001.jpg,0.4765,432,728,611,827,179,99
anonymous_003-007-1258-01_1733118887519_Right_Lateral_View.jpg,anonymous_003-007-1258-01_1733118887519_Right_Lateral_View_tooth_002.jpg,0.4322,507,631,627,717,120,86
anonymous_003-007-1258-01_1733118887519_Right_Lateral_View.jpg,anonymous_003-007-1258-01_1733118887519_Right_Lateral_View_tooth_003.jpg,0.4753,632,738,776,829,144,91
anonymous_003-007-1258-01_1733118887519_Right_Lateral_View.jpg,anonymous_003-007-1258-01_1733118887519_Right_Lateral_View_tooth_004.jpg,0.7419,644,603,787,732,143,129
anonymous_003-007-1258-01_1733118887519_Right_Lateral_View.jpg,anonymous_003-007-1258-01_1733118887519_Right_Lateral_View_tooth_005.jpg,0.472,801,755,959,871,158,116
anonymous_003-007-1258-01_1733118887519_Right_Lateral_View.jpg,anonymous_003-007-1258-01_1733118887519_Right_Lateral_View_tooth_006.jpg,0.6742,823,522,1042,757,219,235
anonymous_003-007-1258-01_1733118887519_Right_Lateral_View.jpg,anonymous_003-007-1258-01_1733118887519_Right_Lateral_View_tooth_007.jpg,0.7607,1000,720,1179,936,179,216
anonymous_003-007-1258-01_1733118887519_Right_Lateral_View.jpg,anonymous_003-007-1258-01_1733118887519_Right_Lateral_View_tooth_008.jpg,0.6869,1090,515,1288,725,198,210
anonymous_003-007-1258-01_1733118887519_Right_Lateral_View.jpg,anonymous_003-007-1258-01_1733118887519_Right_Lateral_View_tooth_009.jpg,0.5218,1224,731,1313,894,89,163
anonymous_003-007-1258-01_1733118887519_Right_Lateral_View.jpg,anonymous_003-007-1258-01_1733118887519_Right_Lateral_View_tooth_010.jpg,0.3546,1239,734,1313,872,74,138
anonymous_003-007-1263-00_1733124846881_Right_Lateral_View.jpg,anonymous_003-007-1263-00_1733124846881_Right_Lateral_View_tooth_000.jpg,0.2598,318,726,514,824,196,98
anonymous_003-007-1263-00_1733124846881_Right_Lateral_View.jpg,anonymous_003-007-1263-00_1733124846881_Right_Lateral_View_tooth_001.jpg,0.3621,321,700,511,817,190,117
anonymous_003-007-1263-00_1733124846881_Right_Lateral_View.jpg,anonymous_003-007-1263-00_1733124846881_Right_Lateral_View_tooth_002.jpg,0.6348,529,576,727,692,198,116
anonymous_003-007-1263-00_1733124846881_Right_Lateral_View.jpg,anonymous_003-007-1263-00_1733124846881_Right_Lateral_View_tooth_003.jpg,0.5564,537,714,662,846,125,132
anonymous_003-007-1263-00_1733124846881_Right_Lateral_View.jpg,anonymous_003-007-1263-00_1733124846881_Right_Lateral_View_tooth_004.jpg,0.749,700,626,877,848,177,222
anonymous_003-007-1263-00_1733124846881_Right_Lateral_View.jpg,anonymous_003-007-1263-00_1733124846881_Right_Lateral_View_tooth_005.jpg,0.6426,758,483,940,594,182,111
anonymous_003-007-1263-00_1733124846881_Right_Lateral_View.jpg,anonymous_003-007-1263-00_1733124846881_Right_Lateral_View_tooth_006.jpg,0.6101,925,602,1111,831,186,229
anonymous_003-007-1263-00_1733124846881_Right_Lateral_View.jpg,anonymous_003-007-1263-00_1733124846881_Right_Lateral_View_tooth_007.jpg,0.3979,1006,392,1224,612,218,220
anonymous_003-007-1263-00_1733124846881_Right_Lateral_View.jpg,anonymous_003-007-1263-00_1733124846881_Right_Lateral_View_tooth_008.jpg,0.6656,1010,403,1239,652,229,249
anonymous_003-007-1278-01_1733290522713_Frontal_View.jpg,anonymous_003-007-1278-01_1733290522713_Frontal_View_tooth_000.jpg,0.311,298,361,386,517,88,156
anonymous_003-007-1278-01_1733290522713_Frontal_View.jpg,anonymous_003-007-1278-01_1733290522713_Frontal_View_tooth_001.jpg,0.5431,363,581,471,721,108,140
anonymous_003-007-1278-01_1733290522713_Frontal_View.jpg,anonymous_003-007-1278-01_1733290522713_Frontal_View_tooth_002.jpg,0.2515,377,566,477,708,100,142
anonymous_003-007-1278-01_1733290522713_Frontal_View.jpg,anonymous_003-007-1278-01_1733290522713_Frontal_View_tooth_003.jpg,0.331,403,282,511,516,108,234
anonymous_003-007-1278-01_1733290522713_Frontal_View.jpg,anonymous_003-007-1278-01_1733290522713_Frontal_View_tooth_004.jpg,0.6173,491,585,624,821,133,236
anonymous_003-007-1278-01_1733290522713_Frontal_View.jpg,anonymous_003-007-1278-01_1733290522713_Frontal_View_tooth_005.jpg,0.2784,504,582,614,755,110,173
anonymous_003-007-1278-01_1733290522713_Frontal_View.jpg,anonymous_003-007-1278-01_1733290522713_Frontal_View_tooth_006.jpg,0.7188,525,257,668,446,143,189
anonymous_003-007-1278-01_1733290522713_Frontal_View.jpg,anonymous_003-007-1278-01_1733290522713_Frontal_View_tooth_007.jpg,0.8046,648,599,795,829,147,230
anonymous_003-007-1278-01_1733290522713_Frontal_View.jpg,anonymous_003-007-1278-01_1733290522713_Frontal_View_tooth_008.jpg,0.8043,695,147,913,411,218,264
anonymous_003-007-1278-01_1733290522713_Frontal_View.jpg,anonymous_003-007-1278-01_1733290522713_Frontal_View_tooth_009.jpg,0.8219,816,588,960,836,144,248
anonymous_003-007-1278-01_1733290522713_Frontal_View.jpg,anonymous_003-007-1278-01_1733290522713_Frontal_View_tooth_010.jpg,0.3331,978,588,1115,775,137,187
anonymous_003-007-1278-01_1733290522713_Frontal_View.jpg,anonymous_003-007-1278-01_1733290522713_Frontal_View_tooth_011.jpg,0.8273,979,586,1122,831,143,245
anonymous_003-007-1278-01_1733290522713_Frontal_View.jpg,anonymous_003-007-1278-01_1733290522713_Frontal_View_tooth_012.jpg,0.7805,981,163,1195,428,214,265
anonymous_003-007-1278-01_1733290522713_Frontal_View.jpg,anonymous_003-007-1278-01_1733290522713_Frontal_View_tooth_013.jpg,0.7274,1136,579,1277,799,141,220
anonymous_003-007-1278-01_1733290522713_Frontal_View.jpg,anonymous_003-007-1278-01_1733290522713_Frontal_View_tooth_014.jpg,0.6754,1222,267,1346,456,124,189
anonymous_003-007-1278-01_1733290522713_Frontal_View.jpg,anonymous_003-007-1278-01_1733290522713_Frontal_View_tooth_015.jpg,0.2778,1289,555,1389,751,100,196
anonymous_003-007-1278-01_1733290522713_Frontal_View.jpg,anonymous_003-007-1278-01_1733290522713_Frontal_View_tooth_016.jpg,0.5085,1291,543,1402,784,111,241
anonymous_003-007-1278-01_1733290522713_Frontal_View.jpg,anonymous_003-007-1278-01_1733290522713_Frontal_View_tooth_017.jpg,0.5355,1358,282,1456,507,98,225
anonymous_003-007-1278-01_1733290522713_Frontal_View.jpg,anonymous_003-007-1278-01_1733290522713_Frontal_View_tooth_018.jpg,0.2542,1405,549,1486,691,81,142
anonymous_003-007-1279-00_1733291491637_Right_Lateral_View.jpg,anonymous_003-007-1279-00_1733291491637_Right_Lateral_View_tooth_000.jpg,0.4262,243,653,472,778,229,125
anonymous_003-007-1279-00_1733291491637_Right_Lateral_View.jpg,anonymous_003-007-1279-00_1733291491637_Right_Lateral_View_tooth_001.jpg,0.7829,461,853,777,1074,316,221
anonymous_003-007-1279-00_1733291491637_Right_Lateral_View.jpg,anonymous_003-007-1279-00_1733291491637_Right_Lateral_View_tooth_002.jpg,0.5487,498,680,720,796,222,116
anonymous_003-007-1279-00_1733291491637_Right_Lateral_View.jpg,anonymous_003-007-1279-00_1733291491637_Right_Lateral_View_tooth_003.jpg,0.7469,760,604,999,818,239,214
anonymous_003-007-1279-00_1733291491637_Right_Lateral_View.jpg,anonymous_003-007-1279-00_1733291491637_Right_Lateral_View_tooth_004.jpg,0.5993,838,871,1048,1048,210,177
anonymous_003-007-1279-00_1733291491637_Right_Lateral_View.jpg,anonymous_003-007-1279-00_1733291491637_Right_Lateral_View_tooth_005.jpg,0.7177,1071,404,1318,760,247,356
anonymous_003-007-1279-00_1733291491637_Right_Lateral_View.jpg,anonymous_003-007-1279-00_1733291491637_Right_Lateral_View_tooth_006.jpg,0.7766,1084,878,1318,1147,234,269
anonymous_003-007-1279-00_1733291491637_Right_Lateral_View.jpg,anonymous_003-007-1279-00_1733291491637_Right_Lateral_View_tooth_007.jpg,0.6775,1377,313,1603,610,226,297
anonymous_003-007-1279-00_1733291491637_Right_Lateral_View.jpg,anonymous_003-007-1279-00_1733291491637_Right_Lateral_View_tooth_008.jpg,0.697,1411,816,1645,1149,234,333
anonymous_003-007-1279-00_1733291491637_Right_Lateral_View.jpg,anonymous_003-007-1279-00_1733291491637_Right_Lateral_View_tooth_009.jpg,0.2679,1651,310,1766,491,115,181
anonymous_003-007-1279-00_1733291491637_Right_Lateral_View.jpg,anonymous_003-007-1279-00_1733291491637_Right_Lateral_View_tooth_010.jpg,0.4678,1675,317,1766,507,91,190
anonymous_003-007-1279-00_1733291491637_Right_Lateral_View.jpg,anonymous_003-007-1279-00_1733291491637_Right_Lateral_View_tooth_011.jpg,0.423,1703,832,1766,1047,63,215
anonymous_003-007-1284-01_1733298471956_Right_Lateral_View.jpg,anonymous_003-007-1284-01_1733298471956_Right_Lateral_View_tooth_000.jpg,0.5534,507,824,764,959,257,135
anonymous_003-007-1284-01_1733298471956_Right_Lateral_View.jpg,anonymous_003-007-1284-01_1733298471956_Right_Lateral_View_tooth_001.jpg,0.3545,581,670,774,804,193,134
anonymous_003-007-1284-01_1733298471956_Right_Lateral_View.jpg,anonymous_003-007-1284-01_1733298471956_Right_Lateral_View_tooth_002.jpg,0.6202,793,583,1031,793,238,210
anonymous_003-007-1284-01_1733298471956_Right_Lateral_View.jpg,anonymous_003-007-1284-01_1733298471956_Right_Lateral_View_tooth_003.jpg,0.3227,821,794,1014,969,193,175
anonymous_003-007-1284-01_1733298471956_Right_Lateral_View.jpg,anonymous_003-007-1284-01_1733298471956_Right_Lateral_View_tooth_004.jpg,0.6199,1067,747,1288,985,221,238
anonymous_003-007-1284-01_1733298471956_Right_Lateral_View.jpg,anonymous_003-007-1284-01_1733298471956_Right_Lateral_View_tooth_005.jpg,0.7906,1069,395,1348,754,279,359
anonymous_003-007-1284-01_1733298471956_Right_Lateral_View.jpg,anonymous_003-007-1284-01_1733298471956_Right_Lateral_View_tooth_006.jpg,0.7525,1381,613,1603,898,222,285
anonymous_003-007-1284-01_1733298471956_Right_Lateral_View.jpg,anonymous_003-007-1284-01_1733298471956_Right_Lateral_View_tooth_007.jpg,0.6931,1423,263,1690,618,267,355
anonymous_003-007-1284-01_1733298471956_Right_Lateral_View.jpg,anonymous_003-007-1284-01_1733298471956_Right_Lateral_View_tooth_008.jpg,0.5486,1658,594,1848,833,190,239
anonymous_003-007-1284-01_1733298471956_Right_Lateral_View.jpg,anonymous_003-007-1284-01_1733298471956_Right_Lateral_View_tooth_009.jpg,0.7788,1736,170,2000,555,264,385
anonymous_003-007-1284-01_1733298471956_Right_Lateral_View.jpg,anonymous_003-007-1284-01_1733298471956_Right_Lateral_View_tooth_010.jpg,0.4098,1924,589,2000,793,76,204
anonymous_003-007-1285-00_1733299483506_Right_Lateral_View.jpg,anonymous_003-007-1285-00_1733299483506_Right_Lateral_View_tooth_000.jpg,0.3545,319,617,462,752,143,135
anonymous_003-007-1285-00_1733299483506_Right_Lateral_View.jpg,anonymous_003-007-1285-00_1733299483506_Right_Lateral_View_tooth_001.jpg,0.5578,377,796,667,913,290,117
anonymous_003-007-1285-00_1733299483506_Right_Lateral_View.jpg,anonymous_003-007-1285-00_1733299483506_Right_Lateral_View_tooth_002.jpg,0.4958,490,644,662,800,172,156
anonymous_003-007-1285-00_1733299483506_Right_Lateral_View.jpg,anonymous_003-007-1285-00_1733299483506_Right_Lateral_View_tooth_003.jpg,0.625,692,796,885,947,193,151
anonymous_003-007-1285-00_1733299483506_Right_Lateral_View.jpg,anonymous_003-007-1285-00_1733299483506_Right_Lateral_View_tooth_004.jpg,0.6653,693,607,905,797,212,190
anonymous_003-007-1285-00_1733299483506_Right_Lateral_View.jpg,anonymous_003-007-1285-00_1733299483506_Right_Lateral_View_tooth_005.jpg,0.6634,921,782,1125,996,204,214
anonymous_003-007-1285-00_1733299483506_Right_Lateral_View.jpg,anonymous_003-007-1285-00_1733299483506_Right_Lateral_View_tooth_006.jpg,0.7618,960,481,1197,805,237,324
anonymous_003-007-1285-00_1733299483506_Right_Lateral_View.jpg,anonymous_003-007-1285-00_1733299483506_Right_Lateral_View_tooth_007.jpg,0.7221,1201,730,1396,959,195,229
anonymous_003-007-1285-00_1733299483506_Right_Lateral_View.jpg,anonymous_003-007-1285-00_1733299483506_Right_Lateral_View_tooth_008.jpg,0.3074,1272,435,1476,687,204,252
anonymous_003-007-1285-00_1733299483506_Right_Lateral_View.jpg,anonymous_003-007-1285-00_1733299483506_Right_Lateral_View_tooth_009.jpg,0.7342,1280,439,1504,748,224,309
anonymous_003-007-1285-00_1733299483506_Right_Lateral_View.jpg,anonymous_003-007-1285-00_1733299483506_Right_Lateral_View_tooth_010.jpg,0.4192,1462,740,1532,941,70,201
anonymous_003-007-1298-01_1733383416338_Right_Lateral_View.jpg,anonymous_003-007-1298-01_1733383416338_Right_Lateral_View_tooth_000.jpg,0.5405,266,564,448,700,182,136
anonymous_003-007-1298-01_1733383416338_Right_Lateral_View.jpg,anonymous_003-007-1298-01_1733383416338_Right_Lateral_View_tooth_001.jpg,0.5466,326,709,551,826,225,117
anonymous_003-007-1298-01_1733383416338_Right_Lateral_View.jpg,anonymous_003-007-1298-01_1733383416338_Right_Lateral_View_tooth_002.jpg,0.5067,461,569,590,695,129,126
anonymous_003-007-1298-01_1733383416338_Right_Lateral_View.jpg,anonymous_003-007-1298-01_1733383416338_Right_Lateral_View_tooth_003.jpg,0.492,582,701,695,824,113,123
anonymous_003-007-1298-01_1733383416338_Right_Lateral_View.jpg,anonymous_003-007-1298-01_1733383416338_Right_Lateral_View_tooth_004.jpg,0.7397,603,542,769,695,166,153
anonymous_003-007-1298-01_1733383416338_Right_Lateral_View.jpg,anonymous_003-007-1298-01_1733383416338_Right_Lateral_View_tooth_005.jpg,0.747,733,672,888,869,155,197
anonymous_003-007-1298-01_1733383416338_Right_Lateral_View.jpg,anonymous_003-007-1298-01_1733383416338_Right_Lateral_View_tooth_006.jpg,0.6894,784,449,998,661,214,212
anonymous_003-007-1298-01_1733383416338_Right_Lateral_View.jpg,anonymous_003-007-1298-01_1733383416338_Right_Lateral_View_tooth_007.jpg,0.578,931,641,1123,853,192,212
anonymous_003-007-1298-01_1733383416338_Right_Lateral_View.jpg,anonymous_003-007-1298-01_1733383416338_Right_Lateral_View_tooth_008.jpg,0.6959,1044,410,1211,603,167,193
anonymous_003-007-1298-01_1733383416338_Right_Lateral_View.jpg,anonymous_003-007-1298-01_1733383416338_Right_Lateral_View_tooth_009.jpg,0.4562,1156,610,1303,754,147,144
anonymous_003-007-1298-01_1733383416338_Right_Lateral_View.jpg,anonymous_003-007-1298-01_1733383416338_Right_Lateral_View_tooth_010.jpg,0.3006,1260,313,1338,615,78,302
anonymous_003-007-1298-01_1733383416338_Right_Lateral_View.jpg,anonymous_003-007-1298-01_1733383416338_Right_Lateral_View_tooth_011.jpg,0.3159,1291,313,1338,498,47,185
anonymous_003-007-1300-01_1733385300365_Right_Lateral_View.jpg,anonymous_003-007-1300-01_1733385300365_Right_Lateral_View_tooth_000.jpg,0.274,312,644,498,732,186,88
anonymous_003-007-1300-01_1733385300365_Right_Lateral_View.jpg,anonymous_003-007-1300-01_1733385300365_Right_Lateral_View_tooth_001.jpg,0.5415,370,758,597,894,227,136
anonymous_003-007-1300-01_1733385300365_Right_Lateral_View.jpg,anonymous_003-007-1300-01_1733385300365_Right_Lateral_View_tooth_002.jpg,0.3754,519,675,664,760,145,85
anonymous_003-007-1300-01_1733385300365_Right_Lateral_View.jpg,anonymous_003-007-1300-01_1733385300365_Right_Lateral_View_tooth_003.jpg,0.3844,625,797,774,937,149,140
anonymous_003-007-1300-01_1733385300365_Right_Lateral_View.jpg,anonymous_003-007-1300-01_1733385300365_Right_Lateral_View_tooth_004.jpg,0.733,697,631,900,824,203,193
anonymous_003-007-1300-01_1733385300365_Right_Lateral_View.jpg,anonymous_003-007-1300-01_1733385300365_Right_Lateral_View_tooth_005.jpg,0.3522,804,835,918,1042,114,207
anonymous_003-007-1300-01_1733385300365_Right_Lateral_View.jpg,anonymous_003-007-1300-01_1733385300365_Right_Lateral_View_tooth_006.jpg,0.8051,940,536,1158,788,218,252
anonymous_003-007-1300-01_1733385300365_Right_Lateral_View.jpg,anonymous_003-007-1300-01_1733385300365_Right_Lateral_View_tooth_007.jpg,0.7047,1090,826,1304,1122,214,296
anonymous_003-007-1300-01_1733385300365_Right_Lateral_View.jpg,anonymous_003-007-1300-01_1733385300365_Right_Lateral_View_tooth_008.jpg,0.3238,1093,820,1262,1069,169,249
anonymous_003-007-1300-01_1733385300365_Right_Lateral_View.jpg,anonymous_003-007-1300-01_1733385300365_Right_Lateral_View_tooth_009.jpg,0.748,1246,487,1451,725,205,238
anonymous_003-007-1300-01_1733385300365_Right_Lateral_View.jpg,anonymous_003-007-1300-01_1733385300365_Right_Lateral_View_tooth_010.jpg,0.7808,1316,751,1513,978,197,227
anonymous_003-007-1302-01_1733387009180_Right_Lateral_View.jpg,anonymous_003-007-1302-01_1733387009180_Right_Lateral_View_tooth_000.jpg,0.3373,133,877,306,1030,173,153
anonymous_003-007-1302-01_1733387009180_Right_Lateral_View.jpg,anonymous_003-007-1302-01_1733387009180_Right_Lateral_View_tooth_001.jpg,0.6765,299,683,530,899,231,216
anonymous_003-007-1302-01_1733387009180_Right_Lateral_View.jpg,anonymous_003-007-1302-01_1733387009180_Right_Lateral_View_tooth_002.jpg,0.7181,323,921,556,1098,233,177
anonymous_003-007-1302-01_1733387009180_Right_Lateral_View.jpg,anonymous_003-007-1302-01_1733387009180_Right_Lateral_View_tooth_003.jpg,0.6802,553,939,750,1131,197,192
anonymous_003-007-1302-01_1733387009180_Right_Lateral_View.jpg,anonymous_003-007-1302-01_1733387009180_Right_Lateral_View_tooth_004.jpg,0.7044,557,739,710,940,153,201
anonymous_003-007-1302-01_1733387009180_Right_Lateral_View.jpg,anonymous_003-007-1302-01_1733387009180_Right_Lateral_View_tooth_005.jpg,0.7421,720,683,908,951,188,268
anonymous_003-007-1302-01_1733387009180_Right_Lateral_View.jpg,anonymous_003-007-1302-01_1733387009180_Right_Lateral_View_tooth_006.jpg,0.6478,777,940,987,1184,210,244
anonymous_003-007-1302-01_1733387009180_Right_Lateral_View.jpg,anonymous_003-007-1302-01_1733387009180_Right_Lateral_View_tooth_007.jpg,0.8227,967,635,1227,989,260,354
anonymous_003-007-1302-01_1733387009180_Right_Lateral_View.jpg,anonymous_003-007-1302-01_1733387009180_Right_Lateral_View_tooth_008.jpg,0.485,1039,976,1244,1172,205,196
anonymous_003-007-1302-01_1733387009180_Right_Lateral_View.jpg,anonymous_003-007-1302-01_1733387009180_Right_Lateral_View_tooth_009.jpg,0.6198,1264,688,1480,945,216,257
anonymous_003-007-1302-01_1733387009180_Right_Lateral_View.jpg,anonymous_003-007-1302-01_1733387009180_Right_Lateral_View_tooth_010.jpg,0.4895,1309,942,1473,1116,164,174
anonymous_003-007-1302-01_1733387009180_Right_Lateral_View.jpg,anonymous_003-007-1302-01_1733387009180_Right_Lateral_View_tooth_011.jpg,0.6811,1501,648,1657,1013,156,365
anonymous_003-007-1303-00_1733387722479_Frontal_View.jpg,anonymous_003-007-1303-00_1733387722479_Frontal_View_tooth_000.jpg,0.3549,84,310,150,427,66,117
anonymous_003-007-1303-00_1733387722479_Frontal_View.jpg,anonymous_003-007-1303-00_1733387722479_Frontal_View_tooth_001.jpg,0.2874,176,511,270,636,94,125
anonymous_003-007-1303-00_1733387722479_Frontal_View.jpg,anonymous_003-007-1303-00_1733387722479_Frontal_View_tooth_002.jpg,0.4804,216,258,311,446,95,188
anonymous_003-007-1303-00_1733387722479_Frontal_View.jpg,anonymous_003-007-1303-00_1733387722479_Frontal_View_tooth_003.jpg,0.5732,278,499,418,684,140,185
anonymous_003-007-1303-00_1733387722479_Frontal_View.jpg,anonymous_003-007-1303-00_1733387722479_Frontal_View_tooth_004.jpg,0.4179,293,496,415,652,122,156
anonymous_003-007-1303-00_1733387722479_Frontal_View.jpg,anonymous_003-007-1303-00_1733387722479_Frontal_View_tooth_005.jpg,0.7528,326,198,491,463,165,265
anonymous_003-007-1303-00_1733387722479_Frontal_View.jpg,anonymous_003-007-1303-00_1733387722479_Frontal_View_tooth_006.jpg,0.7887,427,431,580,684,153,253
anonymous_003-007-1303-00_1733387722479_Frontal_View.jpg,anonymous_003-007-1303-00_1733387722479_Frontal_View_tooth_007.jpg,0.7654,519,221,680,436,161,215
anonymous_003-007-1303-00_1733387722479_Frontal_View.jpg,anonymous_003-007-1303-00_1733387722479_Frontal_View_tooth_008.jpg,0.6031,609,450,743,661,134,211
anonymous_003-007-1303-00_1733387722479_Frontal_View.jpg,anonymous_003-007-1303-00_1733387722479_Frontal_View_tooth_009.jpg,0.758,690,174,910,480,220,306
anonymous_003-007-1303-00_1733387722479_Frontal_View.jpg,anonymous_003-007-1303-00_1733387722479_Frontal_View_tooth_010.jpg,0.6575,780,468,914,676,134,208
anonymous_003-007-1303-00_1733387722479_Frontal_View.jpg,anonymous_003-007-1303-00_1733387722479_Frontal_View_tooth_011.jpg,0.819,932,197,1157,480,225,283
anonymous_003-007-1303-00_1733387722479_Frontal_View.jpg,anonymous_003-007-1303-00_1733387722479_Frontal_View_tooth_012.jpg,0.7836,941,463,1067,691,126,228
anonymous_003-007-1303-00_1733387722479_Frontal_View.jpg,anonymous_003-007-1303-00_1733387722479_Frontal_View_tooth_013.jpg,0.7719,1096,456,1212,684,116,228
anonymous_003-007-1303-00_1733387722479_Frontal_View.jpg,anonymous_003-007-1303-00_1733387722479_Frontal_View_tooth_014.jpg,0.6404,1175,233,1317,456,142,223
anonymous_003-007-1303-00_1733387722479_Frontal_View.jpg,anonymous_003-007-1303-00_1733387722479_Frontal_View_tooth_015.jpg,0.6835,1233,453,1354,701,121,248
anonymous_003-007-1303-00_1733387722479_Frontal_View.jpg,anonymous_003-007-1303-00_1733387722479_Frontal_View_tooth_016.jpg,0.6028,1344,238,1468,476,124,238
anonymous_003-007-1303-00_1733387722479_Frontal_View.jpg,anonymous_003-007-1303-00_1733387722479_Frontal_View_tooth_017.jpg,0.3017,1368,511,1463,714,95,203
anonymous_003-007-1303-00_1733387722479_Frontal_View.jpg,anonymous_003-007-1303-00_1733387722479_Frontal_View_tooth_018.jpg,0.258,1476,280,1555,470,79,190
anonymous_003-007-1314-01_1733460606394_Right_Lateral_View.jpg,anonymous_003-007-1314-01_1733460606394_Right_Lateral_View_tooth_000.jpg,0.2806,134,735,251,895,117,160
anonymous_003-007-1314-01_1733460606394_Right_Lateral_View.jpg,anonymous_003-007-1314-01_1733460606394_Right_Lateral_View_tooth_001.jpg,0.3439,170,910,364,1029,194,119
anonymous_003-007-1314-01_1733460606394_Right_Lateral_View.jpg,anonymous_003-007-1314-01_1733460606394_Right_Lateral_View_tooth_002.jpg,0.6414,283,756,504,906,221,150
anonymous_003-007-1314-01_1733460606394_Right_Lateral_View.jpg,anonymous_003-007-1314-01_1733460606394_Right_Lateral_View_tooth_003.jpg,0.6099,395,937,661,1074,266,137
anonymous_003-007-1314-01_1733460606394_Right_Lateral_View.jpg,anonymous_003-007-1314-01_1733460606394_Right_Lateral_View_tooth_004.jpg,0.5642,527,771,691,937,164,166
anonymous_003-007-1314-01_1733460606394_Right_Lateral_View.jpg,anonymous_003-007-1314-01_1733460606394_Right_Lateral_View_tooth_005.jpg,0.6183,669,958,849,1112,180,154
anonymous_003-007-1314-01_1733460606394_Right_Lateral_View.jpg,anonymous_003-007-1314-01_1733460606394_Right_Lateral_View_tooth_006.jpg,0.7378,714,723,909,958,195,235
anonymous_003-007-1314-01_1733460606394_Right_Lateral_View.jpg,anonymous_003-007-1314-01_1733460606394_Right_Lateral_View_tooth_007.jpg,0.7544,860,952,1073,1183,213,231
anonymous_003-007-1314-01_1733460606394_Right_Lateral_View.jpg,anonymous_003-007-1314-01_1733460606394_Right_Lateral_View_tooth_008.jpg,0.7485,933,640,1132,965,199,325
anonymous_003-007-1314-01_1733460606394_Right_Lateral_View.jpg,anonymous_003-007-1314-01_1733460606394_Right_Lateral_View_tooth_009.jpg,0.7265,1113,937,1326,1182,213,245
anonymous_003-007-1314-01_1733460606394_Right_Lateral_View.jpg,anonymous_003-007-1314-01_1733460606394_Right_Lateral_View_tooth_010.jpg,0.7198,1198,720,1403,965,205,245
anonymous_003-007-1314-01_1733460606394_Right_Lateral_View.jpg,anonymous_003-007-1314-01_1733460606394_Right_Lateral_View_tooth_011.jpg,0.2709,1359,973,1520,1148,161,175
anonymous_003-007-1314-01_1733460606394_Right_Lateral_View.jpg,anonymous_003-007-1314-01_1733460606394_Right_Lateral_View_tooth_012.jpg,0.8054,1447,653,1649,965,202,312
anonymous_003-007-1314-01_1733460606394_Right_Lateral_View.jpg,anonymous_003-007-1314-01_1733460606394_Right_Lateral_View_tooth_013.jpg,0.291,1566,982,1649,1126,83,144
anonymous_003-007-1315-00_1733461151409_Right_Lateral_View.jpg,anonymous_003-007-1315-00_1733461151409_Right_Lateral_View_tooth_000.jpg,0.4879,232,471,355,619,123,148
anonymous_003-007-1315-00_1733461151409_Right_Lateral_View.jpg,anonymous_003-007-1315-00_1733461151409_Right_Lateral_View_tooth_001.jpg,0.3944,305,631,490,744,185,113
anonymous_003-007-1315-00_1733461151409_Right_Lateral_View.jpg,anonymous_003-007-1315-00_1733461151409_Right_Lateral_View_tooth_002.jpg,0.7039,392,467,631,622,239,155
anonymous_003-007-1315-00_1733461151409_Right_Lateral_View.jpg,anonymous_003-007-1315-00_1733461151409_Right_Lateral_View_tooth_003.jpg,0.251,445,480,639,621,194,141
anonymous_003-007-1315-00_1733461151409_Right_Lateral_View.jpg,anonymous_003-007-1315-00_1733461151409_Right_Lateral_View_tooth_004.jpg,0.3124,522,622,655,785,133,163
anonymous_003-007-1315-00_1733461151409_Right_Lateral_View.jpg,anonymous_003-007-1315-00_1733461151409_Right_Lateral_View_tooth_005.jpg,0.5656,522,643,792,782,270,139
anonymous_003-007-1315-00_1733461151409_Right_Lateral_View.jpg,anonymous_003-007-1315-00_1733461151409_Right_Lateral_View_tooth_006.jpg,0.7723,649,469,817,646,168,177
anonymous_003-007-1315-00_1733461151409_Right_Lateral_View.jpg,anonymous_003-007-1315-00_1733461151409_Right_Lateral_View_tooth_007.jpg,0.6945,808,636,985,797,177,161
anonymous_003-007-1315-00_1733461151409_Right_Lateral_View.jpg,anonymous_003-007-1315-00_1733461151409_Right_Lateral_View_tooth_008.jpg,0.732,840,404,1031,631,191,227
anonymous_003-007-1315-00_1733461151409_Right_Lateral_View.jpg,anonymous_003-007-1315-00_1733461151409_Right_Lateral_View_tooth_009.jpg,0.6755,1008,617,1206,843,198,226
anonymous_003-007-1315-00_1733461151409_Right_Lateral_View.jpg,anonymous_003-007-1315-00_1733461151409_Right_Lateral_View_tooth_010.jpg,0.8007,1059,323,1278,623,219,300
anonymous_003-007-1315-00_1733461151409_Right_Lateral_View.jpg,anonymous_003-007-1315-00_1733461151409_Right_Lateral_View_tooth_011.jpg,0.7404,1257,572,1467,815,210,243
anonymous_003-007-1315-00_1733461151409_Right_Lateral_View.jpg,anonymous_003-007-1315-00_1733461151409_Right_Lateral_View_tooth_012.jpg,0.6742,1334,363,1540,594,206,231
anonymous_003-007-1319-00_1733466947980_Frontal_View.jpg,anonymous_003-007-1319-00_1733466947980_Frontal_View_tooth_000.jpg,0.2636,136,493,222,619,86,126
anonymous_003-007-1319-00_1733466947980_Frontal_View.jpg,anonymous_003-007-1319-00_1733466947980_Frontal_View_tooth_001.jpg,0.5783,235,501,344,647,109,146
anonymous_003-007-1319-00_1733466947980_Frontal_View.jpg,anonymous_003-007-1319-00_1733466947980_Frontal_View_tooth_002.jpg,0.6253,260,256,396,422,136,166
anonymous_003-007-1319-00_1733466947980_Frontal_View.jpg,anonymous_003-007-1319-00_1733466947980_Frontal_View_tooth_003.jpg,0.7782,375,467,529,658,154,191
anonymous_003-007-1319-00_1733466947980_Frontal_View.jpg,anonymous_003-007-1319-00_1733466947980_Frontal_View_tooth_004.jpg,0.7758,431,265,591,431,160,166
anonymous_003-007-1319-00_1733466947980_Frontal_View.jpg,anonymous_003-007-1319-00_1733466947980_Frontal_View_tooth_005.jpg,0.8048,539,470,686,650,147,180
anonymous_003-007-1319-00_1733466947980_Frontal_View.jpg,anonymous_003-007-1319-00_1733466947980_Frontal_View_tooth_006.jpg,0.8192,612,219,847,474,235,255
anonymous_003-007-1319-00_1733466947980_Frontal_View.jpg,anonymous_003-007-1319-00_1733466947980_Frontal_View_tooth_007.jpg,0.8132,705,471,835,642,130,171
anonymous_003-007-1319-00_1733466947980_Frontal_View.jpg,anonymous_003-007-1319-00_1733466947980_Frontal_View_tooth_008.jpg,0.7538,852,469,986,647,134,178
anonymous_003-007-1319-00_1733466947980_Frontal_View.jpg,anonymous_003-007-1319-00_1733466947980_Frontal_View_tooth_009.jpg,0.8381,867,207,1083,456,216,249
anonymous_003-007-1319-00_1733466947980_Frontal_View.jpg,anonymous_003-007-1319-00_1733466947980_Frontal_View_tooth_010.jpg,0.6768,1014,462,1134,650,120,188
anonymous_003-007-1319-00_1733466947980_Frontal_View.jpg,anonymous_003-007-1319-00_1733466947980_Frontal_View_tooth_011.jpg,0.6413,1097,221,1220,391,123,170
anonymous_003-007-1319-00_1733466947980_Frontal_View.jpg,anonymous_003-007-1319-00_1733466947980_Frontal_View_tooth_012.jpg,0.4114,1141,446,1234,632,93,186
anonymous_003-007-1319-00_1733466947980_Frontal_View.jpg,anonymous_003-007-1319-00_1733466947980_Frontal_View_tooth_013.jpg,0.2736,1239,231,1315,390,76,159
anonymous_003-007-1332-01_1733546368703_Right_Lateral_View.jpg,anonymous_003-007-1332-01_1733546368703_Right_Lateral_View_tooth_000.jpg,0.307,218,882,367,982,149,100
anonymous_003-007-1332-01_1733546368703_Right_Lateral_View.jpg,anonymous_003-007-1332-01_1733546368703_Right_Lateral_View_tooth_001.jpg,0.4667,342,747,499,883,157,136
anonymous_003-007-1332-01_1733546368703_Right_Lateral_View.jpg,anonymous_003-007-1332-01_1733546368703_Right_Lateral_View_tooth_002.jpg,0.6479,373,892,591,1040,218,148
anonymous_003-007-1332-01_1733546368703_Right_Lateral_View.jpg,anonymous_003-007-1332-01_1733546368703_Right_Lateral_View_tooth_003.jpg,0.6697,515,712,680,865,165,153
anonymous_003-007-1332-01_1733546368703_Right_Lateral_View.jpg,anonymous_003-007-1332-01_1733546368703_Right_Lateral_View_tooth_004.jpg,0.7272,608,874,800,1076,192,202
anonymous_003-007-1332-01_1733546368703_Right_Lateral_View.jpg,anonymous_003-007-1332-01_1733546368703_Right_Lateral_View_tooth_005.jpg,0.7245,716,699,924,864,208,165
anonymous_003-007-1332-01_1733546368703_Right_Lateral_View.jpg,anonymous_003-007-1332-01_1733546368703_Right_Lateral_View_tooth_006.jpg,0.7308,822,863,1030,1116,208,253
anonymous_003-007-1332-01_1733546368703_Right_Lateral_View.jpg,anonymous_003-007-1332-01_1733546368703_Right_Lateral_View_tooth_007.jpg,0.6922,937,549,1164,842,227,293
anonymous_003-007-1332-01_1733546368703_Right_Lateral_View.jpg,anonymous_003-007-1332-01_1733546368703_Right_Lateral_View_tooth_008.jpg,0.6204,1062,809,1288,1069,226,260
anonymous_003-007-1332-01_1733546368703_Right_Lateral_View.jpg,anonymous_003-007-1332-01_1733546368703_Right_Lateral_View_tooth_009.jpg,0.515,1228,542,1427,796,199,254
anonymous_003-007-1332-01_1733546368703_Right_Lateral_View.jpg,anonymous_003-007-1332-01_1733546368703_Right_Lateral_View_tooth_010.jpg,0.3538,1316,780,1523,955,207,175
anonymous_003-007-1332-01_1733546368703_Right_Lateral_View.jpg,anonymous_003-007-1332-01_1733546368703_Right_Lateral_View_tooth_011.jpg,0.6842,1470,428,1585,770,115,342
anonymous_003-007-1333-00_1733546768749_Left_Lateral_View.jpg,anonymous_003-007-1333-00_1733546768749_Left_Lateral_View_tooth_000.jpg,0.7444,0,357,219,798,219,441
anonymous_003-007-1333-00_1733546768749_Left_Lateral_View.jpg,anonymous_003-007-1333-00_1733546768749_Left_Lateral_View_tooth_001.jpg,0.3618,0,368,216,661,216,293
anonymous_003-007-1333-00_1733546768749_Left_Lateral_View.jpg,anonymous_003-007-1333-00_1733546768749_Left_Lateral_View_tooth_002.jpg,0.5139,0,820,116,994,116,174
anonymous_003-007-1333-00_1733546768749_Left_Lateral_View.jpg,anonymous_003-007-1333-00_1733546768749_Left_Lateral_View_tooth_003.jpg,0.7972,170,805,419,1062,249,257
anonymous_003-007-1333-00_1733546768749_Left_Lateral_View.jpg,anonymous_003-007-1333-00_1733546768749_Left_Lateral_View_tooth_004.jpg,0.8197,251,469,538,809,287,340
anonymous_003-007-1333-00_1733546768749_Left_Lateral_View.jpg,anonymous_003-007-1333-00_1733546768749_Left_Lateral_View_tooth_005.jpg,0.7444,462,812,672,1136,210,324
anonymous_003-007-1333-00_1733546768749_Left_Lateral_View.jpg,anonymous_003-007-1333-00_1733546768749_Left_Lateral_View_tooth_006.jpg,0.8806,603,501,861,864,258,363
anonymous_003-007-1333-00_1733546768749_Left_Lateral_View.jpg,anonymous_003-007-1333-00_1733546768749_Left_Lateral_View_tooth_007.jpg,0.2733,610,499,873,780,263,281
anonymous_003-007-1333-00_1733546768749_Left_Lateral_View.jpg,anonymous_003-007-1333-00_1733546768749_Left_Lateral_View_tooth_008.jpg,0.7818,744,831,935,1144,191,313
anonymous_003-007-1333-00_1733546768749_Left_Lateral_View.jpg,anonymous_003-007-1333-00_1733546768749_Left_Lateral_View_tooth_009.jpg,0.7029,867,625,1071,865,204,240
anonymous_003-007-1333-00_1733546768749_Left_Lateral_View.jpg,anonymous_003-007-1333-00_1733546768749_Left_Lateral_View_tooth_010.jpg,0.4625,962,857,1096,1005,134,148
anonymous_003-007-1333-00_1733546768749_Left_Lateral_View.jpg,anonymous_003-007-1333-00_1733546768749_Left_Lateral_View_tooth_011.jpg,0.3361,1059,655,1181,843,122,188
anonymous_003-007-1333-00_1733546768749_Left_Lateral_View.jpg,anonymous_003-007-1333-00_1733546768749_Left_Lateral_View_tooth_012.jpg,0.4753,1115,833,1239,971,124,138
anonymous_003-007-1333-00_1733546768749_Left_Lateral_View.jpg,anonymous_003-007-1333-00_1733546768749_Left_Lateral_View_tooth_013.jpg,0.7555,1182,643,1327,822,145,179
anonymous_003-007-1335-00_1733549834282_Right_Lateral_View.jpg,anonymous_003-007-1335-00_1733549834282_Right_Lateral_View_tooth_000.jpg,0.2678,142,525,253,638,111,113
anonymous_003-007-1335-00_1733549834282_Right_Lateral_View.jpg,anonymous_003-007-1335-00_1733549834282_Right_Lateral_View_tooth_001.jpg,0.7645,210,372,382,532,172,160
anonymous_003-007-1335-00_1733549834282_Right_Lateral_View.jpg,anonymous_003-007-1335-00_1733549834282_Right_Lateral_View_tooth_002.jpg,0.6675,285,539,468,718,183,179
anonymous_003-007-1335-00_1733549834282_Right_Lateral_View.jpg,anonymous_003-007-1335-00_1733549834282_Right_Lateral_View_tooth_003.jpg,0.6994,392,372,526,536,134,164
anonymous_003-007-1335-00_1733549834282_Right_Lateral_View.jpg,anonymous_003-007-1335-00_1733549834282_Right_Lateral_View_tooth_004.jpg,0.6144,506,549,710,696,204,147
anonymous_003-007-1335-00_1733549834282_Right_Lateral_View.jpg,anonymous_003-007-1335-00_1733549834282_Right_Lateral_View_tooth_005.jpg,0.7591,548,381,738,542,190,161
anonymous_003-007-1335-00_1733549834282_Right_Lateral_View.jpg,anonymous_003-007-1335-00_1733549834282_Right_Lateral_View_tooth_006.jpg,0.7609,734,513,883,753,149,240
anonymous_003-007-1335-00_1733549834282_Right_Lateral_View.jpg,anonymous_003-007-1335-00_1733549834282_Right_Lateral_View_tooth_007.jpg,0.7284,771,348,968,523,197,175
anonymous_003-007-1335-00_1733549834282_Right_Lateral_View.jpg,anonymous_003-007-1335-00_1733549834282_Right_Lateral_View_tooth_008.jpg,0.7503,923,494,1115,725,192,231
anonymous_003-007-1335-00_1733549834282_Right_Lateral_View.jpg,anonymous_003-007-1335-00_1733549834282_Right_Lateral_View_tooth_009.jpg,0.7464,1032,280,1241,487,209,207
anonymous_003-007-1335-00_1733549834282_Right_Lateral_View.jpg,anonymous_003-007-1335-00_1733549834282_Right_Lateral_View_tooth_010.jpg,0.4692,1146,490,1328,680,182,190
anonymous_003-007-1335-00_1733549834282_Right_Lateral_View.jpg,anonymous_003-007-1335-00_1733549834282_Right_Lateral_View_tooth_011.jpg,0.687,1153,484,1337,732,184,248
anonymous_003-007-1335-00_1733549834282_Right_Lateral_View.jpg,anonymous_003-007-1335-00_1733549834282_Right_Lateral_View_tooth_012.jpg,0.6043,1278,243,1386,496,108,253
anonymous_003-007-1341-01_1733555170954_Right_Lateral_View.jpg,anonymous_003-007-1341-01_1733555170954_Right_Lateral_View_tooth_000.jpg,0.412,92,400,282,510,190,110
anonymous_003-007-1341-01_1733555170954_Right_Lateral_View.jpg,anonymous_003-007-1341-01_1733555170954_Right_Lateral_View_tooth_001.jpg,0.5296,161,528,341,658,180,130
anonymous_003-007-1341-01_1733555170954_Right_Lateral_View.jpg,anonymous_003-007-1341-01_1733555170954_Right_Lateral_View_tooth_002.jpg,0.3701,308,415,432,522,124,107
anonymous_003-007-1341-01_1733555170954_Right_Lateral_View.jpg,anonymous_003-007-1341-01_1733555170954_Right_Lateral_View_tooth_003.jpg,0.5951,387,534,631,674,244,140
anonymous_003-007-1341-01_1733555170954_Right_Lateral_View.jpg,anonymous_003-007-1341-01_1733555170954_Right_Lateral_View_tooth_004.jpg,0.6513,447,374,626,534,179,160
anonymous_003-007-1341-01_1733555170954_Right_Lateral_View.jpg,anonymous_003-007-1341-01_1733555170954_Right_Lateral_View_tooth_005.jpg,0.6698,694,361,874,561,180,200
anonymous_003-007-1341-01_1733555170954_Right_Lateral_View.jpg,anonymous_003-007-1341-01_1733555170954_Right_Lateral_View_tooth_006.jpg,0.6892,869,529,1050,753,181,224
anonymous_003-007-1341-01_1733555170954_Right_Lateral_View.jpg,anonymous_003-007-1341-01_1733555170954_Right_Lateral_View_tooth_007.jpg,0.7845,971,310,1193,566,222,256
anonymous_003-007-1341-01_1733555170954_Right_Lateral_View.jpg,anonymous_003-007-1341-01_1733555170954_Right_Lateral_View_tooth_008.jpg,0.2692,1116,559,1193,674,77,115
anonymous_003-007-1342-00_1733555666542_Frontal_View.jpg,anonymous_003-007-1342-00_1733555666542_Frontal_View_tooth_000.jpg,0.4185,186,220,294,368,108,148
anonymous_003-007-1342-00_1733555666542_Frontal_View.jpg,anonymous_003-007-1342-00_1733555666542_Frontal_View_tooth_001.jpg,0.7366,306,203,501,468,195,265
anonymous_003-007-1342-00_1733555666542_Frontal_View.jpg,anonymous_003-007-1342-00_1733555666542_Frontal_View_tooth_002.jpg,0.7492,328,471,465,651,137,180
anonymous_003-007-1342-00_1733555666542_Frontal_View.jpg,anonymous_003-007-1342-00_1733555666542_Frontal_View_tooth_003.jpg,0.6939,494,495,657,717,163,222
anonymous_003-007-1342-00_1733555666542_Frontal_View.jpg,anonymous_003-007-1342-00_1733555666542_Frontal_View_tooth_004.jpg,0.8266,524,189,802,507,278,318
anonymous_003-007-1342-00_1733555666542_Frontal_View.jpg,anonymous_003-007-1342-00_1733555666542_Frontal_View_tooth_005.jpg,0.7555,679,497,831,736,152,239
anonymous_003-007-1342-00_1733555666542_Frontal_View.jpg,anonymous_003-007-1342-00_1733555666542_Frontal_View_tooth_006.jpg,0.8123,826,190,1093,511,267,321
anonymous_003-007-1342-00_1733555666542_Frontal_View.jpg,anonymous_003-007-1342-00_1733555666542_Frontal_View_tooth_007.jpg,0.7926,850,505,1017,746,167,241
anonymous_003-007-1342-00_1733555666542_Frontal_View.jpg,anonymous_003-007-1342-00_1733555666542_Frontal_View_tooth_008.jpg,0.7961,1024,474,1178,719,154,245
anonymous_003-007-1342-00_1733555666542_Frontal_View.jpg,anonymous_003-007-1342-00_1733555666542_Frontal_View_tooth_009.jpg,0.7417,1104,180,1271,470,167,290
anonymous_003-007-1342-00_1733555666542_Frontal_View.jpg,anonymous_003-007-1342-00_1733555666542_Frontal_View_tooth_010.jpg,0.6877,1178,455,1297,697,119,242
anonymous_003-007-1342-00_1733555666542_Frontal_View.jpg,anonymous_003-007-1342-00_1733555666542_Frontal_View_tooth_011.jpg,0.4833,1286,229,1384,434,98,205
anonymous_003-007-1342-00_1733555666542_Frontal_View.jpg,anonymous_003-007-1342-00_1733555666542_Frontal_View_tooth_012.jpg,0.4417,1297,429,1393,595,96,166
anonymous_003-007-1343-01_1733556695047_Right_Lateral_View.jpg,anonymous_003-007-1343-01_1733556695047_Right_Lateral_View_tooth_000.jpg,0.6021,260,719,462,876,202,157
anonymous_003-007-1343-01_1733556695047_Right_Lateral_View.jpg,anonymous_003-007-1343-01_1733556695047_Right_Lateral_View_tooth_001.jpg,0.4847,367,871,597,1038,230,167
anonymous_003-007-1343-01_1733556695047_Right_Lateral_View.jpg,anonymous_003-007-1343-01_1733556695047_Right_Lateral_View_tooth_002.jpg,0.468,432,863,601,1031,169,168
anonymous_003-007-1343-01_1733556695047_Right_Lateral_View.jpg,anonymous_003-007-1343-01_1733556695047_Right_Lateral_View_tooth_003.jpg,0.6552,492,702,666,851,174,149
anonymous_003-007-1343-01_1733556695047_Right_Lateral_View.jpg,anonymous_003-007-1343-01_1733556695047_Right_Lateral_View_tooth_004.jpg,0.5568,631,845,800,1026,169,181
anonymous_003-007-1343-01_1733556695047_Right_Lateral_View.jpg,anonymous_003-007-1343-01_1733556695047_Right_Lateral_View_tooth_005.jpg,0.7597,693,599,898,838,205,239
anonymous_003-007-1343-01_1733556695047_Right_Lateral_View.jpg,anonymous_003-007-1343-01_1733556695047_Right_Lateral_View_tooth_006.jpg,0.7192,861,780,1060,1043,199,263
anonymous_003-007-1343-01_1733556695047_Right_Lateral_View.jpg,anonymous_003-007-1343-01_1733556695047_Right_Lateral_View_tooth_007.jpg,0.2721,937,296,1210,645,273,349
anonymous_003-007-1343-01_1733556695047_Right_Lateral_View.jpg,anonymous_003-007-1343-01_1733556695047_Right_Lateral_View_tooth_008.jpg,0.6981,953,316,1234,722,281,406
anonymous_003-007-1343-01_1733556695047_Right_Lateral_View.jpg,anonymous_003-007-1343-01_1733556695047_Right_Lateral_View_tooth_009.jpg,0.7382,1115,704,1375,985,260,281
anonymous_003-007-1343-01_1733556695047_Right_Lateral_View.jpg,anonymous_003-007-1343-01_1733556695047_Right_Lateral_View_tooth_010.jpg,0.2985,1295,287,1548,593,253,306
anonymous_003-007-1343-01_1733556695047_Right_Lateral_View.jpg,anonymous_003-007-1343-01_1733556695047_Right_Lateral_View_tooth_011.jpg,0.8158,1305,298,1548,669,243,371
anonymous_003-007-1343-01_1733556695047_Right_Lateral_View.jpg,anonymous_003-007-1343-01_1733556695047_Right_Lateral_View_tooth_012.jpg,0.3553,1411,670,1548,820,137,150
anonymous_003-007-1356-01_1733720353831_Right_Lateral_View.jpg,anonymous_003-007-1356-01_1733720353831_Right_Lateral_View_tooth_000.jpg,0.5265,318,837,506,975,188,138
anonymous_003-007-1356-01_1733720353831_Right_Lateral_View.jpg,anonymous_003-007-1356-01_1733720353831_Right_Lateral_View_tooth_001.jpg,0.6585,395,983,648,1141,253,158
anonymous_003-007-1356-01_1733720353831_Right_Lateral_View.jpg,anonymous_003-007-1356-01_1733720353831_Right_Lateral_View_tooth_002.jpg,0.5032,530,832,708,974,178,142
anonymous_003-007-1356-01_1733720353831_Right_Lateral_View.jpg,anonymous_003-007-1356-01_1733720353831_Right_Lateral_View_tooth_003.jpg,0.6078,675,970,870,1157,195,187
anonymous_003-007-1356-01_1733720353831_Right_Lateral_View.jpg,anonymous_003-007-1356-01_1733720353831_Right_Lateral_View_tooth_004.jpg,0.7187,742,781,949,968,207,187
anonymous_003-007-1356-01_1733720353831_Right_Lateral_View.jpg,anonymous_003-007-1356-01_1733720353831_Right_Lateral_View_tooth_005.jpg,0.6414,917,942,1124,1195,207,253
anonymous_003-007-1356-01_1733720353831_Right_Lateral_View.jpg,anonymous_003-007-1356-01_1733720353831_Right_Lateral_View_tooth_006.jpg,0.8114,1002,655,1249,973,247,318
anonymous_003-007-1356-01_1733720353831_Right_Lateral_View.jpg,anonymous_003-007-1356-01_1733720353831_Right_Lateral_View_tooth_007.jpg,0.6976,1191,887,1407,1181,216,294
anonymous_003-007-1356-01_1733720353831_Right_Lateral_View.jpg,anonymous_003-007-1356-01_1733720353831_Right_Lateral_View_tooth_008.jpg,0.7289,1315,567,1568,878,253,311
anonymous_003-007-1356-01_1733720353831_Right_Lateral_View.jpg,anonymous_003-007-1356-01_1733720353831_Right_Lateral_View_tooth_009.jpg,0.5094,1443,881,1634,1054,191,173
anonymous_003-007-1356-01_1733720353831_Right_Lateral_View.jpg,anonymous_003-007-1356-01_1733720353831_Right_Lateral_View_tooth_010.jpg,0.2925,1600,610,1657,893,57,283
anonymous_003-007-1358-01_1733721809632_Right_Lateral_View.jpg,anonymous_003-007-1358-01_1733721809632_Right_Lateral_View_tooth_000.jpg,0.6736,221,544,410,702,189,158
anonymous_003-007-1358-01_1733721809632_Right_Lateral_View.jpg,anonymous_003-007-1358-01_1733721809632_Right_Lateral_View_tooth_001.jpg,0.4742,244,558,420,692,176,134
anonymous_003-007-1358-01_1733721809632_Right_Lateral_View.jpg,anonymous_003-007-1358-01_1733721809632_Right_Lateral_View_tooth_002.jpg,0.5995,266,710,502,855,236,145
anonymous_003-007-1358-01_1733721809632_Right_Lateral_View.jpg,anonymous_003-007-1358-01_1733721809632_Right_Lateral_View_tooth_003.jpg,0.7117,440,586,585,719,145,133
anonymous_003-007-1358-01_1733721809632_Right_Lateral_View.jpg,anonymous_003-007-1358-01_1733721809632_Right_Lateral_View_tooth_004.jpg,0.5387,538,739,698,841,160,102
anonymous_003-007-1358-01_1733721809632_Right_Lateral_View.jpg,anonymous_003-007-1358-01_1733721809632_Right_Lateral_View_tooth_005.jpg,0.6498,621,552,795,728,174,176
anonymous_003-007-1358-01_1733721809632_Right_Lateral_View.jpg,anonymous_003-007-1358-01_1733721809632_Right_Lateral_View_tooth_006.jpg,0.7389,734,712,910,913,176,201
anonymous_003-007-1358-01_1733721809632_Right_Lateral_View.jpg,anonymous_003-007-1358-01_1733721809632_Right_Lateral_View_tooth_007.jpg,0.7359,852,512,1051,732,199,220
anonymous_003-007-1358-01_1733721809632_Right_Lateral_View.jpg,anonymous_003-007-1358-01_1733721809632_Right_Lateral_View_tooth_008.jpg,0.7096,954,721,1124,909,170,188
anonymous_003-007-1358-01_1733721809632_Right_Lateral_View.jpg,anonymous_003-007-1358-01_1733721809632_Right_Lateral_View_tooth_009.jpg,0.5681,1090,475,1161,729,71,254
anonymous_003-007-1360-01_1733723628464_Right_Lateral_View.jpg,anonymous_003-007-1360-01_1733723628464_Right_Lateral_View_tooth_000.jpg,0.4931,375,699,535,802,160,103
anonymous_003-007-1360-01_1733723628464_Right_Lateral_View.jpg,anonymous_003-007-1360-01_1733723628464_Right_Lateral_View_tooth_001.jpg,0.5353,435,809,638,910,203,101
anonymous_003-007-1360-01_1733723628464_Right_Lateral_View.jpg,anonymous_003-007-1360-01_1733723628464_Right_Lateral_View_tooth_002.jpg,0.6476,554,671,688,798,134,127
anonymous_003-007-1360-01_1733723628464_Right_Lateral_View.jpg,anonymous_003-007-1360-01_1733723628464_Right_Lateral_View_tooth_003.jpg,0.4883,667,808,810,928,143,120
anonymous_003-007-1360-01_1733723628464_Right_Lateral_View.jpg,anonymous_003-007-1360-01_1733723628464_Right_Lateral_View_tooth_004.jpg,0.783,718,605,913,802,195,197
anonymous_003-007-1360-01_1733723628464_Right_Lateral_View.jpg,anonymous_003-007-1360-01_1733723628464_Right_Lateral_View_tooth_005.jpg,0.7101,835,763,1007,979,172,216
anonymous_003-007-1360-01_1733723628464_Right_Lateral_View.jpg,anonymous_003-007-1360-01_1733723628464_Right_Lateral_View_tooth_006.jpg,0.7443,947,516,1145,745,198,229
anonymous_003-007-1360-01_1733723628464_Right_Lateral_View.jpg,anonymous_003-007-1360-01_1733723628464_Right_Lateral_View_tooth_007.jpg,0.7767,1039,739,1221,979,182,240
anonymous_003-007-1360-01_1733723628464_Right_Lateral_View.jpg,anonymous_003-007-1360-01_1733723628464_Right_Lateral_View_tooth_008.jpg,0.712,1196,417,1406,642,210,225
anonymous_003-007-1360-01_1733723628464_Right_Lateral_View.jpg,anonymous_003-007-1360-01_1733723628464_Right_Lateral_View_tooth_009.jpg,0.5741,1268,656,1406,827,138,171
anonymous_003-007-1361-00_1733724284664_Right_Lateral_View.jpg,anonymous_003-007-1361-00_1733724284664_Right_Lateral_View_tooth_000.jpg,0.5064,187,541,363,646,176,105
anonymous_003-007-1361-00_1733724284664_Right_Lateral_View.jpg,anonymous_003-007-1361-00_1733724284664_Right_Lateral_View_tooth_001.jpg,0.6002,273,665,517,797,244,132
anonymous_003-007-1361-00_1733724284664_Right_Lateral_View.jpg,anonymous_003-007-1361-00_1733724284664_Right_Lateral_View_tooth_002.jpg,0.7611,395,517,549,651,154,134
anonymous_003-007-1361-00_1733724284664_Right_Lateral_View.jpg,anonymous_003-007-1361-00_1733724284664_Right_Lateral_View_tooth_003.jpg,0.7286,542,660,722,813,180,153
anonymous_003-007-1361-00_1733724284664_Right_Lateral_View.jpg,anonymous_003-007-1361-00_1733724284664_Right_Lateral_View_tooth_004.jpg,0.6667,588,440,807,647,219,207
anonymous_003-007-1361-00_1733724284664_Right_Lateral_View.jpg,anonymous_003-007-1361-00_1733724284664_Right_Lateral_View_tooth_005.jpg,0.7869,750,643,928,867,178,224
anonymous_003-007-1361-00_1733724284664_Right_Lateral_View.jpg,anonymous_003-007-1361-00_1733724284664_Right_Lateral_View_tooth_006.jpg,0.7454,850,366,1056,592,206,226
anonymous_003-007-1361-00_1733724284664_Right_Lateral_View.jpg,anonymous_003-007-1361-00_1733724284664_Right_Lateral_View_tooth_007.jpg,0.7746,977,609,1180,870,203,261
anonymous_003-007-1361-00_1733724284664_Right_Lateral_View.jpg,anonymous_003-007-1361-00_1733724284664_Right_Lateral_View_tooth_008.jpg,0.3396,1115,282,1180,473,65,191
anonymous_003-007-1362-01_1733725990504_Left_Lateral_View.jpg,anonymous_003-007-1362-01_1733725990504_Left_Lateral_View_tooth_000.jpg,0.4257,0,772,102,986,102,214
anonymous_003-007-1362-01_1733725990504_Left_Lateral_View.jpg,anonymous_003-007-1362-01_1733725990504_Left_Lateral_View_tooth_001.jpg,0.5228,162,752,394,951,232,199
anonymous_003-007-1362-01_1733725990504_Left_Lateral_View.jpg,anonymous_003-007-1362-01_1733725990504_Left_Lateral_View_tooth_002.jpg,0.3976,498,866,607,978,109,112
anonymous_003-007-1362-01_1733725990504_Left_Lateral_View.jpg,anonymous_003-007-1362-01_1733725990504_Left_Lateral_View_tooth_003.jpg,0.3539,621,702,841,857,220,155
anonymous_003-007-1362-01_1733725990504_Left_Lateral_View.jpg,anonymous_003-007-1362-01_1733725990504_Left_Lateral_View_tooth_004.jpg,0.3419,641,866,839,962,198,96
anonymous_003-007-1362-01_1733725990504_Left_Lateral_View.jpg,anonymous_003-007-1362-01_1733725990504_Left_Lateral_View_tooth_005.jpg,0.3619,675,706,836,852,161,146
anonymous_003-007-1362-01_1733725990504_Left_Lateral_View.jpg,anonymous_003-007-1362-01_1733725990504_Left_Lateral_View_tooth_006.jpg,0.4351,886,814,1186,1034,300,220
anonymous_003-007-1362-01_1733725990504_Left_Lateral_View.jpg,anonymous_003-007-1362-01_1733725990504_Left_Lateral_View_tooth_007.jpg,0.2577,892,813,1176,1124,284,311
anonymous_003-007-1362-01_1733725990504_Left_Lateral_View.jpg,anonymous_003-007-1362-01_1733725990504_Left_Lateral_View_tooth_008.jpg,0.5386,922,678,1030,800,108,122
anonymous_003-007-1362-01_1733725990504_Left_Lateral_View.jpg,anonymous_003-007-1362-01_1733725990504_Left_Lateral_View_tooth_009.jpg,0.5187,1059,647,1242,778,183,131
anonymous_003-007-1381-01_1733807088132_Right_Lateral_View.jpg,anonymous_003-007-1381-01_1733807088132_Right_Lateral_View_tooth_000.jpg,0.291,128,658,267,764,139,106
anonymous_003-007-1381-01_1733807088132_Right_Lateral_View.jpg,anonymous_003-007-1381-01_1733807088132_Right_Lateral_View_tooth_001.jpg,0.619,199,532,393,687,194,155
anonymous_003-007-1381-01_1733807088132_Right_Lateral_View.jpg,anonymous_003-007-1381-01_1733807088132_Right_Lateral_View_tooth_002.jpg,0.6642,289,700,501,817,212,117
anonymous_003-007-1381-01_1733807088132_Right_Lateral_View.jpg,anonymous_003-007-1381-01_1733807088132_Right_Lateral_View_tooth_003.jpg,0.474,336,701,501,808,165,107
anonymous_003-007-1381-01_1733807088132_Right_Lateral_View.jpg,anonymous_003-007-1381-01_1733807088132_Right_Lateral_View_tooth_004.jpg,0.5706,414,548,544,690,130,142
anonymous_003-007-1381-01_1733807088132_Right_Lateral_View.jpg,anonymous_003-007-1381-01_1733807088132_Right_Lateral_View_tooth_005.jpg,0.535,509,704,657,835,148,131
anonymous_003-007-1381-01_1733807088132_Right_Lateral_View.jpg,anonymous_003-007-1381-01_1733807088132_Right_Lateral_View_tooth_006.jpg,0.7318,568,498,745,708,177,210
anonymous_003-007-1381-01_1733807088132_Right_Lateral_View.jpg,anonymous_003-007-1381-01_1733807088132_Right_Lateral_View_tooth_007.jpg,0.6726,691,699,855,888,164,189
anonymous_003-007-1381-01_1733807088132_Right_Lateral_View.jpg,anonymous_003-007-1381-01_1733807088132_Right_Lateral_View_tooth_008.jpg,0.7933,787,453,976,706,189,253
anonymous_003-007-1381-01_1733807088132_Right_Lateral_View.jpg,anonymous_003-007-1381-01_1733807088132_Right_Lateral_View_tooth_009.jpg,0.7073,916,691,1101,913,185,222
anonymous_003-007-1381-01_1733807088132_Right_Lateral_View.jpg,anonymous_003-007-1381-01_1733807088132_Right_Lateral_View_tooth_010.jpg,0.8012,1011,477,1218,704,207,227
anonymous_003-007-1381-01_1733807088132_Right_Lateral_View.jpg,anonymous_003-007-1381-01_1733807088132_Right_Lateral_View_tooth_011.jpg,0.4946,1144,697,1234,849,90,152
anonymous_003-007-1383-01_1733809827682_Left_Lateral_View.jpg,anonymous_003-007-1383-01_1733809827682_Left_Lateral_View_tooth_000.jpg,0.6029,0,503,210,891,210,388
anonymous_003-007-1383-01_1733809827682_Left_Lateral_View.jpg,anonymous_003-007-1383-01_1733809827682_Left_Lateral_View_tooth_001.jpg,0.3953,0,900,99,1017,99,117
anonymous_003-007-1383-01_1733809827682_Left_Lateral_View.jpg,anonymous_003-007-1383-01_1733809827682_Left_Lateral_View_tooth_002.jpg,0.6128,160,837,304,1033,144,196
anonymous_003-007-1383-01_1733809827682_Left_Lateral_View.jpg,anonymous_003-007-1383-01_1733809827682_Left_Lateral_View_tooth_003.jpg,0.8566,240,548,447,855,207,307
anonymous_003-007-1383-01_1733809827682_Left_Lateral_View.jpg,anonymous_003-007-1383-01_1733809827682_Left_Lateral_View_tooth_004.jpg,0.7309,322,827,519,1026,197,199
anonymous_003-007-1383-01_1733809827682_Left_Lateral_View.jpg,anonymous_003-007-1383-01_1733809827682_Left_Lateral_View_tooth_005.jpg,0.8445,482,550,677,835,195,285
anonymous_003-007-1383-01_1733809827682_Left_Lateral_View.jpg,anonymous_003-007-1383-01_1733809827682_Left_Lateral_View_tooth_006.jpg,0.6421,544,829,744,985,200,156
anonymous_003-007-1383-01_1733809827682_Left_Lateral_View.jpg,anonymous_003-007-1383-01_1733809827682_Left_Lateral_View_tooth_007.jpg,0.7296,697,578,859,794,162,216
anonymous_003-007-1383-01_1733809827682_Left_Lateral_View.jpg,anonymous_003-007-1383-01_1733809827682_Left_Lateral_View_tooth_008.jpg,0.2738,773,805,880,920,107,115
anonymous_003-007-1383-01_1733809827682_Left_Lateral_View.jpg,anonymous_003-007-1383-01_1733809827682_Left_Lateral_View_tooth_009.jpg,0.4625,854,613,967,795,113,182
anonymous_003-007-1383-01_1733809827682_Left_Lateral_View.jpg,anonymous_003-007-1383-01_1733809827682_Left_Lateral_View_tooth_010.jpg,0.253,909,787,1047,891,138,104
anonymous_003-007-1383-01_1733809827682_Left_Lateral_View.jpg,anonymous_003-007-1383-01_1733809827682_Left_Lateral_View_tooth_011.jpg,0.4865,973,624,1094,770,121,146
anonymous_003-007-1398-00_1733892905827_Left_Lateral_View.jpg,anonymous_003-007-1398-00_1733892905827_Left_Lateral_View_tooth_000.jpg,0.8762,0,188,154,460,154,272
anonymous_003-007-1398-00_1733892905827_Left_Lateral_View.jpg,anonymous_003-007-1398-00_1733892905827_Left_Lateral_View_tooth_001.jpg,0.7566,192,226,370,453,178,227
anonymous_003-007-1398-00_1733892905827_Left_Lateral_View.jpg,anonymous_003-007-1398-00_1733892905827_Left_Lateral_View_tooth_002.jpg,0.5488,304,437,457,600,153,163
anonymous_003-007-1398-00_1733892905827_Left_Lateral_View.jpg,anonymous_003-007-1398-00_1733892905827_Left_Lateral_View_tooth_003.jpg,0.7152,426,249,590,438,164,189
anonymous_003-007-1398-00_1733892905827_Left_Lateral_View.jpg,anonymous_003-007-1398-00_1733892905827_Left_Lateral_View_tooth_004.jpg,0.4762,506,420,659,561,153,141
anonymous_003-007-1398-00_1733892905827_Left_Lateral_View.jpg,anonymous_003-007-1398-00_1733892905827_Left_Lateral_View_tooth_005.jpg,0.5358,630,297,768,409,138,112
anonymous_003-007-1398-00_1733892905827_Left_Lateral_View.jpg,anonymous_003-007-1398-00_1733892905827_Left_Lateral_View_tooth_006.jpg,0.3565,809,351,968,446,159,95
anonymous_003-007-1403-01_1733899327077_Right_Lateral_View.jpg,anonymous_003-007-1403-01_1733899327077_Right_Lateral_View_tooth_000.jpg,0.3086,379,863,592,1021,213,158
anonymous_003-007-1403-01_1733899327077_Right_Lateral_View.jpg,anonymous_003-007-1403-01_1733899327077_Right_Lateral_View_tooth_001.jpg,0.4429,499,1024,727,1120,228,96
anonymous_003-007-1403-01_1733899327077_Right_Lateral_View.jpg,anonymous_003-007-1403-01_1733899327077_Right_Lateral_View_tooth_002.jpg,0.2564,553,1022,724,1116,171,94
anonymous_003-007-1403-01_1733899327077_Right_Lateral_View.jpg,anonymous_003-007-1403-01_1733899327077_Right_Lateral_View_tooth_003.jpg,0.3027,621,909,756,1018,135,109
anonymous_003-007-1403-01_1733899327077_Right_Lateral_View.jpg,anonymous_003-007-1403-01_1733899327077_Right_Lateral_View_tooth_004.jpg,0.3351,752,1026,930,1143,178,117
anonymous_003-007-1403-01_1733899327077_Right_Lateral_View.jpg,anonymous_003-007-1403-01_1733899327077_Right_Lateral_View_tooth_005.jpg,0.6889,763,867,959,1019,196,152
anonymous_003-007-1403-01_1733899327077_Right_Lateral_View.jpg,anonymous_003-007-1403-01_1733899327077_Right_Lateral_View_tooth_006.jpg,0.5567,942,1006,1137,1167,195,161
anonymous_003-007-1403-01_1733899327077_Right_Lateral_View.jpg,anonymous_003-007-1403-01_1733899327077_Right_Lateral_View_tooth_007.jpg,0.7765,990,755,1205,1007,215,252
anonymous_003-007-1403-01_1733899327077_Right_Lateral_View.jpg,anonymous_003-007-1403-01_1733899327077_Right_Lateral_View_tooth_008.jpg,0.8038,1186,946,1379,1214,193,268
anonymous_003-007-1403-01_1733899327077_Right_Lateral_View.jpg,anonymous_003-007-1403-01_1733899327077_Right_Lateral_View_tooth_009.jpg,0.6824,1263,709,1465,946,202,237
anonymous_003-007-1403-01_1733899327077_Right_Lateral_View.jpg,anonymous_003-007-1403-01_1733899327077_Right_Lateral_View_tooth_010.jpg,0.3825,1419,937,1604,1117,185,180
anonymous_003-007-1403-01_1733899327077_Right_Lateral_View.jpg,anonymous_003-007-1403-01_1733899327077_Right_Lateral_View_tooth_011.jpg,0.775,1530,629,1665,918,135,289
anonymous_003-007-1405-01_1733903046895_Right_Lateral_View.jpg,anonymous_003-007-1405-01_1733903046895_Right_Lateral_View_tooth_000.jpg,0.6889,218,796,388,986,170,190
anonymous_003-007-1405-01_1733903046895_Right_Lateral_View.jpg,anonymous_003-007-1405-01_1733903046895_Right_Lateral_View_tooth_001.jpg,0.4977,288,999,523,1184,235,185
anonymous_003-007-1405-01_1733903046895_Right_Lateral_View.jpg,anonymous_003-007-1405-01_1733903046895_Right_Lateral_View_tooth_002.jpg,0.6448,395,806,566,1014,171,208
anonymous_003-007-1405-01_1733903046895_Right_Lateral_View.jpg,anonymous_003-007-1405-01_1733903046895_Right_Lateral_View_tooth_003.jpg,0.7094,553,998,719,1198,166,200
anonymous_003-007-1405-01_1733903046895_Right_Lateral_View.jpg,anonymous_003-007-1405-01_1733903046895_Right_Lateral_View_tooth_004.jpg,0.7216,580,766,794,1003,214,237
anonymous_003-007-1405-01_1733903046895_Right_Lateral_View.jpg,anonymous_003-007-1405-01_1733903046895_Right_Lateral_View_tooth_005.jpg,0.7905,747,978,950,1250,203,272
anonymous_003-007-1405-01_1733903046895_Right_Lateral_View.jpg,anonymous_003-007-1405-01_1733903046895_Right_Lateral_View_tooth_006.jpg,0.8121,824,626,1090,989,266,363
anonymous_003-007-1405-01_1733903046895_Right_Lateral_View.jpg,anonymous_003-007-1405-01_1733903046895_Right_Lateral_View_tooth_007.jpg,0.8645,988,923,1239,1319,251,396
anonymous_003-007-1405-01_1733903046895_Right_Lateral_View.jpg,anonymous_003-007-1405-01_1733903046895_Right_Lateral_View_tooth_008.jpg,0.7952,1137,531,1445,919,308,388
anonymous_003-007-1405-01_1733903046895_Right_Lateral_View.jpg,anonymous_003-007-1405-01_1733903046895_Right_Lateral_View_tooth_009.jpg,0.8562,1273,909,1523,1240,250,331
anonymous_003-007-1405-01_1733903046895_Right_Lateral_View.jpg,anonymous_003-007-1405-01_1733903046895_Right_Lateral_View_tooth_010.jpg,0.8496,1493,474,1791,836,298,362
anonymous_003-007-1405-01_1733903046895_Right_Lateral_View.jpg,anonymous_003-007-1405-01_1733903046895_Right_Lateral_View_tooth_011.jpg,0.7538,1554,892,1713,1141,159,249
anonymous_003-007-1405-01_1733903046895_Right_Lateral_View.jpg,anonymous_003-007-1405-01_1733903046895_Right_Lateral_View_tooth_012.jpg,0.3765,1733,880,1791,1077,58,197
anonymous_003-007-1407-01_1733905373045_Right_Lateral_View.jpg,anonymous_003-007-1407-01_1733905373045_Right_Lateral_View_tooth_000.jpg,0.3622,164,1305,358,1456,194,151
anonymous_003-007-1407-01_1733905373045_Right_Lateral_View.jpg,anonymous_003-007-1407-01_1733905373045_Right_Lateral_View_tooth_001.jpg,0.6039,255,1110,510,1300,255,190
anonymous_003-007-1407-01_1733905373045_Right_Lateral_View.jpg,anonymous_003-007-1407-01_1733905373045_Right_Lateral_View_tooth_002.jpg,0.6882,402,1312,707,1501,305,189
anonymous_003-007-1407-01_1733905373045_Right_Lateral_View.jpg,anonymous_003-007-1407-01_1733905373045_Right_Lateral_View_tooth_003.jpg,0.5559,547,1109,742,1303,195,194
anonymous_003-007-1407-01_1733905373045_Right_Lateral_View.jpg,anonymous_003-007-1407-01_1733905373045_Right_Lateral_View_tooth_004.jpg,0.5492,753,1307,948,1505,195,198
anonymous_003-007-1407-01_1733905373045_Right_Lateral_View.jpg,anonymous_003-007-1407-01_1733905373045_Right_Lateral_View_tooth_005.jpg,0.7816,778,1010,1026,1297,248,287
anonymous_003-007-1407-01_1733905373045_Right_Lateral_View.jpg,anonymous_003-007-1407-01_1733905373045_Right_Lateral_View_tooth_006.jpg,0.7089,1002,1271,1256,1567,254,296
anonymous_003-007-1407-01_1733905373045_Right_Lateral_View.jpg,anonymous_003-007-1407-01_1733905373045_Right_Lateral_View_tooth_007.jpg,0.7817,1086,892,1435,1275,349,383
anonymous_003-007-1407-01_1733905373045_Right_Lateral_View.jpg,anonymous_003-007-1407-01_1733905373045_Right_Lateral_View_tooth_008.jpg,0.6738,1316,1215,1611,1566,295,351
anonymous_003-007-1407-01_1733905373045_Right_Lateral_View.jpg,anonymous_003-007-1407-01_1733905373045_Right_Lateral_View_tooth_009.jpg,0.6568,1524,830,1808,1159,284,329
anonymous_003-007-1407-01_1733905373045_Right_Lateral_View.jpg,anonymous_003-007-1407-01_1733905373045_Right_Lateral_View_tooth_010.jpg,0.6074,1653,1164,1907,1416,254,252
anonymous_003-007-1407-01_1733905373045_Right_Lateral_View.jpg,anonymous_003-007-1407-01_1733905373045_Right_Lateral_View_tooth_011.jpg,0.7723,1866,687,2031,1086,165,399
anonymous_003-007-1407-01_1733905373045_Right_Lateral_View.jpg,anonymous_003-007-1407-01_1733905373045_Right_Lateral_View_tooth_012.jpg,0.2728,1933,1136,2031,1313,98,177
anonymous_003-007-1420-01_1733978633675_Left_Lateral_View.jpg,anonymous_003-007-1420-01_1733978633675_Left_Lateral_View_tooth_000.jpg,0.8361,0,600,146,930,146,330
anonymous_003-007-1420-01_1733978633675_Left_Lateral_View.jpg,anonymous_003-007-1420-01_1733978633675_Left_Lateral_View_tooth_001.jpg,0.874,210,614,403,886,193,272
anonymous_003-007-1420-01_1733978633675_Left_Lateral_View.jpg,anonymous_003-007-1420-01_1733978633675_Left_Lateral_View_tooth_002.jpg,0.4745,390,826,540,962,150,136
anonymous_003-007-1420-01_1733978633675_Left_Lateral_View.jpg,anonymous_003-007-1420-01_1733978633675_Left_Lateral_View_tooth_003.jpg,0.7684,461,535,650,810,189,275
anonymous_003-007-1420-01_1733978633675_Left_Lateral_View.jpg,anonymous_003-007-1420-01_1733978633675_Left_Lateral_View_tooth_004.jpg,0.6726,619,731,760,946,141,215
anonymous_003-007-1420-01_1733978633675_Left_Lateral_View.jpg,anonymous_003-007-1420-01_1733978633675_Left_Lateral_View_tooth_005.jpg,0.5715,688,531,842,737,154,206
anonymous_003-007-1420-01_1733978633675_Left_Lateral_View.jpg,anonymous_003-007-1420-01_1733978633675_Left_Lateral_View_tooth_006.jpg,0.4568,785,694,938,873,153,179
anonymous_003-007-1420-01_1733978633675_Left_Lateral_View.jpg,anonymous_003-007-1420-01_1733978633675_Left_Lateral_View_tooth_007.jpg,0.5017,862,523,1003,669,141,146
anonymous_003-007-1420-01_1733978633675_Left_Lateral_View.jpg,anonymous_003-007-1420-01_1733978633675_Left_Lateral_View_tooth_008.jpg,0.5913,1023,485,1148,612,125,127
anonymous_003-007-1426-01_1733987499538_Right_Lateral_View.jpg,anonymous_003-007-1426-01_1733987499538_Right_Lateral_View_tooth_000.jpg,0.2721,145,610,249,716,104,106
anonymous_003-007-1426-01_1733987499538_Right_Lateral_View.jpg,anonymous_003-007-1426-01_1733987499538_Right_Lateral_View_tooth_001.jpg,0.5275,293,644,450,789,157,145
anonymous_003-007-1426-01_1733987499538_Right_Lateral_View.jpg,anonymous_003-007-1426-01_1733987499538_Right_Lateral_View_tooth_002.jpg,0.6661,373,802,570,941,197,139
anonymous_003-007-1426-01_1733987499538_Right_Lateral_View.jpg,anonymous_003-007-1426-01_1733987499538_Right_Lateral_View_tooth_003.jpg,0.6327,455,640,614,794,159,154
anonymous_003-007-1426-01_1733987499538_Right_Lateral_View.jpg,anonymous_003-007-1426-01_1733987499538_Right_Lateral_View_tooth_004.jpg,0.5914,604,794,751,936,147,142
anonymous_003-007-1426-01_1733987499538_Right_Lateral_View.jpg,anonymous_003-007-1426-01_1733987499538_Right_Lateral_View_tooth_005.jpg,0.7639,626,582,803,792,177,210
anonymous_003-007-1426-01_1733987499538_Right_Lateral_View.jpg,anonymous_003-007-1426-01_1733987499538_Right_Lateral_View_tooth_006.jpg,0.6823,786,749,985,977,199,228
anonymous_003-007-1426-01_1733987499538_Right_Lateral_View.jpg,anonymous_003-007-1426-01_1733987499538_Right_Lateral_View_tooth_007.jpg,0.7982,816,474,1057,752,241,278
anonymous_003-007-1426-01_1733987499538_Right_Lateral_View.jpg,anonymous_003-007-1426-01_1733987499538_Right_Lateral_View_tooth_008.jpg,0.6811,1039,696,1211,941,172,245
anonymous_003-007-1426-01_1733987499538_Right_Lateral_View.jpg,anonymous_003-007-1426-01_1733987499538_Right_Lateral_View_tooth_009.jpg,0.6622,1098,397,1322,698,224,301
anonymous_003-007-1427-01_1733987975292_Left_Lateral_View.jpg,anonymous_003-007-1427-01_1733987975292_Left_Lateral_View_tooth_000.jpg,0.7196,0,380,196,745,196,365
anonymous_003-007-1427-01_1733987975292_Left_Lateral_View.jpg,anonymous_003-007-1427-01_1733987975292_Left_Lateral_View_tooth_001.jpg,0.6802,103,746,303,973,200,227
anonymous_003-007-1427-01_1733987975292_Left_Lateral_View.jpg,anonymous_003-007-1427-01_1733987975292_Left_Lateral_View_tooth_002.jpg,0.7805,234,437,496,742,262,305
anonymous_003-007-1427-01_1733987975292_Left_Lateral_View.jpg,anonymous_003-007-1427-01_1733987975292_Left_Lateral_View_tooth_003.jpg,0.7296,341,746,563,1084,222,338
anonymous_003-007-1427-01_1733987975292_Left_Lateral_View.jpg,anonymous_003-007-1427-01_1733987975292_Left_Lateral_View_tooth_004.jpg,0.8023,541,459,804,755,263,296
anonymous_003-007-1427-01_1733987975292_Left_Lateral_View.jpg,anonymous_003-007-1427-01_1733987975292_Left_Lateral_View_tooth_005.jpg,0.7146,593,766,803,1027,210,261
anonymous_003-007-1427-01_1733987975292_Left_Lateral_View.jpg,anonymous_003-007-1427-01_1733987975292_Left_Lateral_View_tooth_006.jpg,0.8224,810,578,990,818,180,240
anonymous_003-007-1427-01_1733987975292_Left_Lateral_View.jpg,anonymous_003-007-1427-01_1733987975292_Left_Lateral_View_tooth_007.jpg,0.3004,817,809,1006,948,189,139
anonymous_003-007-1427-01_1733987975292_Left_Lateral_View.jpg,anonymous_003-007-1427-01_1733987975292_Left_Lateral_View_tooth_008.jpg,0.573,1006,647,1146,793,140,146
anonymous_003-007-1427-01_1733987975292_Left_Lateral_View.jpg,anonymous_003-007-1427-01_1733987975292_Left_Lateral_View_tooth_009.jpg,0.5411,1162,639,1310,779,148,140
anonymous_003-007-1445-01_1734067220530_Left_Lateral_View.jpg,anonymous_003-007-1445-01_1734067220530_Left_Lateral_View_tooth_000.jpg,0.494,0,325,70,610,70,285
anonymous_003-007-1445-01_1734067220530_Left_Lateral_View.jpg,anonymous_003-007-1445-01_1734067220530_Left_Lateral_View_tooth_001.jpg,0.2867,19,590,134,687,115,97
anonymous_003-007-1445-01_1734067220530_Left_Lateral_View.jpg,anonymous_003-007-1445-01_1734067220530_Left_Lateral_View_tooth_002.jpg,0.8151,125,443,262,625,137,182
anonymous_003-007-1445-01_1734067220530_Left_Lateral_View.jpg,anonymous_003-007-1445-01_1734067220530_Left_Lateral_View_tooth_003.jpg,0.6169,152,629,276,787,124,158
anonymous_003-007-1445-01_1734067220530_Left_Lateral_View.jpg,anonymous_003-007-1445-01_1734067220530_Left_Lateral_View_tooth_004.jpg,0.7526,282,498,448,713,166,215
anonymous_003-007-1445-01_1734067220530_Left_Lateral_View.jpg,anonymous_003-007-1445-01_1734067220530_Left_Lateral_View_tooth_005.jpg,0.471,287,705,423,860,136,155
anonymous_003-007-1445-01_1734067220530_Left_Lateral_View.jpg,anonymous_003-007-1445-01_1734067220530_Left_Lateral_View_tooth_006.jpg,0.4004,447,733,550,867,103,134
anonymous_003-007-1445-01_1734067220530_Left_Lateral_View.jpg,anonymous_003-007-1445-01_1734067220530_Left_Lateral_View_tooth_007.jpg,0.5771,457,578,580,745,123,167
anonymous_003-007-1445-01_1734067220530_Left_Lateral_View.jpg,anonymous_003-007-1445-01_1734067220530_Left_Lateral_View_tooth_008.jpg,0.428,566,773,722,910,156,137
anonymous_003-007-1445-01_1734067220530_Left_Lateral_View.jpg,anonymous_003-007-1445-01_1734067220530_Left_Lateral_View_tooth_009.jpg,0.4375,574,645,666,770,92,125
anonymous_003-007-1445-01_1734067220530_Left_Lateral_View.jpg,anonymous_003-007-1445-01_1734067220530_Left_Lateral_View_tooth_010.jpg,0.6043,676,655,813,781,137,126
anonymous_003-007-1445-01_1734067220530_Left_Lateral_View.jpg,anonymous_003-007-1445-01_1734067220530_Left_Lateral_View_tooth_011.jpg,0.5534,746,793,868,934,122,141
anonymous_003-007-1445-01_1734067220530_Left_Lateral_View.jpg,anonymous_003-007-1445-01_1734067220530_Left_Lateral_View_tooth_012.jpg,0.2979,1019,0,1202,285,183,285
anonymous_003-007-1446-00_1734067718905_Left_Lateral_View.jpg,anonymous_003-007-1446-00_1734067718905_Left_Lateral_View_tooth_000.jpg,0.7363,0,375,113,703,113,328
anonymous_003-007-1446-00_1734067718905_Left_Lateral_View.jpg,anonymous_003-007-1446-00_1734067718905_Left_Lateral_View_tooth_001.jpg,0.3902,90,685,230,866,140,181
anonymous_003-007-1446-00_1734067718905_Left_Lateral_View.jpg,anonymous_003-007-1446-00_1734067718905_Left_Lateral_View_tooth_002.jpg,0.7935,185,449,390,727,205,278
anonymous_003-007-1446-00_1734067718905_Left_Lateral_View.jpg,anonymous_003-007-1446-00_1734067718905_Left_Lateral_View_tooth_003.jpg,0.6865,286,722,462,988,176,266
anonymous_003-007-1446-00_1734067718905_Left_Lateral_View.jpg,anonymous_003-007-1446-00_1734067718905_Left_Lateral_View_tooth_004.jpg,0.7361,429,472,668,772,239,300
anonymous_003-007-1446-00_1734067718905_Left_Lateral_View.jpg,anonymous_003-007-1446-00_1734067718905_Left_Lateral_View_tooth_005.jpg,0.5704,473,763,673,980,200,217
anonymous_003-007-1446-00_1734067718905_Left_Lateral_View.jpg,anonymous_003-007-1446-00_1734067718905_Left_Lateral_View_tooth_006.jpg,0.7215,684,531,866,772,182,241
anonymous_003-007-1446-00_1734067718905_Left_Lateral_View.jpg,anonymous_003-007-1446-00_1734067718905_Left_Lateral_View_tooth_007.jpg,0.5485,701,762,850,932,149,170
anonymous_003-007-1446-00_1734067718905_Left_Lateral_View.jpg,anonymous_003-007-1446-00_1734067718905_Left_Lateral_View_tooth_008.jpg,0.5239,865,574,990,766,125,192
anonymous_003-007-1446-00_1734067718905_Left_Lateral_View.jpg,anonymous_003-007-1446-00_1734067718905_Left_Lateral_View_tooth_009.jpg,0.462,863,759,1089,927,226,168
anonymous_003-007-1446-00_1734067718905_Left_Lateral_View.jpg,anonymous_003-007-1446-00_1734067718905_Left_Lateral_View_tooth_010.jpg,0.3614,931,745,1093,934,162,189
anonymous_003-007-1446-00_1734067718905_Left_Lateral_View.jpg,anonymous_003-007-1446-00_1734067718905_Left_Lateral_View_tooth_011.jpg,0.4954,997,566,1183,747,186,181
anonymous_003-007-1446-00_1734067718905_Left_Lateral_View.jpg,anonymous_003-007-1446-00_1734067718905_Left_Lateral_View_tooth_012.jpg,0.5957,1120,714,1293,905,173,191
anonymous_003-007-1446-00_1734067718905_Left_Lateral_View.jpg,anonymous_003-007-1446-00_1734067718905_Left_Lateral_View_tooth_013.jpg,0.3149,1191,526,1304,706,113,180
anonymous_003-007-1447-01_1734069643857_Right_Lateral_View.jpg,anonymous_003-007-1447-01_1734069643857_Right_Lateral_View_tooth_000.jpg,0.2519,269,612,439,766,170,154
anonymous_003-007-1447-01_1734069643857_Right_Lateral_View.jpg,anonymous_003-007-1447-01_1734069643857_Right_Lateral_View_tooth_001.jpg,0.4609,296,626,449,769,153,143
anonymous_003-007-1447-01_1734069643857_Right_Lateral_View.jpg,anonymous_003-007-1447-01_1734069643857_Right_Lateral_View_tooth_002.jpg,0.4443,307,776,479,887,172,111
anonymous_003-007-1447-01_1734069643857_Right_Lateral_View.jpg,anonymous_003-007-1447-01_1734069643857_Right_Lateral_View_tooth_003.jpg,0.5809,459,643,600,778,141,135
anonymous_003-007-1447-01_1734069643857_Right_Lateral_View.jpg,anonymous_003-007-1447-01_1734069643857_Right_Lateral_View_tooth_004.jpg,0.583,530,789,676,935,146,146
anonymous_003-007-1447-01_1734069643857_Right_Lateral_View.jpg,anonymous_003-007-1447-01_1734069643857_Right_Lateral_View_tooth_005.jpg,0.5793,615,626,760,800,145,174
anonymous_003-007-1447-01_1734069643857_Right_Lateral_View.jpg,anonymous_003-007-1447-01_1734069643857_Right_Lateral_View_tooth_006.jpg,0.4888,717,802,841,972,124,170
anonymous_003-007-1447-01_1734069643857_Right_Lateral_View.jpg,anonymous_003-007-1447-01_1734069643857_Right_Lateral_View_tooth_007.jpg,0.7653,790,577,983,817,193,240
anonymous_003-007-1447-01_1734069643857_Right_Lateral_View.jpg,anonymous_003-007-1447-01_1734069643857_Right_Lateral_View_tooth_008.jpg,0.6667,1012,563,1196,819,184,256
anonymous_003-007-1447-01_1734069643857_Right_Lateral_View.jpg,anonymous_003-007-1447-01_1734069643857_Right_Lateral_View_tooth_009.jpg,0.8421,1232,539,1409,837,177,298
anonymous_003-007-1447-01_1734069643857_Right_Lateral_View.jpg,anonymous_003-007-1447-01_1734069643857_Right_Lateral_View_tooth_010.jpg,0.2572,1262,523,1409,794,147,271
anonymous_003-007-1448-00_1734070151840_Right_Lateral_View.jpg,anonymous_003-007-1448-00_1734070151840_Right_Lateral_View_tooth_000.jpg,0.5317,307,637,482,785,175,148
anonymous_003-007-1448-00_1734070151840_Right_Lateral_View.jpg,anonymous_003-007-1448-00_1734070151840_Right_Lateral_View_tooth_001.jpg,0.2764,351,650,468,793,117,143
anonymous_003-007-1448-00_1734070151840_Right_Lateral_View.jpg,anonymous_003-007-1448-00_1734070151840_Right_Lateral_View_tooth_002.jpg,0.5457,362,790,530,908,168,118
anonymous_003-007-1448-00_1734070151840_Right_Lateral_View.jpg,anonymous_003-007-1448-00_1734070151840_Right_Lateral_View_tooth_003.jpg,0.5553,488,638,609,779,121,141
anonymous_003-007-1448-00_1734070151840_Right_Lateral_View.jpg,anonymous_003-007-1448-00_1734070151840_Right_Lateral_View_tooth_004.jpg,0.7328,567,767,695,905,128,138
anonymous_003-007-1448-00_1734070151840_Right_Lateral_View.jpg,anonymous_003-007-1448-00_1734070151840_Right_Lateral_View_tooth_005.jpg,0.5877,628,594,759,765,131,171
anonymous_003-007-1448-00_1734070151840_Right_Lateral_View.jpg,anonymous_003-007-1448-00_1734070151840_Right_Lateral_View_tooth_006.jpg,0.5953,729,751,850,921,121,170
anonymous_003-007-1448-00_1734070151840_Right_Lateral_View.jpg,anonymous_003-007-1448-00_1734070151840_Right_Lateral_View_tooth_007.jpg,0.8198,763,522,964,755,201,233
anonymous_003-007-1448-00_1734070151840_Right_Lateral_View.jpg,anonymous_003-007-1448-00_1734070151840_Right_Lateral_View_tooth_008.jpg,0.5923,914,728,1050,871,136,143
anonymous_003-007-1448-00_1734070151840_Right_Lateral_View.jpg,anonymous_003-007-1448-00_1734070151840_Right_Lateral_View_tooth_009.jpg,0.7107,979,478,1157,728,178,250
anonymous_003-007-1448-00_1734070151840_Right_Lateral_View.jpg,anonymous_003-007-1448-00_1734070151840_Right_Lateral_View_tooth_010.jpg,0.7584,1182,460,1427,724,245,264
anonymous_003-007-1448-00_1734070151840_Right_Lateral_View.jpg,anonymous_003-007-1448-00_1734070151840_Right_Lateral_View_tooth_011.jpg,0.689,1442,523,1594,685,152,162
anonymous_003-007-1449-01_1734071616170_Right_Lateral_View.jpg,anonymous_003-007-1449-01_1734071616170_Right_Lateral_View_tooth_000.jpg,0.3114,238,651,395,779,157,128
anonymous_003-007-1449-01_1734071616170_Right_Lateral_View.jpg,anonymous_003-007-1449-01_1734071616170_Right_Lateral_View_tooth_001.jpg,0.6889,304,792,517,920,213,128
anonymous_003-007-1449-01_1734071616170_Right_Lateral_View.jpg,anonymous_003-007-1449-01_1734071616170_Right_Lateral_View_tooth_002.jpg,0.5862,549,818,687,959,138,141
anonymous_003-007-1449-01_1734071616170_Right_Lateral_View.jpg,anonymous_003-007-1449-01_1734071616170_Right_Lateral_View_tooth_003.jpg,0.7194,570,639,730,816,160,177
anonymous_003-007-1449-01_1734071616170_Right_Lateral_View.jpg,anonymous_003-007-1449-01_1734071616170_Right_Lateral_View_tooth_004.jpg,0.5235,732,823,871,965,139,142
anonymous_003-007-1449-01_1734071616170_Right_Lateral_View.jpg,anonymous_003-007-1449-01_1734071616170_Right_Lateral_View_tooth_005.jpg,0.775,754,553,960,821,206,268
anonymous_003-007-1449-01_1734071616170_Right_Lateral_View.jpg,anonymous_003-007-1449-01_1734071616170_Right_Lateral_View_tooth_006.jpg,0.3391,764,369,1064,547,300,178
anonymous_003-007-1449-01_1734071616170_Right_Lateral_View.jpg,anonymous_003-007-1449-01_1734071616170_Right_Lateral_View_tooth_007.jpg,0.6931,934,782,1087,990,153,208
anonymous_003-007-1449-01_1734071616170_Right_Lateral_View.jpg,anonymous_003-007-1449-01_1734071616170_Right_Lateral_View_tooth_008.jpg,0.67,988,538,1168,762,180,224
anonymous_003-007-1449-01_1734071616170_Right_Lateral_View.jpg,anonymous_003-007-1449-01_1734071616170_Right_Lateral_View_tooth_009.jpg,0.5152,1134,756,1269,911,135,155
anonymous_003-007-1449-01_1734071616170_Right_Lateral_View.jpg,anonymous_003-007-1449-01_1734071616170_Right_Lateral_View_tooth_010.jpg,0.8683,1222,456,1421,743,199,287
anonymous_003-007-1451-01_1734074621913_Right_Lateral_View.jpg,anonymous_003-007-1451-01_1734074621913_Right_Lateral_View_tooth_000.jpg,0.3014,335,956,455,1055,120,99
anonymous_003-007-1451-01_1734074621913_Right_Lateral_View.jpg,anonymous_003-007-1451-01_1734074621913_Right_Lateral_View_tooth_001.jpg,0.3664,434,846,632,969,198,123
anonymous_003-007-1451-01_1734074621913_Right_Lateral_View.jpg,anonymous_003-007-1451-01_1734074621913_Right_Lateral_View_tooth_002.jpg,0.4945,478,973,675,1093,197,120
anonymous_003-007-1451-01_1734074621913_Right_Lateral_View.jpg,anonymous_003-007-1451-01_1734074621913_Right_Lateral_View_tooth_003.jpg,0.5613,632,812,777,972,145,160
anonymous_003-007-1451-01_1734074621913_Right_Lateral_View.jpg,anonymous_003-007-1451-01_1734074621913_Right_Lateral_View_tooth_004.jpg,0.5292,708,974,835,1107,127,133
anonymous_003-007-1451-01_1734074621913_Right_Lateral_View.jpg,anonymous_003-007-1451-01_1734074621913_Right_Lateral_View_tooth_005.jpg,0.6886,784,779,955,969,171,190
anonymous_003-007-1451-01_1734074621913_Right_Lateral_View.jpg,anonymous_003-007-1451-01_1734074621913_Right_Lateral_View_tooth_006.jpg,0.5991,879,948,1029,1122,150,174
anonymous_003-007-1451-01_1734074621913_Right_Lateral_View.jpg,anonymous_003-007-1451-01_1734074621913_Right_Lateral_View_tooth_007.jpg,0.3325,969,601,1163,908,194,307
anonymous_003-007-1451-01_1734074621913_Right_Lateral_View.jpg,anonymous_003-007-1451-01_1734074621913_Right_Lateral_View_tooth_008.jpg,0.6518,971,611,1195,964,224,353
anonymous_003-007-1451-01_1734074621913_Right_Lateral_View.jpg,anonymous_003-007-1451-01_1734074621913_Right_Lateral_View_tooth_009.jpg,0.2621,1068,947,1284,1124,216,177
anonymous_003-007-1451-01_1734074621913_Right_Lateral_View.jpg,anonymous_003-007-1451-01_1734074621913_Right_Lateral_View_tooth_010.jpg,0.6958,1267,634,1450,927,183,293
anonymous_003-007-1451-01_1734074621913_Right_Lateral_View.jpg,anonymous_003-007-1451-01_1734074621913_Right_Lateral_View_tooth_011.jpg,0.792,1502,653,1635,941,133,288
anonymous_003-007-1452-00_1734075049818_Left_Lateral_View.jpg,anonymous_003-007-1452-00_1734075049818_Left_Lateral_View_tooth_000.jpg,0.3519,0,548,71,766,71,218
anonymous_003-007-1452-00_1734075049818_Left_Lateral_View.jpg,anonymous_003-007-1452-00_1734075049818_Left_Lateral_View_tooth_001.jpg,0.8441,73,602,239,851,166,249
anonymous_003-007-1452-00_1734075049818_Left_Lateral_View.jpg,anonymous_003-007-1452-00_1734075049818_Left_Lateral_View_tooth_002.jpg,0.5951,99,440,290,621,191,181
anonymous_003-007-1452-00_1734075049818_Left_Lateral_View.jpg,anonymous_003-007-1452-00_1734075049818_Left_Lateral_View_tooth_003.jpg,0.3453,272,675,462,907,190,232
anonymous_003-007-1452-00_1734075049818_Left_Lateral_View.jpg,anonymous_003-007-1452-00_1734075049818_Left_Lateral_View_tooth_004.jpg,0.8269,335,399,562,740,227,341
anonymous_003-007-1452-00_1734075049818_Left_Lateral_View.jpg,anonymous_003-007-1452-00_1734075049818_Left_Lateral_View_tooth_005.jpg,0.7361,521,706,690,886,169,180
anonymous_003-007-1452-00_1734075049818_Left_Lateral_View.jpg,anonymous_003-007-1452-00_1734075049818_Left_Lateral_View_tooth_006.jpg,0.6836,610,493,774,714,164,221
anonymous_003-007-1452-00_1734075049818_Left_Lateral_View.jpg,anonymous_003-007-1452-00_1734075049818_Left_Lateral_View_tooth_007.jpg,0.6914,727,719,857,868,130,149
anonymous_003-007-1452-00_1734075049818_Left_Lateral_View.jpg,anonymous_003-007-1452-00_1734075049818_Left_Lateral_View_tooth_008.jpg,0.6265,786,527,921,719,135,192
anonymous_003-007-1452-00_1734075049818_Left_Lateral_View.jpg,anonymous_003-007-1452-00_1734075049818_Left_Lateral_View_tooth_009.jpg,0.5984,873,712,1063,833,190,121
anonymous_003-007-1452-00_1734075049818_Left_Lateral_View.jpg,anonymous_003-007-1452-00_1734075049818_Left_Lateral_View_tooth_010.jpg,0.6393,921,549,1079,708,158,159
anonymous_003-007-1452-00_1734075049818_Left_Lateral_View.jpg,anonymous_003-007-1452-00_1734075049818_Left_Lateral_View_tooth_011.jpg,0.3202,1086,544,1173,668,87,124
anonymous_003-007-1452-00_1734075049818_Left_Lateral_View.jpg,anonymous_003-007-1452-00_1734075049818_Left_Lateral_View_tooth_012.jpg,0.7783,1136,1256,1400,1400,264,144
anonymous_003-007-1453-01_1734076182590_Right_Lateral_View.jpg,anonymous_003-007-1453-01_1734076182590_Right_Lateral_View_tooth_000.jpg,0.3379,282,872,407,1001,125,129
anonymous_003-007-1453-01_1734076182590_Right_Lateral_View.jpg,anonymous_003-007-1453-01_1734076182590_Right_Lateral_View_tooth_001.jpg,0.7198,358,707,528,882,170,175
anonymous_003-007-1453-01_1734076182590_Right_Lateral_View.jpg,anonymous_003-007-1453-01_1734076182590_Right_Lateral_View_tooth_002.jpg,0.6183,421,863,626,1032,205,169
anonymous_003-007-1453-01_1734076182590_Right_Lateral_View.jpg,anonymous_003-007-1453-01_1734076182590_Right_Lateral_View_tooth_003.jpg,0.7216,528,699,677,862,149,163
anonymous_003-007-1453-01_1734076182590_Right_Lateral_View.jpg,anonymous_003-007-1453-01_1734076182590_Right_Lateral_View_tooth_004.jpg,0.7491,640,840,797,1024,157,184
anonymous_003-007-1453-01_1734076182590_Right_Lateral_View.jpg,anonymous_003-007-1453-01_1734076182590_Right_Lateral_View_tooth_005.jpg,0.7588,690,640,850,838,160,198
anonymous_003-007-1453-01_1734076182590_Right_Lateral_View.jpg,anonymous_003-007-1453-01_1734076182590_Right_Lateral_View_tooth_006.jpg,0.7252,817,824,1002,1027,185,203
anonymous_003-007-1453-01_1734076182590_Right_Lateral_View.jpg,anonymous_003-007-1453-01_1734076182590_Right_Lateral_View_tooth_007.jpg,0.2795,876,546,1074,782,198,236
anonymous_003-007-1453-01_1734076182590_Right_Lateral_View.jpg,anonymous_003-007-1453-01_1734076182590_Right_Lateral_View_tooth_008.jpg,0.8198,888,546,1083,838,195,292
anonymous_003-007-1453-01_1734076182590_Right_Lateral_View.jpg,anonymous_003-007-1453-01_1734076182590_Right_Lateral_View_tooth_009.jpg,0.7158,1070,756,1253,984,183,228
anonymous_003-007-1453-01_1734076182590_Right_Lateral_View.jpg,anonymous_003-007-1453-01_1734076182590_Right_Lateral_View_tooth_010.jpg,0.6696,1132,515,1291,742,159,227
anonymous_003-007-1453-01_1734076182590_Right_Lateral_View.jpg,anonymous_003-007-1453-01_1734076182590_Right_Lateral_View_tooth_011.jpg,0.3156,1136,530,1316,761,180,231
anonymous_003-007-1453-01_1734076182590_Right_Lateral_View.jpg,anonymous_003-007-1453-01_1734076182590_Right_Lateral_View_tooth_012.jpg,0.5257,1341,700,1403,876,62,176
anonymous_003-007-1453-01_1734076182590_Right_Lateral_View.jpg,anonymous_003-007-1453-01_1734076182590_Right_Lateral_View_tooth_013.jpg,0.2847,1350,430,1403,718,53,288
anonymous_003-007-1454-00_1734076622499_Right_Lateral_View.jpg,anonymous_003-007-1454-00_1734076622499_Right_Lateral_View_tooth_000.jpg,0.3998,307,699,430,861,123,162
anonymous_003-007-1454-00_1734076622499_Right_Lateral_View.jpg,anonymous_003-007-1454-00_1734076622499_Right_Lateral_View_tooth_001.jpg,0.6078,310,875,508,1025,198,150
anonymous_003-007-1454-00_1734076622499_Right_Lateral_View.jpg,anonymous_003-007-1454-00_1734076622499_Right_Lateral_View_tooth_002.jpg,0.7406,440,672,666,876,226,204
anonymous_003-007-1454-00_1734076622499_Right_Lateral_View.jpg,anonymous_003-007-1454-00_1734076622499_Right_Lateral_View_tooth_003.jpg,0.5812,535,847,789,1030,254,183
anonymous_003-007-1454-00_1734076622499_Right_Lateral_View.jpg,anonymous_003-007-1454-00_1734076622499_Right_Lateral_View_tooth_004.jpg,0.3395,583,838,792,1016,209,178
anonymous_003-007-1454-00_1734076622499_Right_Lateral_View.jpg,anonymous_003-007-1454-00_1734076622499_Right_Lateral_View_tooth_005.jpg,0.7543,689,643,869,828,180,185
anonymous_003-007-1454-00_1734076622499_Right_Lateral_View.jpg,anonymous_003-007-1454-00_1734076622499_Right_Lateral_View_tooth_006.jpg,0.6299,825,785,999,989,174,204
anonymous_003-007-1454-00_1734076622499_Right_Lateral_View.jpg,anonymous_003-007-1454-00_1734076622499_Right_Lateral_View_tooth_007.jpg,0.7444,895,561,1081,776,186,215
anonymous_003-007-1454-00_1734076622499_Right_Lateral_View.jpg,anonymous_003-007-1454-00_1734076622499_Right_Lateral_View_tooth_008.jpg,0.6895,1042,751,1243,981,201,230
anonymous_003-007-1454-00_1734076622499_Right_Lateral_View.jpg,anonymous_003-007-1454-00_1734076622499_Right_Lateral_View_tooth_009.jpg,0.8249,1128,440,1358,754,230,314
anonymous_003-007-1454-00_1734076622499_Right_Lateral_View.jpg,anonymous_003-007-1454-00_1734076622499_Right_Lateral_View_tooth_010.jpg,0.6133,1337,655,1547,909,210,254
anonymous_003-007-1454-00_1734076622499_Right_Lateral_View.jpg,anonymous_003-007-1454-00_1734076622499_Right_Lateral_View_tooth_011.jpg,0.6985,1412,430,1614,644,202,214
anonymous_003-007-1454-00_1734076622499_Right_Lateral_View.jpg,anonymous_003-007-1454-00_1734076622499_Right_Lateral_View_tooth_012.jpg,0.5152,1647,581,1716,816,69,235
anonymous_003-007-1468-00_1734151836223_Frontal_View.jpg,anonymous_003-007-1468-00_1734151836223_Frontal_View_tooth_000.jpg,0.3468,285,523,364,646,79,123
anonymous_003-007-1468-00_1734151836223_Frontal_View.jpg,anonymous_003-007-1468-00_1734151836223_Frontal_View_tooth_001.jpg,0.6529,299,303,465,486,166,183
anonymous_003-007-1468-00_1734151836223_Frontal_View.jpg,anonymous_003-007-1468-00_1734151836223_Frontal_View_tooth_002.jpg,0.7059,390,512,534,696,144,184
anonymous_003-007-1468-00_1734151836223_Frontal_View.jpg,anonymous_003-007-1468-00_1734151836223_Frontal_View_tooth_003.jpg,0.7633,525,314,724,533,199,219
anonymous_003-007-1468-00_1734151836223_Frontal_View.jpg,anonymous_003-007-1468-00_1734151836223_Frontal_View_tooth_004.jpg,0.7826,571,526,712,710,141,184
anonymous_003-007-1468-00_1734151836223_Frontal_View.jpg,anonymous_003-007-1468-00_1734151836223_Frontal_View_tooth_005.jpg,0.8488,735,518,889,725,154,207
anonymous_003-007-1468-00_1734151836223_Frontal_View.jpg,anonymous_003-007-1468-00_1734151836223_Frontal_View_tooth_006.jpg,0.7533,735,290,944,523,209,233
anonymous_003-007-1468-00_1734151836223_Frontal_View.jpg,anonymous_003-007-1468-00_1734151836223_Frontal_View_tooth_007.jpg,0.8056,907,520,1071,714,164,194
anonymous_003-007-1468-00_1734151836223_Frontal_View.jpg,anonymous_003-007-1468-00_1734151836223_Frontal_View_tooth_008.jpg,0.7665,982,300,1155,471,173,171
anonymous_003-007-1468-00_1734151836223_Frontal_View.jpg,anonymous_003-007-1468-00_1734151836223_Frontal_View_tooth_009.jpg,0.6758,1091,495,1226,705,135,210
anonymous_003-007-1468-00_1734151836223_Frontal_View.jpg,anonymous_003-007-1468-00_1734151836223_Frontal_View_tooth_010.jpg,0.6742,1178,243,1342,438,164,195
anonymous_003-007-1468-00_1734151836223_Frontal_View.jpg,anonymous_003-007-1468-00_1734151836223_Frontal_View_tooth_011.jpg,0.257,1236,500,1312,645,76,145
anonymous_003-007-1469-01_1734153129262_Left_Lateral_View.jpg,anonymous_003-007-1469-01_1734153129262_Left_Lateral_View_tooth_000.jpg,0.8646,0,761,247,1074,247,313
anonymous_003-007-1469-01_1734153129262_Left_Lateral_View.jpg,anonymous_003-007-1469-01_1734153129262_Left_Lateral_View_tooth_001.jpg,0.5155,112,1054,308,1214,196,160
anonymous_003-007-1469-01_1734153129262_Left_Lateral_View.jpg,anonymous_003-007-1469-01_1734153129262_Left_Lateral_View_tooth_002.jpg,0.8851,267,714,534,1033,267,319
anonymous_003-007-1469-01_1734153129262_Left_Lateral_View.jpg,anonymous_003-007-1469-01_1734153129262_Left_Lateral_View_tooth_003.jpg,0.8408,386,990,661,1310,275,320
anonymous_003-007-1469-01_1734153129262_Left_Lateral_View.jpg,anonymous_003-007-1469-01_1734153129262_Left_Lateral_View_tooth_004.jpg,0.8756,573,690,813,1035,240,345
anonymous_003-007-1469-01_1734153129262_Left_Lateral_View.jpg,anonymous_003-007-1469-01_1734153129262_Left_Lateral_View_tooth_005.jpg,0.6446,687,1015,882,1233,195,218
anonymous_003-007-1469-01_1734153129262_Left_Lateral_View.jpg,anonymous_003-007-1469-01_1734153129262_Left_Lateral_View_tooth_006.jpg,0.7877,841,769,1013,1017,172,248
anonymous_003-007-1469-01_1734153129262_Left_Lateral_View.jpg,anonymous_003-007-1469-01_1734153129262_Left_Lateral_View_tooth_007.jpg,0.4983,885,997,1056,1143,171,146
anonymous_003-007-1469-01_1734153129262_Left_Lateral_View.jpg,anonymous_003-007-1469-01_1734153129262_Left_Lateral_View_tooth_008.jpg,0.5457,1021,789,1150,986,129,197
anonymous_003-007-1469-01_1734153129262_Left_Lateral_View.jpg,anonymous_003-007-1469-01_1734153129262_Left_Lateral_View_tooth_009.jpg,0.3103,1041,959,1275,1103,234,144
anonymous_003-007-1469-01_1734153129262_Left_Lateral_View.jpg,anonymous_003-007-1469-01_1734153129262_Left_Lateral_View_tooth_010.jpg,0.5083,1051,920,1285,1109,234,189
anonymous_003-007-1469-01_1734153129262_Left_Lateral_View.jpg,anonymous_003-007-1469-01_1734153129262_Left_Lateral_View_tooth_011.jpg,0.3191,1131,907,1278,1107,147,200
anonymous_003-007-1469-01_1734153129262_Left_Lateral_View.jpg,anonymous_003-007-1469-01_1734153129262_Left_Lateral_View_tooth_012.jpg,0.6862,1155,716,1303,909,148,193
anonymous_003-007-1471-00_1734154142740_Left_Lateral_View.jpg,anonymous_003-007-1471-00_1734154142740_Left_Lateral_View_tooth_000.jpg,0.828,0,460,178,647,178,187
anonymous_003-007-1471-00_1734154142740_Left_Lateral_View.jpg,anonymous_003-007-1471-00_1734154142740_Left_Lateral_View_tooth_001.jpg,0.5942,32,641,214,745,182,104
anonymous_003-007-1471-00_1734154142740_Left_Lateral_View.jpg,anonymous_003-007-1471-00_1734154142740_Left_Lateral_View_tooth_002.jpg,0.8844,195,417,413,649,218,232
anonymous_003-007-1471-00_1734154142740_Left_Lateral_View.jpg,anonymous_003-007-1471-00_1734154142740_Left_Lateral_View_tooth_003.jpg,0.7703,257,639,477,857,220,218
anonymous_003-007-1471-00_1734154142740_Left_Lateral_View.jpg,anonymous_003-007-1471-00_1734154142740_Left_Lateral_View_tooth_004.jpg,0.8642,431,425,623,695,192,270
anonymous_003-007-1471-00_1734154142740_Left_Lateral_View.jpg,anonymous_003-007-1471-00_1734154142740_Left_Lateral_View_tooth_005.jpg,0.776,494,692,647,871,153,179
anonymous_003-007-1471-00_1734154142740_Left_Lateral_View.jpg,anonymous_003-007-1471-00_1734154142740_Left_Lateral_View_tooth_006.jpg,0.7946,634,536,770,715,136,179
anonymous_003-007-1471-00_1734154142740_Left_Lateral_View.jpg,anonymous_003-007-1471-00_1734154142740_Left_Lateral_View_tooth_007.jpg,0.4948,655,713,776,837,121,124
anonymous_003-007-1471-00_1734154142740_Left_Lateral_View.jpg,anonymous_003-007-1471-00_1734154142740_Left_Lateral_View_tooth_008.jpg,0.6216,773,575,865,712,92,137
anonymous_003-007-1471-00_1734154142740_Left_Lateral_View.jpg,anonymous_003-007-1471-00_1734154142740_Left_Lateral_View_tooth_009.jpg,0.4656,785,709,956,840,171,131
anonymous_003-007-1471-00_1734154142740_Left_Lateral_View.jpg,anonymous_003-007-1471-00_1734154142740_Left_Lateral_View_tooth_010.jpg,0.7054,874,537,1003,687,129,150
anonymous_003-007-1471-00_1734154142740_Left_Lateral_View.jpg,anonymous_003-007-1471-00_1734154142740_Left_Lateral_View_tooth_011.jpg,0.7723,1096,1085,1309,1309,213,224
anonymous_003-007-1476-01_1734160175819_Right_Lateral_View.jpg,anonymous_003-007-1476-01_1734160175819_Right_Lateral_View_tooth_000.jpg,0.5062,232,780,408,987,176,207
anonymous_003-007-1476-01_1734160175819_Right_Lateral_View.jpg,anonymous_003-007-1476-01_1734160175819_Right_Lateral_View_tooth_001.jpg,0.4207,396,940,570,1110,174,170
anonymous_003-007-1476-01_1734160175819_Right_Lateral_View.jpg,anonymous_003-007-1476-01_1734160175819_Right_Lateral_View_tooth_002.jpg,0.4062,433,773,613,940,180,167
anonymous_003-007-1476-01_1734160175819_Right_Lateral_View.jpg,anonymous_003-007-1476-01_1734160175819_Right_Lateral_View_tooth_003.jpg,0.5782,570,961,727,1156,157,195
anonymous_003-007-1476-01_1734160175819_Right_Lateral_View.jpg,anonymous_003-007-1476-01_1734160175819_Right_Lateral_View_tooth_004.jpg,0.2695,614,783,761,946,147,163
anonymous_003-007-1476-01_1734160175819_Right_Lateral_View.jpg,anonymous_003-007-1476-01_1734160175819_Right_Lateral_View_tooth_005.jpg,0.7546,742,971,958,1254,216,283
anonymous_003-007-1476-01_1734160175819_Right_Lateral_View.jpg,anonymous_003-007-1476-01_1734160175819_Right_Lateral_View_tooth_006.jpg,0.7113,761,731,951,952,190,221
anonymous_003-007-1476-01_1734160175819_Right_Lateral_View.jpg,anonymous_003-007-1476-01_1734160175819_Right_Lateral_View_tooth_007.jpg,0.7827,979,661,1237,974,258,313
anonymous_003-007-1476-01_1734160175819_Right_Lateral_View.jpg,anonymous_003-007-1476-01_1734160175819_Right_Lateral_View_tooth_008.jpg,0.7939,997,949,1216,1230,219,281
anonymous_003-007-1476-01_1734160175819_Right_Lateral_View.jpg,anonymous_003-007-1476-01_1734160175819_Right_Lateral_View_tooth_009.jpg,0.7928,1244,922,1463,1191,219,269
anonymous_003-007-1476-01_1734160175819_Right_Lateral_View.jpg,anonymous_003-007-1476-01_1734160175819_Right_Lateral_View_tooth_010.jpg,0.7936,1266,587,1515,926,249,339
anonymous_003-007-1476-01_1734160175819_Right_Lateral_View.jpg,anonymous_003-007-1476-01_1734160175819_Right_Lateral_View_tooth_011.jpg,0.763,1484,931,1708,1191,224,260
anonymous_003-007-1476-01_1734160175819_Right_Lateral_View.jpg,anonymous_003-007-1476-01_1734160175819_Right_Lateral_View_tooth_012.jpg,0.8185,1546,507,1708,877,162,370
anonymous_003-007-575-01_1728964993041_Right_Lateral_View.jpg,anonymous_003-007-575-01_1728964993041_Right_Lateral_View_tooth_000.jpg,0.7731,315,457,460,582,145,125
anonymous_003-007-575-01_1728964993041_Right_Lateral_View.jpg,anonymous_003-007-575-01_1728964993041_Right_Lateral_View_tooth_001.jpg,0.2663,342,464,466,583,124,119
anonymous_003-007-575-01_1728964993041_Right_Lateral_View.jpg,anonymous_003-007-575-01_1728964993041_Right_Lateral_View_tooth_002.jpg,0.5873,352,587,504,665,152,78
anonymous_003-007-575-01_1728964993041_Right_Lateral_View.jpg,anonymous_003-007-575-01_1728964993041_Right_Lateral_View_tooth_003.jpg,0.6291,472,473,571,583,99,110
anonymous_003-007-575-01_1728964993041_Right_Lateral_View.jpg,anonymous_003-007-575-01_1728964993041_Right_Lateral_View_tooth_004.jpg,0.6591,537,585,711,678,174,93
anonymous_003-007-575-01_1728964993041_Right_Lateral_View.jpg,anonymous_003-007-575-01_1728964993041_Right_Lateral_View_tooth_005.jpg,0.6973,590,431,706,578,116,147
anonymous_003-007-575-01_1728964993041_Right_Lateral_View.jpg,anonymous_003-007-575-01_1728964993041_Right_Lateral_View_tooth_006.jpg,0.688,718,595,849,735,131,140
anonymous_003-007-575-01_1728964993041_Right_Lateral_View.jpg,anonymous_003-007-575-01_1728964993041_Right_Lateral_View_tooth_007.jpg,0.8181,758,389,910,593,152,204
anonymous_003-007-575-01_1728964993041_Right_Lateral_View.jpg,anonymous_003-007-575-01_1728964993041_Right_Lateral_View_tooth_008.jpg,0.7855,878,565,1023,714,145,149
anonymous_003-007-575-01_1728964993041_Right_Lateral_View.jpg,anonymous_003-007-575-01_1728964993041_Right_Lateral_View_tooth_009.jpg,0.7966,950,373,1073,564,123,191
anonymous_003-007-575-01_1728964993041_Right_Lateral_View.jpg,anonymous_003-007-575-01_1728964993041_Right_Lateral_View_tooth_010.jpg,0.5356,1035,569,1073,695,38,126
anonymous_003-007-577-00_1728965843715_Right_Lateral_View.jpg,anonymous_003-007-577-00_1728965843715_Right_Lateral_View_tooth_000.jpg,0.3133,318,297,502,403,184,106
anonymous_003-007-577-00_1728965843715_Right_Lateral_View.jpg,anonymous_003-007-577-00_1728965843715_Right_Lateral_View_tooth_001.jpg,0.6705,530,321,758,453,228,132
anonymous_003-007-577-00_1728965843715_Right_Lateral_View.jpg,anonymous_003-007-577-00_1728965843715_Right_Lateral_View_tooth_002.jpg,0.3985,608,468,819,555,211,87
anonymous_003-007-577-00_1728965843715_Right_Lateral_View.jpg,anonymous_003-007-577-00_1728965843715_Right_Lateral_View_tooth_003.jpg,0.6053,785,327,929,455,144,128
anonymous_003-007-577-00_1728965843715_Right_Lateral_View.jpg,anonymous_003-007-577-00_1728965843715_Right_Lateral_View_tooth_004.jpg,0.5765,903,434,1129,541,226,107
anonymous_003-007-577-00_1728965843715_Right_Lateral_View.jpg,anonymous_003-007-577-00_1728965843715_Right_Lateral_View_tooth_005.jpg,0.7521,955,267,1133,434,178,167
anonymous_003-007-577-00_1728965843715_Right_Lateral_View.jpg,anonymous_003-007-577-00_1728965843715_Right_Lateral_View_tooth_006.jpg,0.6134,1162,417,1324,592,162,175
anonymous_003-007-577-00_1728965843715_Right_Lateral_View.jpg,anonymous_003-007-577-00_1728965843715_Right_Lateral_View_tooth_007.jpg,0.8076,1181,183,1387,441,206,258
anonymous_003-007-577-00_1728965843715_Right_Lateral_View.jpg,anonymous_003-007-577-00_1728965843715_Right_Lateral_View_tooth_008.jpg,0.7617,1378,376,1543,621,165,245
anonymous_003-007-577-00_1728965843715_Right_Lateral_View.jpg,anonymous_003-007-577-00_1728965843715_Right_Lateral_View_tooth_009.jpg,0.8357,1428,189,1615,378,187,189
anonymous_003-007-577-00_1728965843715_Right_Lateral_View.jpg,anonymous_003-007-577-00_1728965843715_Right_Lateral_View_tooth_010.jpg,0.4349,1566,377,1684,530,118,153
anonymous_003-007-577-00_1728965843715_Right_Lateral_View.jpg,anonymous_003-007-577-00_1728965843715_Right_Lateral_View_tooth_011.jpg,0.5474,1642,222,1767,391,125,169
anonymous_003-007-578-01_1728969570001_Left_Lateral_View.jpg,anonymous_003-007-578-01_1728969570001_Left_Lateral_View_tooth_000.jpg,0.8117,0,524,148,728,148,204
anonymous_003-007-578-01_1728969570001_Left_Lateral_View.jpg,anonymous_003-007-578-01_1728969570001_Left_Lateral_View_tooth_001.jpg,0.6631,170,636,323,767,153,131
anonymous_003-007-578-01_1728969570001_Left_Lateral_View.jpg,anonymous_003-007-578-01_1728969570001_Left_Lateral_View_tooth_002.jpg,0.7836,196,462,342,655,146,193
anonymous_003-007-578-01_1728969570001_Left_Lateral_View.jpg,anonymous_003-007-578-01_1728969570001_Left_Lateral_View_tooth_003.jpg,0.7182,343,620,482,759,139,139
anonymous_003-007-578-01_1728969570001_Left_Lateral_View.jpg,anonymous_003-007-578-01_1728969570001_Left_Lateral_View_tooth_004.jpg,0.5438,373,509,492,627,119,118
anonymous_003-007-578-01_1728969570001_Left_Lateral_View.jpg,anonymous_003-007-578-01_1728969570001_Left_Lateral_View_tooth_005.jpg,0.3237,490,612,583,709,93,97
anonymous_003-007-578-01_1728969570001_Left_Lateral_View.jpg,anonymous_003-007-578-01_1728969570001_Left_Lateral_View_tooth_006.jpg,0.5258,508,507,590,613,82,106
anonymous_003-007-578-01_1728969570001_Left_Lateral_View.jpg,anonymous_003-007-578-01_1728969570001_Left_Lateral_View_tooth_007.jpg,0.3768,583,577,721,684,138,107
anonymous_003-007-578-01_1728969570001_Left_Lateral_View.jpg,anonymous_003-007-578-01_1728969570001_Left_Lateral_View_tooth_008.jpg,0.4098,598,477,694,579,96,102
anonymous_003-007-579-00_1728970499028_Left_Lateral_View.jpg,anonymous_003-007-579-00_1728970499028_Left_Lateral_View_tooth_000.jpg,0.8261,0,116,159,457,159,341
anonymous_003-007-579-00_1728970499028_Left_Lateral_View.jpg,anonymous_003-007-579-00_1728970499028_Left_Lateral_View_tooth_001.jpg,0.5303,0,473,77,584,77,111
anonymous_003-007-579-00_1728970499028_Left_Lateral_View.jpg,anonymous_003-007-579-00_1728970499028_Left_Lateral_View_tooth_002.jpg,0.6088,166,410,308,543,142,133
anonymous_003-007-579-00_1728970499028_Left_Lateral_View.jpg,anonymous_003-007-579-00_1728970499028_Left_Lateral_View_tooth_003.jpg,0.7609,201,179,385,413,184,234
anonymous_003-007-579-00_1728970499028_Left_Lateral_View.jpg,anonymous_003-007-579-00_1728970499028_Left_Lateral_View_tooth_004.jpg,0.6085,378,340,546,492,168,152
anonymous_003-007-579-00_1728970499028_Left_Lateral_View.jpg,anonymous_003-007-579-00_1728970499028_Left_Lateral_View_tooth_005.jpg,0.7922,437,138,591,353,154,215
anonymous_003-007-579-00_1728970499028_Left_Lateral_View.jpg,anonymous_003-007-579-00_1728970499028_Left_Lateral_View_tooth_006.jpg,0.6294,575,341,706,505,131,164
anonymous_003-007-579-00_1728970499028_Left_Lateral_View.jpg,anonymous_003-007-579-00_1728970499028_Left_Lateral_View_tooth_007.jpg,0.5735,606,216,742,357,136,141
anonymous_003-007-579-00_1728970499028_Left_Lateral_View.jpg,anonymous_003-007-579-00_1728970499028_Left_Lateral_View_tooth_008.jpg,0.3004,718,351,807,479,89,128
anonymous_003-007-579-00_1728970499028_Left_Lateral_View.jpg,anonymous_003-007-579-00_1728970499028_Left_Lateral_View_tooth_009.jpg,0.5153,745,245,837,361,92,116
anonymous_003-007-579-00_1728970499028_Left_Lateral_View.jpg,anonymous_003-007-579-00_1728970499028_Left_Lateral_View_tooth_010.jpg,0.3553,817,340,938,454,121,114
anonymous_003-007-579-00_1728970499028_Left_Lateral_View.jpg,anonymous_003-007-579-00_1728970499028_Left_Lateral_View_tooth_011.jpg,0.6267,844,231,935,336,91,105
anonymous_003-007-580-01_1728972003930_Frontal_View.jpg,anonymous_003-007-580-01_1728972003930_Frontal_View_tooth_000.jpg,0.3309,157,465,241,595,84,130
anonymous_003-007-580-01_1728972003930_Frontal_View.jpg,anonymous_003-007-580-01_1728972003930_Frontal_View_tooth_001.jpg,0.4454,244,490,307,594,63,104
anonymous_003-007-580-01_1728972003930_Frontal_View.jpg,anonymous_003-007-580-01_1728972003930_Frontal_View_tooth_002.jpg,0.7136,286,260,414,439,128,179
anonymous_003-007-580-01_1728972003930_Frontal_View.jpg,anonymous_003-007-580-01_1728972003930_Frontal_View_tooth_003.jpg,0.5799,308,496,392,646,84,150
anonymous_003-007-580-01_1728972003930_Frontal_View.jpg,anonymous_003-007-580-01_1728972003930_Frontal_View_tooth_004.jpg,0.7504,400,489,524,717,124,228
anonymous_003-007-580-01_1728972003930_Frontal_View.jpg,anonymous_003-007-580-01_1728972003930_Frontal_View_tooth_005.jpg,0.7838,427,256,594,452,167,196
anonymous_003-007-580-01_1728972003930_Frontal_View.jpg,anonymous_003-007-580-01_1728972003930_Frontal_View_tooth_006.jpg,0.7716,535,470,675,664,140,194
anonymous_003-007-580-01_1728972003930_Frontal_View.jpg,anonymous_003-007-580-01_1728972003930_Frontal_View_tooth_007.jpg,0.7656,597,211,817,466,220,255
anonymous_003-007-580-01_1728972003930_Frontal_View.jpg,anonymous_003-007-580-01_1728972003930_Frontal_View_tooth_008.jpg,0.8049,697,465,825,668,128,203
anonymous_003-007-580-01_1728972003930_Frontal_View.jpg,anonymous_003-007-580-01_1728972003930_Frontal_View_tooth_009.jpg,0.7923,842,459,972,662,130,203
anonymous_003-007-580-01_1728972003930_Frontal_View.jpg,anonymous_003-007-580-01_1728972003930_Frontal_View_tooth_010.jpg,0.8079,848,219,1055,464,207,245
anonymous_003-007-580-01_1728972003930_Frontal_View.jpg,anonymous_003-007-580-01_1728972003930_Frontal_View_tooth_011.jpg,0.7752,979,456,1109,636,130,180
anonymous_003-007-580-01_1728972003930_Frontal_View.jpg,anonymous_003-007-580-01_1728972003930_Frontal_View_tooth_012.jpg,0.6793,1072,240,1204,445,132,205
anonymous_003-007-580-01_1728972003930_Frontal_View.jpg,anonymous_003-007-580-01_1728972003930_Frontal_View_tooth_013.jpg,0.256,1111,444,1184,620,73,176
anonymous_003-007-580-01_1728972003930_Frontal_View.jpg,anonymous_003-007-580-01_1728972003930_Frontal_View_tooth_014.jpg,0.6381,1112,446,1198,646,86,200
anonymous_003-007-580-01_1728972003930_Frontal_View.jpg,anonymous_003-007-580-01_1728972003930_Frontal_View_tooth_015.jpg,0.4759,1209,457,1287,579,78,122
anonymous_003-007-580-01_1728972003930_Frontal_View.jpg,anonymous_003-007-580-01_1728972003930_Frontal_View_tooth_016.jpg,0.4842,1215,257,1306,441,91,184
anonymous_003-007-581-00_1728972796940_Left_Lateral_View.jpg,anonymous_003-007-581-00_1728972796940_Left_Lateral_View_tooth_000.jpg,0.6085,14,466,153,676,139,210
anonymous_003-007-581-00_1728972796940_Left_Lateral_View.jpg,anonymous_003-007-581-00_1728972796940_Left_Lateral_View_tooth_001.jpg,0.8734,36,191,413,490,377,299
anonymous_003-007-581-00_1728972796940_Left_Lateral_View.jpg,anonymous_003-007-581-00_1728972796940_Left_Lateral_View_tooth_002.jpg,0.7037,190,462,370,698,180,236
anonymous_003-007-581-00_1728972796940_Left_Lateral_View.jpg,anonymous_003-007-581-00_1728972796940_Left_Lateral_View_tooth_003.jpg,0.6293,395,487,625,676,230,189
anonymous_003-007-581-00_1728972796940_Left_Lateral_View.jpg,anonymous_003-007-581-00_1728972796940_Left_Lateral_View_tooth_004.jpg,0.8166,405,184,693,494,288,310
anonymous_003-007-581-00_1728972796940_Left_Lateral_View.jpg,anonymous_003-007-581-00_1728972796940_Left_Lateral_View_tooth_005.jpg,0.8035,646,490,875,738,229,248
anonymous_003-007-581-00_1728972796940_Left_Lateral_View.jpg,anonymous_003-007-581-00_1728972796940_Left_Lateral_View_tooth_006.jpg,0.8063,729,222,983,526,254,304
anonymous_003-007-581-00_1728972796940_Left_Lateral_View.jpg,anonymous_003-007-581-00_1728972796940_Left_Lateral_View_tooth_007.jpg,0.752,909,492,1084,720,175,228
anonymous_003-007-581-00_1728972796940_Left_Lateral_View.jpg,anonymous_003-007-581-00_1728972796940_Left_Lateral_View_tooth_008.jpg,0.6327,1011,287,1162,496,151,209
anonymous_003-007-581-00_1728972796940_Left_Lateral_View.jpg,anonymous_003-007-581-00_1728972796940_Left_Lateral_View_tooth_009.jpg,0.6378,1114,471,1257,665,143,194
anonymous_003-007-581-00_1728972796940_Left_Lateral_View.jpg,anonymous_003-007-581-00_1728972796940_Left_Lateral_View_tooth_010.jpg,0.579,1174,312,1312,475,138,163
anonymous_003-007-581-00_1728972796940_Left_Lateral_View.jpg,anonymous_003-007-581-00_1728972796940_Left_Lateral_View_tooth_011.jpg,0.3157,1277,485,1399,634,122,149
anonymous_003-007-581-00_1728972796940_Left_Lateral_View.jpg,anonymous_003-007-581-00_1728972796940_Left_Lateral_View_tooth_012.jpg,0.4719,1279,489,1452,646,173,157
anonymous_003-007-581-00_1728972796940_Left_Lateral_View.jpg,anonymous_003-007-581-00_1728972796940_Left_Lateral_View_tooth_013.jpg,0.5656,1319,302,1447,492,128,190
anonymous_003-007-581-00_1728972796940_Left_Lateral_View.jpg,anonymous_003-007-581-00_1728972796940_Left_Lateral_View_tooth_014.jpg,0.3283,1474,305,1572,412,98,107
anonymous_003-007-583-00_1728975790763_Left_Lateral_View.jpg,anonymous_003-007-583-00_1728975790763_Left_Lateral_View_tooth_000.jpg,0.4848,0,360,86,591,86,231
anonymous_003-007-583-00_1728975790763_Left_Lateral_View.jpg,anonymous_003-007-583-00_1728975790763_Left_Lateral_View_tooth_001.jpg,0.8434,105,333,279,601,174,268
anonymous_003-007-583-00_1728975790763_Left_Lateral_View.jpg,anonymous_003-007-583-00_1728975790763_Left_Lateral_View_tooth_002.jpg,0.4388,143,214,458,346,315,132
anonymous_003-007-583-00_1728975790763_Left_Lateral_View.jpg,anonymous_003-007-583-00_1728975790763_Left_Lateral_View_tooth_003.jpg,0.8085,303,343,496,564,193,221
anonymous_003-007-583-00_1728975790763_Left_Lateral_View.jpg,anonymous_003-007-583-00_1728975790763_Left_Lateral_View_tooth_004.jpg,0.8394,469,176,705,354,236,178
anonymous_003-007-583-00_1728975790763_Left_Lateral_View.jpg,anonymous_003-007-583-00_1728975790763_Left_Lateral_View_tooth_005.jpg,0.8486,520,341,717,561,197,220
anonymous_003-007-583-00_1728975790763_Left_Lateral_View.jpg,anonymous_003-007-583-00_1728975790763_Left_Lateral_View_tooth_006.jpg,0.8468,712,168,896,375,184,207
anonymous_003-007-583-00_1728975790763_Left_Lateral_View.jpg,anonymous_003-007-583-00_1728975790763_Left_Lateral_View_tooth_007.jpg,0.6244,740,373,909,514,169,141
anonymous_003-007-583-00_1728975790763_Left_Lateral_View.jpg,anonymous_003-007-583-00_1728975790763_Left_Lateral_View_tooth_008.jpg,0.7691,897,202,1043,400,146,198
anonymous_003-007-583-00_1728975790763_Left_Lateral_View.jpg,anonymous_003-007-583-00_1728975790763_Left_Lateral_View_tooth_009.jpg,0.4396,925,392,1042,489,117,97
anonymous_003-007-583-00_1728975790763_Left_Lateral_View.jpg,anonymous_003-007-583-00_1728975790763_Left_Lateral_View_tooth_010.jpg,0.4442,1048,380,1224,479,176,99
anonymous_003-007-583-00_1728975790763_Left_Lateral_View.jpg,anonymous_003-007-583-00_1728975790763_Left_Lateral_View_tooth_011.jpg,0.6946,1057,252,1161,390,104,138
anonymous_003-007-583-00_1728975790763_Left_Lateral_View.jpg,anonymous_003-007-583-00_1728975790763_Left_Lateral_View_tooth_012.jpg,0.5966,1174,224,1307,365,133,141
anonymous_003-007-583-00_1728975790763_Left_Lateral_View.jpg,anonymous_003-007-583-00_1728975790763_Left_Lateral_View_tooth_013.jpg,0.3784,1323,237,1405,324,82,87
anonymous_003-007-584-01_1728978916496_Left_Lateral_View.jpg,anonymous_003-007-584-01_1728978916496_Left_Lateral_View_tooth_000.jpg,0.4153,0,650,79,976,79,326
anonymous_003-007-584-01_1728978916496_Left_Lateral_View.jpg,anonymous_003-007-584-01_1728978916496_Left_Lateral_View_tooth_001.jpg,0.2612,0,732,73,976,73,244
anonymous_003-007-584-01_1728978916496_Left_Lateral_View.jpg,anonymous_003-007-584-01_1728978916496_Left_Lateral_View_tooth_002.jpg,0.3783,0,0,193,214,193,214
anonymous_003-007-584-01_1728978916496_Left_Lateral_View.jpg,anonymous_003-007-584-01_1728978916496_Left_Lateral_View_tooth_003.jpg,0.7707,108,720,312,968,204,248
anonymous_003-007-584-01_1728978916496_Left_Lateral_View.jpg,anonymous_003-007-584-01_1728978916496_Left_Lateral_View_tooth_004.jpg,0.4353,195,939,372,1081,177,142
anonymous_003-007-584-01_1728978916496_Left_Lateral_View.jpg,anonymous_003-007-584-01_1728978916496_Left_Lateral_View_tooth_005.jpg,0.7661,349,663,515,938,166,275
anonymous_003-007-584-01_1728978916496_Left_Lateral_View.jpg,anonymous_003-007-584-01_1728978916496_Left_Lateral_View_tooth_006.jpg,0.575,383,932,567,1114,184,182
anonymous_003-007-584-01_1728978916496_Left_Lateral_View.jpg,anonymous_003-007-584-01_1728978916496_Left_Lateral_View_tooth_007.jpg,0.7425,528,723,656,915,128,192
anonymous_003-007-584-01_1728978916496_Left_Lateral_View.jpg,anonymous_003-007-584-01_1728978916496_Left_Lateral_View_tooth_008.jpg,0.467,591,920,678,1034,87,114
anonymous_003-007-584-01_1728978916496_Left_Lateral_View.jpg,anonymous_003-007-584-01_1728978916496_Left_Lateral_View_tooth_009.jpg,0.5349,664,771,766,912,102,141
anonymous_003-007-584-01_1728978916496_Left_Lateral_View.jpg,anonymous_003-007-584-01_1728978916496_Left_Lateral_View_tooth_010.jpg,0.4471,693,911,852,1025,159,114
anonymous_003-007-584-01_1728978916496_Left_Lateral_View.jpg,anonymous_003-007-584-01_1728978916496_Left_Lateral_View_tooth_011.jpg,0.5078,775,762,889,886,114,124
anonymous_003-007-585-00_1728979691813_Left_Lateral_View.jpg,anonymous_003-007-585-00_1728979691813_Left_Lateral_View_tooth_000.jpg,0.5257,0,261,84,500,84,239
anonymous_003-007-585-00_1728979691813_Left_Lateral_View.jpg,anonymous_003-007-585-00_1728979691813_Left_Lateral_View_tooth_001.jpg,0.301,0,142,75,344,75,202
anonymous_003-007-585-00_1728979691813_Left_Lateral_View.jpg,anonymous_003-007-585-00_1728979691813_Left_Lateral_View_tooth_002.jpg,0.5514,0,138,87,422,87,284
anonymous_003-007-585-00_1728979691813_Left_Lateral_View.jpg,anonymous_003-007-585-00_1728979691813_Left_Lateral_View_tooth_003.jpg,0.3874,0,201,87,484,87,283
anonymous_003-007-585-00_1728979691813_Left_Lateral_View.jpg,anonymous_003-007-585-00_1728979691813_Left_Lateral_View_tooth_004.jpg,0.8101,118,249,332,498,214,249
anonymous_003-007-585-00_1728979691813_Left_Lateral_View.jpg,anonymous_003-007-585-00_1728979691813_Left_Lateral_View_tooth_005.jpg,0.6022,142,502,314,627,172,125
anonymous_003-007-585-00_1728979691813_Left_Lateral_View.jpg,anonymous_003-007-585-00_1728979691813_Left_Lateral_View_tooth_006.jpg,0.6953,335,475,510,634,175,159
anonymous_003-007-585-00_1728979691813_Left_Lateral_View.jpg,anonymous_003-007-585-00_1728979691813_Left_Lateral_View_tooth_007.jpg,0.7865,354,245,515,487,161,242
anonymous_003-007-585-00_1728979691813_Left_Lateral_View.jpg,anonymous_003-007-585-00_1728979691813_Left_Lateral_View_tooth_008.jpg,0.5441,515,276,637,465,122,189
anonymous_003-007-585-00_1728979691813_Left_Lateral_View.jpg,anonymous_003-007-585-00_1728979691813_Left_Lateral_View_tooth_009.jpg,0.4708,522,459,590,566,68,107
anonymous_003-007-585-00_1728979691813_Left_Lateral_View.jpg,anonymous_003-007-585-00_1728979691813_Left_Lateral_View_tooth_010.jpg,0.4639,602,440,741,565,139,125
anonymous_003-007-585-00_1728979691813_Left_Lateral_View.jpg,anonymous_003-007-585-00_1728979691813_Left_Lateral_View_tooth_011.jpg,0.3979,713,314,859,462,146,148
anonymous_003-007-586-01_1728980916581_Left_Lateral_View.jpg,anonymous_003-007-586-01_1728980916581_Left_Lateral_View_tooth_000.jpg,0.7806,0,542,118,788,118,246
anonymous_003-007-586-01_1728980916581_Left_Lateral_View.jpg,anonymous_003-007-586-01_1728980916581_Left_Lateral_View_tooth_001.jpg,0.3395,0,805,47,969,47,164
anonymous_003-007-586-01_1728980916581_Left_Lateral_View.jpg,anonymous_003-007-586-01_1728980916581_Left_Lateral_View_tooth_002.jpg,0.7385,85,780,304,1061,219,281
anonymous_003-007-586-01_1728980916581_Left_Lateral_View.jpg,anonymous_003-007-586-01_1728980916581_Left_Lateral_View_tooth_003.jpg,0.7893,174,567,405,803,231,236
anonymous_003-007-586-01_1728980916581_Left_Lateral_View.jpg,anonymous_003-007-586-01_1728980916581_Left_Lateral_View_tooth_004.jpg,0.7611,343,811,528,1024,185,213
anonymous_003-007-586-01_1728980916581_Left_Lateral_View.jpg,anonymous_003-007-586-01_1728980916581_Left_Lateral_View_tooth_005.jpg,0.6749,449,673,619,817,170,144
anonymous_003-007-586-01_1728980916581_Left_Lateral_View.jpg,anonymous_003-007-586-01_1728980916581_Left_Lateral_View_tooth_006.jpg,0.4198,561,827,682,937,121,110
anonymous_003-007-586-01_1728980916581_Left_Lateral_View.jpg,anonymous_003-007-586-01_1728980916581_Left_Lateral_View_tooth_007.jpg,0.4366,635,722,730,794,95,72
anonymous_003-007-586-01_1728980916581_Left_Lateral_View.jpg,anonymous_003-007-586-01_1728980916581_Left_Lateral_View_tooth_008.jpg,0.5406,703,794,900,923,197,129
anonymous_003-007-586-01_1728980916581_Left_Lateral_View.jpg,anonymous_003-007-586-01_1728980916581_Left_Lateral_View_tooth_009.jpg,0.2788,750,703,924,786,174,83
anonymous_003-007-588-00_1728981913002_Left_Lateral_View.jpg,anonymous_003-007-588-00_1728981913002_Left_Lateral_View_tooth_000.jpg,0.7686,0,155,130,346,130,191
anonymous_003-007-588-00_1728981913002_Left_Lateral_View.jpg,anonymous_003-007-588-00_1728981913002_Left_Lateral_View_tooth_001.jpg,0.6636,37,344,194,530,157,186
anonymous_003-007-588-00_1728981913002_Left_Lateral_View.jpg,anonymous_003-007-588-00_1728981913002_Left_Lateral_View_tooth_002.jpg,0.7357,167,149,338,345,171,196
anonymous_003-007-588-00_1728981913002_Left_Lateral_View.jpg,anonymous_003-007-588-00_1728981913002_Left_Lateral_View_tooth_003.jpg,0.7552,232,348,414,569,182,221
anonymous_003-007-588-00_1728981913002_Left_Lateral_View.jpg,anonymous_003-007-588-00_1728981913002_Left_Lateral_View_tooth_004.jpg,0.7556,389,187,586,405,197,218
anonymous_003-007-588-00_1728981913002_Left_Lateral_View.jpg,anonymous_003-007-588-00_1728981913002_Left_Lateral_View_tooth_005.jpg,0.7438,451,411,622,565,171,154
anonymous_003-007-588-00_1728981913002_Left_Lateral_View.jpg,anonymous_003-007-588-00_1728981913002_Left_Lateral_View_tooth_006.jpg,0.5896,620,309,775,434,155,125
anonymous_003-007-588-00_1728981913002_Left_Lateral_View.jpg,anonymous_003-007-588-00_1728981913002_Left_Lateral_View_tooth_007.jpg,0.3455,648,446,788,523,140,77
anonymous_003-007-588-00_1728981913002_Left_Lateral_View.jpg,anonymous_003-007-588-00_1728981913002_Left_Lateral_View_tooth_008.jpg,0.262,813,441,995,548,182,107
anonymous_003-007-588-00_1728981913002_Left_Lateral_View.jpg,anonymous_003-007-588-00_1728981913002_Left_Lateral_View_tooth_009.jpg,0.3827,1252,0,1356,129,104,129
anonymous_003-007-600-01_1729052481058_Frontal_View.jpg,anonymous_003-007-600-01_1729052481058_Frontal_View_tooth_000.jpg,0.6539,292,512,357,627,65,115
anonymous_003-007-600-01_1729052481058_Frontal_View.jpg,anonymous_003-007-600-01_1729052481058_Frontal_View_tooth_001.jpg,0.4548,321,327,419,472,98,145
anonymous_003-007-600-01_1729052481058_Frontal_View.jpg,anonymous_003-007-600-01_1729052481058_Frontal_View_tooth_002.jpg,0.261,332,353,415,477,83,124
anonymous_003-007-600-01_1729052481058_Frontal_View.jpg,anonymous_003-007-600-01_1729052481058_Frontal_View_tooth_003.jpg,0.669,362,515,445,652,83,137
anonymous_003-007-600-01_1729052481058_Frontal_View.jpg,anonymous_003-007-600-01_1729052481058_Frontal_View_tooth_004.jpg,0.2779,372,516,451,633,79,117
anonymous_003-007-600-01_1729052481058_Frontal_View.jpg,anonymous_003-007-600-01_1729052481058_Frontal_View_tooth_005.jpg,0.5964,435,323,542,487,107,164
anonymous_003-007-600-01_1729052481058_Frontal_View.jpg,anonymous_003-007-600-01_1729052481058_Frontal_View_tooth_006.jpg,0.648,471,497,575,676,104,179
anonymous_003-007-600-01_1729052481058_Frontal_View.jpg,anonymous_003-007-600-01_1729052481058_Frontal_View_tooth_007.jpg,0.774,566,291,746,512,180,221
anonymous_003-007-600-01_1729052481058_Frontal_View.jpg,anonymous_003-007-600-01_1729052481058_Frontal_View_tooth_008.jpg,0.5884,591,518,699,668,108,150
anonymous_003-007-600-01_1729052481058_Frontal_View.jpg,anonymous_003-007-600-01_1729052481058_Frontal_View_tooth_009.jpg,0.6365,716,508,819,653,103,145
anonymous_003-007-600-01_1729052481058_Frontal_View.jpg,anonymous_003-007-600-01_1729052481058_Frontal_View_tooth_010.jpg,0.7519,772,272,943,505,171,233
anonymous_003-007-600-01_1729052481058_Frontal_View.jpg,anonymous_003-007-600-01_1729052481058_Frontal_View_tooth_011.jpg,0.4472,843,505,941,635,98,130
anonymous_003-007-600-01_1729052481058_Frontal_View.jpg,anonymous_003-007-600-01_1729052481058_Frontal_View_tooth_012.jpg,0.6872,850,500,949,660,99,160
anonymous_003-007-600-01_1729052481058_Frontal_View.jpg,anonymous_003-007-600-01_1729052481058_Frontal_View_tooth_013.jpg,0.7107,963,478,1061,648,98,170
anonymous_003-007-600-01_1729052481058_Frontal_View.jpg,anonymous_003-007-600-01_1729052481058_Frontal_View_tooth_014.jpg,0.5675,964,316,1058,473,94,157
anonymous_003-007-600-01_1729052481058_Frontal_View.jpg,anonymous_003-007-600-01_1729052481058_Frontal_View_tooth_015.jpg,0.5888,1076,282,1157,448,81,166
anonymous_003-007-600-01_1729052481058_Frontal_View.jpg,anonymous_003-007-600-01_1729052481058_Frontal_View_tooth_016.jpg,0.4291,1159,307,1212,428,53,121
anonymous_003-007-601-00_1729053072717_Left_Lateral_View.jpg,anonymous_003-007-601-00_1729053072717_Left_Lateral_View_tooth_000.jpg,0.4483,80,620,251,788,171,168
anonymous_003-007-601-00_1729053072717_Left_Lateral_View.jpg,anonymous_003-007-601-00_1729053072717_Left_Lateral_View_tooth_001.jpg,0.2624,88,401,316,759,228,358
anonymous_003-007-601-00_1729053072717_Left_Lateral_View.jpg,anonymous_003-007-601-00_1729053072717_Left_Lateral_View_tooth_002.jpg,0.7216,96,377,316,638,220,261
anonymous_003-007-601-00_1729053072717_Left_Lateral_View.jpg,anonymous_003-007-601-00_1729053072717_Left_Lateral_View_tooth_003.jpg,0.7305,291,595,460,821,169,226
anonymous_003-007-601-00_1729053072717_Left_Lateral_View.jpg,anonymous_003-007-601-00_1729053072717_Left_Lateral_View_tooth_004.jpg,0.8797,352,341,573,633,221,292
anonymous_003-007-601-00_1729053072717_Left_Lateral_View.jpg,anonymous_003-007-601-00_1729053072717_Left_Lateral_View_tooth_005.jpg,0.7155,496,617,676,851,180,234
anonymous_003-007-601-00_1729053072717_Left_Lateral_View.jpg,anonymous_003-007-601-00_1729053072717_Left_Lateral_View_tooth_006.jpg,0.7923,593,430,775,647,182,217
anonymous_003-007-601-00_1729053072717_Left_Lateral_View.jpg,anonymous_003-007-601-00_1729053072717_Left_Lateral_View_tooth_007.jpg,0.6716,694,635,848,796,154,161
anonymous_003-007-601-00_1729053072717_Left_Lateral_View.jpg,anonymous_003-007-601-00_1729053072717_Left_Lateral_View_tooth_008.jpg,0.6633,789,492,929,638,140,146
anonymous_003-007-601-00_1729053072717_Left_Lateral_View.jpg,anonymous_003-007-601-00_1729053072717_Left_Lateral_View_tooth_009.jpg,0.3426,867,629,1052,785,185,156
anonymous_003-007-601-00_1729053072717_Left_Lateral_View.jpg,anonymous_003-007-601-00_1729053072717_Left_Lateral_View_tooth_010.jpg,0.5062,877,622,1004,784,127,162
anonymous_003-007-601-00_1729053072717_Left_Lateral_View.jpg,anonymous_003-007-601-00_1729053072717_Left_Lateral_View_tooth_011.jpg,0.3133,936,479,1066,622,130,143
anonymous_003-007-601-00_1729053072717_Left_Lateral_View.jpg,anonymous_003-007-601-00_1729053072717_Left_Lateral_View_tooth_012.jpg,0.3814,942,459,1081,614,139,155
anonymous_003-007-601-00_1729053072717_Left_Lateral_View.jpg,anonymous_003-007-601-00_1729053072717_Left_Lateral_View_tooth_013.jpg,0.5833,1025,0,1315,223,290,223
anonymous_003-007-601-00_1729053072717_Left_Lateral_View.jpg,anonymous_003-007-601-00_1729053072717_Left_Lateral_View_tooth_014.jpg,0.288,1064,450,1139,611,75,161
anonymous_003-007-601-00_1729053072717_Left_Lateral_View.jpg,anonymous_003-007-601-00_1729053072717_Left_Lateral_View_tooth_015.jpg,0.5866,1143,0,1315,226,172,226
anonymous_003-007-601-00_1729053072717_Left_Lateral_View.jpg,anonymous_003-007-601-00_1729053072717_Left_Lateral_View_tooth_016.jpg,0.3536,1158,432,1252,557,94,125
anonymous_003-007-602-01_1729054437729_Frontal_View.jpg,anonymous_003-007-602-01_1729054437729_Frontal_View_tooth_000.jpg,0.5251,128,233,200,406,72,173
anonymous_003-007-602-01_1729054437729_Frontal_View.jpg,anonymous_003-007-602-01_1729054437729_Frontal_View_tooth_001.jpg,0.4068,162,463,322,613,160,150
anonymous_003-007-602-01_1729054437729_Frontal_View.jpg,anonymous_003-007-602-01_1729054437729_Frontal_View_tooth_002.jpg,0.4249,203,473,305,617,102,144
anonymous_003-007-602-01_1729054437729_Frontal_View.jpg,anonymous_003-007-602-01_1729054437729_Frontal_View_tooth_003.jpg,0.7269,199,166,355,406,156,240
anonymous_003-007-602-01_1729054437729_Frontal_View.jpg,anonymous_003-007-602-01_1729054437729_Frontal_View_tooth_004.jpg,0.8302,342,437,453,623,111,186
anonymous_003-007-602-01_1729054437729_Frontal_View.jpg,anonymous_003-007-602-01_1729054437729_Frontal_View_tooth_005.jpg,0.7744,375,270,504,445,129,175
anonymous_003-007-602-01_1729054437729_Frontal_View.jpg,anonymous_003-007-602-01_1729054437729_Frontal_View_tooth_006.jpg,0.7429,473,458,593,647,120,189
anonymous_003-007-602-01_1729054437729_Frontal_View.jpg,anonymous_003-007-602-01_1729054437729_Frontal_View_tooth_007.jpg,0.8873,515,194,753,484,238,290
anonymous_003-007-602-01_1729054437729_Frontal_View.jpg,anonymous_003-007-602-01_1729054437729_Frontal_View_tooth_008.jpg,0.8042,612,479,744,699,132,220
anonymous_003-007-602-01_1729054437729_Frontal_View.jpg,anonymous_003-007-602-01_1729054437729_Frontal_View_tooth_009.jpg,0.8909,758,461,896,691,138,230
anonymous_003-007-602-01_1729054437729_Frontal_View.jpg,anonymous_003-007-602-01_1729054437729_Frontal_View_tooth_010.jpg,0.8449,787,195,1029,469,242,274
anonymous_003-007-602-01_1729054437729_Frontal_View.jpg,anonymous_003-007-602-01_1729054437729_Frontal_View_tooth_011.jpg,0.7357,916,450,1041,658,125,208
anonymous_003-007-602-01_1729054437729_Frontal_View.jpg,anonymous_003-007-602-01_1729054437729_Frontal_View_tooth_012.jpg,0.4667,1035,227,1129,376,94,149
anonymous_003-007-602-01_1729054437729_Frontal_View.jpg,anonymous_003-007-602-01_1729054437729_Frontal_View_tooth_013.jpg,0.7239,1057,410,1175,628,118,218
anonymous_003-007-602-01_1729054437729_Frontal_View.jpg,anonymous_003-007-602-01_1729054437729_Frontal_View_tooth_014.jpg,0.731,1143,150,1276,362,133,212
anonymous_003-007-602-01_1729054437729_Frontal_View.jpg,anonymous_003-007-602-01_1729054437729_Frontal_View_tooth_015.jpg,0.5359,1187,424,1290,564,103,140
anonymous_003-007-602-01_1729054437729_Frontal_View.jpg,anonymous_003-007-602-01_1729054437729_Frontal_View_tooth_016.jpg,0.3786,1281,241,1351,363,70,122
anonymous_003-007-603-00_1729054784683_Frontal_View.jpg,anonymous_003-007-603-00_1729054784683_Frontal_View_tooth_000.jpg,0.4549,20,609,305,834,285,225
anonymous_003-007-603-00_1729054784683_Frontal_View.jpg,anonymous_003-007-603-00_1729054784683_Frontal_View_tooth_001.jpg,0.2582,150,344,244,505,94,161
anonymous_003-007-603-00_1729054784683_Frontal_View.jpg,anonymous_003-007-603-00_1729054784683_Frontal_View_tooth_002.jpg,0.4889,171,152,252,338,81,186
anonymous_003-007-603-00_1729054784683_Frontal_View.jpg,anonymous_003-007-603-00_1729054784683_Frontal_View_tooth_003.jpg,0.5276,223,377,349,566,126,189
anonymous_003-007-603-00_1729054784683_Frontal_View.jpg,anonymous_003-007-603-00_1729054784683_Frontal_View_tooth_004.jpg,0.739,245,81,412,362,167,281
anonymous_003-007-603-00_1729054784683_Frontal_View.jpg,anonymous_003-007-603-00_1729054784683_Frontal_View_tooth_005.jpg,0.6103,367,382,489,579,122,197
anonymous_003-007-603-00_1729054784683_Frontal_View.jpg,anonymous_003-007-603-00_1729054784683_Frontal_View_tooth_006.jpg,0.7559,413,234,559,415,146,181
anonymous_003-007-603-00_1729054784683_Frontal_View.jpg,anonymous_003-007-603-00_1729054784683_Frontal_View_tooth_007.jpg,0.7334,493,424,624,622,131,198
anonymous_003-007-603-00_1729054784683_Frontal_View.jpg,anonymous_003-007-603-00_1729054784683_Frontal_View_tooth_008.jpg,0.8381,559,188,800,485,241,297
anonymous_003-007-603-00_1729054784683_Frontal_View.jpg,anonymous_003-007-603-00_1729054784683_Frontal_View_tooth_009.jpg,0.7957,630,471,782,690,152,219
anonymous_003-007-603-00_1729054784683_Frontal_View.jpg,anonymous_003-007-603-00_1729054784683_Frontal_View_tooth_010.jpg,0.8209,780,463,931,685,151,222
anonymous_003-007-603-00_1729054784683_Frontal_View.jpg,anonymous_003-007-603-00_1729054784683_Frontal_View_tooth_011.jpg,0.8488,831,217,1071,485,240,268
anonymous_003-007-603-00_1729054784683_Frontal_View.jpg,anonymous_003-007-603-00_1729054784683_Frontal_View_tooth_012.jpg,0.7605,933,454,1058,663,125,209
anonymous_003-007-603-00_1729054784683_Frontal_View.jpg,anonymous_003-007-603-00_1729054784683_Frontal_View_tooth_013.jpg,0.5693,1064,225,1163,390,99,165
anonymous_003-007-603-00_1729054784683_Frontal_View.jpg,anonymous_003-007-603-00_1729054784683_Frontal_View_tooth_014.jpg,0.752,1064,396,1189,645,125,249
anonymous_003-007-603-00_1729054784683_Frontal_View.jpg,anonymous_003-007-603-00_1729054784683_Frontal_View_tooth_015.jpg,0.7156,1170,145,1310,357,140,212
anonymous_003-007-603-00_1729054784683_Frontal_View.jpg,anonymous_003-007-603-00_1729054784683_Frontal_View_tooth_016.jpg,0.3875,1187,370,1290,549,103,179
anonymous_003-007-603-00_1729054784683_Frontal_View.jpg,anonymous_003-007-603-00_1729054784683_Frontal_View_tooth_017.jpg,0.3289,1316,209,1378,332,62,123
anonymous_003-007-604-01_1729056718568_Frontal_View.jpg,anonymous_003-007-604-01_1729056718568_Frontal_View_tooth_000.jpg,0.6372,240,216,374,419,134,203
anonymous_003-007-604-01_1729056718568_Frontal_View.jpg,anonymous_003-007-604-01_1729056718568_Frontal_View_tooth_001.jpg,0.5896,256,408,375,568,119,160
anonymous_003-007-604-01_1729056718568_Frontal_View.jpg,anonymous_003-007-604-01_1729056718568_Frontal_View_tooth_002.jpg,0.5895,388,416,503,588,115,172
anonymous_003-007-604-01_1729056718568_Frontal_View.jpg,anonymous_003-007-604-01_1729056718568_Frontal_View_tooth_003.jpg,0.7185,388,219,529,421,141,202
anonymous_003-007-604-01_1729056718568_Frontal_View.jpg,anonymous_003-007-604-01_1729056718568_Frontal_View_tooth_004.jpg,0.5393,527,423,657,602,130,179
anonymous_003-007-604-01_1729056718568_Frontal_View.jpg,anonymous_003-007-604-01_1729056718568_Frontal_View_tooth_005.jpg,0.7359,560,178,793,447,233,269
anonymous_003-007-604-01_1729056718568_Frontal_View.jpg,anonymous_003-007-604-01_1729056718568_Frontal_View_tooth_006.jpg,0.7463,697,437,810,621,113,184
anonymous_003-007-604-01_1729056718568_Frontal_View.jpg,anonymous_003-007-604-01_1729056718568_Frontal_View_tooth_007.jpg,0.8426,820,197,1043,463,223,266
anonymous_003-007-604-01_1729056718568_Frontal_View.jpg,anonymous_003-007-604-01_1729056718568_Frontal_View_tooth_008.jpg,0.7421,833,443,953,609,120,166
anonymous_003-007-604-01_1729056718568_Frontal_View.jpg,anonymous_003-007-604-01_1729056718568_Frontal_View_tooth_009.jpg,0.6349,973,438,1097,597,124,159
anonymous_003-007-604-01_1729056718568_Frontal_View.jpg,anonymous_003-007-604-01_1729056718568_Frontal_View_tooth_010.jpg,0.815,1075,238,1214,433,139,195
anonymous_003-007-604-01_1729056718568_Frontal_View.jpg,anonymous_003-007-604-01_1729056718568_Frontal_View_tooth_011.jpg,0.7498,1111,423,1208,625,97,202
anonymous_003-007-604-01_1729056718568_Frontal_View.jpg,anonymous_003-007-604-01_1729056718568_Frontal_View_tooth_012.jpg,0.3584,1224,246,1334,420,110,174
anonymous_003-007-604-01_1729056718568_Frontal_View.jpg,anonymous_003-007-604-01_1729056718568_Frontal_View_tooth_013.jpg,0.4926,1229,414,1309,592,80,178
anonymous_003-007-604-01_1729056718568_Frontal_View.jpg,anonymous_003-007-604-01_1729056718568_Frontal_View_tooth_014.jpg,0.5827,1226,211,1346,421,120,210
anonymous_003-007-605-00_1729057547565_Frontal_View.jpg,anonymous_003-007-605-00_1729057547565_Frontal_View_tooth_000.jpg,0.3933,0,625,196,876,196,251
anonymous_003-007-605-00_1729057547565_Frontal_View.jpg,anonymous_003-007-605-00_1729057547565_Frontal_View_tooth_001.jpg,0.2744,97,302,199,461,102,159
anonymous_003-007-605-00_1729057547565_Frontal_View.jpg,anonymous_003-007-605-00_1729057547565_Frontal_View_tooth_002.jpg,0.4152,137,475,216,615,79,140
anonymous_003-007-605-00_1729057547565_Frontal_View.jpg,anonymous_003-007-605-00_1729057547565_Frontal_View_tooth_003.jpg,0.6062,199,257,363,501,164,244
anonymous_003-007-605-00_1729057547565_Frontal_View.jpg,anonymous_003-007-605-00_1729057547565_Frontal_View_tooth_004.jpg,0.5369,219,504,356,679,137,175
anonymous_003-007-605-00_1729057547565_Frontal_View.jpg,anonymous_003-007-605-00_1729057547565_Frontal_View_tooth_005.jpg,0.8195,377,454,525,684,148,230
anonymous_003-007-605-00_1729057547565_Frontal_View.jpg,anonymous_003-007-605-00_1729057547565_Frontal_View_tooth_006.jpg,0.7032,395,240,560,461,165,221
anonymous_003-007-605-00_1729057547565_Frontal_View.jpg,anonymous_003-007-605-00_1729057547565_Frontal_View_tooth_007.jpg,0.719,546,455,712,664,166,209
anonymous_003-007-605-00_1729057547565_Frontal_View.jpg,anonymous_003-007-605-00_1729057547565_Frontal_View_tooth_008.jpg,0.8313,600,182,849,473,249,291
anonymous_003-007-605-00_1729057547565_Frontal_View.jpg,anonymous_003-007-605-00_1729057547565_Frontal_View_tooth_009.jpg,0.7405,736,445,869,678,133,233
anonymous_003-007-605-00_1729057547565_Frontal_View.jpg,anonymous_003-007-605-00_1729057547565_Frontal_View_tooth_010.jpg,0.8327,878,183,1107,465,229,282
anonymous_003-007-605-00_1729057547565_Frontal_View.jpg,anonymous_003-007-605-00_1729057547565_Frontal_View_tooth_011.jpg,0.7938,891,449,1020,658,129,209
anonymous_003-007-605-00_1729057547565_Frontal_View.jpg,anonymous_003-007-605-00_1729057547565_Frontal_View_tooth_012.jpg,0.7112,1033,435,1154,638,121,203
anonymous_003-007-605-00_1729057547565_Frontal_View.jpg,anonymous_003-007-605-00_1729057547565_Frontal_View_tooth_013.jpg,0.6753,1137,211,1263,417,126,206
anonymous_003-007-605-00_1729057547565_Frontal_View.jpg,anonymous_003-007-605-00_1729057547565_Frontal_View_tooth_014.jpg,0.564,1163,427,1259,650,96,223
anonymous_003-007-605-00_1729057547565_Frontal_View.jpg,anonymous_003-007-605-00_1729057547565_Frontal_View_tooth_015.jpg,0.3416,1263,433,1344,613,81,180
anonymous_003-007-605-00_1729057547565_Frontal_View.jpg,anonymous_003-007-605-00_1729057547565_Frontal_View_tooth_016.jpg,0.4531,1267,184,1372,420,105,236
anonymous_003-007-605-00_1729057547565_Frontal_View.jpg,anonymous_003-007-605-00_1729057547565_Frontal_View_tooth_017.jpg,0.2939,1272,668,1562,877,290,209
anonymous_003-007-606-01_1729059021512_Left_Lateral_View.jpg,anonymous_003-007-606-01_1729059021512_Left_Lateral_View_tooth_000.jpg,0.6009,0,385,82,721,82,336
anonymous_003-007-606-01_1729059021512_Left_Lateral_View.jpg,anonymous_003-007-606-01_1729059021512_Left_Lateral_View_tooth_001.jpg,0.8167,25,687,202,963,177,276
anonymous_003-007-606-01_1729059021512_Left_Lateral_View.jpg,anonymous_003-007-606-01_1729059021512_Left_Lateral_View_tooth_002.jpg,0.8173,142,433,345,700,203,267
anonymous_003-007-606-01_1729059021512_Left_Lateral_View.jpg,anonymous_003-007-606-01_1729059021512_Left_Lateral_View_tooth_003.jpg,0.285,233,695,418,907,185,212
anonymous_003-007-606-01_1729059021512_Left_Lateral_View.jpg,anonymous_003-007-606-01_1729059021512_Left_Lateral_View_tooth_004.jpg,0.8036,239,693,431,962,192,269
anonymous_003-007-606-01_1729059021512_Left_Lateral_View.jpg,anonymous_003-007-606-01_1729059021512_Left_Lateral_View_tooth_005.jpg,0.7685,395,465,590,735,195,270
anonymous_003-007-606-01_1729059021512_Left_Lateral_View.jpg,anonymous_003-007-606-01_1729059021512_Left_Lateral_View_tooth_006.jpg,0.7347,461,725,647,937,186,212
anonymous_003-007-606-01_1729059021512_Left_Lateral_View.jpg,anonymous_003-007-606-01_1729059021512_Left_Lateral_View_tooth_007.jpg,0.676,617,487,780,702,163,215
anonymous_003-007-606-01_1729059021512_Left_Lateral_View.jpg,anonymous_003-007-606-01_1729059021512_Left_Lateral_View_tooth_008.jpg,0.6372,663,708,816,872,153,164
anonymous_003-007-606-01_1729059021512_Left_Lateral_View.jpg,anonymous_003-007-606-01_1729059021512_Left_Lateral_View_tooth_009.jpg,0.5555,806,535,900,685,94,150
anonymous_003-007-606-01_1729059021512_Left_Lateral_View.jpg,anonymous_003-007-606-01_1729059021512_Left_Lateral_View_tooth_010.jpg,0.4369,833,691,1030,850,197,159
anonymous_003-007-606-01_1729059021512_Left_Lateral_View.jpg,anonymous_003-007-606-01_1729059021512_Left_Lateral_View_tooth_011.jpg,0.5883,937,503,1108,668,171,165
anonymous_003-007-606-01_1729059021512_Left_Lateral_View.jpg,anonymous_003-007-606-01_1729059021512_Left_Lateral_View_tooth_012.jpg,0.4088,954,492,1193,666,239,174
anonymous_003-007-606-01_1729059021512_Left_Lateral_View.jpg,anonymous_003-007-606-01_1729059021512_Left_Lateral_View_tooth_013.jpg,0.2598,1039,661,1169,796,130,135
anonymous_003-007-607-00_1729059680698_Frontal_View.jpg,anonymous_003-007-607-00_1729059680698_Frontal_View_tooth_000.jpg,0.381,137,297,205,438,68,141
anonymous_003-007-607-00_1729059680698_Frontal_View.jpg,anonymous_003-007-607-00_1729059680698_Frontal_View_tooth_001.jpg,0.348,158,476,257,620,99,144
anonymous_003-007-607-00_1729059680698_Frontal_View.jpg,anonymous_003-007-607-00_1729059680698_Frontal_View_tooth_002.jpg,0.3308,213,310,306,464,93,154
anonymous_003-007-607-00_1729059680698_Frontal_View.jpg,anonymous_003-007-607-00_1729059680698_Frontal_View_tooth_003.jpg,0.2742,220,334,317,466,97,132
anonymous_003-007-607-00_1729059680698_Frontal_View.jpg,anonymous_003-007-607-00_1729059680698_Frontal_View_tooth_004.jpg,0.5493,258,506,352,655,94,149
anonymous_003-007-607-00_1729059680698_Frontal_View.jpg,anonymous_003-007-607-00_1729059680698_Frontal_View_tooth_005.jpg,0.6715,338,319,481,523,143,204
anonymous_003-007-607-00_1729059680698_Frontal_View.jpg,anonymous_003-007-607-00_1729059680698_Frontal_View_tooth_006.jpg,0.5802,358,541,492,747,134,206
anonymous_003-007-607-00_1729059680698_Frontal_View.jpg,anonymous_003-007-607-00_1729059680698_Frontal_View_tooth_007.jpg,0.825,511,545,648,796,137,251
anonymous_003-007-607-00_1729059680698_Frontal_View.jpg,anonymous_003-007-607-00_1729059680698_Frontal_View_tooth_008.jpg,0.7377,510,290,673,517,163,227
anonymous_003-007-607-00_1729059680698_Frontal_View.jpg,anonymous_003-007-607-00_1729059680698_Frontal_View_tooth_009.jpg,0.7589,682,548,854,802,172,254
anonymous_003-007-607-00_1729059680698_Frontal_View.jpg,anonymous_003-007-607-00_1729059680698_Frontal_View_tooth_010.jpg,0.7794,719,247,978,561,259,314
anonymous_003-007-607-00_1729059680698_Frontal_View.jpg,anonymous_003-007-607-00_1729059680698_Frontal_View_tooth_011.jpg,0.8418,874,558,1029,830,155,272
anonymous_003-007-607-00_1729059680698_Frontal_View.jpg,anonymous_003-007-607-00_1729059680698_Frontal_View_tooth_012.jpg,0.8388,1003,260,1250,560,247,300
anonymous_003-007-607-00_1729059680698_Frontal_View.jpg,anonymous_003-007-607-00_1729059680698_Frontal_View_tooth_013.jpg,0.8461,1041,549,1204,816,163,267
anonymous_003-007-607-00_1729059680698_Frontal_View.jpg,anonymous_003-007-607-00_1729059680698_Frontal_View_tooth_014.jpg,0.7295,1208,534,1341,791,133,257
anonymous_003-007-607-00_1729059680698_Frontal_View.jpg,anonymous_003-007-607-00_1729059680698_Frontal_View_tooth_015.jpg,0.7703,1256,287,1412,501,156,214
anonymous_003-007-607-00_1729059680698_Frontal_View.jpg,anonymous_003-007-607-00_1729059680698_Frontal_View_tooth_016.jpg,0.6781,1350,493,1460,762,110,269
anonymous_003-007-607-00_1729059680698_Frontal_View.jpg,anonymous_003-007-607-00_1729059680698_Frontal_View_tooth_017.jpg,0.68,1412,293,1505,489,93,196
anonymous_003-007-607-00_1729059680698_Frontal_View.jpg,anonymous_003-007-607-00_1729059680698_Frontal_View_tooth_018.jpg,0.5047,1456,500,1534,692,78,192
anonymous_003-007-608-01_1729061556946_Left_Lateral_View.jpg,anonymous_003-007-608-01_1729061556946_Left_Lateral_View_tooth_000.jpg,0.6773,0,838,128,1008,128,170
anonymous_003-007-608-01_1729061556946_Left_Lateral_View.jpg,anonymous_003-007-608-01_1729061556946_Left_Lateral_View_tooth_001.jpg,0.8355,0,595,170,832,170,237
anonymous_003-007-608-01_1729061556946_Left_Lateral_View.jpg,anonymous_003-007-608-01_1729061556946_Left_Lateral_View_tooth_002.jpg,0.6528,176,810,373,1006,197,196
anonymous_003-007-608-01_1729061556946_Left_Lateral_View.jpg,anonymous_003-007-608-01_1729061556946_Left_Lateral_View_tooth_003.jpg,0.8399,230,568,420,823,190,255
anonymous_003-007-608-01_1729061556946_Left_Lateral_View.jpg,anonymous_003-007-608-01_1729061556946_Left_Lateral_View_tooth_004.jpg,0.6765,399,787,563,973,164,186
anonymous_003-007-608-01_1729061556946_Left_Lateral_View.jpg,anonymous_003-007-608-01_1729061556946_Left_Lateral_View_tooth_005.jpg,0.6212,470,643,654,803,184,160
anonymous_003-007-608-01_1729061556946_Left_Lateral_View.jpg,anonymous_003-007-608-01_1729061556946_Left_Lateral_View_tooth_006.jpg,0.5511,608,798,760,935,152,137
anonymous_003-007-608-01_1729061556946_Left_Lateral_View.jpg,anonymous_003-007-608-01_1729061556946_Left_Lateral_View_tooth_007.jpg,0.6742,674,645,834,795,160,150
anonymous_003-007-608-01_1729061556946_Left_Lateral_View.jpg,anonymous_003-007-608-01_1729061556946_Left_Lateral_View_tooth_008.jpg,0.4027,784,792,1018,890,234,98
anonymous_003-007-608-01_1729061556946_Left_Lateral_View.jpg,anonymous_003-007-608-01_1729061556946_Left_Lateral_View_tooth_009.jpg,0.278,847,651,1015,776,168,125
anonymous_003-007-608-01_1729061556946_Left_Lateral_View.jpg,anonymous_003-007-608-01_1729061556946_Left_Lateral_View_tooth_010.jpg,0.6697,850,639,1049,771,199,132
anonymous_003-007-610-01_1729062730067_Left_Lateral_View.jpg,anonymous_003-007-610-01_1729062730067_Left_Lateral_View_tooth_000.jpg,0.7944,0,386,192,661,192,275
anonymous_003-007-610-01_1729062730067_Left_Lateral_View.jpg,anonymous_003-007-610-01_1729062730067_Left_Lateral_View_tooth_001.jpg,0.3105,76,657,194,763,118,106
anonymous_003-007-610-01_1729062730067_Left_Lateral_View.jpg,anonymous_003-007-610-01_1729062730067_Left_Lateral_View_tooth_002.jpg,0.7884,224,424,393,650,169,226
anonymous_003-007-610-01_1729062730067_Left_Lateral_View.jpg,anonymous_003-007-610-01_1729062730067_Left_Lateral_View_tooth_003.jpg,0.6912,395,630,529,773,134,143
anonymous_003-007-610-01_1729062730067_Left_Lateral_View.jpg,anonymous_003-007-610-01_1729062730067_Left_Lateral_View_tooth_004.jpg,0.7787,417,398,568,642,151,244
anonymous_003-007-610-01_1729062730067_Left_Lateral_View.jpg,anonymous_003-007-610-01_1729062730067_Left_Lateral_View_tooth_005.jpg,0.7369,550,632,660,781,110,149
anonymous_003-007-610-01_1729062730067_Left_Lateral_View.jpg,anonymous_003-007-610-01_1729062730067_Left_Lateral_View_tooth_006.jpg,0.5762,585,499,690,638,105,139
anonymous_003-007-610-01_1729062730067_Left_Lateral_View.jpg,anonymous_003-007-610-01_1729062730067_Left_Lateral_View_tooth_007.jpg,0.4345,681,631,770,737,89,106
anonymous_003-007-610-01_1729062730067_Left_Lateral_View.jpg,anonymous_003-007-610-01_1729062730067_Left_Lateral_View_tooth_008.jpg,0.6184,699,501,790,626,91,125
anonymous_003-007-610-01_1729062730067_Left_Lateral_View.jpg,anonymous_003-007-610-01_1729062730067_Left_Lateral_View_tooth_009.jpg,0.3314,777,624,890,732,113,108
anonymous_003-007-610-01_1729062730067_Left_Lateral_View.jpg,anonymous_003-007-610-01_1729062730067_Left_Lateral_View_tooth_010.jpg,0.4196,800,494,905,615,105,121
anonymous_003-007-610-01_1729062730067_Left_Lateral_View.jpg,anonymous_003-007-610-01_1729062730067_Left_Lateral_View_tooth_011.jpg,0.3169,1068,0,1243,294,175,294
anonymous_003-007-612-01_1729067426867_Left_Lateral_View.jpg,anonymous_003-007-612-01_1729067426867_Left_Lateral_View_tooth_000.jpg,0.6128,0,701,141,1015,141,314
anonymous_003-007-612-01_1729067426867_Left_Lateral_View.jpg,anonymous_003-007-612-01_1729067426867_Left_Lateral_View_tooth_001.jpg,0.6221,8,1066,234,1363,226,297
anonymous_003-007-612-01_1729067426867_Left_Lateral_View.jpg,anonymous_003-007-612-01_1729067426867_Left_Lateral_View_tooth_002.jpg,0.828,244,643,514,1018,270,375
anonymous_003-007-612-01_1729067426867_Left_Lateral_View.jpg,anonymous_003-007-612-01_1729067426867_Left_Lateral_View_tooth_003.jpg,0.7716,284,1045,531,1371,247,326
anonymous_003-007-612-01_1729067426867_Left_Lateral_View.jpg,anonymous_003-007-612-01_1729067426867_Left_Lateral_View_tooth_004.jpg,0.7372,559,1003,825,1350,266,347
anonymous_003-007-612-01_1729067426867_Left_Lateral_View.jpg,anonymous_003-007-612-01_1729067426867_Left_Lateral_View_tooth_005.jpg,0.7483,601,605,841,980,240,375
anonymous_003-007-612-01_1729067426867_Left_Lateral_View.jpg,anonymous_003-007-612-01_1729067426867_Left_Lateral_View_tooth_006.jpg,0.5844,851,997,1077,1229,226,232
anonymous_003-007-612-01_1729067426867_Left_Lateral_View.jpg,anonymous_003-007-612-01_1729067426867_Left_Lateral_View_tooth_007.jpg,0.6319,889,722,1100,968,211,246
anonymous_003-007-612-01_1729067426867_Left_Lateral_View.jpg,anonymous_003-007-612-01_1729067426867_Left_Lateral_View_tooth_008.jpg,0.6066,1068,986,1245,1146,177,160
anonymous_003-007-612-01_1729067426867_Left_Lateral_View.jpg,anonymous_003-007-612-01_1729067426867_Left_Lateral_View_tooth_009.jpg,0.5336,1120,766,1260,964,140,198
anonymous_003-007-612-01_1729067426867_Left_Lateral_View.jpg,anonymous_003-007-612-01_1729067426867_Left_Lateral_View_tooth_010.jpg,0.4032,1253,970,1451,1119,198,149
anonymous_003-007-612-01_1729067426867_Left_Lateral_View.jpg,anonymous_003-007-612-01_1729067426867_Left_Lateral_View_tooth_011.jpg,0.5576,1270,721,1418,945,148,224
anonymous_003-007-613-00_1729067823449_Left_Lateral_View.jpg,anonymous_003-007-613-00_1729067823449_Left_Lateral_View_tooth_000.jpg,0.7817,0,272,113,548,113,276
anonymous_003-007-613-00_1729067823449_Left_Lateral_View.jpg,anonymous_003-007-613-00_1729067823449_Left_Lateral_View_tooth_001.jpg,0.8109,0,55,181,257,181,202
anonymous_003-007-613-00_1729067823449_Left_Lateral_View.jpg,anonymous_003-007-613-00_1729067823449_Left_Lateral_View_tooth_002.jpg,0.8517,149,302,359,572,210,270
anonymous_003-007-613-00_1729067823449_Left_Lateral_View.jpg,anonymous_003-007-613-00_1729067823449_Left_Lateral_View_tooth_003.jpg,0.8119,255,54,468,294,213,240
anonymous_003-007-613-00_1729067823449_Left_Lateral_View.jpg,anonymous_003-007-613-00_1729067823449_Left_Lateral_View_tooth_004.jpg,0.7619,407,328,594,559,187,231
anonymous_003-007-613-00_1729067823449_Left_Lateral_View.jpg,anonymous_003-007-613-00_1729067823449_Left_Lateral_View_tooth_005.jpg,0.6494,481,162,688,328,207,166
anonymous_003-007-613-00_1729067823449_Left_Lateral_View.jpg,anonymous_003-007-613-00_1729067823449_Left_Lateral_View_tooth_006.jpg,0.7,623,342,780,515,157,173
anonymous_003-007-613-00_1729067823449_Left_Lateral_View.jpg,anonymous_003-007-613-00_1729067823449_Left_Lateral_View_tooth_007.jpg,0.6948,700,201,850,344,150,143
anonymous_003-007-613-00_1729067823449_Left_Lateral_View.jpg,anonymous_003-007-613-00_1729067823449_Left_Lateral_View_tooth_008.jpg,0.7157,803,353,1012,512,209,159
anonymous_003-007-613-00_1729067823449_Left_Lateral_View.jpg,anonymous_003-007-613-00_1729067823449_Left_Lateral_View_tooth_009.jpg,0.7115,864,188,1034,345,170,157
anonymous_003-007-613-00_1729067823449_Left_Lateral_View.jpg,anonymous_003-007-613-00_1729067823449_Left_Lateral_View_tooth_010.jpg,0.4469,1032,319,1178,434,146,115
anonymous_003-007-613-00_1729067823449_Left_Lateral_View.jpg,anonymous_003-007-613-00_1729067823449_Left_Lateral_View_tooth_011.jpg,0.382,1064,176,1167,311,103,135
anonymous_003-007-628-00_1729139603004_Frontal_View.jpg,anonymous_003-007-628-00_1729139603004_Frontal_View_tooth_000.jpg,0.4042,36,371,121,475,85,104
anonymous_003-007-628-00_1729139603004_Frontal_View.jpg,anonymous_003-007-628-00_1729139603004_Frontal_View_tooth_001.jpg,0.4178,124,181,218,298,94,117
anonymous_003-007-628-00_1729139603004_Frontal_View.jpg,anonymous_003-007-628-00_1729139603004_Frontal_View_tooth_002.jpg,0.504,144,370,250,515,106,145
anonymous_003-007-628-00_1729139603004_Frontal_View.jpg,anonymous_003-007-628-00_1729139603004_Frontal_View_tooth_003.jpg,0.6204,228,149,358,373,130,224
anonymous_003-007-628-00_1729139603004_Frontal_View.jpg,anonymous_003-007-628-00_1729139603004_Frontal_View_tooth_004.jpg,0.3053,237,397,360,580,123,183
anonymous_003-007-628-00_1729139603004_Frontal_View.jpg,anonymous_003-007-628-00_1729139603004_Frontal_View_tooth_005.jpg,0.3528,241,457,358,573,117,116
anonymous_003-007-628-00_1729139603004_Frontal_View.jpg,anonymous_003-007-628-00_1729139603004_Frontal_View_tooth_006.jpg,0.7686,381,160,549,375,168,215
anonymous_003-007-628-00_1729139603004_Frontal_View.jpg,anonymous_003-007-628-00_1729139603004_Frontal_View_tooth_007.jpg,0.7968,384,384,513,565,129,181
anonymous_003-007-628-00_1729139603004_Frontal_View.jpg,anonymous_003-007-628-00_1729139603004_Frontal_View_tooth_008.jpg,0.7355,527,416,684,616,157,200
anonymous_003-007-628-00_1729139603004_Frontal_View.jpg,anonymous_003-007-628-00_1729139603004_Frontal_View_tooth_009.jpg,0.8122,560,142,828,419,268,277
anonymous_003-007-628-00_1729139603004_Frontal_View.jpg,anonymous_003-007-628-00_1729139603004_Frontal_View_tooth_010.jpg,0.6951,692,411,835,612,143,201
anonymous_003-007-628-00_1729139603004_Frontal_View.jpg,anonymous_003-007-628-00_1729139603004_Frontal_View_tooth_011.jpg,0.694,849,412,1000,607,151,195
anonymous_003-007-628-00_1729139603004_Frontal_View.jpg,anonymous_003-007-628-00_1729139603004_Frontal_View_tooth_012.jpg,0.8795,852,159,1081,417,229,258
anonymous_003-007-628-00_1729139603004_Frontal_View.jpg,anonymous_003-007-628-00_1729139603004_Frontal_View_tooth_013.jpg,0.7115,1005,396,1125,601,120,205
anonymous_003-007-628-00_1729139603004_Frontal_View.jpg,anonymous_003-007-628-00_1729139603004_Frontal_View_tooth_014.jpg,0.6027,1095,176,1242,376,147,200
anonymous_003-007-628-00_1729139603004_Frontal_View.jpg,anonymous_003-007-628-00_1729139603004_Frontal_View_tooth_015.jpg,0.7649,1138,362,1245,598,107,236
anonymous_003-007-628-00_1729139603004_Frontal_View.jpg,anonymous_003-007-628-00_1729139603004_Frontal_View_tooth_016.jpg,0.4587,1146,368,1242,543,96,175
anonymous_003-007-628-00_1729139603004_Frontal_View.jpg,anonymous_003-007-628-00_1729139603004_Frontal_View_tooth_017.jpg,0.2563,1244,360,1336,534,92,174
anonymous_003-007-628-00_1729139603004_Frontal_View.jpg,anonymous_003-007-628-00_1729139603004_Frontal_View_tooth_018.jpg,0.6014,1247,169,1346,370,99,201
anonymous_003-007-629-01_1729140899689_Left_Lateral_View.jpg,anonymous_003-007-629-01_1729140899689_Left_Lateral_View_tooth_000.jpg,0.2597,3,746,119,855,116,109
anonymous_003-007-629-01_1729140899689_Left_Lateral_View.jpg,anonymous_003-007-629-01_1729140899689_Left_Lateral_View_tooth_001.jpg,0.8162,76,518,286,755,210,237
anonymous_003-007-629-01_1729140899689_Left_Lateral_View.jpg,anonymous_003-007-629-01_1729140899689_Left_Lateral_View_tooth_002.jpg,0.3245,226,709,365,824,139,115
anonymous_003-007-629-01_1729140899689_Left_Lateral_View.jpg,anonymous_003-007-629-01_1729140899689_Left_Lateral_View_tooth_003.jpg,0.7139,329,551,551,711,222,160
anonymous_003-007-629-01_1729140899689_Left_Lateral_View.jpg,anonymous_003-007-629-01_1729140899689_Left_Lateral_View_tooth_004.jpg,0.5132,394,705,579,883,185,178
anonymous_003-007-629-01_1729140899689_Left_Lateral_View.jpg,anonymous_003-007-629-01_1729140899689_Left_Lateral_View_tooth_005.jpg,0.6703,566,565,702,725,136,160
anonymous_003-007-629-01_1729140899689_Left_Lateral_View.jpg,anonymous_003-007-629-01_1729140899689_Left_Lateral_View_tooth_006.jpg,0.4604,603,719,739,815,136,96
anonymous_003-007-629-01_1729140899689_Left_Lateral_View.jpg,anonymous_003-007-629-01_1729140899689_Left_Lateral_View_tooth_007.jpg,0.6656,710,535,798,711,88,176
anonymous_003-007-629-01_1729140899689_Left_Lateral_View.jpg,anonymous_003-007-629-01_1729140899689_Left_Lateral_View_tooth_008.jpg,0.4381,759,701,892,815,133,114
anonymous_003-007-629-01_1729140899689_Left_Lateral_View.jpg,anonymous_003-007-629-01_1729140899689_Left_Lateral_View_tooth_009.jpg,0.5359,800,540,906,705,106,165
anonymous_003-007-630-00_1729141929109_Right_Lateral_View.jpg,anonymous_003-007-630-00_1729141929109_Right_Lateral_View_tooth_000.jpg,0.7143,0,0,203,194,203,194
anonymous_003-007-630-00_1729141929109_Right_Lateral_View.jpg,anonymous_003-007-630-00_1729141929109_Right_Lateral_View_tooth_001.jpg,0.3004,0,0,209,135,209,135
anonymous_003-007-630-00_1729141929109_Right_Lateral_View.jpg,anonymous_003-007-630-00_1729141929109_Right_Lateral_View_tooth_002.jpg,0.3476,464,546,627,669,163,123
anonymous_003-007-630-00_1729141929109_Right_Lateral_View.jpg,anonymous_003-007-630-00_1729141929109_Right_Lateral_View_tooth_003.jpg,0.5557,650,577,885,684,235,107
anonymous_003-007-630-00_1729141929109_Right_Lateral_View.jpg,anonymous_003-007-630-00_1729141929109_Right_Lateral_View_tooth_004.jpg,0.4827,900,653,1081,796,181,143
anonymous_003-007-630-00_1729141929109_Right_Lateral_View.jpg,anonymous_003-007-630-00_1729141929109_Right_Lateral_View_tooth_005.jpg,0.6226,1084,507,1280,644,196,137
anonymous_003-007-630-00_1729141929109_Right_Lateral_View.jpg,anonymous_003-007-630-00_1729141929109_Right_Lateral_View_tooth_006.jpg,0.5076,1154,664,1288,770,134,106
anonymous_003-007-630-00_1729141929109_Right_Lateral_View.jpg,anonymous_003-007-630-00_1729141929109_Right_Lateral_View_tooth_007.jpg,0.5107,1318,458,1497,728,179,270
anonymous_003-007-630-00_1729141929109_Right_Lateral_View.jpg,anonymous_003-007-630-00_1729141929109_Right_Lateral_View_tooth_008.jpg,0.6821,1321,463,1506,807,185,344
anonymous_003-007-630-00_1729141929109_Right_Lateral_View.jpg,anonymous_003-007-630-00_1729141929109_Right_Lateral_View_tooth_009.jpg,0.5277,1553,505,1652,784,99,279
anonymous_003-007-630-00_1729141929109_Right_Lateral_View.jpg,anonymous_003-007-630-00_1729141929109_Right_Lateral_View_tooth_010.jpg,0.4367,1579,517,1652,752,73,235
anonymous_003-007-631-01_1729143366138_Right_Lateral_View.jpg,anonymous_003-007-631-01_1729143366138_Right_Lateral_View_tooth_000.jpg,0.2933,226,786,358,873,132,87
anonymous_003-007-631-01_1729143366138_Right_Lateral_View.jpg,anonymous_003-007-631-01_1729143366138_Right_Lateral_View_tooth_001.jpg,0.3824,371,807,559,907,188,100
anonymous_003-007-631-01_1729143366138_Right_Lateral_View.jpg,anonymous_003-007-631-01_1729143366138_Right_Lateral_View_tooth_002.jpg,0.5212,427,599,606,792,179,193
anonymous_003-007-631-01_1729143366138_Right_Lateral_View.jpg,anonymous_003-007-631-01_1729143366138_Right_Lateral_View_tooth_003.jpg,0.4547,580,805,761,935,181,130
anonymous_003-007-631-01_1729143366138_Right_Lateral_View.jpg,anonymous_003-007-631-01_1729143366138_Right_Lateral_View_tooth_004.jpg,0.6511,671,607,846,812,175,205
anonymous_003-007-631-01_1729143366138_Right_Lateral_View.jpg,anonymous_003-007-631-01_1729143366138_Right_Lateral_View_tooth_005.jpg,0.5664,785,778,937,968,152,190
anonymous_003-007-631-01_1729143366138_Right_Lateral_View.jpg,anonymous_003-007-631-01_1729143366138_Right_Lateral_View_tooth_006.jpg,0.7502,933,549,1177,831,244,282
anonymous_003-007-631-01_1729143366138_Right_Lateral_View.jpg,anonymous_003-007-631-01_1729143366138_Right_Lateral_View_tooth_007.jpg,0.4447,996,820,1178,1011,182,191
anonymous_003-007-631-01_1729143366138_Right_Lateral_View.jpg,anonymous_003-007-631-01_1729143366138_Right_Lateral_View_tooth_008.jpg,0.7331,1208,798,1367,1059,159,261
anonymous_003-007-631-01_1729143366138_Right_Lateral_View.jpg,anonymous_003-007-631-01_1729143366138_Right_Lateral_View_tooth_009.jpg,0.8426,1237,532,1524,831,287,299
anonymous_003-007-631-01_1729143366138_Right_Lateral_View.jpg,anonymous_003-007-631-01_1729143366138_Right_Lateral_View_tooth_010.jpg,0.6728,1405,823,1524,1039,119,216
anonymous_003-007-632-00_1729144134892_Left_Lateral_View.jpg,anonymous_003-007-632-00_1729144134892_Left_Lateral_View_tooth_000.jpg,0.5969,52,430,215,770,163,340
anonymous_003-007-632-00_1729144134892_Left_Lateral_View.jpg,anonymous_003-007-632-00_1729144134892_Left_Lateral_View_tooth_001.jpg,0.2669,65,470,197,749,132,279
anonymous_003-007-632-00_1729144134892_Left_Lateral_View.jpg,anonymous_003-007-632-00_1729144134892_Left_Lateral_View_tooth_002.jpg,0.5797,216,526,374,814,158,288
anonymous_003-007-632-00_1729144134892_Left_Lateral_View.jpg,anonymous_003-007-632-00_1729144134892_Left_Lateral_View_tooth_003.jpg,0.5382,225,418,572,558,347,140
anonymous_003-007-632-00_1729144134892_Left_Lateral_View.jpg,anonymous_003-007-632-00_1729144134892_Left_Lateral_View_tooth_004.jpg,0.7351,396,560,587,813,191,253
anonymous_003-007-632-00_1729144134892_Left_Lateral_View.jpg,anonymous_003-007-632-00_1729144134892_Left_Lateral_View_tooth_005.jpg,0.8696,614,372,881,613,267,241
anonymous_003-007-632-00_1729144134892_Left_Lateral_View.jpg,anonymous_003-007-632-00_1729144134892_Left_Lateral_View_tooth_006.jpg,0.8289,618,614,832,894,214,280
anonymous_003-007-632-00_1729144134892_Left_Lateral_View.jpg,anonymous_003-007-632-00_1729144134892_Left_Lateral_View_tooth_007.jpg,0.6544,870,671,1069,836,199,165
anonymous_003-007-632-00_1729144134892_Left_Lateral_View.jpg,anonymous_003-007-632-00_1729144134892_Left_Lateral_View_tooth_008.jpg,0.6087,1185,468,1355,671,170,203
anonymous_003-007-632-00_1729144134892_Left_Lateral_View.jpg,anonymous_003-007-632-00_1729144134892_Left_Lateral_View_tooth_009.jpg,0.4813,1189,689,1339,824,150,135
anonymous_003-007-632-00_1729144134892_Left_Lateral_View.jpg,anonymous_003-007-632-00_1729144134892_Left_Lateral_View_tooth_010.jpg,0.2525,1386,646,1541,789,155,143
anonymous_003-007-632-00_1729144134892_Left_Lateral_View.jpg,anonymous_003-007-632-00_1729144134892_Left_Lateral_View_tooth_011.jpg,0.4067,1389,505,1532,616,143,111
anonymous_003-007-632-00_1729144134892_Left_Lateral_View.jpg,anonymous_003-007-632-00_1729144134892_Left_Lateral_View_tooth_012.jpg,0.3608,1386,641,1580,800,194,159
anonymous_003-007-632-00_1729144134892_Left_Lateral_View.jpg,anonymous_003-007-632-00_1729144134892_Left_Lateral_View_tooth_013.jpg,0.4912,1936,270,2189,879,253,609
anonymous_003-007-632-00_1729144134892_Left_Lateral_View.jpg,anonymous_003-007-632-00_1729144134892_Left_Lateral_View_tooth_014.jpg,0.3058,1946,384,2189,943,243,559
anonymous_003-007-634-00_1729146043051_Frontal_View.jpg,anonymous_003-007-634-00_1729146043051_Frontal_View_tooth_000.jpg,0.7349,0,612,346,1064,346,452
anonymous_003-007-634-00_1729146043051_Frontal_View.jpg,anonymous_003-007-634-00_1729146043051_Frontal_View_tooth_001.jpg,0.3622,207,245,307,415,100,170
anonymous_003-007-634-00_1729146043051_Frontal_View.jpg,anonymous_003-007-634-00_1729146043051_Frontal_View_tooth_002.jpg,0.7136,324,218,476,444,152,226
anonymous_003-007-634-00_1729146043051_Frontal_View.jpg,anonymous_003-007-634-00_1729146043051_Frontal_View_tooth_003.jpg,0.7362,393,485,532,746,139,261
anonymous_003-007-634-00_1729146043051_Frontal_View.jpg,anonymous_003-007-634-00_1729146043051_Frontal_View_tooth_004.jpg,0.414,412,487,534,706,122,219
anonymous_003-007-634-00_1729146043051_Frontal_View.jpg,anonymous_003-007-634-00_1729146043051_Frontal_View_tooth_005.jpg,0.7304,483,226,680,466,197,240
anonymous_003-007-634-00_1729146043051_Frontal_View.jpg,anonymous_003-007-634-00_1729146043051_Frontal_View_tooth_006.jpg,0.7707,541,505,722,754,181,249
anonymous_003-007-634-00_1729146043051_Frontal_View.jpg,anonymous_003-007-634-00_1729146043051_Frontal_View_tooth_007.jpg,0.8198,701,186,984,535,283,349
anonymous_003-007-634-00_1729146043051_Frontal_View.jpg,anonymous_003-007-634-00_1729146043051_Frontal_View_tooth_008.jpg,0.8291,737,526,901,780,164,254
anonymous_003-007-634-00_1729146043051_Frontal_View.jpg,anonymous_003-007-634-00_1729146043051_Frontal_View_tooth_009.jpg,0.8393,910,541,1092,792,182,251
anonymous_003-007-634-00_1729146043051_Frontal_View.jpg,anonymous_003-007-634-00_1729146043051_Frontal_View_tooth_010.jpg,0.8113,1013,223,1293,566,280,343
anonymous_003-007-634-00_1729146043051_Frontal_View.jpg,anonymous_003-007-634-00_1729146043051_Frontal_View_tooth_011.jpg,0.8506,1099,554,1266,781,167,227
anonymous_003-007-634-00_1729146043051_Frontal_View.jpg,anonymous_003-007-634-00_1729146043051_Frontal_View_tooth_012.jpg,0.8281,1281,541,1390,811,109,270
anonymous_003-007-634-00_1729146043051_Frontal_View.jpg,anonymous_003-007-634-00_1729146043051_Frontal_View_tooth_013.jpg,0.686,1314,308,1480,536,166,228
anonymous_003-007-634-00_1729146043051_Frontal_View.jpg,anonymous_003-007-634-00_1729146043051_Frontal_View_tooth_014.jpg,0.4034,1402,558,1524,777,122,219
anonymous_003-007-634-00_1729146043051_Frontal_View.jpg,anonymous_003-007-634-00_1729146043051_Frontal_View_tooth_015.jpg,0.4925,1483,327,1610,558,127,231
anonymous_003-007-635-01_1729148089786_Frontal_View.jpg,anonymous_003-007-635-01_1729148089786_Frontal_View_tooth_000.jpg,0.2658,245,327,320,441,75,114
anonymous_003-007-635-01_1729148089786_Frontal_View.jpg,anonymous_003-007-635-01_1729148089786_Frontal_View_tooth_001.jpg,0.3514,324,317,407,455,83,138
anonymous_003-007-635-01_1729148089786_Frontal_View.jpg,anonymous_003-007-635-01_1729148089786_Frontal_View_tooth_002.jpg,0.5775,367,515,477,666,110,151
anonymous_003-007-635-01_1729148089786_Frontal_View.jpg,anonymous_003-007-635-01_1729148089786_Frontal_View_tooth_003.jpg,0.6784,423,274,574,493,151,219
anonymous_003-007-635-01_1729148089786_Frontal_View.jpg,anonymous_003-007-635-01_1729148089786_Frontal_View_tooth_004.jpg,0.7481,506,482,632,719,126,237
anonymous_003-007-635-01_1729148089786_Frontal_View.jpg,anonymous_003-007-635-01_1729148089786_Frontal_View_tooth_005.jpg,0.6898,599,285,756,469,157,184
anonymous_003-007-635-01_1729148089786_Frontal_View.jpg,anonymous_003-007-635-01_1729148089786_Frontal_View_tooth_006.jpg,0.8806,641,479,772,684,131,205
anonymous_003-007-635-01_1729148089786_Frontal_View.jpg,anonymous_003-007-635-01_1729148089786_Frontal_View_tooth_007.jpg,0.8558,769,233,1011,498,242,265
anonymous_003-007-635-01_1729148089786_Frontal_View.jpg,anonymous_003-007-635-01_1729148089786_Frontal_View_tooth_008.jpg,0.7888,791,490,927,700,136,210
anonymous_003-007-635-01_1729148089786_Frontal_View.jpg,anonymous_003-007-635-01_1729148089786_Frontal_View_tooth_009.jpg,0.8244,944,478,1078,670,134,192
anonymous_003-007-635-01_1729148089786_Frontal_View.jpg,anonymous_003-007-635-01_1729148089786_Frontal_View_tooth_010.jpg,0.8183,1022,250,1224,490,202,240
anonymous_003-007-635-01_1729148089786_Frontal_View.jpg,anonymous_003-007-635-01_1729148089786_Frontal_View_tooth_011.jpg,0.7503,1079,490,1211,685,132,195
anonymous_003-007-635-01_1729148089786_Frontal_View.jpg,anonymous_003-007-635-01_1729148089786_Frontal_View_tooth_012.jpg,0.7949,1215,496,1325,734,110,238
anonymous_003-007-635-01_1729148089786_Frontal_View.jpg,anonymous_003-007-635-01_1729148089786_Frontal_View_tooth_013.jpg,0.6744,1243,303,1356,487,113,184
anonymous_003-007-635-01_1729148089786_Frontal_View.jpg,anonymous_003-007-635-01_1729148089786_Frontal_View_tooth_014.jpg,0.3898,1332,517,1412,669,80,152
anonymous_003-007-635-01_1729148089786_Frontal_View.jpg,anonymous_003-007-635-01_1729148089786_Frontal_View_tooth_015.jpg,0.3608,1377,292,1465,498,88,206
anonymous_003-007-636-00_1729148622989_Frontal_View.jpg,anonymous_003-007-636-00_1729148622989_Frontal_View_tooth_000.jpg,0.5205,268,418,385,600,117,182
anonymous_003-007-636-00_1729148622989_Frontal_View.jpg,anonymous_003-007-636-00_1729148622989_Frontal_View_tooth_001.jpg,0.676,329,121,493,373,164,252
anonymous_003-007-636-00_1729148622989_Frontal_View.jpg,anonymous_003-007-636-00_1729148622989_Frontal_View_tooth_002.jpg,0.8279,407,386,553,682,146,296
anonymous_003-007-636-00_1729148622989_Frontal_View.jpg,anonymous_003-007-636-00_1729148622989_Frontal_View_tooth_003.jpg,0.7519,517,130,695,344,178,214
anonymous_003-007-636-00_1729148622989_Frontal_View.jpg,anonymous_003-007-636-00_1729148622989_Frontal_View_tooth_004.jpg,0.8621,555,395,718,642,163,247
anonymous_003-007-636-00_1729148622989_Frontal_View.jpg,anonymous_003-007-636-00_1729148622989_Frontal_View_tooth_005.jpg,0.785,720,417,898,661,178,244
anonymous_003-007-636-00_1729148622989_Frontal_View.jpg,anonymous_003-007-636-00_1729148622989_Frontal_View_tooth_006.jpg,0.8273,721,58,1004,388,283,330
anonymous_003-007-636-00_1729148622989_Frontal_View.jpg,anonymous_003-007-636-00_1729148622989_Frontal_View_tooth_007.jpg,0.828,901,398,1076,636,175,238
anonymous_003-007-636-00_1729148622989_Frontal_View.jpg,anonymous_003-007-636-00_1729148622989_Frontal_View_tooth_008.jpg,0.8213,1030,86,1279,394,249,308
anonymous_003-007-636-00_1729148622989_Frontal_View.jpg,anonymous_003-007-636-00_1729148622989_Frontal_View_tooth_009.jpg,0.8405,1084,428,1252,663,168,235
anonymous_003-007-636-00_1729148622989_Frontal_View.jpg,anonymous_003-007-636-00_1729148622989_Frontal_View_tooth_010.jpg,0.6795,1259,425,1399,706,140,281
anonymous_003-007-636-00_1729148622989_Frontal_View.jpg,anonymous_003-007-636-00_1729148622989_Frontal_View_tooth_011.jpg,0.789,1318,175,1453,383,135,208
anonymous_003-007-636-00_1729148622989_Frontal_View.jpg,anonymous_003-007-636-00_1729148622989_Frontal_View_tooth_012.jpg,0.4708,1415,454,1523,625,108,171
anonymous_003-007-636-00_1729148622989_Frontal_View.jpg,anonymous_003-007-636-00_1729148622989_Frontal_View_tooth_013.jpg,0.3687,1474,211,1575,400,101,189
anonymous_003-007-637-01_1729150495970_Left_Lateral_View.jpg,anonymous_003-007-637-01_1729150495970_Left_Lateral_View_tooth_000.jpg,0.798,0,558,208,873,208,315
anonymous_003-007-637-01_1729150495970_Left_Lateral_View.jpg,anonymous_003-007-637-01_1729150495970_Left_Lateral_View_tooth_001.jpg,0.2934,0,882,246,1034,246,152
anonymous_003-007-637-01_1729150495970_Left_Lateral_View.jpg,anonymous_003-007-637-01_1729150495970_Left_Lateral_View_tooth_002.jpg,0.2829,56,883,243,1025,187,142
anonymous_003-007-637-01_1729150495970_Left_Lateral_View.jpg,anonymous_003-007-637-01_1729150495970_Left_Lateral_View_tooth_003.jpg,0.8935,237,605,446,899,209,294
anonymous_003-007-637-01_1729150495970_Left_Lateral_View.jpg,anonymous_003-007-637-01_1729150495970_Left_Lateral_View_tooth_004.jpg,0.3707,325,868,502,1034,177,166
anonymous_003-007-637-01_1729150495970_Left_Lateral_View.jpg,anonymous_003-007-637-01_1729150495970_Left_Lateral_View_tooth_005.jpg,0.6912,478,649,645,826,167,177
anonymous_003-007-637-01_1729150495970_Left_Lateral_View.jpg,anonymous_003-007-637-01_1729150495970_Left_Lateral_View_tooth_006.jpg,0.2813,512,1243,564,1289,52,46
anonymous_003-007-637-01_1729150495970_Left_Lateral_View.jpg,anonymous_003-007-637-01_1729150495970_Left_Lateral_View_tooth_007.jpg,0.5219,511,818,692,976,181,158
anonymous_003-007-637-01_1729150495970_Left_Lateral_View.jpg,anonymous_003-007-637-01_1729150495970_Left_Lateral_View_tooth_008.jpg,0.2611,553,1026,630,1073,77,47
anonymous_003-007-637-01_1729150495970_Left_Lateral_View.jpg,anonymous_003-007-637-01_1729150495970_Left_Lateral_View_tooth_009.jpg,0.6787,659,633,841,789,182,156
anonymous_003-007-637-01_1729150495970_Left_Lateral_View.jpg,anonymous_003-007-637-01_1729150495970_Left_Lateral_View_tooth_010.jpg,0.5683,707,795,936,938,229,143
anonymous_003-007-637-01_1729150495970_Left_Lateral_View.jpg,anonymous_003-007-637-01_1729150495970_Left_Lateral_View_tooth_011.jpg,0.438,861,608,1016,771,155,163
anonymous_003-007-638-00_1729150964001_Frontal_View.jpg,anonymous_003-007-638-00_1729150964001_Frontal_View_tooth_000.jpg,0.6104,215,196,350,404,135,208
anonymous_003-007-638-00_1729150964001_Frontal_View.jpg,anonymous_003-007-638-00_1729150964001_Frontal_View_tooth_001.jpg,0.3491,308,535,433,661,125,126
anonymous_003-007-638-00_1729150964001_Frontal_View.jpg,anonymous_003-007-638-00_1729150964001_Frontal_View_tooth_002.jpg,0.423,326,529,437,650,111,121
anonymous_003-007-638-00_1729150964001_Frontal_View.jpg,anonymous_003-007-638-00_1729150964001_Frontal_View_tooth_003.jpg,0.7519,367,179,558,392,191,213
anonymous_003-007-638-00_1729150964001_Frontal_View.jpg,anonymous_003-007-638-00_1729150964001_Frontal_View_tooth_004.jpg,0.564,443,532,560,731,117,199
anonymous_003-007-638-00_1729150964001_Frontal_View.jpg,anonymous_003-007-638-00_1729150964001_Frontal_View_tooth_005.jpg,0.7845,579,99,881,415,302,316
anonymous_003-007-638-00_1729150964001_Frontal_View.jpg,anonymous_003-007-638-00_1729150964001_Frontal_View_tooth_006.jpg,0.4139,613,438,751,586,138,148
anonymous_003-007-638-00_1729150964001_Frontal_View.jpg,anonymous_003-007-638-00_1729150964001_Frontal_View_tooth_007.jpg,0.7866,734,464,911,752,177,288
anonymous_003-007-638-00_1729150964001_Frontal_View.jpg,anonymous_003-007-638-00_1729150964001_Frontal_View_tooth_008.jpg,0.8682,894,192,1172,468,278,276
anonymous_003-007-638-00_1729150964001_Frontal_View.jpg,anonymous_003-007-638-00_1729150964001_Frontal_View_tooth_009.jpg,0.7339,927,466,1089,702,162,236
anonymous_003-007-638-00_1729150964001_Frontal_View.jpg,anonymous_003-007-638-00_1729150964001_Frontal_View_tooth_010.jpg,0.5526,1110,471,1249,653,139,182
anonymous_003-007-638-00_1729150964001_Frontal_View.jpg,anonymous_003-007-638-00_1729150964001_Frontal_View_tooth_011.jpg,0.7142,1196,200,1380,437,184,237
anonymous_003-007-638-00_1729150964001_Frontal_View.jpg,anonymous_003-007-638-00_1729150964001_Frontal_View_tooth_012.jpg,0.554,1275,503,1394,724,119,221
anonymous_003-007-638-00_1729150964001_Frontal_View.jpg,anonymous_003-007-638-00_1729150964001_Frontal_View_tooth_013.jpg,0.3312,1371,248,1489,491,118,243
anonymous_003-007-639-01_1729152224776_Frontal_View.jpg,anonymous_003-007-639-01_1729152224776_Frontal_View_tooth_000.jpg,0.2555,195,693,376,878,181,185
anonymous_003-007-639-01_1729152224776_Frontal_View.jpg,anonymous_003-007-639-01_1729152224776_Frontal_View_tooth_001.jpg,0.2909,226,512,317,664,91,152
anonymous_003-007-639-01_1729152224776_Frontal_View.jpg,anonymous_003-007-639-01_1729152224776_Frontal_View_tooth_002.jpg,0.4156,224,704,371,860,147,156
anonymous_003-007-639-01_1729152224776_Frontal_View.jpg,anonymous_003-007-639-01_1729152224776_Frontal_View_tooth_003.jpg,0.495,326,498,439,682,113,184
anonymous_003-007-639-01_1729152224776_Frontal_View.jpg,anonymous_003-007-639-01_1729152224776_Frontal_View_tooth_004.jpg,0.4785,385,714,488,889,103,175
anonymous_003-007-639-01_1729152224776_Frontal_View.jpg,anonymous_003-007-639-01_1729152224776_Frontal_View_tooth_005.jpg,0.6164,442,393,619,696,177,303
anonymous_003-007-639-01_1729152224776_Frontal_View.jpg,anonymous_003-007-639-01_1729152224776_Frontal_View_tooth_006.jpg,0.2502,461,446,617,704,156,258
anonymous_003-007-639-01_1729152224776_Frontal_View.jpg,anonymous_003-007-639-01_1729152224776_Frontal_View_tooth_007.jpg,0.516,494,733,620,962,126,229
anonymous_003-007-639-01_1729152224776_Frontal_View.jpg,anonymous_003-007-639-01_1729152224776_Frontal_View_tooth_008.jpg,0.2653,516,737,618,910,102,173
anonymous_003-007-639-01_1729152224776_Frontal_View.jpg,anonymous_003-007-639-01_1729152224776_Frontal_View_tooth_009.jpg,0.851,641,739,815,1010,174,271
anonymous_003-007-639-01_1729152224776_Frontal_View.jpg,anonymous_003-007-639-01_1729152224776_Frontal_View_tooth_010.jpg,0.6729,649,422,848,679,199,257
anonymous_003-007-639-01_1729152224776_Frontal_View.jpg,anonymous_003-007-639-01_1729152224776_Frontal_View_tooth_011.jpg,0.7985,849,701,1015,948,166,247
anonymous_003-007-639-01_1729152224776_Frontal_View.jpg,anonymous_003-007-639-01_1729152224776_Frontal_View_tooth_012.jpg,0.8026,865,359,1164,712,299,353
anonymous_003-007-639-01_1729152224776_Frontal_View.jpg,anonymous_003-007-639-01_1729152224776_Frontal_View_tooth_013.jpg,0.7447,1043,694,1208,985,165,291
anonymous_003-007-639-01_1729152224776_Frontal_View.jpg,anonymous_003-007-639-01_1729152224776_Frontal_View_tooth_014.jpg,0.7797,1187,349,1458,693,271,344
anonymous_003-007-639-01_1729152224776_Frontal_View.jpg,anonymous_003-007-639-01_1729152224776_Frontal_View_tooth_015.jpg,0.836,1231,690,1387,947,156,257
anonymous_003-007-639-01_1729152224776_Frontal_View.jpg,anonymous_003-007-639-01_1729152224776_Frontal_View_tooth_016.jpg,0.6672,1409,679,1523,931,114,252
anonymous_003-007-639-01_1729152224776_Frontal_View.jpg,anonymous_003-007-639-01_1729152224776_Frontal_View_tooth_017.jpg,0.3913,1458,387,1599,653,141,266
anonymous_003-007-639-01_1729152224776_Frontal_View.jpg,anonymous_003-007-639-01_1729152224776_Frontal_View_tooth_018.jpg,0.3604,1537,683,1646,944,109,261
anonymous_003-007-641-01_1729154257635_Frontal_View.jpg,anonymous_003-007-641-01_1729154257635_Frontal_View_tooth_000.jpg,0.3008,61,569,223,706,162,137
anonymous_003-007-641-01_1729154257635_Frontal_View.jpg,anonymous_003-007-641-01_1729154257635_Frontal_View_tooth_001.jpg,0.3285,248,574,401,746,153,172
anonymous_003-007-641-01_1729154257635_Frontal_View.jpg,anonymous_003-007-641-01_1729154257635_Frontal_View_tooth_002.jpg,0.4551,314,293,448,511,134,218
anonymous_003-007-641-01_1729154257635_Frontal_View.jpg,anonymous_003-007-641-01_1729154257635_Frontal_View_tooth_003.jpg,0.4327,392,594,580,791,188,197
anonymous_003-007-641-01_1729154257635_Frontal_View.jpg,anonymous_003-007-641-01_1729154257635_Frontal_View_tooth_004.jpg,0.2836,429,592,582,770,153,178
anonymous_003-007-641-01_1729154257635_Frontal_View.jpg,anonymous_003-007-641-01_1729154257635_Frontal_View_tooth_005.jpg,0.7256,472,258,657,508,185,250
anonymous_003-007-641-01_1729154257635_Frontal_View.jpg,anonymous_003-007-641-01_1729154257635_Frontal_View_tooth_006.jpg,0.734,608,572,812,827,204,255
anonymous_003-007-641-01_1729154257635_Frontal_View.jpg,anonymous_003-007-641-01_1729154257635_Frontal_View_tooth_007.jpg,0.7696,675,212,939,530,264,318
anonymous_003-007-641-01_1729154257635_Frontal_View.jpg,anonymous_003-007-641-01_1729154257635_Frontal_View_tooth_008.jpg,0.7631,838,566,1059,824,221,258
anonymous_003-007-641-01_1729154257635_Frontal_View.jpg,anonymous_003-007-641-01_1729154257635_Frontal_View_tooth_009.jpg,0.7919,977,188,1312,561,335,373
anonymous_003-007-641-01_1729154257635_Frontal_View.jpg,anonymous_003-007-641-01_1729154257635_Frontal_View_tooth_010.jpg,0.8384,1083,564,1292,827,209,263
anonymous_003-007-641-01_1729154257635_Frontal_View.jpg,anonymous_003-007-641-01_1729154257635_Frontal_View_tooth_011.jpg,0.6602,1300,568,1467,823,167,255
anonymous_003-007-641-01_1729154257635_Frontal_View.jpg,anonymous_003-007-641-01_1729154257635_Frontal_View_tooth_012.jpg,0.7871,1329,178,1584,566,255,388
anonymous_003-007-641-01_1729154257635_Frontal_View.jpg,anonymous_003-007-641-01_1729154257635_Frontal_View_tooth_013.jpg,0.4894,1486,579,1620,819,134,240
anonymous_003-007-641-01_1729154257635_Frontal_View.jpg,anonymous_003-007-641-01_1729154257635_Frontal_View_tooth_014.jpg,0.4781,1592,290,1750,551,158,261
anonymous_003-007-641-01_1729154257635_Frontal_View.jpg,anonymous_003-007-641-01_1729154257635_Frontal_View_tooth_015.jpg,0.3643,1632,595,1748,820,116,225
anonymous_003-007-642-00_1729154783455_Frontal_View.jpg,anonymous_003-007-642-00_1729154783455_Frontal_View_tooth_000.jpg,0.3264,217,273,293,424,76,151
anonymous_003-007-642-00_1729154783455_Frontal_View.jpg,anonymous_003-007-642-00_1729154783455_Frontal_View_tooth_001.jpg,0.4729,276,489,383,624,107,135
anonymous_003-007-642-00_1729154783455_Frontal_View.jpg,anonymous_003-007-642-00_1729154783455_Frontal_View_tooth_002.jpg,0.5083,302,267,412,442,110,175
anonymous_003-007-642-00_1729154783455_Frontal_View.jpg,anonymous_003-007-642-00_1729154783455_Frontal_View_tooth_003.jpg,0.745,389,486,506,677,117,191
anonymous_003-007-642-00_1729154783455_Frontal_View.jpg,anonymous_003-007-642-00_1729154783455_Frontal_View_tooth_004.jpg,0.3888,407,490,510,649,103,159
anonymous_003-007-642-00_1729154783455_Frontal_View.jpg,anonymous_003-007-642-00_1729154783455_Frontal_View_tooth_005.jpg,0.7921,411,242,592,467,181,225
anonymous_003-007-642-00_1729154783455_Frontal_View.jpg,anonymous_003-007-642-00_1729154783455_Frontal_View_tooth_006.jpg,0.8033,522,484,669,694,147,210
anonymous_003-007-642-00_1729154783455_Frontal_View.jpg,anonymous_003-007-642-00_1729154783455_Frontal_View_tooth_007.jpg,0.8016,612,226,840,499,228,273
anonymous_003-007-642-00_1729154783455_Frontal_View.jpg,anonymous_003-007-642-00_1729154783455_Frontal_View_tooth_008.jpg,0.8423,677,493,832,718,155,225
anonymous_003-007-642-00_1729154783455_Frontal_View.jpg,anonymous_003-007-642-00_1729154783455_Frontal_View_tooth_009.jpg,0.6064,831,501,953,714,122,213
anonymous_003-007-642-00_1729154783455_Frontal_View.jpg,anonymous_003-007-642-00_1729154783455_Frontal_View_tooth_010.jpg,0.8507,846,223,1052,506,206,283
anonymous_003-007-642-00_1729154783455_Frontal_View.jpg,anonymous_003-007-642-00_1729154783455_Frontal_View_tooth_011.jpg,0.7817,967,506,1075,710,108,204
anonymous_003-007-642-00_1729154783455_Frontal_View.jpg,anonymous_003-007-642-00_1729154783455_Frontal_View_tooth_012.jpg,0.6887,1057,271,1196,481,139,210
anonymous_003-007-642-00_1729154783455_Frontal_View.jpg,anonymous_003-007-642-00_1729154783455_Frontal_View_tooth_013.jpg,0.5059,1090,510,1176,671,86,161
anonymous_003-007-642-00_1729154783455_Frontal_View.jpg,anonymous_003-007-642-00_1729154783455_Frontal_View_tooth_014.jpg,0.4595,1094,514,1190,689,96,175
anonymous_003-007-642-00_1729154783455_Frontal_View.jpg,anonymous_003-007-642-00_1729154783455_Frontal_View_tooth_015.jpg,0.3952,1194,285,1278,482,84,197
anonymous_003-007-658-00_1729226761156_Frontal_View.jpg,anonymous_003-007-658-00_1729226761156_Frontal_View_tooth_000.jpg,0.278,0,701,187,861,187,160
anonymous_003-007-658-00_1729226761156_Frontal_View.jpg,anonymous_003-007-658-00_1729226761156_Frontal_View_tooth_001.jpg,0.7115,152,199,316,411,164,212
anonymous_003-007-658-00_1729226761156_Frontal_View.jpg,anonymous_003-007-658-00_1729226761156_Frontal_View_tooth_002.jpg,0.5608,183,406,280,532,97,126
anonymous_003-007-658-00_1729226761156_Frontal_View.jpg,anonymous_003-007-658-00_1729226761156_Frontal_View_tooth_003.jpg,0.7203,297,390,422,574,125,184
anonymous_003-007-658-00_1729226761156_Frontal_View.jpg,anonymous_003-007-658-00_1729226761156_Frontal_View_tooth_004.jpg,0.8268,338,199,504,403,166,204
anonymous_003-007-658-00_1729226761156_Frontal_View.jpg,anonymous_003-007-658-00_1729226761156_Frontal_View_tooth_005.jpg,0.6817,451,402,581,573,130,171
anonymous_003-007-658-00_1729226761156_Frontal_View.jpg,anonymous_003-007-658-00_1729226761156_Frontal_View_tooth_006.jpg,0.8074,513,161,757,426,244,265
anonymous_003-007-658-00_1729226761156_Frontal_View.jpg,anonymous_003-007-658-00_1729226761156_Frontal_View_tooth_007.jpg,0.7411,611,408,745,607,134,199
anonymous_003-007-658-00_1729226761156_Frontal_View.jpg,anonymous_003-007-658-00_1729226761156_Frontal_View_tooth_008.jpg,0.8702,764,399,903,610,139,211
anonymous_003-007-658-00_1729226761156_Frontal_View.jpg,anonymous_003-007-658-00_1729226761156_Frontal_View_tooth_009.jpg,0.7835,783,153,1023,420,240,267
anonymous_003-007-658-00_1729226761156_Frontal_View.jpg,anonymous_003-007-658-00_1729226761156_Frontal_View_tooth_010.jpg,0.7583,932,395,1080,591,148,196
anonymous_003-007-658-00_1729226761156_Frontal_View.jpg,anonymous_003-007-658-00_1729226761156_Frontal_View_tooth_011.jpg,0.7573,1044,187,1195,385,151,198
anonymous_003-007-658-00_1729226761156_Frontal_View.jpg,anonymous_003-007-658-00_1729226761156_Frontal_View_tooth_012.jpg,0.7301,1104,384,1232,597,128,213
anonymous_003-007-658-00_1729226761156_Frontal_View.jpg,anonymous_003-007-658-00_1729226761156_Frontal_View_tooth_013.jpg,0.771,1214,201,1350,384,136,183
anonymous_003-007-658-00_1729226761156_Frontal_View.jpg,anonymous_003-007-658-00_1729226761156_Frontal_View_tooth_014.jpg,0.2505,1245,390,1335,510,90,120
anonymous_003-007-658-00_1729226761156_Frontal_View.jpg,anonymous_003-007-658-00_1729226761156_Frontal_View_tooth_015.jpg,0.3216,1247,392,1351,528,104,136
anonymous_003-007-658-00_1729226761156_Frontal_View.jpg,anonymous_003-007-658-00_1729226761156_Frontal_View_tooth_016.jpg,0.4511,1365,239,1453,377,88,138
anonymous_003-007-660-00_1729228102787_Frontal_View.jpg,anonymous_003-007-660-00_1729228102787_Frontal_View_tooth_000.jpg,0.3476,43,763,313,911,270,148
anonymous_003-007-660-00_1729228102787_Frontal_View.jpg,anonymous_003-007-660-00_1729228102787_Frontal_View_tooth_001.jpg,0.3848,137,271,266,443,129,172
anonymous_003-007-660-00_1729228102787_Frontal_View.jpg,anonymous_003-007-660-00_1729228102787_Frontal_View_tooth_002.jpg,0.42,197,519,286,653,89,134
anonymous_003-007-660-00_1729228102787_Frontal_View.jpg,anonymous_003-007-660-00_1729228102787_Frontal_View_tooth_003.jpg,0.7038,253,237,409,448,156,211
anonymous_003-007-660-00_1729228102787_Frontal_View.jpg,anonymous_003-007-660-00_1729228102787_Frontal_View_tooth_004.jpg,0.7566,299,470,449,692,150,222
anonymous_003-007-660-00_1729228102787_Frontal_View.jpg,anonymous_003-007-660-00_1729228102787_Frontal_View_tooth_005.jpg,0.7333,429,250,600,467,171,217
anonymous_003-007-660-00_1729228102787_Frontal_View.jpg,anonymous_003-007-660-00_1729228102787_Frontal_View_tooth_006.jpg,0.796,458,486,625,693,167,207
anonymous_003-007-660-00_1729228102787_Frontal_View.jpg,anonymous_003-007-660-00_1729228102787_Frontal_View_tooth_007.jpg,0.7925,627,258,903,518,276,260
anonymous_003-007-660-00_1729228102787_Frontal_View.jpg,anonymous_003-007-660-00_1729228102787_Frontal_View_tooth_008.jpg,0.8965,640,505,807,721,167,216
anonymous_003-007-660-00_1729228102787_Frontal_View.jpg,anonymous_003-007-660-00_1729228102787_Frontal_View_tooth_009.jpg,0.849,819,506,973,705,154,199
anonymous_003-007-660-00_1729228102787_Frontal_View.jpg,anonymous_003-007-660-00_1729228102787_Frontal_View_tooth_010.jpg,0.8082,931,280,1167,529,236,249
anonymous_003-007-660-00_1729228102787_Frontal_View.jpg,anonymous_003-007-660-00_1729228102787_Frontal_View_tooth_011.jpg,0.6861,984,528,1119,683,135,155
anonymous_003-007-660-00_1729228102787_Frontal_View.jpg,anonymous_003-007-660-00_1729228102787_Frontal_View_tooth_012.jpg,0.5769,1148,498,1262,675,114,177
anonymous_003-007-660-00_1729228102787_Frontal_View.jpg,anonymous_003-007-660-00_1729228102787_Frontal_View_tooth_013.jpg,0.6446,1206,301,1331,481,125,180
anonymous_003-007-660-00_1729228102787_Frontal_View.jpg,anonymous_003-007-660-00_1729228102787_Frontal_View_tooth_014.jpg,0.5377,1350,264,1477,471,127,207
anonymous_003-007-662-01_1729231169609_Frontal_View.jpg,anonymous_003-007-662-01_1729231169609_Frontal_View_tooth_000.jpg,0.3745,141,490,235,594,94,104
anonymous_003-007-662-01_1729231169609_Frontal_View.jpg,anonymous_003-007-662-01_1729231169609_Frontal_View_tooth_001.jpg,0.2734,219,484,322,634,103,150
anonymous_003-007-662-01_1729231169609_Frontal_View.jpg,anonymous_003-007-662-01_1729231169609_Frontal_View_tooth_002.jpg,0.3457,236,493,321,613,85,120
anonymous_003-007-662-01_1729231169609_Frontal_View.jpg,anonymous_003-007-662-01_1729231169609_Frontal_View_tooth_003.jpg,0.6893,278,264,409,449,131,185
anonymous_003-007-662-01_1729231169609_Frontal_View.jpg,anonymous_003-007-662-01_1729231169609_Frontal_View_tooth_004.jpg,0.5114,326,510,433,669,107,159
anonymous_003-007-662-01_1729231169609_Frontal_View.jpg,anonymous_003-007-662-01_1729231169609_Frontal_View_tooth_005.jpg,0.3217,339,514,437,646,98,132
anonymous_003-007-662-01_1729231169609_Frontal_View.jpg,anonymous_003-007-662-01_1729231169609_Frontal_View_tooth_006.jpg,0.7107,428,235,586,461,158,226
anonymous_003-007-662-01_1729231169609_Frontal_View.jpg,anonymous_003-007-662-01_1729231169609_Frontal_View_tooth_007.jpg,0.6735,461,477,587,670,126,193
anonymous_003-007-662-01_1729231169609_Frontal_View.jpg,anonymous_003-007-662-01_1729231169609_Frontal_View_tooth_008.jpg,0.8026,600,489,752,690,152,201
anonymous_003-007-662-01_1729231169609_Frontal_View.jpg,anonymous_003-007-662-01_1729231169609_Frontal_View_tooth_009.jpg,0.8236,602,220,875,485,273,265
anonymous_003-007-662-01_1729231169609_Frontal_View.jpg,anonymous_003-007-662-01_1729231169609_Frontal_View_tooth_010.jpg,0.8262,766,491,915,704,149,213
anonymous_003-007-662-01_1729231169609_Frontal_View.jpg,anonymous_003-007-662-01_1729231169609_Frontal_View_tooth_011.jpg,0.6974,887,267,1115,492,228,225
anonymous_003-007-662-01_1729231169609_Frontal_View.jpg,anonymous_003-007-662-01_1729231169609_Frontal_View_tooth_012.jpg,0.8188,933,497,1077,702,144,205
anonymous_003-007-662-01_1729231169609_Frontal_View.jpg,anonymous_003-007-662-01_1729231169609_Frontal_View_tooth_013.jpg,0.5976,1092,513,1212,701,120,188
anonymous_003-007-662-01_1729231169609_Frontal_View.jpg,anonymous_003-007-662-01_1729231169609_Frontal_View_tooth_014.jpg,0.7121,1129,279,1264,491,135,212
anonymous_003-007-662-01_1729231169609_Frontal_View.jpg,anonymous_003-007-662-01_1729231169609_Frontal_View_tooth_015.jpg,0.3961,1221,488,1299,682,78,194
anonymous_003-007-662-01_1729231169609_Frontal_View.jpg,anonymous_003-007-662-01_1729231169609_Frontal_View_tooth_016.jpg,0.5491,1270,297,1381,478,111,181
anonymous_003-007-663-00_1729231959410_Frontal_View.jpg,anonymous_003-007-663-00_1729231959410_Frontal_View_tooth_000.jpg,0.6484,64,0,450,258,386,258
anonymous_003-007-663-00_1729231959410_Frontal_View.jpg,anonymous_003-007-663-00_1729231959410_Frontal_View_tooth_001.jpg,0.2788,377,556,463,689,86,133
anonymous_003-007-663-00_1729231959410_Frontal_View.jpg,anonymous_003-007-663-00_1729231959410_Frontal_View_tooth_002.jpg,0.6538,396,371,533,533,137,162
anonymous_003-007-663-00_1729231959410_Frontal_View.jpg,anonymous_003-007-663-00_1729231959410_Frontal_View_tooth_003.jpg,0.6045,465,576,577,760,112,184
anonymous_003-007-663-00_1729231959410_Frontal_View.jpg,anonymous_003-007-663-00_1729231959410_Frontal_View_tooth_004.jpg,0.7487,545,348,706,576,161,228
anonymous_003-007-663-00_1729231959410_Frontal_View.jpg,anonymous_003-007-663-00_1729231959410_Frontal_View_tooth_005.jpg,0.7082,604,575,720,774,116,199
anonymous_003-007-663-00_1729231959410_Frontal_View.jpg,anonymous_003-007-663-00_1729231959410_Frontal_View_tooth_006.jpg,0.8358,718,343,982,596,264,253
anonymous_003-007-663-00_1729231959410_Frontal_View.jpg,anonymous_003-007-663-00_1729231959410_Frontal_View_tooth_007.jpg,0.7098,762,596,900,798,138,202
anonymous_003-007-663-00_1729231959410_Frontal_View.jpg,anonymous_003-007-663-00_1729231959410_Frontal_View_tooth_008.jpg,0.7515,911,596,1073,803,162,207
anonymous_003-007-663-00_1729231959410_Frontal_View.jpg,anonymous_003-007-663-00_1729231959410_Frontal_View_tooth_009.jpg,0.7364,1006,349,1260,578,254,229
anonymous_003-007-663-00_1729231959410_Frontal_View.jpg,anonymous_003-007-663-00_1729231959410_Frontal_View_tooth_010.jpg,0.7062,1097,590,1248,797,151,207
anonymous_003-007-663-00_1729231959410_Frontal_View.jpg,anonymous_003-007-663-00_1729231959410_Frontal_View_tooth_011.jpg,0.6495,1266,572,1385,783,119,211
anonymous_003-007-663-00_1729231959410_Frontal_View.jpg,anonymous_003-007-663-00_1729231959410_Frontal_View_tooth_012.jpg,0.7553,1278,330,1421,565,143,235
anonymous_003-007-663-00_1729231959410_Frontal_View.jpg,anonymous_003-007-663-00_1729231959410_Frontal_View_tooth_013.jpg,0.5099,1396,534,1482,731,86,197
anonymous_003-007-663-00_1729231959410_Frontal_View.jpg,anonymous_003-007-663-00_1729231959410_Frontal_View_tooth_014.jpg,0.6286,1442,310,1551,500,109,190
anonymous_003-007-668-01_1729235647349_Frontal_View.jpg,anonymous_003-007-668-01_1729235647349_Frontal_View_tooth_000.jpg,0.3812,188,428,325,575,137,147
anonymous_003-007-668-01_1729235647349_Frontal_View.jpg,anonymous_003-007-668-01_1729235647349_Frontal_View_tooth_001.jpg,0.4286,222,314,308,412,86,98
anonymous_003-007-668-01_1729235647349_Frontal_View.jpg,anonymous_003-007-668-01_1729235647349_Frontal_View_tooth_002.jpg,0.445,324,308,427,430,103,122
anonymous_003-007-668-01_1729235647349_Frontal_View.jpg,anonymous_003-007-668-01_1729235647349_Frontal_View_tooth_003.jpg,0.5822,348,481,456,623,108,142
anonymous_003-007-668-01_1729235647349_Frontal_View.jpg,anonymous_003-007-668-01_1729235647349_Frontal_View_tooth_004.jpg,0.6381,477,345,561,439,84,94
anonymous_003-007-668-01_1729235647349_Frontal_View.jpg,anonymous_003-007-668-01_1729235647349_Frontal_View_tooth_005.jpg,0.7177,492,467,612,624,120,157
anonymous_003-007-668-01_1729235647349_Frontal_View.jpg,anonymous_003-007-668-01_1729235647349_Frontal_View_tooth_006.jpg,0.7037,594,334,710,496,116,162
anonymous_003-007-668-01_1729235647349_Frontal_View.jpg,anonymous_003-007-668-01_1729235647349_Frontal_View_tooth_007.jpg,0.7809,655,503,751,662,96,159
anonymous_003-007-668-01_1729235647349_Frontal_View.jpg,anonymous_003-007-668-01_1729235647349_Frontal_View_tooth_008.jpg,0.8486,725,327,884,520,159,193
anonymous_003-007-668-01_1729235647349_Frontal_View.jpg,anonymous_003-007-668-01_1729235647349_Frontal_View_tooth_009.jpg,0.748,781,519,867,659,86,140
anonymous_003-007-668-01_1729235647349_Frontal_View.jpg,anonymous_003-007-668-01_1729235647349_Frontal_View_tooth_010.jpg,0.6424,893,528,980,651,87,123
anonymous_003-007-668-01_1729235647349_Frontal_View.jpg,anonymous_003-007-668-01_1729235647349_Frontal_View_tooth_011.jpg,0.7645,899,328,1059,538,160,210
anonymous_003-007-668-01_1729235647349_Frontal_View.jpg,anonymous_003-007-668-01_1729235647349_Frontal_View_tooth_012.jpg,0.752,997,516,1069,649,72,133
anonymous_003-007-668-01_1729235647349_Frontal_View.jpg,anonymous_003-007-668-01_1729235647349_Frontal_View_tooth_013.jpg,0.4924,1063,368,1142,511,79,143
anonymous_003-007-668-01_1729235647349_Frontal_View.jpg,anonymous_003-007-668-01_1729235647349_Frontal_View_tooth_014.jpg,0.4255,1083,521,1139,600,56,79
anonymous_003-007-668-01_1729235647349_Frontal_View.jpg,anonymous_003-007-668-01_1729235647349_Frontal_View_tooth_015.jpg,0.3925,1153,521,1223,598,70,77
anonymous_003-007-669-00_1729236271453_Right_Lateral_View.jpg,anonymous_003-007-669-00_1729236271453_Right_Lateral_View_tooth_000.jpg,0.2625,298,408,421,506,123,98
anonymous_003-007-669-00_1729236271453_Right_Lateral_View.jpg,anonymous_003-007-669-00_1729236271453_Right_Lateral_View_tooth_001.jpg,0.512,303,279,406,399,103,120
anonymous_003-007-669-00_1729236271453_Right_Lateral_View.jpg,anonymous_003-007-669-00_1729236271453_Right_Lateral_View_tooth_002.jpg,0.7112,434,311,593,476,159,165
anonymous_003-007-669-00_1729236271453_Right_Lateral_View.jpg,anonymous_003-007-669-00_1729236271453_Right_Lateral_View_tooth_003.jpg,0.6303,432,478,675,612,243,134
anonymous_003-007-669-00_1729236271453_Right_Lateral_View.jpg,anonymous_003-007-669-00_1729236271453_Right_Lateral_View_tooth_004.jpg,0.7603,611,311,761,473,150,162
anonymous_003-007-669-00_1729236271453_Right_Lateral_View.jpg,anonymous_003-007-669-00_1729236271453_Right_Lateral_View_tooth_005.jpg,0.7497,702,473,876,679,174,206
anonymous_003-007-669-00_1729236271453_Right_Lateral_View.jpg,anonymous_003-007-669-00_1729236271453_Right_Lateral_View_tooth_006.jpg,0.6,781,297,958,474,177,177
anonymous_003-007-669-00_1729236271453_Right_Lateral_View.jpg,anonymous_003-007-669-00_1729236271453_Right_Lateral_View_tooth_007.jpg,0.7839,951,439,1137,626,186,187
anonymous_003-007-669-00_1729236271453_Right_Lateral_View.jpg,anonymous_003-007-669-00_1729236271453_Right_Lateral_View_tooth_008.jpg,0.6195,1021,322,1180,449,159,127
anonymous_003-007-669-00_1729236271453_Right_Lateral_View.jpg,anonymous_003-007-669-00_1729236271453_Right_Lateral_View_tooth_009.jpg,0.6421,1205,483,1352,658,147,175
anonymous_003-007-669-00_1729236271453_Right_Lateral_View.jpg,anonymous_003-007-669-00_1729236271453_Right_Lateral_View_tooth_010.jpg,0.7989,1209,282,1388,494,179,212
anonymous_003-007-669-00_1729236271453_Right_Lateral_View.jpg,anonymous_003-007-669-00_1729236271453_Right_Lateral_View_tooth_011.jpg,0.3243,1399,285,1459,595,60,310
anonymous_003-007-669-00_1729236271453_Right_Lateral_View.jpg,anonymous_003-007-669-00_1729236271453_Right_Lateral_View_tooth_012.jpg,0.4737,1407,293,1459,516,52,223
anonymous_003-007-670-01_1729238261312_Right_Lateral_View.jpg,anonymous_003-007-670-01_1729238261312_Right_Lateral_View_tooth_000.jpg,0.5359,339,532,637,616,298,84
anonymous_003-007-670-01_1729238261312_Right_Lateral_View.jpg,anonymous_003-007-670-01_1729238261312_Right_Lateral_View_tooth_001.jpg,0.6336,668,440,824,577,156,137
anonymous_003-007-670-01_1729238261312_Right_Lateral_View.jpg,anonymous_003-007-670-01_1729238261312_Right_Lateral_View_tooth_002.jpg,0.2707,850,630,927,694,77,64
anonymous_003-007-670-01_1729238261312_Right_Lateral_View.jpg,anonymous_003-007-670-01_1729238261312_Right_Lateral_View_tooth_003.jpg,0.5419,893,483,1055,595,162,112
anonymous_003-007-670-01_1729238261312_Right_Lateral_View.jpg,anonymous_003-007-670-01_1729238261312_Right_Lateral_View_tooth_004.jpg,0.4606,1017,620,1178,752,161,132
anonymous_003-007-670-01_1729238261312_Right_Lateral_View.jpg,anonymous_003-007-670-01_1729238261312_Right_Lateral_View_tooth_005.jpg,0.7002,1089,415,1300,640,211,225
anonymous_003-007-670-01_1729238261312_Right_Lateral_View.jpg,anonymous_003-007-670-01_1729238261312_Right_Lateral_View_tooth_006.jpg,0.6173,1342,395,1427,674,85,279
anonymous_003-007-671-00_1729238622556_Frontal_View.jpg,anonymous_003-007-671-00_1729238622556_Frontal_View_tooth_000.jpg,0.4915,87,438,346,529,259,91
anonymous_003-007-671-00_1729238622556_Frontal_View.jpg,anonymous_003-007-671-00_1729238622556_Frontal_View_tooth_001.jpg,0.3081,166,292,293,426,127,134
anonymous_003-007-671-00_1729238622556_Frontal_View.jpg,anonymous_003-007-671-00_1729238622556_Frontal_View_tooth_002.jpg,0.5347,409,593,529,782,120,189
anonymous_003-007-671-00_1729238622556_Frontal_View.jpg,anonymous_003-007-671-00_1729238622556_Frontal_View_tooth_003.jpg,0.7998,405,280,613,496,208,216
anonymous_003-007-671-00_1729238622556_Frontal_View.jpg,anonymous_003-007-671-00_1729238622556_Frontal_View_tooth_004.jpg,0.6821,553,579,721,793,168,214
anonymous_003-007-671-00_1729238622556_Frontal_View.jpg,anonymous_003-007-671-00_1729238622556_Frontal_View_tooth_005.jpg,0.8263,638,218,904,554,266,336
anonymous_003-007-671-00_1729238622556_Frontal_View.jpg,anonymous_003-007-671-00_1729238622556_Frontal_View_tooth_006.jpg,0.8228,737,551,897,803,160,252
anonymous_003-007-671-00_1729238622556_Frontal_View.jpg,anonymous_003-007-671-00_1729238622556_Frontal_View_tooth_007.jpg,0.7685,902,547,1036,772,134,225
anonymous_003-007-671-00_1729238622556_Frontal_View.jpg,anonymous_003-007-671-00_1729238622556_Frontal_View_tooth_008.jpg,0.8317,942,272,1190,570,248,298
anonymous_003-007-671-00_1729238622556_Frontal_View.jpg,anonymous_003-007-671-00_1729238622556_Frontal_View_tooth_009.jpg,0.7004,1069,571,1202,766,133,195
anonymous_003-007-671-00_1729238622556_Frontal_View.jpg,anonymous_003-007-671-00_1729238622556_Frontal_View_tooth_010.jpg,0.7815,1208,324,1384,538,176,214
anonymous_003-007-671-00_1729238622556_Frontal_View.jpg,anonymous_003-007-671-00_1729238622556_Frontal_View_tooth_011.jpg,0.6327,1217,553,1323,740,106,187
anonymous_003-007-671-00_1729238622556_Frontal_View.jpg,anonymous_003-007-671-00_1729238622556_Frontal_View_tooth_012.jpg,0.3801,1339,544,1434,702,95,158
anonymous_003-007-672-01_1729239360521_Left_Lateral_View.jpg,anonymous_003-007-672-01_1729239360521_Left_Lateral_View_tooth_000.jpg,0.7409,0,890,291,1222,291,332
anonymous_003-007-672-01_1729239360521_Left_Lateral_View.jpg,anonymous_003-007-672-01_1729239360521_Left_Lateral_View_tooth_001.jpg,0.2541,0,870,273,1162,273,292
anonymous_003-007-672-01_1729239360521_Left_Lateral_View.jpg,anonymous_003-007-672-01_1729239360521_Left_Lateral_View_tooth_002.jpg,0.4258,211,1141,492,1325,281,184
anonymous_003-007-672-01_1729239360521_Left_Lateral_View.jpg,anonymous_003-007-672-01_1729239360521_Left_Lateral_View_tooth_003.jpg,0.8558,369,779,669,1121,300,342
anonymous_003-007-672-01_1729239360521_Left_Lateral_View.jpg,anonymous_003-007-672-01_1729239360521_Left_Lateral_View_tooth_004.jpg,0.3453,520,1126,745,1294,225,168
anonymous_003-007-672-01_1729239360521_Left_Lateral_View.jpg,anonymous_003-007-672-01_1729239360521_Left_Lateral_View_tooth_005.jpg,0.7648,696,809,877,1061,181,252
anonymous_003-007-672-01_1729239360521_Left_Lateral_View.jpg,anonymous_003-007-672-01_1729239360521_Left_Lateral_View_tooth_006.jpg,0.6178,891,988,1100,1252,209,264
anonymous_003-007-672-01_1729239360521_Left_Lateral_View.jpg,anonymous_003-007-672-01_1729239360521_Left_Lateral_View_tooth_007.jpg,0.4429,912,761,1055,969,143,208
anonymous_003-007-672-01_1729239360521_Left_Lateral_View.jpg,anonymous_003-007-672-01_1729239360521_Left_Lateral_View_tooth_008.jpg,0.3676,1083,855,1253,1025,170,170
anonymous_003-007-672-01_1729239360521_Left_Lateral_View.jpg,anonymous_003-007-672-01_1729239360521_Left_Lateral_View_tooth_009.jpg,0.3823,1098,634,1248,843,150,209
anonymous_003-007-675-00_1729243996615_Mandibular_View.jpg,anonymous_003-007-675-00_1729243996615_Mandibular_View_tooth_000.jpg,0.6464,47,145,195,277,148,132
anonymous_003-007-675-00_1729243996615_Mandibular_View.jpg,anonymous_003-007-675-00_1729243996615_Mandibular_View_tooth_001.jpg,0.4136,89,277,228,393,139,116
anonymous_003-007-675-00_1729243996615_Mandibular_View.jpg,anonymous_003-007-675-00_1729243996615_Mandibular_View_tooth_002.jpg,0.3544,127,397,267,474,140,77
anonymous_003-007-675-00_1729243996615_Mandibular_View.jpg,anonymous_003-007-675-00_1729243996615_Mandibular_View_tooth_003.jpg,0.2634,150,393,262,460,112,67
anonymous_003-007-675-00_1729243996615_Mandibular_View.jpg,anonymous_003-007-675-00_1729243996615_Mandibular_View_tooth_004.jpg,0.2502,176,488,249,589,73,101
anonymous_003-007-675-00_1729243996615_Mandibular_View.jpg,anonymous_003-007-675-00_1729243996615_Mandibular_View_tooth_005.jpg,0.5249,268,515,355,656,87,141
anonymous_003-007-675-00_1729243996615_Mandibular_View.jpg,anonymous_003-007-675-00_1729243996615_Mandibular_View_tooth_006.jpg,0.5813,377,535,465,692,88,157
anonymous_003-007-675-00_1729243996615_Mandibular_View.jpg,anonymous_003-007-675-00_1729243996615_Mandibular_View_tooth_007.jpg,0.7047,482,593,573,717,91,124
anonymous_003-007-675-00_1729243996615_Mandibular_View.jpg,anonymous_003-007-675-00_1729243996615_Mandibular_View_tooth_008.jpg,0.5,588,594,687,716,99,122
anonymous_003-007-675-00_1729243996615_Mandibular_View.jpg,anonymous_003-007-675-00_1729243996615_Mandibular_View_tooth_009.jpg,0.5041,699,553,791,684,92,131
anonymous_003-007-675-00_1729243996615_Mandibular_View.jpg,anonymous_003-007-675-00_1729243996615_Mandibular_View_tooth_010.jpg,0.2522,799,588,873,751,74,163
anonymous_003-007-675-00_1729243996615_Mandibular_View.jpg,anonymous_003-007-675-00_1729243996615_Mandibular_View_tooth_011.jpg,0.2794,813,521,943,636,130,115
anonymous_003-007-675-00_1729243996615_Mandibular_View.jpg,anonymous_003-007-675-00_1729243996615_Mandibular_View_tooth_012.jpg,0.3573,853,436,969,505,116,69
anonymous_003-007-675-00_1729243996615_Mandibular_View.jpg,anonymous_003-007-675-00_1729243996615_Mandibular_View_tooth_013.jpg,0.6372,877,313,1031,423,154,110
anonymous_003-007-675-00_1729243996615_Mandibular_View.jpg,anonymous_003-007-675-00_1729243996615_Mandibular_View_tooth_014.jpg,0.2911,882,312,1043,453,161,141
anonymous_003-007-675-00_1729243996615_Mandibular_View.jpg,anonymous_003-007-675-00_1729243996615_Mandibular_View_tooth_015.jpg,0.6936,908,183,1059,307,151,124
anonymous_003-007-689-00_1729311424743_Frontal_View.jpg,anonymous_003-007-689-00_1729311424743_Frontal_View_tooth_000.jpg,0.3655,0,0,168,193,168,193
anonymous_003-007-689-00_1729311424743_Frontal_View.jpg,anonymous_003-007-689-00_1729311424743_Frontal_View_tooth_001.jpg,0.3221,203,491,295,613,92,122
anonymous_003-007-689-00_1729311424743_Frontal_View.jpg,anonymous_003-007-689-00_1729311424743_Frontal_View_tooth_002.jpg,0.2962,216,291,325,435,109,144
anonymous_003-007-689-00_1729311424743_Frontal_View.jpg,anonymous_003-007-689-00_1729311424743_Frontal_View_tooth_003.jpg,0.4082,307,499,407,648,100,149
anonymous_003-007-689-00_1729311424743_Frontal_View.jpg,anonymous_003-007-689-00_1729311424743_Frontal_View_tooth_004.jpg,0.648,336,213,488,459,152,246
anonymous_003-007-689-00_1729311424743_Frontal_View.jpg,anonymous_003-007-689-00_1729311424743_Frontal_View_tooth_005.jpg,0.7732,437,502,577,723,140,221
anonymous_003-007-689-00_1729311424743_Frontal_View.jpg,anonymous_003-007-689-00_1729311424743_Frontal_View_tooth_006.jpg,0.7014,509,230,696,461,187,231
anonymous_003-007-689-00_1729311424743_Frontal_View.jpg,anonymous_003-007-689-00_1729311424743_Frontal_View_tooth_007.jpg,0.7543,591,492,765,717,174,225
anonymous_003-007-689-00_1729311424743_Frontal_View.jpg,anonymous_003-007-689-00_1729311424743_Frontal_View_tooth_008.jpg,0.7895,715,193,975,500,260,307
anonymous_003-007-689-00_1729311424743_Frontal_View.jpg,anonymous_003-007-689-00_1729311424743_Frontal_View_tooth_009.jpg,0.7591,782,494,913,676,131,182
anonymous_003-007-689-00_1729311424743_Frontal_View.jpg,anonymous_003-007-689-00_1729311424743_Frontal_View_tooth_010.jpg,0.5178,944,493,1069,644,125,151
anonymous_003-007-689-00_1729311424743_Frontal_View.jpg,anonymous_003-007-689-00_1729311424743_Frontal_View_tooth_011.jpg,0.8148,990,229,1215,494,225,265
anonymous_003-007-689-00_1729311424743_Frontal_View.jpg,anonymous_003-007-689-00_1729311424743_Frontal_View_tooth_012.jpg,0.3961,1087,473,1226,658,139,185
anonymous_003-007-689-00_1729311424743_Frontal_View.jpg,anonymous_003-007-689-00_1729311424743_Frontal_View_tooth_013.jpg,0.4655,1233,491,1357,723,124,232
anonymous_003-007-689-00_1729311424743_Frontal_View.jpg,anonymous_003-007-689-00_1729311424743_Frontal_View_tooth_014.jpg,0.6486,1238,236,1380,445,142,209
anonymous_003-007-689-00_1729311424743_Frontal_View.jpg,anonymous_003-007-689-00_1729311424743_Frontal_View_tooth_015.jpg,0.4744,1482,0,1624,202,142,202
anonymous_003-007-690-01_1729312765724_Left_Lateral_View.jpg,anonymous_003-007-690-01_1729312765724_Left_Lateral_View_tooth_000.jpg,0.2924,2,944,208,1033,206,89
anonymous_003-007-690-01_1729312765724_Left_Lateral_View.jpg,anonymous_003-007-690-01_1729312765724_Left_Lateral_View_tooth_001.jpg,0.8943,64,601,302,938,238,337
anonymous_003-007-690-01_1729312765724_Left_Lateral_View.jpg,anonymous_003-007-690-01_1729312765724_Left_Lateral_View_tooth_002.jpg,0.562,256,878,446,1043,190,165
anonymous_003-007-690-01_1729312765724_Left_Lateral_View.jpg,anonymous_003-007-690-01_1729312765724_Left_Lateral_View_tooth_003.jpg,0.8114,332,680,516,864,184,184
anonymous_003-007-690-01_1729312765724_Left_Lateral_View.jpg,anonymous_003-007-690-01_1729312765724_Left_Lateral_View_tooth_004.jpg,0.4351,468,888,606,1021,138,133
anonymous_003-007-690-01_1729312765724_Left_Lateral_View.jpg,anonymous_003-007-690-01_1729312765724_Left_Lateral_View_tooth_005.jpg,0.7038,557,702,757,928,200,226
anonymous_003-007-690-01_1729312765724_Left_Lateral_View.jpg,anonymous_003-007-690-01_1729312765724_Left_Lateral_View_tooth_006.jpg,0.708,777,707,917,900,140,193
anonymous_003-007-690-01_1729312765724_Left_Lateral_View.jpg,anonymous_003-007-690-01_1729312765724_Left_Lateral_View_tooth_007.jpg,0.2767,781,737,901,906,120,169
anonymous_003-007-690-01_1729312765724_Left_Lateral_View.jpg,anonymous_003-007-690-01_1729312765724_Left_Lateral_View_tooth_008.jpg,0.3075,835,871,1054,979,219,108
anonymous_003-007-690-01_1729312765724_Left_Lateral_View.jpg,anonymous_003-007-690-01_1729312765724_Left_Lateral_View_tooth_009.jpg,0.6454,918,695,1066,858,148,163
anonymous_003-007-691-00_1729313275146_Left_Lateral_View.jpg,anonymous_003-007-691-00_1729313275146_Left_Lateral_View_tooth_000.jpg,0.3414,0,154,93,493,93,339
anonymous_003-007-691-00_1729313275146_Left_Lateral_View.jpg,anonymous_003-007-691-00_1729313275146_Left_Lateral_View_tooth_001.jpg,0.8429,122,176,381,506,259,330
anonymous_003-007-691-00_1729313275146_Left_Lateral_View.jpg,anonymous_003-007-691-00_1729313275146_Left_Lateral_View_tooth_002.jpg,0.5612,374,442,573,623,199,181
anonymous_003-007-691-00_1729313275146_Left_Lateral_View.jpg,anonymous_003-007-691-00_1729313275146_Left_Lateral_View_tooth_003.jpg,0.2674,404,277,647,603,243,326
anonymous_003-007-691-00_1729313275146_Left_Lateral_View.jpg,anonymous_003-007-691-00_1729313275146_Left_Lateral_View_tooth_004.jpg,0.6215,424,292,637,438,213,146
anonymous_003-007-691-00_1729313275146_Left_Lateral_View.jpg,anonymous_003-007-691-00_1729313275146_Left_Lateral_View_tooth_005.jpg,0.3704,608,501,786,625,178,124
anonymous_003-007-691-00_1729313275146_Left_Lateral_View.jpg,anonymous_003-007-691-00_1729313275146_Left_Lateral_View_tooth_006.jpg,0.6435,699,326,932,520,233,194
anonymous_003-007-691-00_1729313275146_Left_Lateral_View.jpg,anonymous_003-007-691-00_1729313275146_Left_Lateral_View_tooth_007.jpg,0.2851,904,518,1080,613,176,95
anonymous_003-007-691-00_1729313275146_Left_Lateral_View.jpg,anonymous_003-007-691-00_1729313275146_Left_Lateral_View_tooth_008.jpg,0.5827,976,345,1161,511,185,166
anonymous_003-007-691-00_1729313275146_Left_Lateral_View.jpg,anonymous_003-007-691-00_1729313275146_Left_Lateral_View_tooth_009.jpg,0.5537,1122,480,1421,607,299,127
anonymous_003-007-691-00_1729313275146_Left_Lateral_View.jpg,anonymous_003-007-691-00_1729313275146_Left_Lateral_View_tooth_010.jpg,0.5931,1174,330,1461,472,287,142
anonymous_003-007-691-00_1729313275146_Left_Lateral_View.jpg,anonymous_003-007-691-00_1729313275146_Left_Lateral_View_tooth_011.jpg,0.2775,1458,417,1597,529,139,112
anonymous_003-007-691-00_1729313275146_Left_Lateral_View.jpg,anonymous_003-007-691-00_1729313275146_Left_Lateral_View_tooth_012.jpg,0.3683,1491,260,1660,411,169,151
anonymous_003-007-691-00_1729313275146_Left_Lateral_View.jpg,anonymous_003-007-691-00_1729313275146_Left_Lateral_View_tooth_013.jpg,0.3853,1574,317,1860,833,286,516
anonymous_003-007-691-00_1729313275146_Left_Lateral_View.jpg,anonymous_003-007-691-00_1729313275146_Left_Lateral_View_tooth_014.jpg,0.2739,1625,248,1860,780,235,532
anonymous_003-007-692-01_1729314628095_Frontal_View.jpg,anonymous_003-007-692-01_1729314628095_Frontal_View_tooth_000.jpg,0.4027,284,454,374,565,90,111
anonymous_003-007-692-01_1729314628095_Frontal_View.jpg,anonymous_003-007-692-01_1729314628095_Frontal_View_tooth_001.jpg,0.5818,311,280,412,437,101,157
anonymous_003-007-692-01_1729314628095_Frontal_View.jpg,anonymous_003-007-692-01_1729314628095_Frontal_View_tooth_002.jpg,0.6632,380,425,471,594,91,169
anonymous_003-007-692-01_1729314628095_Frontal_View.jpg,anonymous_003-007-692-01_1729314628095_Frontal_View_tooth_003.jpg,0.6216,422,259,548,414,126,155
anonymous_003-007-692-01_1729314628095_Frontal_View.jpg,anonymous_003-007-692-01_1729314628095_Frontal_View_tooth_004.jpg,0.6446,495,419,603,590,108,171
anonymous_003-007-692-01_1729314628095_Frontal_View.jpg,anonymous_003-007-692-01_1729314628095_Frontal_View_tooth_005.jpg,0.7557,569,212,781,428,212,216
anonymous_003-007-692-01_1729314628095_Frontal_View.jpg,anonymous_003-007-692-01_1729314628095_Frontal_View_tooth_006.jpg,0.7912,626,424,751,612,125,188
anonymous_003-007-692-01_1729314628095_Frontal_View.jpg,anonymous_003-007-692-01_1729314628095_Frontal_View_tooth_007.jpg,0.7657,763,423,890,594,127,171
anonymous_003-007-692-01_1729314628095_Frontal_View.jpg,anonymous_003-007-692-01_1729314628095_Frontal_View_tooth_008.jpg,0.7361,800,223,999,425,199,202
anonymous_003-007-692-01_1729314628095_Frontal_View.jpg,anonymous_003-007-692-01_1729314628095_Frontal_View_tooth_009.jpg,0.6634,900,424,1007,577,107,153
anonymous_003-007-692-01_1729314628095_Frontal_View.jpg,anonymous_003-007-692-01_1729314628095_Frontal_View_tooth_010.jpg,0.6919,1020,432,1119,585,99,153
anonymous_003-007-692-01_1729314628095_Frontal_View.jpg,anonymous_003-007-692-01_1729314628095_Frontal_View_tooth_011.jpg,0.7408,1020,272,1131,433,111,161
anonymous_003-007-692-01_1729314628095_Frontal_View.jpg,anonymous_003-007-692-01_1729314628095_Frontal_View_tooth_012.jpg,0.5215,1144,473,1214,586,70,113
anonymous_003-007-692-01_1729314628095_Frontal_View.jpg,anonymous_003-007-692-01_1729314628095_Frontal_View_tooth_013.jpg,0.5705,1152,311,1240,462,88,151
anonymous_003-007-692-01_1729314628095_Frontal_View.jpg,anonymous_003-007-692-01_1729314628095_Frontal_View_tooth_014.jpg,0.4543,1236,368,1295,477,59,109
anonymous_003-007-693-01_1729314947717_Left_Lateral_View.jpg,anonymous_003-007-693-01_1729314947717_Left_Lateral_View_tooth_000.jpg,0.6439,0,622,92,758,92,136
anonymous_003-007-693-01_1729314947717_Left_Lateral_View.jpg,anonymous_003-007-693-01_1729314947717_Left_Lateral_View_tooth_001.jpg,0.7601,22,403,208,619,186,216
anonymous_003-007-693-01_1729314947717_Left_Lateral_View.jpg,anonymous_003-007-693-01_1729314947717_Left_Lateral_View_tooth_002.jpg,0.6016,122,611,279,748,157,137
anonymous_003-007-693-01_1729314947717_Left_Lateral_View.jpg,anonymous_003-007-693-01_1729314947717_Left_Lateral_View_tooth_003.jpg,0.7357,249,421,409,622,160,201
anonymous_003-007-693-01_1729314947717_Left_Lateral_View.jpg,anonymous_003-007-693-01_1729314947717_Left_Lateral_View_tooth_004.jpg,0.4411,309,619,451,732,142,113
anonymous_003-007-693-01_1729314947717_Left_Lateral_View.jpg,anonymous_003-007-693-01_1729314947717_Left_Lateral_View_tooth_005.jpg,0.6283,435,481,571,618,136,137
anonymous_003-007-693-01_1729314947717_Left_Lateral_View.jpg,anonymous_003-007-693-01_1729314947717_Left_Lateral_View_tooth_006.jpg,0.2511,578,537,748,654,170,117
anonymous_003-007-694-00_1729315527929_Left_Lateral_View.jpg,anonymous_003-007-694-00_1729315527929_Left_Lateral_View_tooth_000.jpg,0.7007,0,366,130,540,130,174
anonymous_003-007-694-00_1729315527929_Left_Lateral_View.jpg,anonymous_003-007-694-00_1729315527929_Left_Lateral_View_tooth_001.jpg,0.7505,6,82,249,364,243,282
anonymous_003-007-694-00_1729315527929_Left_Lateral_View.jpg,anonymous_003-007-694-00_1729315527929_Left_Lateral_View_tooth_002.jpg,0.5898,191,349,374,534,183,185
anonymous_003-007-694-00_1729315527929_Left_Lateral_View.jpg,anonymous_003-007-694-00_1729315527929_Left_Lateral_View_tooth_003.jpg,0.7874,322,140,531,397,209,257
anonymous_003-007-694-00_1729315527929_Left_Lateral_View.jpg,anonymous_003-007-694-00_1729315527929_Left_Lateral_View_tooth_004.jpg,0.4372,442,389,613,531,171,142
anonymous_003-007-694-00_1729315527929_Left_Lateral_View.jpg,anonymous_003-007-694-00_1729315527929_Left_Lateral_View_tooth_005.jpg,0.5861,558,246,753,394,195,148
anonymous_003-007-694-00_1729315527929_Left_Lateral_View.jpg,anonymous_003-007-694-00_1729315527929_Left_Lateral_View_tooth_006.jpg,0.447,775,293,873,387,98,94
anonymous_003-007-694-00_1729315527929_Left_Lateral_View.jpg,anonymous_003-007-694-00_1729315527929_Left_Lateral_View_tooth_007.jpg,0.4755,788,366,1023,459,235,93
anonymous_003-007-694-00_1729315527929_Left_Lateral_View.jpg,anonymous_003-007-694-00_1729315527929_Left_Lateral_View_tooth_008.jpg,0.364,912,267,1074,348,162,81
anonymous_003-007-695-01_1729317296393_Left_Lateral_View.jpg,anonymous_003-007-695-01_1729317296393_Left_Lateral_View_tooth_000.jpg,0.6964,0,191,117,451,117,260
anonymous_003-007-695-01_1729317296393_Left_Lateral_View.jpg,anonymous_003-007-695-01_1729317296393_Left_Lateral_View_tooth_001.jpg,0.252,0,239,109,462,109,223
anonymous_003-007-695-01_1729317296393_Left_Lateral_View.jpg,anonymous_003-007-695-01_1729317296393_Left_Lateral_View_tooth_002.jpg,0.2515,0,187,113,391,113,204
anonymous_003-007-695-01_1729317296393_Left_Lateral_View.jpg,anonymous_003-007-695-01_1729317296393_Left_Lateral_View_tooth_003.jpg,0.4784,47,454,145,549,98,95
anonymous_003-007-695-01_1729317296393_Left_Lateral_View.jpg,anonymous_003-007-695-01_1729317296393_Left_Lateral_View_tooth_004.jpg,0.8162,137,265,280,449,143,184
anonymous_003-007-695-01_1729317296393_Left_Lateral_View.jpg,anonymous_003-007-695-01_1729317296393_Left_Lateral_View_tooth_005.jpg,0.7636,167,443,305,587,138,144
anonymous_003-007-695-01_1729317296393_Left_Lateral_View.jpg,anonymous_003-007-695-01_1729317296393_Left_Lateral_View_tooth_006.jpg,0.8446,300,219,445,433,145,214
anonymous_003-007-695-01_1729317296393_Left_Lateral_View.jpg,anonymous_003-007-695-01_1729317296393_Left_Lateral_View_tooth_007.jpg,0.7265,325,421,456,566,131,145
anonymous_003-007-695-01_1729317296393_Left_Lateral_View.jpg,anonymous_003-007-695-01_1729317296393_Left_Lateral_View_tooth_008.jpg,0.7066,459,296,566,437,107,141
anonymous_003-007-695-01_1729317296393_Left_Lateral_View.jpg,anonymous_003-007-695-01_1729317296393_Left_Lateral_View_tooth_009.jpg,0.3075,568,310,680,448,112,138
anonymous_003-007-695-01_1729317296393_Left_Lateral_View.jpg,anonymous_003-007-695-01_1729317296393_Left_Lateral_View_tooth_010.jpg,0.5291,573,303,675,420,102,117
anonymous_003-007-696-00_1729317967108_Frontal_View.jpg,anonymous_003-007-696-00_1729317967108_Frontal_View_tooth_000.jpg,0.7262,0,0,123,328,123,328
anonymous_003-007-696-00_1729317967108_Frontal_View.jpg,anonymous_003-007-696-00_1729317967108_Frontal_View_tooth_001.jpg,0.3595,256,574,427,786,171,212
anonymous_003-007-696-00_1729317967108_Frontal_View.jpg,anonymous_003-007-696-00_1729317967108_Frontal_View_tooth_002.jpg,0.5618,293,307,433,565,140,258
anonymous_003-007-696-00_1729317967108_Frontal_View.jpg,anonymous_003-007-696-00_1729317967108_Frontal_View_tooth_003.jpg,0.6432,415,551,547,796,132,245
anonymous_003-007-696-00_1729317967108_Frontal_View.jpg,anonymous_003-007-696-00_1729317967108_Frontal_View_tooth_004.jpg,0.3233,447,555,548,784,101,229
anonymous_003-007-696-00_1729317967108_Frontal_View.jpg,anonymous_003-007-696-00_1729317967108_Frontal_View_tooth_005.jpg,0.754,446,335,600,544,154,209
anonymous_003-007-696-00_1729317967108_Frontal_View.jpg,anonymous_003-007-696-00_1729317967108_Frontal_View_tooth_006.jpg,0.7458,570,550,713,778,143,228
anonymous_003-007-696-00_1729317967108_Frontal_View.jpg,anonymous_003-007-696-00_1729317967108_Frontal_View_tooth_007.jpg,0.7896,605,233,891,566,286,333
anonymous_003-007-696-00_1729317967108_Frontal_View.jpg,anonymous_003-007-696-00_1729317967108_Frontal_View_tooth_008.jpg,0.8581,716,549,881,804,165,255
anonymous_003-007-696-00_1729317967108_Frontal_View.jpg,anonymous_003-007-696-00_1729317967108_Frontal_View_tooth_009.jpg,0.88,883,533,1052,812,169,279
anonymous_003-007-696-00_1729317967108_Frontal_View.jpg,anonymous_003-007-696-00_1729317967108_Frontal_View_tooth_010.jpg,0.8788,893,213,1150,544,257,331
anonymous_003-007-696-00_1729317967108_Frontal_View.jpg,anonymous_003-007-696-00_1729317967108_Frontal_View_tooth_011.jpg,0.6701,1054,532,1190,759,136,227
anonymous_003-007-696-00_1729317967108_Frontal_View.jpg,anonymous_003-007-696-00_1729317967108_Frontal_View_tooth_012.jpg,0.6848,1164,283,1307,512,143,229
anonymous_003-007-696-00_1729317967108_Frontal_View.jpg,anonymous_003-007-696-00_1729317967108_Frontal_View_tooth_013.jpg,0.7238,1194,509,1330,771,136,262
anonymous_003-007-696-00_1729317967108_Frontal_View.jpg,anonymous_003-007-696-00_1729317967108_Frontal_View_tooth_014.jpg,0.391,1309,264,1424,495,115,231
anonymous_003-007-696-00_1729317967108_Frontal_View.jpg,anonymous_003-007-696-00_1729317967108_Frontal_View_tooth_015.jpg,0.4914,1340,503,1458,708,118,205
anonymous_003-007-696-00_1729317967108_Frontal_View.jpg,anonymous_003-007-696-00_1729317967108_Frontal_View_tooth_016.jpg,0.2609,1562,233,1771,679,209,446
anonymous_003-007-697-01_1729320929604_Left_Lateral_View.jpg,anonymous_003-007-697-01_1729320929604_Left_Lateral_View_tooth_000.jpg,0.261,0,611,46,803,46,192
anonymous_003-007-697-01_1729320929604_Left_Lateral_View.jpg,anonymous_003-007-697-01_1729320929604_Left_Lateral_View_tooth_001.jpg,0.5632,42,782,224,972,182,190
anonymous_003-007-697-01_1729320929604_Left_Lateral_View.jpg,anonymous_003-007-697-01_1729320929604_Left_Lateral_View_tooth_002.jpg,0.7572,116,581,290,801,174,220
anonymous_003-007-697-01_1729320929604_Left_Lateral_View.jpg,anonymous_003-007-697-01_1729320929604_Left_Lateral_View_tooth_003.jpg,0.5917,302,799,442,956,140,157
anonymous_003-007-697-01_1729320929604_Left_Lateral_View.jpg,anonymous_003-007-697-01_1729320929604_Left_Lateral_View_tooth_004.jpg,0.7355,331,623,488,795,157,172
anonymous_003-007-697-01_1729320929604_Left_Lateral_View.jpg,anonymous_003-007-697-01_1729320929604_Left_Lateral_View_tooth_005.jpg,0.2789,467,793,606,890,139,97
anonymous_003-007-697-01_1729320929604_Left_Lateral_View.jpg,anonymous_003-007-697-01_1729320929604_Left_Lateral_View_tooth_006.jpg,0.6092,509,619,644,773,135,154
anonymous_003-007-697-01_1729320929604_Left_Lateral_View.jpg,anonymous_003-007-697-01_1729320929604_Left_Lateral_View_tooth_007.jpg,0.5628,671,536,818,720,147,184
anonymous_003-007-697-01_1729320929604_Left_Lateral_View.jpg,anonymous_003-007-697-01_1729320929604_Left_Lateral_View_tooth_008.jpg,0.4519,837,643,1005,765,168,122
anonymous_003-007-698-00_1729321479031_Mandibular_View.jpg,anonymous_003-007-698-00_1729321479031_Mandibular_View_tooth_000.jpg,0.7672,74,137,226,290,152,153
anonymous_003-007-698-00_1729321479031_Mandibular_View.jpg,anonymous_003-007-698-00_1729321479031_Mandibular_View_tooth_001.jpg,0.2857,98,295,276,456,178,161
anonymous_003-007-698-00_1729321479031_Mandibular_View.jpg,anonymous_003-007-698-00_1729321479031_Mandibular_View_tooth_002.jpg,0.5246,174,469,290,562,116,93
anonymous_003-007-698-00_1729321479031_Mandibular_View.jpg,anonymous_003-007-698-00_1729321479031_Mandibular_View_tooth_003.jpg,0.2605,176,472,305,578,129,106
anonymous_003-007-698-00_1729321479031_Mandibular_View.jpg,anonymous_003-007-698-00_1729321479031_Mandibular_View_tooth_004.jpg,0.5986,242,561,352,689,110,128
anonymous_003-007-698-00_1729321479031_Mandibular_View.jpg,anonymous_003-007-698-00_1729321479031_Mandibular_View_tooth_005.jpg,0.4802,351,657,445,782,94,125
anonymous_003-007-698-00_1729321479031_Mandibular_View.jpg,anonymous_003-007-698-00_1729321479031_Mandibular_View_tooth_006.jpg,0.4974,479,707,573,818,94,111
anonymous_003-007-698-00_1729321479031_Mandibular_View.jpg,anonymous_003-007-698-00_1729321479031_Mandibular_View_tooth_007.jpg,0.5703,600,726,709,833,109,107
anonymous_003-007-698-00_1729321479031_Mandibular_View.jpg,anonymous_003-007-698-00_1729321479031_Mandibular_View_tooth_008.jpg,0.5329,746,711,858,828,112,117
anonymous_003-007-698-00_1729321479031_Mandibular_View.jpg,anonymous_003-007-698-00_1729321479031_Mandibular_View_tooth_009.jpg,0.3445,885,681,975,798,90,117
anonymous_003-007-698-00_1729321479031_Mandibular_View.jpg,anonymous_003-007-698-00_1729321479031_Mandibular_View_tooth_010.jpg,0.5765,1005,521,1102,611,97,90
anonymous_003-007-698-00_1729321479031_Mandibular_View.jpg,anonymous_003-007-698-00_1729321479031_Mandibular_View_tooth_011.jpg,0.424,1037,333,1209,431,172,98
anonymous_003-007-698-00_1729321479031_Mandibular_View.jpg,anonymous_003-007-698-00_1729321479031_Mandibular_View_tooth_012.jpg,0.7095,1043,437,1148,516,105,79
anonymous_003-007-698-00_1729321479031_Mandibular_View.jpg,anonymous_003-007-698-00_1729321479031_Mandibular_View_tooth_013.jpg,0.6422,1046,270,1206,427,160,157
anonymous_003-007-698-00_1729321479031_Mandibular_View.jpg,anonymous_003-007-698-00_1729321479031_Mandibular_View_tooth_014.jpg,0.3412,1069,273,1199,349,130,76
anonymous_003-007-698-00_1729321479031_Mandibular_View.jpg,anonymous_003-007-698-00_1729321479031_Mandibular_View_tooth_015.jpg,0.2781,1100,172,1234,255,134,83
anonymous_003-007-698-00_1729321479031_Mandibular_View.jpg,anonymous_003-007-698-00_1729321479031_Mandibular_View_tooth_016.jpg,0.544,1104,115,1235,261,131,146
anonymous_003-007-698-00_1729321479031_Mandibular_View.jpg,anonymous_003-007-698-00_1729321479031_Mandibular_View_tooth_017.jpg,0.4103,1111,119,1222,189,111,70
anonymous_003-007-698-00_1729321479031_Mandibular_View.jpg,anonymous_003-007-698-00_1729321479031_Mandibular_View_tooth_018.jpg,0.284,1273,614,1351,901,78,287
anonymous_003-007-699-00_1729324752845_Mandibular_View.jpg,anonymous_003-007-699-00_1729324752845_Mandibular_View_tooth_000.jpg,0.5137,60,216,235,401,175,185
anonymous_003-007-699-00_1729324752845_Mandibular_View.jpg,anonymous_003-007-699-00_1729324752845_Mandibular_View_tooth_001.jpg,0.7281,136,393,377,632,241,239
anonymous_003-007-699-00_1729324752845_Mandibular_View.jpg,anonymous_003-007-699-00_1729324752845_Mandibular_View_tooth_002.jpg,0.5841,288,606,455,717,167,111
anonymous_003-007-699-00_1729324752845_Mandibular_View.jpg,anonymous_003-007-699-00_1729324752845_Mandibular_View_tooth_003.jpg,0.4856,289,603,447,769,158,166
anonymous_003-007-699-00_1729324752845_Mandibular_View.jpg,anonymous_003-007-699-00_1729324752845_Mandibular_View_tooth_004.jpg,0.4797,385,726,518,894,133,168
anonymous_003-007-699-00_1729324752845_Mandibular_View.jpg,anonymous_003-007-699-00_1729324752845_Mandibular_View_tooth_005.jpg,0.4303,518,833,637,950,119,117
anonymous_003-007-699-00_1729324752845_Mandibular_View.jpg,anonymous_003-007-699-00_1729324752845_Mandibular_View_tooth_006.jpg,0.3689,680,898,810,973,130,75
anonymous_003-007-699-00_1729324752845_Mandibular_View.jpg,anonymous_003-007-699-00_1729324752845_Mandibular_View_tooth_007.jpg,0.4731,829,924,983,986,154,62
anonymous_003-007-699-00_1729324752845_Mandibular_View.jpg,anonymous_003-007-699-00_1729324752845_Mandibular_View_tooth_008.jpg,0.4919,989,906,1116,963,127,57
anonymous_003-007-699-00_1729324752845_Mandibular_View.jpg,anonymous_003-007-699-00_1729324752845_Mandibular_View_tooth_009.jpg,0.3354,1131,862,1252,920,121,58
anonymous_003-007-699-00_1729324752845_Mandibular_View.jpg,anonymous_003-007-699-00_1729324752845_Mandibular_View_tooth_010.jpg,0.7176,1266,327,1483,502,217,175
anonymous_003-007-699-00_1729324752845_Mandibular_View.jpg,anonymous_003-007-699-00_1729324752845_Mandibular_View_tooth_011.jpg,0.4466,1271,646,1422,749,151,103
anonymous_003-007-699-00_1729324752845_Mandibular_View.jpg,anonymous_003-007-699-00_1729324752845_Mandibular_View_tooth_012.jpg,0.5168,1273,528,1441,624,168,96
anonymous_003-007-699-00_1729324752845_Mandibular_View.jpg,anonymous_003-007-699-00_1729324752845_Mandibular_View_tooth_013.jpg,0.7643,1302,124,1505,305,203,181
anonymous_003-007-700-01_1729325366305_Left_Lateral_View.jpg,anonymous_003-007-700-01_1729325366305_Left_Lateral_View_tooth_000.jpg,0.7598,0,304,138,459,138,155
anonymous_003-007-700-01_1729325366305_Left_Lateral_View.jpg,anonymous_003-007-700-01_1729325366305_Left_Lateral_View_tooth_001.jpg,0.6806,16,458,144,603,128,145
anonymous_003-007-700-01_1729325366305_Left_Lateral_View.jpg,anonymous_003-007-700-01_1729325366305_Left_Lateral_View_tooth_002.jpg,0.7573,189,308,333,492,144,184
anonymous_003-007-700-01_1729325366305_Left_Lateral_View.jpg,anonymous_003-007-700-01_1729325366305_Left_Lateral_View_tooth_003.jpg,0.2564,331,483,410,558,79,75
anonymous_003-007-700-01_1729325366305_Left_Lateral_View.jpg,anonymous_003-007-700-01_1729325366305_Left_Lateral_View_tooth_004.jpg,0.494,339,360,439,487,100,127
anonymous_003-007-700-01_1729325366305_Left_Lateral_View.jpg,anonymous_003-007-700-01_1729325366305_Left_Lateral_View_tooth_005.jpg,0.4478,440,383,531,472,91,89
anonymous_003-007-700-01_1729325366305_Left_Lateral_View.jpg,anonymous_003-007-700-01_1729325366305_Left_Lateral_View_tooth_006.jpg,0.3513,545,372,636,454,91,82
anonymous_003-007-708-01_1729483204892_Right_Lateral_View.jpg,anonymous_003-007-708-01_1729483204892_Right_Lateral_View_tooth_000.jpg,0.7937,276,595,409,746,133,151
anonymous_003-007-708-01_1729483204892_Right_Lateral_View.jpg,anonymous_003-007-708-01_1729483204892_Right_Lateral_View_tooth_001.jpg,0.7082,279,751,453,894,174,143
anonymous_003-007-708-01_1729483204892_Right_Lateral_View.jpg,anonymous_003-007-708-01_1729483204892_Right_Lateral_View_tooth_002.jpg,0.744,408,582,522,748,114,166
anonymous_003-007-708-01_1729483204892_Right_Lateral_View.jpg,anonymous_003-007-708-01_1729483204892_Right_Lateral_View_tooth_003.jpg,0.5977,446,741,562,895,116,154
anonymous_003-007-708-01_1729483204892_Right_Lateral_View.jpg,anonymous_003-007-708-01_1729483204892_Right_Lateral_View_tooth_004.jpg,0.2689,463,745,551,881,88,136
anonymous_003-007-708-01_1729483204892_Right_Lateral_View.jpg,anonymous_003-007-708-01_1729483204892_Right_Lateral_View_tooth_005.jpg,0.7634,521,523,636,736,115,213
anonymous_003-007-708-01_1729483204892_Right_Lateral_View.jpg,anonymous_003-007-708-01_1729483204892_Right_Lateral_View_tooth_006.jpg,0.7599,547,729,686,929,139,200
anonymous_003-007-708-01_1729483204892_Right_Lateral_View.jpg,anonymous_003-007-708-01_1729483204892_Right_Lateral_View_tooth_007.jpg,0.8067,648,442,819,701,171,259
anonymous_003-007-708-01_1729483204892_Right_Lateral_View.jpg,anonymous_003-007-708-01_1729483204892_Right_Lateral_View_tooth_008.jpg,0.8312,695,716,863,927,168,211
anonymous_003-007-708-01_1729483204892_Right_Lateral_View.jpg,anonymous_003-007-708-01_1729483204892_Right_Lateral_View_tooth_009.jpg,0.7955,839,454,1018,656,179,202
anonymous_003-007-708-01_1729483204892_Right_Lateral_View.jpg,anonymous_003-007-708-01_1729483204892_Right_Lateral_View_tooth_010.jpg,0.8486,876,676,1028,910,152,234
anonymous_003-007-708-01_1729483204892_Right_Lateral_View.jpg,anonymous_003-007-708-01_1729483204892_Right_Lateral_View_tooth_011.jpg,0.7882,1038,702,1178,904,140,202
anonymous_003-007-708-01_1729483204892_Right_Lateral_View.jpg,anonymous_003-007-708-01_1729483204892_Right_Lateral_View_tooth_012.jpg,0.7655,1052,406,1178,687,126,281
anonymous_003-007-709-00_1729484054385_Right_Lateral_View.jpg,anonymous_003-007-709-00_1729484054385_Right_Lateral_View_tooth_000.jpg,0.6852,150,326,253,419,103,93
anonymous_003-007-709-00_1729484054385_Right_Lateral_View.jpg,anonymous_003-007-709-00_1729484054385_Right_Lateral_View_tooth_001.jpg,0.6212,201,425,336,524,135,99
anonymous_003-007-709-00_1729484054385_Right_Lateral_View.jpg,anonymous_003-007-709-00_1729484054385_Right_Lateral_View_tooth_002.jpg,0.6999,260,314,353,427,93,113
anonymous_003-007-709-00_1729484054385_Right_Lateral_View.jpg,anonymous_003-007-709-00_1729484054385_Right_Lateral_View_tooth_003.jpg,0.7393,355,291,453,432,98,141
anonymous_003-007-709-00_1729484054385_Right_Lateral_View.jpg,anonymous_003-007-709-00_1729484054385_Right_Lateral_View_tooth_004.jpg,0.5418,358,427,432,528,74,101
anonymous_003-007-709-00_1729484054385_Right_Lateral_View.jpg,anonymous_003-007-709-00_1729484054385_Right_Lateral_View_tooth_005.jpg,0.7032,454,422,558,561,104,139
anonymous_003-007-709-00_1729484054385_Right_Lateral_View.jpg,anonymous_003-007-709-00_1729484054385_Right_Lateral_View_tooth_006.jpg,0.7558,462,225,610,427,148,202
anonymous_003-007-709-00_1729484054385_Right_Lateral_View.jpg,anonymous_003-007-709-00_1729484054385_Right_Lateral_View_tooth_007.jpg,0.6682,578,401,708,549,130,148
anonymous_003-007-709-00_1729484054385_Right_Lateral_View.jpg,anonymous_003-007-709-00_1729484054385_Right_Lateral_View_tooth_008.jpg,0.7814,624,221,771,399,147,178
anonymous_003-007-709-00_1729484054385_Right_Lateral_View.jpg,anonymous_003-007-709-00_1729484054385_Right_Lateral_View_tooth_009.jpg,0.6119,721,392,834,530,113,138
anonymous_003-007-709-00_1729484054385_Right_Lateral_View.jpg,anonymous_003-007-709-00_1729484054385_Right_Lateral_View_tooth_010.jpg,0.8302,796,235,946,392,150,157
anonymous_003-007-709-00_1729484054385_Right_Lateral_View.jpg,anonymous_003-007-709-00_1729484054385_Right_Lateral_View_tooth_011.jpg,0.6313,854,389,946,497,92,108
anonymous_003-007-710-01_1729485813570_Frontal_View.jpg,anonymous_003-007-710-01_1729485813570_Frontal_View_tooth_000.jpg,0.3733,216,454,330,543,114,89
anonymous_003-007-710-01_1729485813570_Frontal_View.jpg,anonymous_003-007-710-01_1729485813570_Frontal_View_tooth_001.jpg,0.2507,241,250,309,406,68,156
anonymous_003-007-710-01_1729485813570_Frontal_View.jpg,anonymous_003-007-710-01_1729485813570_Frontal_View_tooth_002.jpg,0.664,314,241,424,423,110,182
anonymous_003-007-710-01_1729485813570_Frontal_View.jpg,anonymous_003-007-710-01_1729485813570_Frontal_View_tooth_003.jpg,0.3771,321,471,418,647,97,176
anonymous_003-007-710-01_1729485813570_Frontal_View.jpg,anonymous_003-007-710-01_1729485813570_Frontal_View_tooth_004.jpg,0.8109,423,458,545,698,122,240
anonymous_003-007-710-01_1729485813570_Frontal_View.jpg,anonymous_003-007-710-01_1729485813570_Frontal_View_tooth_005.jpg,0.6749,454,247,590,445,136,198
anonymous_003-007-710-01_1729485813570_Frontal_View.jpg,anonymous_003-007-710-01_1729485813570_Frontal_View_tooth_006.jpg,0.7941,564,477,693,672,129,195
anonymous_003-007-710-01_1729485813570_Frontal_View.jpg,anonymous_003-007-710-01_1729485813570_Frontal_View_tooth_007.jpg,0.8671,612,229,825,496,213,267
anonymous_003-007-710-01_1729485813570_Frontal_View.jpg,anonymous_003-007-710-01_1729485813570_Frontal_View_tooth_008.jpg,0.8608,694,481,818,676,124,195
anonymous_003-007-710-01_1729485813570_Frontal_View.jpg,anonymous_003-007-710-01_1729485813570_Frontal_View_tooth_009.jpg,0.8039,831,491,958,687,127,196
anonymous_003-007-710-01_1729485813570_Frontal_View.jpg,anonymous_003-007-710-01_1729485813570_Frontal_View_tooth_010.jpg,0.8705,837,234,1046,500,209,266
anonymous_003-007-710-01_1729485813570_Frontal_View.jpg,anonymous_003-007-710-01_1729485813570_Frontal_View_tooth_011.jpg,0.7551,964,487,1082,671,118,184
anonymous_003-007-710-01_1729485813570_Frontal_View.jpg,anonymous_003-007-710-01_1729485813570_Frontal_View_tooth_012.jpg,0.664,1060,277,1187,467,127,190
anonymous_003-007-710-01_1729485813570_Frontal_View.jpg,anonymous_003-007-710-01_1729485813570_Frontal_View_tooth_013.jpg,0.7162,1085,468,1194,688,109,220
anonymous_003-007-710-01_1729485813570_Frontal_View.jpg,anonymous_003-007-710-01_1729485813570_Frontal_View_tooth_014.jpg,0.6545,1196,267,1317,454,121,187
anonymous_003-007-710-01_1729485813570_Frontal_View.jpg,anonymous_003-007-710-01_1729485813570_Frontal_View_tooth_015.jpg,0.4486,1201,480,1286,667,85,187
anonymous_003-007-711-00_1729486430166_Right_Lateral_View.jpg,anonymous_003-007-711-00_1729486430166_Right_Lateral_View_tooth_000.jpg,0.357,1,0,265,230,264,230
anonymous_003-007-711-00_1729486430166_Right_Lateral_View.jpg,anonymous_003-007-711-00_1729486430166_Right_Lateral_View_tooth_001.jpg,0.4863,303,550,393,648,90,98
anonymous_003-007-711-00_1729486430166_Right_Lateral_View.jpg,anonymous_003-007-711-00_1729486430166_Right_Lateral_View_tooth_002.jpg,0.3827,354,680,522,756,168,76
anonymous_003-007-711-00_1729486430166_Right_Lateral_View.jpg,anonymous_003-007-711-00_1729486430166_Right_Lateral_View_tooth_003.jpg,0.7252,405,549,497,675,92,126
anonymous_003-007-711-00_1729486430166_Right_Lateral_View.jpg,anonymous_003-007-711-00_1729486430166_Right_Lateral_View_tooth_004.jpg,0.7943,506,517,633,673,127,156
anonymous_003-007-711-00_1729486430166_Right_Lateral_View.jpg,anonymous_003-007-711-00_1729486430166_Right_Lateral_View_tooth_005.jpg,0.6557,527,697,615,861,88,164
anonymous_003-007-711-00_1729486430166_Right_Lateral_View.jpg,anonymous_003-007-711-00_1729486430166_Right_Lateral_View_tooth_006.jpg,0.7237,625,663,766,818,141,155
anonymous_003-007-711-00_1729486430166_Right_Lateral_View.jpg,anonymous_003-007-711-00_1729486430166_Right_Lateral_View_tooth_007.jpg,0.7883,656,460,817,682,161,222
anonymous_003-007-711-00_1729486430166_Right_Lateral_View.jpg,anonymous_003-007-711-00_1729486430166_Right_Lateral_View_tooth_008.jpg,0.6752,806,646,970,826,164,180
anonymous_003-007-711-00_1729486430166_Right_Lateral_View.jpg,anonymous_003-007-711-00_1729486430166_Right_Lateral_View_tooth_009.jpg,0.8137,904,434,1060,668,156,234
anonymous_003-007-711-00_1729486430166_Right_Lateral_View.jpg,anonymous_003-007-711-00_1729486430166_Right_Lateral_View_tooth_010.jpg,0.5132,1016,665,1095,782,79,117
anonymous_003-007-716-01_1729494300386_Right_Lateral_View.jpg,anonymous_003-007-716-01_1729494300386_Right_Lateral_View_tooth_000.jpg,0.5216,220,625,339,709,119,84
anonymous_003-007-716-01_1729494300386_Right_Lateral_View.jpg,anonymous_003-007-716-01_1729494300386_Right_Lateral_View_tooth_001.jpg,0.5717,232,517,334,626,102,109
anonymous_003-007-716-01_1729494300386_Right_Lateral_View.jpg,anonymous_003-007-716-01_1729494300386_Right_Lateral_View_tooth_002.jpg,0.5355,344,524,489,661,145,137
anonymous_003-007-716-01_1729494300386_Right_Lateral_View.jpg,anonymous_003-007-716-01_1729494300386_Right_Lateral_View_tooth_003.jpg,0.7025,348,655,506,747,158,92
anonymous_003-007-716-01_1729494300386_Right_Lateral_View.jpg,anonymous_003-007-716-01_1729494300386_Right_Lateral_View_tooth_004.jpg,0.4219,375,534,493,652,118,118
anonymous_003-007-716-01_1729494300386_Right_Lateral_View.jpg,anonymous_003-007-716-01_1729494300386_Right_Lateral_View_tooth_005.jpg,0.6809,510,524,615,658,105,134
anonymous_003-007-716-01_1729494300386_Right_Lateral_View.jpg,anonymous_003-007-716-01_1729494300386_Right_Lateral_View_tooth_006.jpg,0.6448,520,659,627,761,107,102
anonymous_003-007-716-01_1729494300386_Right_Lateral_View.jpg,anonymous_003-007-716-01_1729494300386_Right_Lateral_View_tooth_007.jpg,0.7573,620,495,737,654,117,159
anonymous_003-007-716-01_1729494300386_Right_Lateral_View.jpg,anonymous_003-007-716-01_1729494300386_Right_Lateral_View_tooth_008.jpg,0.7261,634,653,762,803,128,150
anonymous_003-007-716-01_1729494300386_Right_Lateral_View.jpg,anonymous_003-007-716-01_1729494300386_Right_Lateral_View_tooth_009.jpg,0.7623,758,412,918,661,160,249
anonymous_003-007-716-01_1729494300386_Right_Lateral_View.jpg,anonymous_003-007-716-01_1729494300386_Right_Lateral_View_tooth_010.jpg,0.4501,761,402,905,619,144,217
anonymous_003-007-716-01_1729494300386_Right_Lateral_View.jpg,anonymous_003-007-716-01_1729494300386_Right_Lateral_View_tooth_011.jpg,0.631,784,656,936,786,152,130
anonymous_003-007-717-00_1729494912902_Right_Lateral_View.jpg,anonymous_003-007-717-00_1729494912902_Right_Lateral_View_tooth_000.jpg,0.3917,0,0,317,366,317,366
anonymous_003-007-717-00_1729494912902_Right_Lateral_View.jpg,anonymous_003-007-717-00_1729494912902_Right_Lateral_View_tooth_001.jpg,0.3835,322,675,457,808,135,133
anonymous_003-007-717-00_1729494912902_Right_Lateral_View.jpg,anonymous_003-007-717-00_1729494912902_Right_Lateral_View_tooth_002.jpg,0.5854,459,590,655,761,196,171
anonymous_003-007-717-00_1729494912902_Right_Lateral_View.jpg,anonymous_003-007-717-00_1729494912902_Right_Lateral_View_tooth_003.jpg,0.695,479,763,694,905,215,142
anonymous_003-007-717-00_1729494912902_Right_Lateral_View.jpg,anonymous_003-007-717-00_1729494912902_Right_Lateral_View_tooth_004.jpg,0.7992,683,597,825,783,142,186
anonymous_003-007-717-00_1729494912902_Right_Lateral_View.jpg,anonymous_003-007-717-00_1729494912902_Right_Lateral_View_tooth_005.jpg,0.5576,715,784,867,938,152,154
anonymous_003-007-717-00_1729494912902_Right_Lateral_View.jpg,anonymous_003-007-717-00_1729494912902_Right_Lateral_View_tooth_006.jpg,0.7918,834,575,1002,795,168,220
anonymous_003-007-717-00_1729494912902_Right_Lateral_View.jpg,anonymous_003-007-717-00_1729494912902_Right_Lateral_View_tooth_007.jpg,0.754,876,802,1050,1024,174,222
anonymous_003-007-717-00_1729494912902_Right_Lateral_View.jpg,anonymous_003-007-717-00_1729494912902_Right_Lateral_View_tooth_008.jpg,0.8261,1020,451,1259,820,239,369
anonymous_003-007-717-00_1729494912902_Right_Lateral_View.jpg,anonymous_003-007-717-00_1729494912902_Right_Lateral_View_tooth_009.jpg,0.8018,1094,826,1303,1128,209,302
anonymous_003-007-717-00_1729494912902_Right_Lateral_View.jpg,anonymous_003-007-717-00_1729494912902_Right_Lateral_View_tooth_010.jpg,0.7594,1298,511,1480,797,182,286
anonymous_003-007-717-00_1729494912902_Right_Lateral_View.jpg,anonymous_003-007-717-00_1729494912902_Right_Lateral_View_tooth_011.jpg,0.7141,1342,790,1480,1034,138,244
anonymous_003-007-718-01_1729496307960_Left_Lateral_View.jpg,anonymous_003-007-718-01_1729496307960_Left_Lateral_View_tooth_000.jpg,0.7545,0,673,100,800,100,127
anonymous_003-007-718-01_1729496307960_Left_Lateral_View.jpg,anonymous_003-007-718-01_1729496307960_Left_Lateral_View_tooth_001.jpg,0.7685,0,462,152,670,152,208
anonymous_003-007-718-01_1729496307960_Left_Lateral_View.jpg,anonymous_003-007-718-01_1729496307960_Left_Lateral_View_tooth_002.jpg,0.8549,123,642,279,840,156,198
anonymous_003-007-718-01_1729496307960_Left_Lateral_View.jpg,anonymous_003-007-718-01_1729496307960_Left_Lateral_View_tooth_003.jpg,0.7157,198,426,346,647,148,221
anonymous_003-007-718-01_1729496307960_Left_Lateral_View.jpg,anonymous_003-007-718-01_1729496307960_Left_Lateral_View_tooth_004.jpg,0.6701,307,636,461,814,154,178
anonymous_003-007-718-01_1729496307960_Left_Lateral_View.jpg,anonymous_003-007-718-01_1729496307960_Left_Lateral_View_tooth_005.jpg,0.6141,379,464,514,641,135,177
anonymous_003-007-718-01_1729496307960_Left_Lateral_View.jpg,anonymous_003-007-718-01_1729496307960_Left_Lateral_View_tooth_006.jpg,0.6001,479,641,590,748,111,107
anonymous_003-007-718-01_1729496307960_Left_Lateral_View.jpg,anonymous_003-007-718-01_1729496307960_Left_Lateral_View_tooth_007.jpg,0.6269,530,507,630,638,100,131
anonymous_003-007-718-01_1729496307960_Left_Lateral_View.jpg,anonymous_003-007-718-01_1729496307960_Left_Lateral_View_tooth_008.jpg,0.4675,609,601,748,710,139,109
anonymous_003-007-718-01_1729496307960_Left_Lateral_View.jpg,anonymous_003-007-718-01_1729496307960_Left_Lateral_View_tooth_009.jpg,0.5989,637,489,749,596,112,107
anonymous_003-007-718-01_1729496307960_Left_Lateral_View.jpg,anonymous_003-007-718-01_1729496307960_Left_Lateral_View_tooth_010.jpg,0.2854,769,464,845,558,76,94
anonymous_003-007-718-01_1729496307960_Left_Lateral_View.jpg,anonymous_003-007-718-01_1729496307960_Left_Lateral_View_tooth_011.jpg,0.4392,881,0,1014,220,133,220
anonymous_003-007-719-00_1729496830754_Right_Lateral_View.jpg,anonymous_003-007-719-00_1729496830754_Right_Lateral_View_tooth_000.jpg,0.429,257,533,348,667,91,134
anonymous_003-007-719-00_1729496830754_Right_Lateral_View.jpg,anonymous_003-007-719-00_1729496830754_Right_Lateral_View_tooth_001.jpg,0.3902,273,670,371,775,98,105
anonymous_003-007-719-00_1729496830754_Right_Lateral_View.jpg,anonymous_003-007-719-00_1729496830754_Right_Lateral_View_tooth_002.jpg,0.6328,353,530,490,682,137,152
anonymous_003-007-719-00_1729496830754_Right_Lateral_View.jpg,anonymous_003-007-719-00_1729496830754_Right_Lateral_View_tooth_003.jpg,0.676,430,679,562,805,132,126
anonymous_003-007-719-00_1729496830754_Right_Lateral_View.jpg,anonymous_003-007-719-00_1729496830754_Right_Lateral_View_tooth_004.jpg,0.5291,483,521,619,682,136,161
anonymous_003-007-719-00_1729496830754_Right_Lateral_View.jpg,anonymous_003-007-719-00_1729496830754_Right_Lateral_View_tooth_005.jpg,0.5977,578,662,701,800,123,138
anonymous_003-007-719-00_1729496830754_Right_Lateral_View.jpg,anonymous_003-007-719-00_1729496830754_Right_Lateral_View_tooth_006.jpg,0.2516,598,664,708,787,110,123
anonymous_003-007-719-00_1729496830754_Right_Lateral_View.jpg,anonymous_003-007-719-00_1729496830754_Right_Lateral_View_tooth_007.jpg,0.7018,616,479,771,661,155,182
anonymous_003-007-719-00_1729496830754_Right_Lateral_View.jpg,anonymous_003-007-719-00_1729496830754_Right_Lateral_View_tooth_008.jpg,0.8623,725,617,892,816,167,199
anonymous_003-007-719-00_1729496830754_Right_Lateral_View.jpg,anonymous_003-007-719-00_1729496830754_Right_Lateral_View_tooth_009.jpg,0.7546,794,374,981,619,187,245
anonymous_003-007-719-00_1729496830754_Right_Lateral_View.jpg,anonymous_003-007-719-00_1729496830754_Right_Lateral_View_tooth_010.jpg,0.7973,926,586,1103,800,177,214
anonymous_003-007-719-00_1729496830754_Right_Lateral_View.jpg,anonymous_003-007-719-00_1729496830754_Right_Lateral_View_tooth_011.jpg,0.7084,1014,331,1210,590,196,259
anonymous_003-007-719-00_1729496830754_Right_Lateral_View.jpg,anonymous_003-007-719-00_1729496830754_Right_Lateral_View_tooth_012.jpg,0.6687,1128,565,1282,778,154,213
anonymous_003-007-719-00_1729496830754_Right_Lateral_View.jpg,anonymous_003-007-719-00_1729496830754_Right_Lateral_View_tooth_013.jpg,0.661,1233,394,1366,572,133,178
anonymous_003-007-719-00_1729496830754_Right_Lateral_View.jpg,anonymous_003-007-719-00_1729496830754_Right_Lateral_View_tooth_014.jpg,0.4675,1302,570,1366,791,64,221
anonymous_003-007-720-01_1729497532540_Left_Lateral_View.jpg,anonymous_003-007-720-01_1729497532540_Left_Lateral_View_tooth_000.jpg,0.6902,0,448,102,579,102,131
anonymous_003-007-720-01_1729497532540_Left_Lateral_View.jpg,anonymous_003-007-720-01_1729497532540_Left_Lateral_View_tooth_001.jpg,0.3553,102,560,203,649,101,89
anonymous_003-007-720-01_1729497532540_Left_Lateral_View.jpg,anonymous_003-007-720-01_1729497532540_Left_Lateral_View_tooth_002.jpg,0.7541,204,444,309,607,105,163
anonymous_003-007-720-01_1729497532540_Left_Lateral_View.jpg,anonymous_003-007-720-01_1729497532540_Left_Lateral_View_tooth_003.jpg,0.3516,321,480,450,592,129,112
anonymous_003-007-720-01_1729497532540_Left_Lateral_View.jpg,anonymous_003-007-720-01_1729497532540_Left_Lateral_View_tooth_004.jpg,0.4693,329,468,457,580,128,112
anonymous_003-007-720-01_1729497532540_Left_Lateral_View.jpg,anonymous_003-007-720-01_1729497532540_Left_Lateral_View_tooth_005.jpg,0.5222,466,471,550,557,84,86
anonymous_003-007-720-01_1729497532540_Left_Lateral_View.jpg,anonymous_003-007-720-01_1729497532540_Left_Lateral_View_tooth_006.jpg,0.3716,567,460,666,537,99,77
anonymous_003-007-721-00_1729498293665_Left_Lateral_View.jpg,anonymous_003-007-721-00_1729498293665_Left_Lateral_View_tooth_000.jpg,0.8242,0,314,96,517,96,203
anonymous_003-007-721-00_1729498293665_Left_Lateral_View.jpg,anonymous_003-007-721-00_1729498293665_Left_Lateral_View_tooth_001.jpg,0.5887,158,353,301,475,143,122
anonymous_003-007-721-00_1729498293665_Left_Lateral_View.jpg,anonymous_003-007-721-00_1729498293665_Left_Lateral_View_tooth_002.jpg,0.6764,382,322,499,496,117,174
anonymous_003-007-721-00_1729498293665_Left_Lateral_View.jpg,anonymous_003-007-721-00_1729498293665_Left_Lateral_View_tooth_003.jpg,0.46,510,345,640,445,130,100
anonymous_003-007-721-00_1729498293665_Left_Lateral_View.jpg,anonymous_003-007-721-00_1729498293665_Left_Lateral_View_tooth_004.jpg,0.4361,654,427,818,492,164,65
anonymous_003-007-721-00_1729498293665_Left_Lateral_View.jpg,anonymous_003-007-721-00_1729498293665_Left_Lateral_View_tooth_005.jpg,0.495,661,340,741,435,80,95
anonymous_003-007-722-01_1729499124205_Left_Lateral_View.jpg,anonymous_003-007-722-01_1729499124205_Left_Lateral_View_tooth_000.jpg,0.7062,0,491,97,666,97,175
anonymous_003-007-722-01_1729499124205_Left_Lateral_View.jpg,anonymous_003-007-722-01_1729499124205_Left_Lateral_View_tooth_001.jpg,0.8448,0,236,194,482,194,246
anonymous_003-007-722-01_1729499124205_Left_Lateral_View.jpg,anonymous_003-007-722-01_1729499124205_Left_Lateral_View_tooth_002.jpg,0.7818,208,429,448,693,240,264
anonymous_003-007-722-01_1729499124205_Left_Lateral_View.jpg,anonymous_003-007-722-01_1729499124205_Left_Lateral_View_tooth_003.jpg,0.7169,221,51,482,417,261,366
anonymous_003-007-722-01_1729499124205_Left_Lateral_View.jpg,anonymous_003-007-722-01_1729499124205_Left_Lateral_View_tooth_004.jpg,0.2713,230,49,450,331,220,282
anonymous_003-007-722-01_1729499124205_Left_Lateral_View.jpg,anonymous_003-007-722-01_1729499124205_Left_Lateral_View_tooth_005.jpg,0.7471,478,414,671,593,193,179
anonymous_003-007-722-01_1729499124205_Left_Lateral_View.jpg,anonymous_003-007-722-01_1729499124205_Left_Lateral_View_tooth_006.jpg,0.7959,513,197,685,415,172,218
anonymous_003-007-722-01_1729499124205_Left_Lateral_View.jpg,anonymous_003-007-722-01_1729499124205_Left_Lateral_View_tooth_007.jpg,0.6369,682,416,846,533,164,117
anonymous_003-007-722-01_1729499124205_Left_Lateral_View.jpg,anonymous_003-007-722-01_1729499124205_Left_Lateral_View_tooth_008.jpg,0.7649,704,245,850,407,146,162
anonymous_003-007-722-01_1729499124205_Left_Lateral_View.jpg,anonymous_003-007-722-01_1729499124205_Left_Lateral_View_tooth_009.jpg,0.5251,852,388,999,501,147,113
anonymous_003-007-722-01_1729499124205_Left_Lateral_View.jpg,anonymous_003-007-722-01_1729499124205_Left_Lateral_View_tooth_010.jpg,0.7914,859,233,1022,379,163,146
anonymous_003-007-722-01_1729499124205_Left_Lateral_View.jpg,anonymous_003-007-722-01_1729499124205_Left_Lateral_View_tooth_011.jpg,0.4886,1078,230,1217,369,139,139
anonymous_003-007-734-01_1729572108876_Frontal_View.jpg,anonymous_003-007-734-01_1729572108876_Frontal_View_tooth_000.jpg,0.519,409,210,503,388,94,178
anonymous_003-007-734-01_1729572108876_Frontal_View.jpg,anonymous_003-007-734-01_1729572108876_Frontal_View_tooth_001.jpg,0.4074,412,395,514,567,102,172
anonymous_003-007-734-01_1729572108876_Frontal_View.jpg,anonymous_003-007-734-01_1729572108876_Frontal_View_tooth_002.jpg,0.6875,505,431,612,628,107,197
anonymous_003-007-734-01_1729572108876_Frontal_View.jpg,anonymous_003-007-734-01_1729572108876_Frontal_View_tooth_003.jpg,0.679,518,213,658,397,140,184
anonymous_003-007-734-01_1729572108876_Frontal_View.jpg,anonymous_003-007-734-01_1729572108876_Frontal_View_tooth_004.jpg,0.7269,630,432,768,656,138,224
anonymous_003-007-734-01_1729572108876_Frontal_View.jpg,anonymous_003-007-734-01_1729572108876_Frontal_View_tooth_005.jpg,0.8465,678,175,899,435,221,260
anonymous_003-007-734-01_1729572108876_Frontal_View.jpg,anonymous_003-007-734-01_1729572108876_Frontal_View_tooth_006.jpg,0.8693,778,431,910,650,132,219
anonymous_003-007-734-01_1729572108876_Frontal_View.jpg,anonymous_003-007-734-01_1729572108876_Frontal_View_tooth_007.jpg,0.8242,913,180,1138,446,225,266
anonymous_003-007-734-01_1729572108876_Frontal_View.jpg,anonymous_003-007-734-01_1729572108876_Frontal_View_tooth_008.jpg,0.8311,927,431,1066,656,139,225
anonymous_003-007-734-01_1729572108876_Frontal_View.jpg,anonymous_003-007-734-01_1729572108876_Frontal_View_tooth_009.jpg,0.7669,1082,423,1203,632,121,209
anonymous_003-007-734-01_1729572108876_Frontal_View.jpg,anonymous_003-007-734-01_1729572108876_Frontal_View_tooth_010.jpg,0.808,1156,223,1287,414,131,191
anonymous_003-007-734-01_1729572108876_Frontal_View.jpg,anonymous_003-007-734-01_1729572108876_Frontal_View_tooth_011.jpg,0.5677,1219,401,1328,618,109,217
anonymous_003-007-734-01_1729572108876_Frontal_View.jpg,anonymous_003-007-734-01_1729572108876_Frontal_View_tooth_012.jpg,0.3809,1220,405,1315,577,95,172
anonymous_003-007-734-01_1729572108876_Frontal_View.jpg,anonymous_003-007-734-01_1729572108876_Frontal_View_tooth_013.jpg,0.6086,1309,218,1414,394,105,176
anonymous_003-007-734-01_1729572108876_Frontal_View.jpg,anonymous_003-007-734-01_1729572108876_Frontal_View_tooth_014.jpg,0.3528,1331,392,1427,539,96,147
anonymous_003-007-735-00_1729572927660_Maxillary_Occlusal_View.jpg,anonymous_003-007-735-00_1729572927660_Maxillary_Occlusal_View_tooth_000.jpg,0.3749,0,0,334,908,334,908
anonymous_003-007-735-00_1729572927660_Maxillary_Occlusal_View.jpg,anonymous_003-007-735-00_1729572927660_Maxillary_Occlusal_View_tooth_001.jpg,0.5388,464,1623,887,1916,423,293
anonymous_003-007-735-00_1729572927660_Maxillary_Occlusal_View.jpg,anonymous_003-007-735-00_1729572927660_Maxillary_Occlusal_View_tooth_002.jpg,0.6889,492,1334,874,1571,382,237
anonymous_003-007-735-00_1729572927660_Maxillary_Occlusal_View.jpg,anonymous_003-007-735-00_1729572927660_Maxillary_Occlusal_View_tooth_003.jpg,0.5099,530,1981,913,2214,383,233
anonymous_003-007-735-00_1729572927660_Maxillary_Occlusal_View.jpg,anonymous_003-007-735-00_1729572927660_Maxillary_Occlusal_View_tooth_004.jpg,0.5843,574,941,972,1259,398,318
anonymous_003-007-735-00_1729572927660_Maxillary_Occlusal_View.jpg,anonymous_003-007-735-00_1729572927660_Maxillary_Occlusal_View_tooth_005.jpg,0.3731,714,589,1051,902,337,313
anonymous_003-007-735-00_1729572927660_Maxillary_Occlusal_View.jpg,anonymous_003-007-735-00_1729572927660_Maxillary_Occlusal_View_tooth_006.jpg,0.4859,940,268,1243,582,303,314
anonymous_003-007-735-00_1729572927660_Maxillary_Occlusal_View.jpg,anonymous_003-007-735-00_1729572927660_Maxillary_Occlusal_View_tooth_007.jpg,0.6438,1289,71,1728,416,439,345
anonymous_003-007-735-00_1729572927660_Maxillary_Occlusal_View.jpg,anonymous_003-007-735-00_1729572927660_Maxillary_Occlusal_View_tooth_008.jpg,0.644,1825,40,2276,408,451,368
anonymous_003-007-735-00_1729572927660_Maxillary_Occlusal_View.jpg,anonymous_003-007-735-00_1729572927660_Maxillary_Occlusal_View_tooth_009.jpg,0.4817,2275,218,2602,513,327,295
anonymous_003-007-735-00_1729572927660_Maxillary_Occlusal_View.jpg,anonymous_003-007-735-00_1729572927660_Maxillary_Occlusal_View_tooth_010.jpg,0.4359,2537,520,2881,768,344,248
anonymous_003-007-735-00_1729572927660_Maxillary_Occlusal_View.jpg,anonymous_003-007-735-00_1729572927660_Maxillary_Occlusal_View_tooth_011.jpg,0.4907,2648,814,2996,1128,348,314
anonymous_003-007-735-00_1729572927660_Maxillary_Occlusal_View.jpg,anonymous_003-007-735-00_1729572927660_Maxillary_Occlusal_View_tooth_012.jpg,0.4434,2709,1465,3181,1753,472,288
anonymous_003-007-735-00_1729572927660_Maxillary_Occlusal_View.jpg,anonymous_003-007-735-00_1729572927660_Maxillary_Occlusal_View_tooth_013.jpg,0.6895,2729,1187,3090,1410,361,223
anonymous_003-007-735-00_1729572927660_Maxillary_Occlusal_View.jpg,anonymous_003-007-735-00_1729572927660_Maxillary_Occlusal_View_tooth_014.jpg,0.4384,2740,1794,3117,2029,377,235
anonymous_003-007-736-01_1729574163454_Left_Lateral_View.jpg,anonymous_003-007-736-01_1729574163454_Left_Lateral_View_tooth_000.jpg,0.2621,0,1083,46,1205,46,122
anonymous_003-007-736-01_1729574163454_Left_Lateral_View.jpg,anonymous_003-007-736-01_1729574163454_Left_Lateral_View_tooth_001.jpg,0.5698,0,785,114,1074,114,289
anonymous_003-007-736-01_1729574163454_Left_Lateral_View.jpg,anonymous_003-007-736-01_1729574163454_Left_Lateral_View_tooth_002.jpg,0.5625,94,1039,253,1196,159,157
anonymous_003-007-736-01_1729574163454_Left_Lateral_View.jpg,anonymous_003-007-736-01_1729574163454_Left_Lateral_View_tooth_003.jpg,0.4067,162,877,352,1017,190,140
anonymous_003-007-736-01_1729574163454_Left_Lateral_View.jpg,anonymous_003-007-736-01_1729574163454_Left_Lateral_View_tooth_004.jpg,0.5044,163,801,358,1020,195,219
anonymous_003-007-736-01_1729574163454_Left_Lateral_View.jpg,anonymous_003-007-736-01_1729574163454_Left_Lateral_View_tooth_005.jpg,0.6518,285,1012,465,1289,180,277
anonymous_003-007-736-01_1729574163454_Left_Lateral_View.jpg,anonymous_003-007-736-01_1729574163454_Left_Lateral_View_tooth_006.jpg,0.4688,385,750,595,1058,210,308
anonymous_003-007-736-01_1729574163454_Left_Lateral_View.jpg,anonymous_003-007-736-01_1729574163454_Left_Lateral_View_tooth_007.jpg,0.3182,521,1042,698,1216,177,174
anonymous_003-007-736-01_1729574163454_Left_Lateral_View.jpg,anonymous_003-007-736-01_1729574163454_Left_Lateral_View_tooth_008.jpg,0.395,532,999,706,1209,174,210
anonymous_003-007-736-01_1729574163454_Left_Lateral_View.jpg,anonymous_003-007-736-01_1729574163454_Left_Lateral_View_tooth_009.jpg,0.6323,655,832,840,992,185,160
anonymous_003-007-736-01_1729574163454_Left_Lateral_View.jpg,anonymous_003-007-736-01_1729574163454_Left_Lateral_View_tooth_010.jpg,0.4688,778,991,890,1127,112,136
anonymous_003-007-736-01_1729574163454_Left_Lateral_View.jpg,anonymous_003-007-736-01_1729574163454_Left_Lateral_View_tooth_011.jpg,0.5778,846,816,1003,989,157,173
anonymous_003-007-736-01_1729574163454_Left_Lateral_View.jpg,anonymous_003-007-736-01_1729574163454_Left_Lateral_View_tooth_012.jpg,0.2803,915,953,1113,1064,198,111
anonymous_003-007-736-01_1729574163454_Left_Lateral_View.jpg,anonymous_003-007-736-01_1729574163454_Left_Lateral_View_tooth_013.jpg,0.4856,1021,794,1180,925,159,131
anonymous_003-007-737-00_1729575288568_Frontal_View.jpg,anonymous_003-007-737-00_1729575288568_Frontal_View_tooth_000.jpg,0.3177,217,340,321,604,104,264
anonymous_003-007-737-00_1729575288568_Frontal_View.jpg,anonymous_003-007-737-00_1729575288568_Frontal_View_tooth_001.jpg,0.6984,326,335,485,512,159,177
anonymous_003-007-737-00_1729575288568_Frontal_View.jpg,anonymous_003-007-737-00_1729575288568_Frontal_View_tooth_002.jpg,0.6457,351,519,452,720,101,201
anonymous_003-007-737-00_1729575288568_Frontal_View.jpg,anonymous_003-007-737-00_1729575288568_Frontal_View_tooth_003.jpg,0.552,469,525,626,662,157,137
anonymous_003-007-737-00_1729575288568_Frontal_View.jpg,anonymous_003-007-737-00_1729575288568_Frontal_View_tooth_004.jpg,0.6793,530,278,783,547,253,269
anonymous_003-007-737-00_1729575288568_Frontal_View.jpg,anonymous_003-007-737-00_1729575288568_Frontal_View_tooth_005.jpg,0.7456,662,535,798,740,136,205
anonymous_003-007-737-00_1729575288568_Frontal_View.jpg,anonymous_003-007-737-00_1729575288568_Frontal_View_tooth_006.jpg,0.5781,808,257,1058,553,250,296
anonymous_003-007-737-00_1729575288568_Frontal_View.jpg,anonymous_003-007-737-00_1729575288568_Frontal_View_tooth_007.jpg,0.5238,826,549,962,741,136,192
anonymous_003-007-737-00_1729575288568_Frontal_View.jpg,anonymous_003-007-737-00_1729575288568_Frontal_View_tooth_008.jpg,0.6138,1004,514,1145,714,141,200
anonymous_003-007-737-00_1729575288568_Frontal_View.jpg,anonymous_003-007-737-00_1729575288568_Frontal_View_tooth_009.jpg,0.6178,1097,341,1245,512,148,171
anonymous_003-007-737-00_1729575288568_Frontal_View.jpg,anonymous_003-007-737-00_1729575288568_Frontal_View_tooth_010.jpg,0.675,1176,513,1290,743,114,230
anonymous_003-007-737-00_1729575288568_Frontal_View.jpg,anonymous_003-007-737-00_1729575288568_Frontal_View_tooth_011.jpg,0.3166,1270,289,1395,543,125,254
anonymous_003-007-737-00_1729575288568_Frontal_View.jpg,anonymous_003-007-737-00_1729575288568_Frontal_View_tooth_012.jpg,0.3055,1308,529,1421,670,113,141
anonymous_003-007-737-00_1729575288568_Frontal_View.jpg,anonymous_003-007-737-00_1729575288568_Frontal_View_tooth_013.jpg,0.5005,1416,366,1517,515,101,149
anonymous_003-007-737-00_1729575288568_Frontal_View.jpg,anonymous_003-007-737-00_1729575288568_Frontal_View_tooth_014.jpg,0.437,1413,0,1649,186,236,186
anonymous_003-007-750-01_1729655314264_Frontal_View.jpg,anonymous_003-007-750-01_1729655314264_Frontal_View_tooth_000.jpg,0.3011,284,360,374,521,90,161
anonymous_003-007-750-01_1729655314264_Frontal_View.jpg,anonymous_003-007-750-01_1729655314264_Frontal_View_tooth_001.jpg,0.5718,405,656,488,808,83,152
anonymous_003-007-750-01_1729655314264_Frontal_View.jpg,anonymous_003-007-750-01_1729655314264_Frontal_View_tooth_002.jpg,0.2606,420,650,490,781,70,131
anonymous_003-007-750-01_1729655314264_Frontal_View.jpg,anonymous_003-007-750-01_1729655314264_Frontal_View_tooth_003.jpg,0.3932,434,430,560,616,126,186
anonymous_003-007-750-01_1729655314264_Frontal_View.jpg,anonymous_003-007-750-01_1729655314264_Frontal_View_tooth_004.jpg,0.5133,520,619,663,765,143,146
anonymous_003-007-750-01_1729655314264_Frontal_View.jpg,anonymous_003-007-750-01_1729655314264_Frontal_View_tooth_005.jpg,0.5007,598,432,733,602,135,170
anonymous_003-007-750-01_1729655314264_Frontal_View.jpg,anonymous_003-007-750-01_1729655314264_Frontal_View_tooth_006.jpg,0.5751,758,660,914,802,156,142
anonymous_003-007-750-01_1729655314264_Frontal_View.jpg,anonymous_003-007-750-01_1729655314264_Frontal_View_tooth_007.jpg,0.8574,754,321,998,570,244,249
anonymous_003-007-750-01_1729655314264_Frontal_View.jpg,anonymous_003-007-750-01_1729655314264_Frontal_View_tooth_008.jpg,0.598,927,590,1047,779,120,189
anonymous_003-007-750-01_1729655314264_Frontal_View.jpg,anonymous_003-007-750-01_1729655314264_Frontal_View_tooth_009.jpg,0.773,1020,307,1231,564,211,257
anonymous_003-007-750-01_1729655314264_Frontal_View.jpg,anonymous_003-007-750-01_1729655314264_Frontal_View_tooth_010.jpg,0.6903,1071,573,1218,782,147,209
anonymous_003-007-750-01_1729655314264_Frontal_View.jpg,anonymous_003-007-750-01_1729655314264_Frontal_View_tooth_011.jpg,0.4486,1219,575,1314,762,95,187
anonymous_003-007-750-01_1729655314264_Frontal_View.jpg,anonymous_003-007-750-01_1729655314264_Frontal_View_tooth_012.jpg,0.5932,1255,335,1349,527,94,192
anonymous_003-007-750-01_1729655314264_Frontal_View.jpg,anonymous_003-007-750-01_1729655314264_Frontal_View_tooth_013.jpg,0.4817,1373,357,1469,532,96,175
anonymous_003-007-750-01_1729655314264_Frontal_View.jpg,anonymous_003-007-750-01_1729655314264_Frontal_View_tooth_014.jpg,0.4398,1405,636,1480,773,75,137
anonymous_003-007-750-01_1729655314264_Frontal_View.jpg,anonymous_003-007-750-01_1729655314264_Frontal_View_tooth_015.jpg,0.4538,1460,400,1532,538,72,138
anonymous_003-007-752-01_1729658514991_Frontal_View.jpg,anonymous_003-007-752-01_1729658514991_Frontal_View_tooth_000.jpg,0.5578,245,162,382,432,137,270
anonymous_003-007-752-01_1729658514991_Frontal_View.jpg,anonymous_003-007-752-01_1729658514991_Frontal_View_tooth_001.jpg,0.4442,285,420,382,599,97,179
anonymous_003-007-752-01_1729658514991_Frontal_View.jpg,anonymous_003-007-752-01_1729658514991_Frontal_View_tooth_002.jpg,0.7206,388,191,569,435,181,244
anonymous_003-007-752-01_1729658514991_Frontal_View.jpg,anonymous_003-007-752-01_1729658514991_Frontal_View_tooth_003.jpg,0.5555,425,426,525,642,100,216
anonymous_003-007-752-01_1729658514991_Frontal_View.jpg,anonymous_003-007-752-01_1729658514991_Frontal_View_tooth_004.jpg,0.8059,539,408,705,682,166,274
anonymous_003-007-752-01_1729658514991_Frontal_View.jpg,anonymous_003-007-752-01_1729658514991_Frontal_View_tooth_005.jpg,0.835,574,108,845,426,271,318
anonymous_003-007-752-01_1729658514991_Frontal_View.jpg,anonymous_003-007-752-01_1729658514991_Frontal_View_tooth_006.jpg,0.7882,715,393,884,681,169,288
anonymous_003-007-752-01_1729658514991_Frontal_View.jpg,anonymous_003-007-752-01_1729658514991_Frontal_View_tooth_007.jpg,0.7928,862,105,1101,388,239,283
anonymous_003-007-752-01_1729658514991_Frontal_View.jpg,anonymous_003-007-752-01_1729658514991_Frontal_View_tooth_008.jpg,0.8042,892,359,1057,637,165,278
anonymous_003-007-752-01_1729658514991_Frontal_View.jpg,anonymous_003-007-752-01_1729658514991_Frontal_View_tooth_009.jpg,0.7576,1060,362,1222,656,162,294
anonymous_003-007-752-01_1729658514991_Frontal_View.jpg,anonymous_003-007-752-01_1729658514991_Frontal_View_tooth_010.jpg,0.2617,1113,129,1289,326,176,197
anonymous_003-007-752-01_1729658514991_Frontal_View.jpg,anonymous_003-007-752-01_1729658514991_Frontal_View_tooth_011.jpg,0.5867,1124,117,1269,306,145,189
anonymous_003-007-752-01_1729658514991_Frontal_View.jpg,anonymous_003-007-752-01_1729658514991_Frontal_View_tooth_012.jpg,0.3701,1292,355,1414,540,122,185
anonymous_003-007-752-01_1729658514991_Frontal_View.jpg,anonymous_003-007-752-01_1729658514991_Frontal_View_tooth_013.jpg,0.392,1333,189,1402,339,69,150
anonymous_003-007-752-01_1729658514991_Frontal_View.jpg,anonymous_003-007-752-01_1729658514991_Frontal_View_tooth_014.jpg,0.2883,1438,165,1494,287,56,122
anonymous_003-007-753-00_1729659446300_Right_Lateral_View.jpg,anonymous_003-007-753-00_1729659446300_Right_Lateral_View_tooth_000.jpg,0.2984,305,468,408,598,103,130
anonymous_003-007-753-00_1729659446300_Right_Lateral_View.jpg,anonymous_003-007-753-00_1729659446300_Right_Lateral_View_tooth_001.jpg,0.6194,445,455,649,640,204,185
anonymous_003-007-753-00_1729659446300_Right_Lateral_View.jpg,anonymous_003-007-753-00_1729659446300_Right_Lateral_View_tooth_002.jpg,0.6595,600,640,859,835,259,195
anonymous_003-007-753-00_1729659446300_Right_Lateral_View.jpg,anonymous_003-007-753-00_1729659446300_Right_Lateral_View_tooth_003.jpg,0.5942,664,633,859,834,195,201
anonymous_003-007-753-00_1729659446300_Right_Lateral_View.jpg,anonymous_003-007-753-00_1729659446300_Right_Lateral_View_tooth_004.jpg,0.6054,667,425,854,640,187,215
anonymous_003-007-753-00_1729659446300_Right_Lateral_View.jpg,anonymous_003-007-753-00_1729659446300_Right_Lateral_View_tooth_005.jpg,0.6906,875,635,1080,837,205,202
anonymous_003-007-753-00_1729659446300_Right_Lateral_View.jpg,anonymous_003-007-753-00_1729659446300_Right_Lateral_View_tooth_006.jpg,0.7557,877,347,1101,637,224,290
anonymous_003-007-753-00_1729659446300_Right_Lateral_View.jpg,anonymous_003-007-753-00_1729659446300_Right_Lateral_View_tooth_007.jpg,0.7361,1108,577,1397,933,289,356
anonymous_003-007-753-00_1729659446300_Right_Lateral_View.jpg,anonymous_003-007-753-00_1729659446300_Right_Lateral_View_tooth_008.jpg,0.3741,1116,574,1403,852,287,278
anonymous_003-007-753-00_1729659446300_Right_Lateral_View.jpg,anonymous_003-007-753-00_1729659446300_Right_Lateral_View_tooth_009.jpg,0.7708,1156,170,1464,575,308,405
anonymous_003-007-753-00_1729659446300_Right_Lateral_View.jpg,anonymous_003-007-753-00_1729659446300_Right_Lateral_View_tooth_010.jpg,0.7283,1446,502,1585,880,139,378
anonymous_003-007-753-00_1729659446300_Right_Lateral_View.jpg,anonymous_003-007-753-00_1729659446300_Right_Lateral_View_tooth_011.jpg,0.6194,1455,505,1585,790,130,285
anonymous_003-007-753-00_1729659446300_Right_Lateral_View.jpg,anonymous_003-007-753-00_1729659446300_Right_Lateral_View_tooth_012.jpg,0.4326,1495,191,1585,523,90,332
anonymous_003-007-756-01_1729668519608_Left_Lateral_View.jpg,anonymous_003-007-756-01_1729668519608_Left_Lateral_View_tooth_000.jpg,0.4582,0,1123,263,1398,263,275
anonymous_003-007-756-01_1729668519608_Left_Lateral_View.jpg,anonymous_003-007-756-01_1729668519608_Left_Lateral_View_tooth_001.jpg,0.8357,38,690,393,1134,355,444
anonymous_003-007-756-01_1729668519608_Left_Lateral_View.jpg,anonymous_003-007-756-01_1729668519608_Left_Lateral_View_tooth_002.jpg,0.5098,337,1114,624,1401,287,287
anonymous_003-007-756-01_1729668519608_Left_Lateral_View.jpg,anonymous_003-007-756-01_1729668519608_Left_Lateral_View_tooth_003.jpg,0.8182,508,698,850,1148,342,450
anonymous_003-007-756-01_1729668519608_Left_Lateral_View.jpg,anonymous_003-007-756-01_1729668519608_Left_Lateral_View_tooth_004.jpg,0.6107,751,1110,1051,1442,300,332
anonymous_003-007-756-01_1729668519608_Left_Lateral_View.jpg,anonymous_003-007-756-01_1729668519608_Left_Lateral_View_tooth_005.jpg,0.2825,935,863,1207,1129,272,266
anonymous_003-007-756-01_1729668519608_Left_Lateral_View.jpg,anonymous_003-007-756-01_1729668519608_Left_Lateral_View_tooth_006.jpg,0.5631,937,805,1223,1115,286,310
anonymous_003-007-756-01_1729668519608_Left_Lateral_View.jpg,anonymous_003-007-756-01_1729668519608_Left_Lateral_View_tooth_007.jpg,0.2927,1106,1096,1314,1284,208,188
anonymous_003-007-756-01_1729668519608_Left_Lateral_View.jpg,anonymous_003-007-756-01_1729668519608_Left_Lateral_View_tooth_008.jpg,0.4486,1266,846,1487,1055,221,209
anonymous_003-007-756-01_1729668519608_Left_Lateral_View.jpg,anonymous_003-007-756-01_1729668519608_Left_Lateral_View_tooth_009.jpg,0.2802,1340,1037,1656,1231,316,194
anonymous_003-007-756-01_1729668519608_Left_Lateral_View.jpg,anonymous_003-007-756-01_1729668519608_Left_Lateral_View_tooth_010.jpg,0.417,1515,806,1716,998,201,192
anonymous_003-007-757-00_1729669599847_Left_Lateral_View.jpg,anonymous_003-007-757-00_1729669599847_Left_Lateral_View_tooth_000.jpg,0.836,0,198,295,522,295,324
anonymous_003-007-757-00_1729669599847_Left_Lateral_View.jpg,anonymous_003-007-757-00_1729669599847_Left_Lateral_View_tooth_001.jpg,0.4338,251,530,415,729,164,199
anonymous_003-007-757-00_1729669599847_Left_Lateral_View.jpg,anonymous_003-007-757-00_1729669599847_Left_Lateral_View_tooth_002.jpg,0.7329,348,268,596,560,248,292
anonymous_003-007-757-00_1729669599847_Left_Lateral_View.jpg,anonymous_003-007-757-00_1729669599847_Left_Lateral_View_tooth_003.jpg,0.5442,481,559,677,754,196,195
anonymous_003-007-757-00_1729669599847_Left_Lateral_View.jpg,anonymous_003-007-757-00_1729669599847_Left_Lateral_View_tooth_004.jpg,0.8273,648,325,891,635,243,310
anonymous_003-007-757-00_1729669599847_Left_Lateral_View.jpg,anonymous_003-007-757-00_1729669599847_Left_Lateral_View_tooth_005.jpg,0.6051,746,633,960,847,214,214
anonymous_003-007-757-00_1729669599847_Left_Lateral_View.jpg,anonymous_003-007-757-00_1729669599847_Left_Lateral_View_tooth_006.jpg,0.7157,935,452,1127,672,192,220
anonymous_003-007-757-00_1729669599847_Left_Lateral_View.jpg,anonymous_003-007-757-00_1729669599847_Left_Lateral_View_tooth_007.jpg,0.3965,1002,677,1152,800,150,123
anonymous_003-007-757-00_1729669599847_Left_Lateral_View.jpg,anonymous_003-007-757-00_1729669599847_Left_Lateral_View_tooth_008.jpg,0.6475,1150,530,1303,683,153,153
anonymous_003-007-757-00_1729669599847_Left_Lateral_View.jpg,anonymous_003-007-757-00_1729669599847_Left_Lateral_View_tooth_009.jpg,0.4127,1172,696,1387,824,215,128
anonymous_003-007-757-00_1729669599847_Left_Lateral_View.jpg,anonymous_003-007-757-00_1729669599847_Left_Lateral_View_tooth_010.jpg,0.507,1327,541,1487,684,160,143
anonymous_003-007-758-01_1729672372582_Frontal_View.jpg,anonymous_003-007-758-01_1729672372582_Frontal_View_tooth_000.jpg,0.4546,402,320,533,573,131,253
anonymous_003-007-758-01_1729672372582_Frontal_View.jpg,anonymous_003-007-758-01_1729672372582_Frontal_View_tooth_001.jpg,0.3421,445,614,543,804,98,190
anonymous_003-007-758-01_1729672372582_Frontal_View.jpg,anonymous_003-007-758-01_1729672372582_Frontal_View_tooth_002.jpg,0.4849,465,629,542,785,77,156
anonymous_003-007-758-01_1729672372582_Frontal_View.jpg,anonymous_003-007-758-01_1729672372582_Frontal_View_tooth_003.jpg,0.6628,543,305,732,565,189,260
anonymous_003-007-758-01_1729672372582_Frontal_View.jpg,anonymous_003-007-758-01_1729672372582_Frontal_View_tooth_004.jpg,0.79,555,575,704,827,149,252
anonymous_003-007-758-01_1729672372582_Frontal_View.jpg,anonymous_003-007-758-01_1729672372582_Frontal_View_tooth_005.jpg,0.7621,705,569,868,842,163,273
anonymous_003-007-758-01_1729672372582_Frontal_View.jpg,anonymous_003-007-758-01_1729672372582_Frontal_View_tooth_006.jpg,0.8484,744,222,1021,603,277,381
anonymous_003-007-758-01_1729672372582_Frontal_View.jpg,anonymous_003-007-758-01_1729672372582_Frontal_View_tooth_007.jpg,0.838,889,586,1044,858,155,272
anonymous_003-007-758-01_1729672372582_Frontal_View.jpg,anonymous_003-007-758-01_1729672372582_Frontal_View_tooth_008.jpg,0.7705,1034,235,1291,593,257,358
anonymous_003-007-758-01_1729672372582_Frontal_View.jpg,anonymous_003-007-758-01_1729672372582_Frontal_View_tooth_009.jpg,0.7072,1060,581,1217,840,157,259
anonymous_003-007-758-01_1729672372582_Frontal_View.jpg,anonymous_003-007-758-01_1729672372582_Frontal_View_tooth_010.jpg,0.6238,1229,556,1358,799,129,243
anonymous_003-007-758-01_1729672372582_Frontal_View.jpg,anonymous_003-007-758-01_1729672372582_Frontal_View_tooth_011.jpg,0.6609,1306,293,1461,543,155,250
anonymous_003-007-758-01_1729672372582_Frontal_View.jpg,anonymous_003-007-758-01_1729672372582_Frontal_View_tooth_012.jpg,0.6426,1366,551,1488,788,122,237
anonymous_003-007-758-01_1729672372582_Frontal_View.jpg,anonymous_003-007-758-01_1729672372582_Frontal_View_tooth_013.jpg,0.3995,1479,302,1586,539,107,237
anonymous_003-007-758-01_1729672372582_Frontal_View.jpg,anonymous_003-007-758-01_1729672372582_Frontal_View_tooth_014.jpg,0.3012,1501,603,1580,753,79,150
anonymous_003-007-759-00_1729673074394_Frontal_View.jpg,anonymous_003-007-759-00_1729673074394_Frontal_View_tooth_000.jpg,0.6646,275,167,413,431,138,264
anonymous_003-007-759-00_1729673074394_Frontal_View.jpg,anonymous_003-007-759-00_1729673074394_Frontal_View_tooth_001.jpg,0.5327,288,480,394,651,106,171
anonymous_003-007-759-00_1729673074394_Frontal_View.jpg,anonymous_003-007-759-00_1729673074394_Frontal_View_tooth_002.jpg,0.369,303,474,400,638,97,164
anonymous_003-007-759-00_1729673074394_Frontal_View.jpg,anonymous_003-007-759-00_1729673074394_Frontal_View_tooth_003.jpg,0.8143,410,439,565,704,155,265
anonymous_003-007-759-00_1729673074394_Frontal_View.jpg,anonymous_003-007-759-00_1729673074394_Frontal_View_tooth_004.jpg,0.668,427,156,616,448,189,292
anonymous_003-007-759-00_1729673074394_Frontal_View.jpg,anonymous_003-007-759-00_1729673074394_Frontal_View_tooth_005.jpg,0.7806,568,461,743,732,175,271
anonymous_003-007-759-00_1729673074394_Frontal_View.jpg,anonymous_003-007-759-00_1729673074394_Frontal_View_tooth_006.jpg,0.8506,634,133,909,501,275,368
anonymous_003-007-759-00_1729673074394_Frontal_View.jpg,anonymous_003-007-759-00_1729673074394_Frontal_View_tooth_007.jpg,0.832,752,493,913,750,161,257
anonymous_003-007-759-00_1729673074394_Frontal_View.jpg,anonymous_003-007-759-00_1729673074394_Frontal_View_tooth_008.jpg,0.8385,917,139,1181,501,264,362
anonymous_003-007-759-00_1729673074394_Frontal_View.jpg,anonymous_003-007-759-00_1729673074394_Frontal_View_tooth_009.jpg,0.8123,928,485,1094,746,166,261
anonymous_003-007-759-00_1729673074394_Frontal_View.jpg,anonymous_003-007-759-00_1729673074394_Frontal_View_tooth_010.jpg,0.6944,1095,453,1224,708,129,255
anonymous_003-007-759-00_1729673074394_Frontal_View.jpg,anonymous_003-007-759-00_1729673074394_Frontal_View_tooth_011.jpg,0.7532,1187,172,1339,446,152,274
anonymous_003-007-759-00_1729673074394_Frontal_View.jpg,anonymous_003-007-759-00_1729673074394_Frontal_View_tooth_012.jpg,0.7781,1230,433,1337,686,107,253
anonymous_003-007-759-00_1729673074394_Frontal_View.jpg,anonymous_003-007-759-00_1729673074394_Frontal_View_tooth_013.jpg,0.4049,1347,465,1423,631,76,166
anonymous_003-007-759-00_1729673074394_Frontal_View.jpg,anonymous_003-007-759-00_1729673074394_Frontal_View_tooth_014.jpg,0.6136,1351,163,1459,430,108,267
anonymous_003-007-764-01_1729742719636_Frontal_View.jpg,anonymous_003-007-764-01_1729742719636_Frontal_View_tooth_000.jpg,0.6469,314,188,431,399,117,211
anonymous_003-007-764-01_1729742719636_Frontal_View.jpg,anonymous_003-007-764-01_1729742719636_Frontal_View_tooth_001.jpg,0.4778,323,406,401,565,78,159
anonymous_003-007-764-01_1729742719636_Frontal_View.jpg,anonymous_003-007-764-01_1729742719636_Frontal_View_tooth_002.jpg,0.5763,405,482,503,681,98,199
anonymous_003-007-764-01_1729742719636_Frontal_View.jpg,anonymous_003-007-764-01_1729742719636_Frontal_View_tooth_003.jpg,0.7779,435,272,606,485,171,213
anonymous_003-007-764-01_1729742719636_Frontal_View.jpg,anonymous_003-007-764-01_1729742719636_Frontal_View_tooth_004.jpg,0.7918,528,511,664,707,136,196
anonymous_003-007-764-01_1729742719636_Frontal_View.jpg,anonymous_003-007-764-01_1729742719636_Frontal_View_tooth_005.jpg,0.8286,614,304,847,532,233,228
anonymous_003-007-764-01_1729742719636_Frontal_View.jpg,anonymous_003-007-764-01_1729742719636_Frontal_View_tooth_006.jpg,0.6759,682,530,821,728,139,198
anonymous_003-007-764-01_1729742719636_Frontal_View.jpg,anonymous_003-007-764-01_1729742719636_Frontal_View_tooth_007.jpg,0.668,838,537,972,720,134,183
anonymous_003-007-764-01_1729742719636_Frontal_View.jpg,anonymous_003-007-764-01_1729742719636_Frontal_View_tooth_008.jpg,0.7533,882,315,1109,548,227,233
anonymous_003-007-764-01_1729742719636_Frontal_View.jpg,anonymous_003-007-764-01_1729742719636_Frontal_View_tooth_009.jpg,0.5788,989,545,1099,698,110,153
anonymous_003-007-764-01_1729742719636_Frontal_View.jpg,anonymous_003-007-764-01_1729742719636_Frontal_View_tooth_010.jpg,0.4295,1110,582,1226,746,116,164
anonymous_003-007-764-01_1729742719636_Frontal_View.jpg,anonymous_003-007-764-01_1729742719636_Frontal_View_tooth_011.jpg,0.4173,1131,369,1208,482,77,113
anonymous_003-007-764-01_1729742719636_Frontal_View.jpg,anonymous_003-007-764-01_1729742719636_Frontal_View_tooth_012.jpg,0.2741,1199,456,1295,605,96,149
anonymous_003-007-764-01_1729742719636_Frontal_View.jpg,anonymous_003-007-764-01_1729742719636_Frontal_View_tooth_013.jpg,0.6762,1268,186,1385,375,117,189
anonymous_003-007-765-00_1729743553963_Right_Lateral_View.jpg,anonymous_003-007-765-00_1729743553963_Right_Lateral_View_tooth_000.jpg,0.5516,373,608,532,737,159,129
anonymous_003-007-765-00_1729743553963_Right_Lateral_View.jpg,anonymous_003-007-765-00_1729743553963_Right_Lateral_View_tooth_001.jpg,0.6252,471,463,673,633,202,170
anonymous_003-007-765-00_1729743553963_Right_Lateral_View.jpg,anonymous_003-007-765-00_1729743553963_Right_Lateral_View_tooth_002.jpg,0.2838,535,639,783,840,248,201
anonymous_003-007-765-00_1729743553963_Right_Lateral_View.jpg,anonymous_003-007-765-00_1729743553963_Right_Lateral_View_tooth_003.jpg,0.4813,597,636,779,818,182,182
anonymous_003-007-765-00_1729743553963_Right_Lateral_View.jpg,anonymous_003-007-765-00_1729743553963_Right_Lateral_View_tooth_004.jpg,0.6983,689,468,847,637,158,169
anonymous_003-007-765-00_1729743553963_Right_Lateral_View.jpg,anonymous_003-007-765-00_1729743553963_Right_Lateral_View_tooth_005.jpg,0.6691,797,625,969,842,172,217
anonymous_003-007-765-00_1729743553963_Right_Lateral_View.jpg,anonymous_003-007-765-00_1729743553963_Right_Lateral_View_tooth_006.jpg,0.7382,870,395,1036,618,166,223
anonymous_003-007-765-00_1729743553963_Right_Lateral_View.jpg,anonymous_003-007-765-00_1729743553963_Right_Lateral_View_tooth_007.jpg,0.7973,992,600,1187,863,195,263
anonymous_003-007-765-00_1729743553963_Right_Lateral_View.jpg,anonymous_003-007-765-00_1729743553963_Right_Lateral_View_tooth_008.jpg,0.8495,1064,230,1297,539,233,309
anonymous_003-007-765-00_1729743553963_Right_Lateral_View.jpg,anonymous_003-007-765-00_1729743553963_Right_Lateral_View_tooth_009.jpg,0.4892,1245,568,1433,820,188,252
anonymous_003-007-765-00_1729743553963_Right_Lateral_View.jpg,anonymous_003-007-765-00_1729743553963_Right_Lateral_View_tooth_010.jpg,0.7419,1248,576,1433,901,185,325
anonymous_003-007-765-00_1729743553963_Right_Lateral_View.jpg,anonymous_003-007-765-00_1729743553963_Right_Lateral_View_tooth_011.jpg,0.591,1351,262,1433,588,82,326
anonymous_003-007-767-00_1729747427987_Left_Lateral_View.jpg,anonymous_003-007-767-00_1729747427987_Left_Lateral_View_tooth_000.jpg,0.2966,0,312,78,633,78,321
anonymous_003-007-767-00_1729747427987_Left_Lateral_View.jpg,anonymous_003-007-767-00_1729747427987_Left_Lateral_View_tooth_001.jpg,0.3281,0,398,75,634,75,236
anonymous_003-007-767-00_1729747427987_Left_Lateral_View.jpg,anonymous_003-007-767-00_1729747427987_Left_Lateral_View_tooth_002.jpg,0.8149,131,321,362,600,231,279
anonymous_003-007-767-00_1729747427987_Left_Lateral_View.jpg,anonymous_003-007-767-00_1729747427987_Left_Lateral_View_tooth_003.jpg,0.6484,312,482,488,782,176,300
anonymous_003-007-767-00_1729747427987_Left_Lateral_View.jpg,anonymous_003-007-767-00_1729747427987_Left_Lateral_View_tooth_004.jpg,0.7452,462,327,659,590,197,263
anonymous_003-007-767-00_1729747427987_Left_Lateral_View.jpg,anonymous_003-007-767-00_1729747427987_Left_Lateral_View_tooth_005.jpg,0.653,681,374,871,560,190,186
anonymous_003-007-767-00_1729747427987_Left_Lateral_View.jpg,anonymous_003-007-767-00_1729747427987_Left_Lateral_View_tooth_006.jpg,0.7515,891,377,1008,522,117,145
anonymous_003-007-767-00_1729747427987_Left_Lateral_View.jpg,anonymous_003-007-767-00_1729747427987_Left_Lateral_View_tooth_007.jpg,0.3761,915,384,1011,528,96,144
anonymous_003-007-767-00_1729747427987_Left_Lateral_View.jpg,anonymous_003-007-767-00_1729747427987_Left_Lateral_View_tooth_008.jpg,0.3721,911,512,1146,605,235,93
anonymous_003-007-767-00_1729747427987_Left_Lateral_View.jpg,anonymous_003-007-767-00_1729747427987_Left_Lateral_View_tooth_009.jpg,0.5174,1032,370,1204,492,172,122
anonymous_003-007-767-00_1729747427987_Left_Lateral_View.jpg,anonymous_003-007-767-00_1729747427987_Left_Lateral_View_tooth_010.jpg,0.2757,1046,382,1170,495,124,113
anonymous_003-007-768-01_1729750209134_Frontal_View.jpg,anonymous_003-007-768-01_1729750209134_Frontal_View_tooth_000.jpg,0.434,109,390,190,515,81,125
anonymous_003-007-768-01_1729750209134_Frontal_View.jpg,anonymous_003-007-768-01_1729750209134_Frontal_View_tooth_001.jpg,0.3444,189,381,261,520,72,139
anonymous_003-007-768-01_1729750209134_Frontal_View.jpg,anonymous_003-007-768-01_1729750209134_Frontal_View_tooth_002.jpg,0.3589,244,523,328,617,84,94
anonymous_003-007-768-01_1729750209134_Frontal_View.jpg,anonymous_003-007-768-01_1729750209134_Frontal_View_tooth_003.jpg,0.5619,272,342,380,515,108,173
anonymous_003-007-768-01_1729750209134_Frontal_View.jpg,anonymous_003-007-768-01_1729750209134_Frontal_View_tooth_004.jpg,0.6558,324,516,459,681,135,165
anonymous_003-007-768-01_1729750209134_Frontal_View.jpg,anonymous_003-007-768-01_1729750209134_Frontal_View_tooth_005.jpg,0.7132,398,284,542,498,144,214
anonymous_003-007-768-01_1729750209134_Frontal_View.jpg,anonymous_003-007-768-01_1729750209134_Frontal_View_tooth_006.jpg,0.6824,478,504,625,716,147,212
anonymous_003-007-768-01_1729750209134_Frontal_View.jpg,anonymous_003-007-768-01_1729750209134_Frontal_View_tooth_007.jpg,0.8065,542,222,730,432,188,210
anonymous_003-007-768-01_1729750209134_Frontal_View.jpg,anonymous_003-007-768-01_1729750209134_Frontal_View_tooth_008.jpg,0.8009,644,499,808,702,164,203
anonymous_003-007-768-01_1729750209134_Frontal_View.jpg,anonymous_003-007-768-01_1729750209134_Frontal_View_tooth_009.jpg,0.794,753,196,992,480,239,284
anonymous_003-007-768-01_1729750209134_Frontal_View.jpg,anonymous_003-007-768-01_1729750209134_Frontal_View_tooth_010.jpg,0.8003,820,495,982,728,162,233
anonymous_003-007-768-01_1729750209134_Frontal_View.jpg,anonymous_003-007-768-01_1729750209134_Frontal_View_tooth_011.jpg,0.8183,991,499,1147,720,156,221
anonymous_003-007-768-01_1729750209134_Frontal_View.jpg,anonymous_003-007-768-01_1729750209134_Frontal_View_tooth_012.jpg,0.6942,1012,218,1233,491,221,273
anonymous_003-007-768-01_1729750209134_Frontal_View.jpg,anonymous_003-007-768-01_1729750209134_Frontal_View_tooth_013.jpg,0.7057,1149,516,1279,713,130,197
anonymous_003-007-768-01_1729750209134_Frontal_View.jpg,anonymous_003-007-768-01_1729750209134_Frontal_View_tooth_014.jpg,0.6999,1246,289,1363,456,117,167
anonymous_003-007-768-01_1729750209134_Frontal_View.jpg,anonymous_003-007-768-01_1729750209134_Frontal_View_tooth_015.jpg,0.2771,1291,514,1374,673,83,159
anonymous_003-007-768-01_1729750209134_Frontal_View.jpg,anonymous_003-007-768-01_1729750209134_Frontal_View_tooth_016.jpg,0.6856,1289,511,1391,709,102,198
anonymous_003-007-768-01_1729750209134_Frontal_View.jpg,anonymous_003-007-768-01_1729750209134_Frontal_View_tooth_017.jpg,0.3508,1382,323,1445,390,63,67
anonymous_003-007-768-01_1729750209134_Frontal_View.jpg,anonymous_003-007-768-01_1729750209134_Frontal_View_tooth_018.jpg,0.2606,1509,413,1557,540,48,127
anonymous_003-007-770-01_1729752599826_Frontal_View.jpg,anonymous_003-007-770-01_1729752599826_Frontal_View_tooth_000.jpg,0.3255,250,388,378,531,128,143
anonymous_003-007-770-01_1729752599826_Frontal_View.jpg,anonymous_003-007-770-01_1729752599826_Frontal_View_tooth_001.jpg,0.416,385,472,490,568,105,96
anonymous_003-007-770-01_1729752599826_Frontal_View.jpg,anonymous_003-007-770-01_1729752599826_Frontal_View_tooth_002.jpg,0.3083,393,270,473,381,80,111
anonymous_003-007-770-01_1729752599826_Frontal_View.jpg,anonymous_003-007-770-01_1729752599826_Frontal_View_tooth_003.jpg,0.4934,494,235,614,422,120,187
anonymous_003-007-770-01_1729752599826_Frontal_View.jpg,anonymous_003-007-770-01_1729752599826_Frontal_View_tooth_004.jpg,0.6867,584,446,703,653,119,207
anonymous_003-007-770-01_1729752599826_Frontal_View.jpg,anonymous_003-007-770-01_1729752599826_Frontal_View_tooth_005.jpg,0.7635,643,198,861,449,218,251
anonymous_003-007-770-01_1729752599826_Frontal_View.jpg,anonymous_003-007-770-01_1729752599826_Frontal_View_tooth_006.jpg,0.8889,719,452,846,673,127,221
anonymous_003-007-770-01_1729752599826_Frontal_View.jpg,anonymous_003-007-770-01_1729752599826_Frontal_View_tooth_007.jpg,0.7702,866,453,1012,685,146,232
anonymous_003-007-770-01_1729752599826_Frontal_View.jpg,anonymous_003-007-770-01_1729752599826_Frontal_View_tooth_008.jpg,0.8223,890,216,1113,459,223,243
anonymous_003-007-770-01_1729752599826_Frontal_View.jpg,anonymous_003-007-770-01_1729752599826_Frontal_View_tooth_009.jpg,0.8191,1032,468,1156,657,124,189
anonymous_003-007-770-01_1729752599826_Frontal_View.jpg,anonymous_003-007-770-01_1729752599826_Frontal_View_tooth_010.jpg,0.5506,1145,260,1266,450,121,190
anonymous_003-007-770-01_1729752599826_Frontal_View.jpg,anonymous_003-007-770-01_1729752599826_Frontal_View_tooth_011.jpg,0.5583,1164,502,1246,620,82,118
anonymous_003-007-770-01_1729752599826_Frontal_View.jpg,anonymous_003-007-770-01_1729752599826_Frontal_View_tooth_012.jpg,0.3123,1250,487,1333,600,83,113
anonymous_003-007-770-01_1729752599826_Frontal_View.jpg,anonymous_003-007-770-01_1729752599826_Frontal_View_tooth_013.jpg,0.5107,1273,319,1341,429,68,110
anonymous_003-007-771-00_1729753377062_Frontal_View.jpg,anonymous_003-007-771-00_1729753377062_Frontal_View_tooth_000.jpg,0.3032,202,298,267,401,65,103
anonymous_003-007-771-00_1729753377062_Frontal_View.jpg,anonymous_003-007-771-00_1729753377062_Frontal_View_tooth_001.jpg,0.4889,280,296,358,417,78,121
anonymous_003-007-771-00_1729753377062_Frontal_View.jpg,anonymous_003-007-771-00_1729753377062_Frontal_View_tooth_002.jpg,0.4655,279,451,402,562,123,111
anonymous_003-007-771-00_1729753377062_Frontal_View.jpg,anonymous_003-007-771-00_1729753377062_Frontal_View_tooth_003.jpg,0.532,371,277,491,463,120,186
anonymous_003-007-771-00_1729753377062_Frontal_View.jpg,anonymous_003-007-771-00_1729753377062_Frontal_View_tooth_004.jpg,0.52,474,475,578,626,104,151
anonymous_003-007-771-00_1729753377062_Frontal_View.jpg,anonymous_003-007-771-00_1729753377062_Frontal_View_tooth_005.jpg,0.7395,529,234,738,510,209,276
anonymous_003-007-771-00_1729753377062_Frontal_View.jpg,anonymous_003-007-771-00_1729753377062_Frontal_View_tooth_006.jpg,0.4822,625,512,734,652,109,140
anonymous_003-007-771-00_1729753377062_Frontal_View.jpg,anonymous_003-007-771-00_1729753377062_Frontal_View_tooth_007.jpg,0.5884,762,499,875,664,113,165
anonymous_003-007-771-00_1729753377062_Frontal_View.jpg,anonymous_003-007-771-00_1729753377062_Frontal_View_tooth_008.jpg,0.8347,782,265,1005,507,223,242
anonymous_003-007-771-00_1729753377062_Frontal_View.jpg,anonymous_003-007-771-00_1729753377062_Frontal_View_tooth_009.jpg,0.3206,913,512,1024,645,111,133
anonymous_003-007-771-00_1729753377062_Frontal_View.jpg,anonymous_003-007-771-00_1729753377062_Frontal_View_tooth_010.jpg,0.6021,916,496,1044,644,128,148
anonymous_003-007-771-00_1729753377062_Frontal_View.jpg,anonymous_003-007-771-00_1729753377062_Frontal_View_tooth_011.jpg,0.5797,1043,305,1163,487,120,182
anonymous_003-007-771-00_1729753377062_Frontal_View.jpg,anonymous_003-007-771-00_1729753377062_Frontal_View_tooth_012.jpg,0.5634,1056,500,1131,610,75,110
anonymous_003-007-771-00_1729753377062_Frontal_View.jpg,anonymous_003-007-771-00_1729753377062_Frontal_View_tooth_013.jpg,0.5184,1140,474,1213,587,73,113
anonymous_003-007-771-00_1729753377062_Frontal_View.jpg,anonymous_003-007-771-00_1729753377062_Frontal_View_tooth_014.jpg,0.2578,1168,376,1228,465,60,89
anonymous_003-007-771-00_1729753377062_Frontal_View.jpg,anonymous_003-007-771-00_1729753377062_Frontal_View_tooth_015.jpg,0.4651,1176,356,1242,459,66,103
anonymous_003-007-771-00_1729753377062_Frontal_View.jpg,anonymous_003-007-771-00_1729753377062_Frontal_View_tooth_016.jpg,0.2587,1250,348,1324,444,74,96
anonymous_003-007-774-00_1729755584991_Left_Lateral_View.jpg,anonymous_003-007-774-00_1729755584991_Left_Lateral_View_tooth_000.jpg,0.6389,0,229,86,511,86,282
anonymous_003-007-774-00_1729755584991_Left_Lateral_View.jpg,anonymous_003-007-774-00_1729755584991_Left_Lateral_View_tooth_001.jpg,0.3279,53,453,183,592,130,139
anonymous_003-007-774-00_1729755584991_Left_Lateral_View.jpg,anonymous_003-007-774-00_1729755584991_Left_Lateral_View_tooth_002.jpg,0.6784,121,263,269,446,148,183
anonymous_003-007-774-00_1729755584991_Left_Lateral_View.jpg,anonymous_003-007-774-00_1729755584991_Left_Lateral_View_tooth_003.jpg,0.7867,210,443,389,697,179,254
anonymous_003-007-774-00_1729755584991_Left_Lateral_View.jpg,anonymous_003-007-774-00_1729755584991_Left_Lateral_View_tooth_004.jpg,0.8133,337,270,532,516,195,246
anonymous_003-007-774-00_1729755584991_Left_Lateral_View.jpg,anonymous_003-007-774-00_1729755584991_Left_Lateral_View_tooth_005.jpg,0.6121,444,511,598,694,154,183
anonymous_003-007-774-00_1729755584991_Left_Lateral_View.jpg,anonymous_003-007-774-00_1729755584991_Left_Lateral_View_tooth_006.jpg,0.6797,529,362,697,528,168,166
anonymous_003-007-774-00_1729755584991_Left_Lateral_View.jpg,anonymous_003-007-774-00_1729755584991_Left_Lateral_View_tooth_007.jpg,0.2802,617,564,780,740,163,176
anonymous_003-007-774-00_1729755584991_Left_Lateral_View.jpg,anonymous_003-007-774-00_1729755584991_Left_Lateral_View_tooth_008.jpg,0.487,695,393,841,573,146,180
anonymous_003-007-774-00_1729755584991_Left_Lateral_View.jpg,anonymous_003-007-774-00_1729755584991_Left_Lateral_View_tooth_009.jpg,0.5846,862,390,993,549,131,159
anonymous_003-007-774-00_1729755584991_Left_Lateral_View.jpg,anonymous_003-007-774-00_1729755584991_Left_Lateral_View_tooth_010.jpg,0.3036,1138,972,1316,1269,178,297
anonymous_003-007-774-00_1729755584991_Left_Lateral_View.jpg,anonymous_003-007-774-00_1729755584991_Left_Lateral_View_tooth_011.jpg,0.358,1243,408,1316,765,73,357
anonymous_003-007-775-01_1729757599473_Frontal_View.jpg,anonymous_003-007-775-01_1729757599473_Frontal_View_tooth_000.jpg,0.4104,360,540,438,720,78,180
anonymous_003-007-775-01_1729757599473_Frontal_View.jpg,anonymous_003-007-775-01_1729757599473_Frontal_View_tooth_001.jpg,0.6843,405,326,541,546,136,220
anonymous_003-007-775-01_1729757599473_Frontal_View.jpg,anonymous_003-007-775-01_1729757599473_Frontal_View_tooth_002.jpg,0.804,452,545,573,778,121,233
anonymous_003-007-775-01_1729757599473_Frontal_View.jpg,anonymous_003-007-775-01_1729757599473_Frontal_View_tooth_003.jpg,0.3455,457,554,565,715,108,161
anonymous_003-007-775-01_1729757599473_Frontal_View.jpg,anonymous_003-007-775-01_1729757599473_Frontal_View_tooth_004.jpg,0.7732,570,362,729,543,159,181
anonymous_003-007-775-01_1729757599473_Frontal_View.jpg,anonymous_003-007-775-01_1729757599473_Frontal_View_tooth_005.jpg,0.7768,584,553,715,745,131,192
anonymous_003-007-775-01_1729757599473_Frontal_View.jpg,anonymous_003-007-775-01_1729757599473_Frontal_View_tooth_006.jpg,0.6463,736,569,863,750,127,181
anonymous_003-007-775-01_1729757599473_Frontal_View.jpg,anonymous_003-007-775-01_1729757599473_Frontal_View_tooth_007.jpg,0.7543,754,325,981,565,227,240
anonymous_003-007-775-01_1729757599473_Frontal_View.jpg,anonymous_003-007-775-01_1729757599473_Frontal_View_tooth_008.jpg,0.7791,881,557,1012,750,131,193
anonymous_003-007-775-01_1729757599473_Frontal_View.jpg,anonymous_003-007-775-01_1729757599473_Frontal_View_tooth_009.jpg,0.8243,995,323,1199,557,204,234
anonymous_003-007-775-01_1729757599473_Frontal_View.jpg,anonymous_003-007-775-01_1729757599473_Frontal_View_tooth_010.jpg,0.7234,1026,548,1147,721,121,173
anonymous_003-007-775-01_1729757599473_Frontal_View.jpg,anonymous_003-007-775-01_1729757599473_Frontal_View_tooth_011.jpg,0.5612,1170,508,1283,705,113,197
anonymous_003-007-775-01_1729757599473_Frontal_View.jpg,anonymous_003-007-775-01_1729757599473_Frontal_View_tooth_012.jpg,0.5941,1223,322,1340,502,117,180
anonymous_003-007-775-01_1729757599473_Frontal_View.jpg,anonymous_003-007-775-01_1729757599473_Frontal_View_tooth_013.jpg,0.4071,1298,497,1375,649,77,152
anonymous_003-007-775-01_1729757599473_Frontal_View.jpg,anonymous_003-007-775-01_1729757599473_Frontal_View_tooth_014.jpg,0.6913,1369,310,1459,498,90,188
anonymous_003-007-776-00_1729758162119_Frontal_View.jpg,anonymous_003-007-776-00_1729758162119_Frontal_View_tooth_000.jpg,0.2897,0,0,91,223,91,223
anonymous_003-007-776-00_1729758162119_Frontal_View.jpg,anonymous_003-007-776-00_1729758162119_Frontal_View_tooth_001.jpg,0.2795,235,365,349,552,114,187
anonymous_003-007-776-00_1729758162119_Frontal_View.jpg,anonymous_003-007-776-00_1729758162119_Frontal_View_tooth_002.jpg,0.4448,248,379,342,537,94,158
anonymous_003-007-776-00_1729758162119_Frontal_View.jpg,anonymous_003-007-776-00_1729758162119_Frontal_View_tooth_003.jpg,0.7119,307,129,463,386,156,257
anonymous_003-007-776-00_1729758162119_Frontal_View.jpg,anonymous_003-007-776-00_1729758162119_Frontal_View_tooth_004.jpg,0.7645,360,394,505,622,145,228
anonymous_003-007-776-00_1729758162119_Frontal_View.jpg,anonymous_003-007-776-00_1729758162119_Frontal_View_tooth_005.jpg,0.2805,374,397,492,558,118,161
anonymous_003-007-776-00_1729758162119_Frontal_View.jpg,anonymous_003-007-776-00_1729758162119_Frontal_View_tooth_006.jpg,0.6892,504,188,691,394,187,206
anonymous_003-007-776-00_1729758162119_Frontal_View.jpg,anonymous_003-007-776-00_1729758162119_Frontal_View_tooth_007.jpg,0.7868,511,412,667,609,156,197
anonymous_003-007-776-00_1729758162119_Frontal_View.jpg,anonymous_003-007-776-00_1729758162119_Frontal_View_tooth_008.jpg,0.7605,684,431,829,641,145,210
anonymous_003-007-776-00_1729758162119_Frontal_View.jpg,anonymous_003-007-776-00_1729758162119_Frontal_View_tooth_009.jpg,0.7715,710,159,959,439,249,280
anonymous_003-007-776-00_1729758162119_Frontal_View.jpg,anonymous_003-007-776-00_1729758162119_Frontal_View_tooth_010.jpg,0.7384,843,437,980,629,137,192
anonymous_003-007-776-00_1729758162119_Frontal_View.jpg,anonymous_003-007-776-00_1729758162119_Frontal_View_tooth_011.jpg,0.7941,971,185,1185,438,214,253
anonymous_003-007-776-00_1729758162119_Frontal_View.jpg,anonymous_003-007-776-00_1729758162119_Frontal_View_tooth_012.jpg,0.5876,1005,432,1124,603,119,171
anonymous_003-007-776-00_1729758162119_Frontal_View.jpg,anonymous_003-007-776-00_1729758162119_Frontal_View_tooth_013.jpg,0.6917,1147,392,1255,607,108,215
anonymous_003-007-776-00_1729758162119_Frontal_View.jpg,anonymous_003-007-776-00_1729758162119_Frontal_View_tooth_014.jpg,0.6286,1208,198,1325,387,117,189
anonymous_003-007-776-00_1729758162119_Frontal_View.jpg,anonymous_003-007-776-00_1729758162119_Frontal_View_tooth_015.jpg,0.5423,1273,386,1338,532,65,146
anonymous_003-007-776-00_1729758162119_Frontal_View.jpg,anonymous_003-007-776-00_1729758162119_Frontal_View_tooth_016.jpg,0.4482,1348,194,1432,373,84,179
anonymous_003-007-781-01_1729830237968_Frontal_View.jpg,anonymous_003-007-781-01_1729830237968_Frontal_View_tooth_000.jpg,0.2992,413,598,511,734,98,136
anonymous_003-007-781-01_1729830237968_Frontal_View.jpg,anonymous_003-007-781-01_1729830237968_Frontal_View_tooth_001.jpg,0.8042,461,336,602,582,141,246
anonymous_003-007-781-01_1729830237968_Frontal_View.jpg,anonymous_003-007-781-01_1729830237968_Frontal_View_tooth_002.jpg,0.5437,547,597,682,814,135,217
anonymous_003-007-781-01_1729830237968_Frontal_View.jpg,anonymous_003-007-781-01_1729830237968_Frontal_View_tooth_003.jpg,0.6615,625,341,802,583,177,242
anonymous_003-007-781-01_1729830237968_Frontal_View.jpg,anonymous_003-007-781-01_1729830237968_Frontal_View_tooth_004.jpg,0.68,706,595,849,845,143,250
anonymous_003-007-781-01_1729830237968_Frontal_View.jpg,anonymous_003-007-781-01_1729830237968_Frontal_View_tooth_005.jpg,0.7922,822,310,1082,618,260,308
anonymous_003-007-781-01_1729830237968_Frontal_View.jpg,anonymous_003-007-781-01_1729830237968_Frontal_View_tooth_006.jpg,0.7656,866,611,1010,833,144,222
anonymous_003-007-781-01_1729830237968_Frontal_View.jpg,anonymous_003-007-781-01_1729830237968_Frontal_View_tooth_007.jpg,0.8245,1035,604,1182,822,147,218
anonymous_003-007-781-01_1729830237968_Frontal_View.jpg,anonymous_003-007-781-01_1729830237968_Frontal_View_tooth_008.jpg,0.823,1124,313,1398,609,274,296
anonymous_003-007-781-01_1729830237968_Frontal_View.jpg,anonymous_003-007-781-01_1729830237968_Frontal_View_tooth_009.jpg,0.7756,1206,608,1349,839,143,231
anonymous_003-007-781-01_1729830237968_Frontal_View.jpg,anonymous_003-007-781-01_1729830237968_Frontal_View_tooth_010.jpg,0.6997,1371,593,1497,833,126,240
anonymous_003-007-781-01_1729830237968_Frontal_View.jpg,anonymous_003-007-781-01_1729830237968_Frontal_View_tooth_011.jpg,0.6457,1423,372,1582,581,159,209
anonymous_003-007-781-01_1729830237968_Frontal_View.jpg,anonymous_003-007-781-01_1729830237968_Frontal_View_tooth_012.jpg,0.6744,1514,589,1633,854,119,265
anonymous_003-007-781-01_1729830237968_Frontal_View.jpg,anonymous_003-007-781-01_1729830237968_Frontal_View_tooth_013.jpg,0.7185,1607,371,1753,590,146,219
anonymous_003-007-781-01_1729830237968_Frontal_View.jpg,anonymous_003-007-781-01_1729830237968_Frontal_View_tooth_014.jpg,0.296,1645,635,1743,801,98,166
anonymous_003-007-781-01_1729830237968_Frontal_View.jpg,anonymous_003-007-781-01_1729830237968_Frontal_View_tooth_015.jpg,0.3695,1779,427,1852,545,73,118
anonymous_003-007-783-01_1729832403414_Left_Lateral_View.jpg,anonymous_003-007-783-01_1729832403414_Left_Lateral_View_tooth_000.jpg,0.7512,0,562,207,831,207,269
anonymous_003-007-783-01_1729832403414_Left_Lateral_View.jpg,anonymous_003-007-783-01_1729832403414_Left_Lateral_View_tooth_001.jpg,0.4832,142,809,324,1071,182,262
anonymous_003-007-783-01_1729832403414_Left_Lateral_View.jpg,anonymous_003-007-783-01_1729832403414_Left_Lateral_View_tooth_002.jpg,0.8174,264,553,482,842,218,289
anonymous_003-007-783-01_1729832403414_Left_Lateral_View.jpg,anonymous_003-007-783-01_1729832403414_Left_Lateral_View_tooth_003.jpg,0.5457,339,839,552,1019,213,180
anonymous_003-007-783-01_1729832403414_Left_Lateral_View.jpg,anonymous_003-007-783-01_1729832403414_Left_Lateral_View_tooth_004.jpg,0.6022,528,681,677,850,149,169
anonymous_003-007-783-01_1729832403414_Left_Lateral_View.jpg,anonymous_003-007-783-01_1729832403414_Left_Lateral_View_tooth_005.jpg,0.311,562,851,718,957,156,106
anonymous_003-007-783-01_1729832403414_Left_Lateral_View.jpg,anonymous_003-007-783-01_1729832403414_Left_Lateral_View_tooth_006.jpg,0.5602,690,689,826,826,136,137
anonymous_003-007-783-01_1729832403414_Left_Lateral_View.jpg,anonymous_003-007-783-01_1729832403414_Left_Lateral_View_tooth_007.jpg,0.537,837,665,975,798,138,133
anonymous_003-007-784-00_1729833168029_Left_Lateral_View.jpg,anonymous_003-007-784-00_1729833168029_Left_Lateral_View_tooth_000.jpg,0.6197,0,587,129,850,129,263
anonymous_003-007-784-00_1729833168029_Left_Lateral_View.jpg,anonymous_003-007-784-00_1729833168029_Left_Lateral_View_tooth_001.jpg,0.8078,52,336,270,605,218,269
anonymous_003-007-784-00_1729833168029_Left_Lateral_View.jpg,anonymous_003-007-784-00_1729833168029_Left_Lateral_View_tooth_002.jpg,0.5771,178,597,378,859,200,262
anonymous_003-007-784-00_1729833168029_Left_Lateral_View.jpg,anonymous_003-007-784-00_1729833168029_Left_Lateral_View_tooth_003.jpg,0.8242,324,328,547,609,223,281
anonymous_003-007-784-00_1729833168029_Left_Lateral_View.jpg,anonymous_003-007-784-00_1729833168029_Left_Lateral_View_tooth_004.jpg,0.5012,394,623,600,791,206,168
anonymous_003-007-784-00_1729833168029_Left_Lateral_View.jpg,anonymous_003-007-784-00_1729833168029_Left_Lateral_View_tooth_005.jpg,0.5928,594,448,741,626,147,178
anonymous_003-007-784-00_1729833168029_Left_Lateral_View.jpg,anonymous_003-007-784-00_1729833168029_Left_Lateral_View_tooth_006.jpg,0.4428,626,631,774,738,148,107
anonymous_003-007-784-00_1729833168029_Left_Lateral_View.jpg,anonymous_003-007-784-00_1729833168029_Left_Lateral_View_tooth_007.jpg,0.4586,751,462,888,616,137,154
anonymous_003-007-784-00_1729833168029_Left_Lateral_View.jpg,anonymous_003-007-784-00_1729833168029_Left_Lateral_View_tooth_008.jpg,0.4881,899,445,1036,577,137,132
anonymous_003-007-788-00_1729839721436_Left_Lateral_View.jpg,anonymous_003-007-788-00_1729839721436_Left_Lateral_View_tooth_000.jpg,0.4135,0,629,100,778,100,149
anonymous_003-007-788-00_1729839721436_Left_Lateral_View.jpg,anonymous_003-007-788-00_1729839721436_Left_Lateral_View_tooth_001.jpg,0.8269,0,352,212,616,212,264
anonymous_003-007-788-00_1729839721436_Left_Lateral_View.jpg,anonymous_003-007-788-00_1729839721436_Left_Lateral_View_tooth_002.jpg,0.7195,136,598,363,826,227,228
anonymous_003-007-788-00_1729839721436_Left_Lateral_View.jpg,anonymous_003-007-788-00_1729839721436_Left_Lateral_View_tooth_003.jpg,0.828,256,311,497,611,241,300
anonymous_003-007-788-00_1729839721436_Left_Lateral_View.jpg,anonymous_003-007-788-00_1729839721436_Left_Lateral_View_tooth_004.jpg,0.3468,332,940,557,1177,225,237
anonymous_003-007-788-00_1729839721436_Left_Lateral_View.jpg,anonymous_003-007-788-00_1729839721436_Left_Lateral_View_tooth_005.jpg,0.6383,425,583,623,789,198,206
anonymous_003-007-788-00_1729839721436_Left_Lateral_View.jpg,anonymous_003-007-788-00_1729839721436_Left_Lateral_View_tooth_006.jpg,0.7536,544,374,721,584,177,210
anonymous_003-007-788-00_1729839721436_Left_Lateral_View.jpg,anonymous_003-007-788-00_1729839721436_Left_Lateral_View_tooth_007.jpg,0.2747,591,1001,852,1290,261,289
anonymous_003-007-788-00_1729839721436_Left_Lateral_View.jpg,anonymous_003-007-788-00_1729839721436_Left_Lateral_View_tooth_008.jpg,0.6265,601,992,893,1329,292,337
anonymous_003-007-788-00_1729839721436_Left_Lateral_View.jpg,anonymous_003-007-788-00_1729839721436_Left_Lateral_View_tooth_009.jpg,0.4903,667,560,841,714,174,154
anonymous_003-007-788-00_1729839721436_Left_Lateral_View.jpg,anonymous_003-007-788-00_1729839721436_Left_Lateral_View_tooth_010.jpg,0.6657,770,386,938,550,168,164
anonymous_003-007-788-00_1729839721436_Left_Lateral_View.jpg,anonymous_003-007-788-00_1729839721436_Left_Lateral_View_tooth_011.jpg,0.2681,894,526,1137,649,243,123
anonymous_003-007-788-00_1729839721436_Left_Lateral_View.jpg,anonymous_003-007-788-00_1729839721436_Left_Lateral_View_tooth_012.jpg,0.6395,968,383,1182,507,214,124
anonymous_003-007-788-00_1729839721436_Left_Lateral_View.jpg,anonymous_003-007-788-00_1729839721436_Left_Lateral_View_tooth_013.jpg,0.2804,1254,405,1329,789,75,384
anonymous_003-007-806-00_1729919233160_Left_Lateral_View.jpg,anonymous_003-007-806-00_1729919233160_Left_Lateral_View_tooth_000.jpg,0.7611,0,99,105,353,105,254
anonymous_003-007-806-00_1729919233160_Left_Lateral_View.jpg,anonymous_003-007-806-00_1729919233160_Left_Lateral_View_tooth_001.jpg,0.784,76,342,276,597,200,255
anonymous_003-007-806-00_1729919233160_Left_Lateral_View.jpg,anonymous_003-007-806-00_1729919233160_Left_Lateral_View_tooth_002.jpg,0.8189,147,85,377,360,230,275
anonymous_003-007-806-00_1729919233160_Left_Lateral_View.jpg,anonymous_003-007-806-00_1729919233160_Left_Lateral_View_tooth_003.jpg,0.7824,307,354,532,637,225,283
anonymous_003-007-806-00_1729919233160_Left_Lateral_View.jpg,anonymous_003-007-806-00_1729919233160_Left_Lateral_View_tooth_004.jpg,0.8137,441,68,674,410,233,342
anonymous_003-007-806-00_1729919233160_Left_Lateral_View.jpg,anonymous_003-007-806-00_1729919233160_Left_Lateral_View_tooth_005.jpg,0.7259,567,402,774,621,207,219
anonymous_003-007-806-00_1729919233160_Left_Lateral_View.jpg,anonymous_003-007-806-00_1729919233160_Left_Lateral_View_tooth_006.jpg,0.7809,705,203,911,433,206,230
anonymous_003-007-806-00_1729919233160_Left_Lateral_View.jpg,anonymous_003-007-806-00_1729919233160_Left_Lateral_View_tooth_007.jpg,0.6981,803,429,974,603,171,174
anonymous_003-007-806-00_1729919233160_Left_Lateral_View.jpg,anonymous_003-007-806-00_1729919233160_Left_Lateral_View_tooth_008.jpg,0.5958,924,258,1077,432,153,174
anonymous_003-007-806-00_1729919233160_Left_Lateral_View.jpg,anonymous_003-007-806-00_1729919233160_Left_Lateral_View_tooth_009.jpg,0.5174,993,440,1195,579,202,139
anonymous_003-007-806-00_1729919233160_Left_Lateral_View.jpg,anonymous_003-007-806-00_1729919233160_Left_Lateral_View_tooth_010.jpg,0.5761,1090,263,1257,428,167,165
anonymous_003-007-806-00_1729919233160_Left_Lateral_View.jpg,anonymous_003-007-806-00_1729919233160_Left_Lateral_View_tooth_011.jpg,0.3022,1275,241,1382,373,107,132
anonymous_003-007-806-00_1729919233160_Left_Lateral_View.jpg,anonymous_003-007-806-00_1729919233160_Left_Lateral_View_tooth_012.jpg,0.2689,1414,0,1520,311,106,311
anonymous_003-007-806-00_1729919233160_Left_Lateral_View.jpg,anonymous_003-007-806-00_1729919233160_Left_Lateral_View_tooth_013.jpg,0.3142,1419,0,1520,238,101,238
anonymous_003-007-835-00_1730098029605_Frontal_View.jpg,anonymous_003-007-835-00_1730098029605_Frontal_View_tooth_000.jpg,0.6921,330,212,563,431,233,219
anonymous_003-007-835-00_1730098029605_Frontal_View.jpg,anonymous_003-007-835-00_1730098029605_Frontal_View_tooth_001.jpg,0.4871,350,447,455,578,105,131
anonymous_003-007-835-00_1730098029605_Frontal_View.jpg,anonymous_003-007-835-00_1730098029605_Frontal_View_tooth_002.jpg,0.7254,488,456,633,664,145,208
anonymous_003-007-835-00_1730098029605_Frontal_View.jpg,anonymous_003-007-835-00_1730098029605_Frontal_View_tooth_003.jpg,0.8524,598,212,809,440,211,228
anonymous_003-007-835-00_1730098029605_Frontal_View.jpg,anonymous_003-007-835-00_1730098029605_Frontal_View_tooth_004.jpg,0.8375,675,482,818,686,143,204
anonymous_003-007-835-00_1730098029605_Frontal_View.jpg,anonymous_003-007-835-00_1730098029605_Frontal_View_tooth_005.jpg,0.7975,853,494,994,702,141,208
anonymous_003-007-835-00_1730098029605_Frontal_View.jpg,anonymous_003-007-835-00_1730098029605_Frontal_View_tooth_006.jpg,0.8122,888,222,1106,441,218,219
anonymous_003-007-835-00_1730098029605_Frontal_View.jpg,anonymous_003-007-835-00_1730098029605_Frontal_View_tooth_007.jpg,0.8102,1036,489,1183,669,147,180
anonymous_003-007-835-00_1730098029605_Frontal_View.jpg,anonymous_003-007-835-00_1730098029605_Frontal_View_tooth_008.jpg,0.7337,1176,298,1308,473,132,175
anonymous_003-007-835-00_1730098029605_Frontal_View.jpg,anonymous_003-007-835-00_1730098029605_Frontal_View_tooth_009.jpg,0.7014,1207,478,1316,601,109,123
anonymous_003-007-835-00_1730098029605_Frontal_View.jpg,anonymous_003-007-835-00_1730098029605_Frontal_View_tooth_010.jpg,0.4687,1328,367,1416,490,88,123
anonymous_003-007-836-01_1730100372461_Right_Lateral_View.jpg,anonymous_003-007-836-01_1730100372461_Right_Lateral_View_tooth_000.jpg,0.5299,242,693,426,862,184,169
anonymous_003-007-836-01_1730100372461_Right_Lateral_View.jpg,anonymous_003-007-836-01_1730100372461_Right_Lateral_View_tooth_001.jpg,0.5084,269,891,489,996,220,105
anonymous_003-007-836-01_1730100372461_Right_Lateral_View.jpg,anonymous_003-007-836-01_1730100372461_Right_Lateral_View_tooth_002.jpg,0.6778,479,749,707,921,228,172
anonymous_003-007-836-01_1730100372461_Right_Lateral_View.jpg,anonymous_003-007-836-01_1730100372461_Right_Lateral_View_tooth_003.jpg,0.4964,529,929,770,1042,241,113
anonymous_003-007-836-01_1730100372461_Right_Lateral_View.jpg,anonymous_003-007-836-01_1730100372461_Right_Lateral_View_tooth_004.jpg,0.5159,731,773,912,923,181,150
anonymous_003-007-836-01_1730100372461_Right_Lateral_View.jpg,anonymous_003-007-836-01_1730100372461_Right_Lateral_View_tooth_005.jpg,0.6008,837,944,1062,1077,225,133
anonymous_003-007-836-01_1730100372461_Right_Lateral_View.jpg,anonymous_003-007-836-01_1730100372461_Right_Lateral_View_tooth_006.jpg,0.7604,965,747,1168,933,203,186
anonymous_003-007-836-01_1730100372461_Right_Lateral_View.jpg,anonymous_003-007-836-01_1730100372461_Right_Lateral_View_tooth_007.jpg,0.6043,1107,933,1293,1125,186,192
anonymous_003-007-836-01_1730100372461_Right_Lateral_View.jpg,anonymous_003-007-836-01_1730100372461_Right_Lateral_View_tooth_008.jpg,0.7397,1210,689,1466,951,256,262
anonymous_003-007-836-01_1730100372461_Right_Lateral_View.jpg,anonymous_003-007-836-01_1730100372461_Right_Lateral_View_tooth_009.jpg,0.4729,1328,966,1535,1146,207,180
anonymous_003-007-836-01_1730100372461_Right_Lateral_View.jpg,anonymous_003-007-836-01_1730100372461_Right_Lateral_View_tooth_010.jpg,0.2943,1490,716,1541,991,51,275
anonymous_003-007-837-00_1730101031010_Right_Lateral_View.jpg,anonymous_003-007-837-00_1730101031010_Right_Lateral_View_tooth_000.jpg,0.5607,177,460,385,608,208,148
anonymous_003-007-837-00_1730101031010_Right_Lateral_View.jpg,anonymous_003-007-837-00_1730101031010_Right_Lateral_View_tooth_001.jpg,0.594,280,628,483,767,203,139
anonymous_003-007-837-00_1730101031010_Right_Lateral_View.jpg,anonymous_003-007-837-00_1730101031010_Right_Lateral_View_tooth_002.jpg,0.8257,422,442,665,641,243,199
anonymous_003-007-837-00_1730101031010_Right_Lateral_View.jpg,anonymous_003-007-837-00_1730101031010_Right_Lateral_View_tooth_003.jpg,0.2584,546,603,806,768,260,165
anonymous_003-007-837-00_1730101031010_Right_Lateral_View.jpg,anonymous_003-007-837-00_1730101031010_Right_Lateral_View_tooth_004.jpg,0.3899,678,597,799,754,121,157
anonymous_003-007-837-00_1730101031010_Right_Lateral_View.jpg,anonymous_003-007-837-00_1730101031010_Right_Lateral_View_tooth_005.jpg,0.7332,693,415,910,595,217,180
anonymous_003-007-837-00_1730101031010_Right_Lateral_View.jpg,anonymous_003-007-837-00_1730101031010_Right_Lateral_View_tooth_006.jpg,0.6,919,563,1132,751,213,188
anonymous_003-007-837-00_1730101031010_Right_Lateral_View.jpg,anonymous_003-007-837-00_1730101031010_Right_Lateral_View_tooth_007.jpg,0.7681,960,304,1197,551,237,247
anonymous_003-007-837-00_1730101031010_Right_Lateral_View.jpg,anonymous_003-007-837-00_1730101031010_Right_Lateral_View_tooth_008.jpg,0.7678,1198,483,1453,732,255,249
anonymous_003-007-837-00_1730101031010_Right_Lateral_View.jpg,anonymous_003-007-837-00_1730101031010_Right_Lateral_View_tooth_009.jpg,0.7566,1238,158,1453,474,215,316
anonymous_003-007-838-01_1730102704994_Frontal_View.jpg,anonymous_003-007-838-01_1730102704994_Frontal_View_tooth_000.jpg,0.2849,142,428,210,520,68,92
anonymous_003-007-838-01_1730102704994_Frontal_View.jpg,anonymous_003-007-838-01_1730102704994_Frontal_View_tooth_001.jpg,0.3552,174,251,276,450,102,199
anonymous_003-007-838-01_1730102704994_Frontal_View.jpg,anonymous_003-007-838-01_1730102704994_Frontal_View_tooth_002.jpg,0.4148,198,447,297,601,99,154
anonymous_003-007-838-01_1730102704994_Frontal_View.jpg,anonymous_003-007-838-01_1730102704994_Frontal_View_tooth_003.jpg,0.6527,281,288,402,460,121,172
anonymous_003-007-838-01_1730102704994_Frontal_View.jpg,anonymous_003-007-838-01_1730102704994_Frontal_View_tooth_004.jpg,0.6458,284,465,400,690,116,225
anonymous_003-007-838-01_1730102704994_Frontal_View.jpg,anonymous_003-007-838-01_1730102704994_Frontal_View_tooth_005.jpg,0.6352,414,467,505,615,91,148
anonymous_003-007-838-01_1730102704994_Frontal_View.jpg,anonymous_003-007-838-01_1730102704994_Frontal_View_tooth_006.jpg,0.6523,410,248,614,479,204,231
anonymous_003-007-838-01_1730102704994_Frontal_View.jpg,anonymous_003-007-838-01_1730102704994_Frontal_View_tooth_007.jpg,0.7498,518,472,646,670,128,198
anonymous_003-007-838-01_1730102704994_Frontal_View.jpg,anonymous_003-007-838-01_1730102704994_Frontal_View_tooth_008.jpg,0.7298,643,259,840,485,197,226
anonymous_003-007-838-01_1730102704994_Frontal_View.jpg,anonymous_003-007-838-01_1730102704994_Frontal_View_tooth_009.jpg,0.7931,664,479,785,654,121,175
anonymous_003-007-838-01_1730102704994_Frontal_View.jpg,anonymous_003-007-838-01_1730102704994_Frontal_View_tooth_010.jpg,0.6212,802,461,906,606,104,145
anonymous_003-007-838-01_1730102704994_Frontal_View.jpg,anonymous_003-007-838-01_1730102704994_Frontal_View_tooth_011.jpg,0.7017,862,262,1007,454,145,192
anonymous_003-007-838-01_1730102704994_Frontal_View.jpg,anonymous_003-007-838-01_1730102704994_Frontal_View_tooth_012.jpg,0.2666,930,445,1039,610,109,165
anonymous_003-007-838-01_1730102704994_Frontal_View.jpg,anonymous_003-007-838-01_1730102704994_Frontal_View_tooth_013.jpg,0.7425,936,442,1052,638,116,196
anonymous_003-007-838-01_1730102704994_Frontal_View.jpg,anonymous_003-007-838-01_1730102704994_Frontal_View_tooth_014.jpg,0.5705,1024,203,1152,426,128,223
anonymous_003-007-838-01_1730102704994_Frontal_View.jpg,anonymous_003-007-838-01_1730102704994_Frontal_View_tooth_015.jpg,0.2872,1028,236,1140,406,112,170
anonymous_003-007-838-01_1730102704994_Frontal_View.jpg,anonymous_003-007-838-01_1730102704994_Frontal_View_tooth_016.jpg,0.3656,1059,433,1159,573,100,140
anonymous_003-007-839-00_1730103285428_Frontal_View.jpg,anonymous_003-007-839-00_1730103285428_Frontal_View_tooth_000.jpg,0.4582,295,305,434,588,139,283
anonymous_003-007-839-00_1730103285428_Frontal_View.jpg,anonymous_003-007-839-00_1730103285428_Frontal_View_tooth_001.jpg,0.2799,306,321,416,568,110,247
anonymous_003-007-839-00_1730103285428_Frontal_View.jpg,anonymous_003-007-839-00_1730103285428_Frontal_View_tooth_002.jpg,0.2884,341,601,462,800,121,199
anonymous_003-007-839-00_1730103285428_Frontal_View.jpg,anonymous_003-007-839-00_1730103285428_Frontal_View_tooth_003.jpg,0.7616,433,346,609,614,176,268
anonymous_003-007-839-00_1730103285428_Frontal_View.jpg,anonymous_003-007-839-00_1730103285428_Frontal_View_tooth_004.jpg,0.5526,439,618,605,933,166,315
anonymous_003-007-839-00_1730103285428_Frontal_View.jpg,anonymous_003-007-839-00_1730103285428_Frontal_View_tooth_005.jpg,0.5699,625,623,761,842,136,219
anonymous_003-007-839-00_1730103285428_Frontal_View.jpg,anonymous_003-007-839-00_1730103285428_Frontal_View_tooth_006.jpg,0.5986,619,284,923,648,304,364
anonymous_003-007-839-00_1730103285428_Frontal_View.jpg,anonymous_003-007-839-00_1730103285428_Frontal_View_tooth_007.jpg,0.8401,765,637,953,941,188,304
anonymous_003-007-839-00_1730103285428_Frontal_View.jpg,anonymous_003-007-839-00_1730103285428_Frontal_View_tooth_008.jpg,0.7553,952,320,1239,671,287,351
anonymous_003-007-839-00_1730103285428_Frontal_View.jpg,anonymous_003-007-839-00_1730103285428_Frontal_View_tooth_009.jpg,0.7977,980,654,1150,916,170,262
anonymous_003-007-839-00_1730103285428_Frontal_View.jpg,anonymous_003-007-839-00_1730103285428_Frontal_View_tooth_010.jpg,0.6159,1176,647,1331,875,155,228
anonymous_003-007-839-00_1730103285428_Frontal_View.jpg,anonymous_003-007-839-00_1730103285428_Frontal_View_tooth_011.jpg,0.6833,1258,372,1468,649,210,277
anonymous_003-007-839-00_1730103285428_Frontal_View.jpg,anonymous_003-007-839-00_1730103285428_Frontal_View_tooth_012.jpg,0.7718,1362,644,1527,940,165,296
anonymous_003-007-839-00_1730103285428_Frontal_View.jpg,anonymous_003-007-839-00_1730103285428_Frontal_View_tooth_013.jpg,0.6241,1493,319,1687,626,194,307
anonymous_003-007-839-00_1730103285428_Frontal_View.jpg,anonymous_003-007-839-00_1730103285428_Frontal_View_tooth_014.jpg,0.462,1537,645,1673,865,136,220
anonymous_003-007-839-00_1730103285428_Frontal_View.jpg,anonymous_003-007-839-00_1730103285428_Frontal_View_tooth_015.jpg,0.3524,1679,0,1965,160,286,160
anonymous_003-007-845-01_1730180726544_Frontal_View.jpg,anonymous_003-007-845-01_1730180726544_Frontal_View_tooth_000.jpg,0.2914,156,464,256,566,100,102
anonymous_003-007-845-01_1730180726544_Frontal_View.jpg,anonymous_003-007-845-01_1730180726544_Frontal_View_tooth_001.jpg,0.5745,322,197,424,358,102,161
anonymous_003-007-845-01_1730180726544_Frontal_View.jpg,anonymous_003-007-845-01_1730180726544_Frontal_View_tooth_002.jpg,0.4805,335,512,453,634,118,122
anonymous_003-007-845-01_1730180726544_Frontal_View.jpg,anonymous_003-007-845-01_1730180726544_Frontal_View_tooth_003.jpg,0.6913,445,167,568,345,123,178
anonymous_003-007-845-01_1730180726544_Frontal_View.jpg,anonymous_003-007-845-01_1730180726544_Frontal_View_tooth_004.jpg,0.2816,461,374,685,532,224,158
anonymous_003-007-845-01_1730180726544_Frontal_View.jpg,anonymous_003-007-845-01_1730180726544_Frontal_View_tooth_005.jpg,0.3468,463,373,686,597,223,224
anonymous_003-007-845-01_1730180726544_Frontal_View.jpg,anonymous_003-007-845-01_1730180726544_Frontal_View_tooth_006.jpg,0.6059,501,385,691,623,190,238
anonymous_003-007-845-01_1730180726544_Frontal_View.jpg,anonymous_003-007-845-01_1730180726544_Frontal_View_tooth_007.jpg,0.3163,556,393,687,622,131,229
anonymous_003-007-845-01_1730180726544_Frontal_View.jpg,anonymous_003-007-845-01_1730180726544_Frontal_View_tooth_008.jpg,0.7694,604,123,815,365,211,242
anonymous_003-007-845-01_1730180726544_Frontal_View.jpg,anonymous_003-007-845-01_1730180726544_Frontal_View_tooth_009.jpg,0.759,701,372,845,586,144,214
anonymous_003-007-845-01_1730180726544_Frontal_View.jpg,anonymous_003-007-845-01_1730180726544_Frontal_View_tooth_010.jpg,0.7847,848,111,1030,371,182,260
anonymous_003-007-845-01_1730180726544_Frontal_View.jpg,anonymous_003-007-845-01_1730180726544_Frontal_View_tooth_011.jpg,0.6738,863,377,995,536,132,159
anonymous_003-007-845-01_1730180726544_Frontal_View.jpg,anonymous_003-007-845-01_1730180726544_Frontal_View_tooth_012.jpg,0.6494,1031,428,1146,595,115,167
anonymous_003-007-845-01_1730180726544_Frontal_View.jpg,anonymous_003-007-845-01_1730180726544_Frontal_View_tooth_013.jpg,0.5965,1074,173,1175,326,101,153
anonymous_003-007-845-01_1730180726544_Frontal_View.jpg,anonymous_003-007-845-01_1730180726544_Frontal_View_tooth_014.jpg,0.5296,1196,215,1260,301,64,86
anonymous_003-007-846-00_1730181536968_Frontal_View.jpg,anonymous_003-007-846-00_1730181536968_Frontal_View_tooth_000.jpg,0.3344,95,281,254,437,159,156
anonymous_003-007-846-00_1730181536968_Frontal_View.jpg,anonymous_003-007-846-00_1730181536968_Frontal_View_tooth_001.jpg,0.6711,270,217,410,434,140,217
anonymous_003-007-846-00_1730181536968_Frontal_View.jpg,anonymous_003-007-846-00_1730181536968_Frontal_View_tooth_002.jpg,0.5334,322,601,455,741,133,140
anonymous_003-007-846-00_1730181536968_Frontal_View.jpg,anonymous_003-007-846-00_1730181536968_Frontal_View_tooth_003.jpg,0.6341,428,198,586,429,158,231
anonymous_003-007-846-00_1730181536968_Frontal_View.jpg,anonymous_003-007-846-00_1730181536968_Frontal_View_tooth_004.jpg,0.4037,475,438,621,605,146,167
anonymous_003-007-846-00_1730181536968_Frontal_View.jpg,anonymous_003-007-846-00_1730181536968_Frontal_View_tooth_005.jpg,0.6959,596,467,756,748,160,281
anonymous_003-007-846-00_1730181536968_Frontal_View.jpg,anonymous_003-007-846-00_1730181536968_Frontal_View_tooth_006.jpg,0.8281,637,140,901,467,264,327
anonymous_003-007-846-00_1730181536968_Frontal_View.jpg,anonymous_003-007-846-00_1730181536968_Frontal_View_tooth_007.jpg,0.8459,767,458,935,720,168,262
anonymous_003-007-846-00_1730181536968_Frontal_View.jpg,anonymous_003-007-846-00_1730181536968_Frontal_View_tooth_008.jpg,0.8384,920,147,1149,485,229,338
anonymous_003-007-846-00_1730181536968_Frontal_View.jpg,anonymous_003-007-846-00_1730181536968_Frontal_View_tooth_009.jpg,0.6783,951,483,1110,663,159,180
anonymous_003-007-846-00_1730181536968_Frontal_View.jpg,anonymous_003-007-846-00_1730181536968_Frontal_View_tooth_010.jpg,0.6294,1134,534,1271,751,137,217
anonymous_003-007-846-00_1730181536968_Frontal_View.jpg,anonymous_003-007-846-00_1730181536968_Frontal_View_tooth_011.jpg,0.6061,1196,235,1321,443,125,208
anonymous_003-007-851-01_1730189874153_Left_Lateral_View.jpg,anonymous_003-007-851-01_1730189874153_Left_Lateral_View_tooth_000.jpg,0.4236,0,419,119,863,119,444
anonymous_003-007-851-01_1730189874153_Left_Lateral_View.jpg,anonymous_003-007-851-01_1730189874153_Left_Lateral_View_tooth_001.jpg,0.5537,0,841,153,1064,153,223
anonymous_003-007-851-01_1730189874153_Left_Lateral_View.jpg,anonymous_003-007-851-01_1730189874153_Left_Lateral_View_tooth_002.jpg,0.7161,175,491,558,903,383,412
anonymous_003-007-851-01_1730189874153_Left_Lateral_View.jpg,anonymous_003-007-851-01_1730189874153_Left_Lateral_View_tooth_003.jpg,0.5138,209,905,476,1099,267,194
anonymous_003-007-851-01_1730189874153_Left_Lateral_View.jpg,anonymous_003-007-851-01_1730189874153_Left_Lateral_View_tooth_004.jpg,0.695,608,690,872,908,264,218
anonymous_003-007-851-01_1730189874153_Left_Lateral_View.jpg,anonymous_003-007-851-01_1730189874153_Left_Lateral_View_tooth_005.jpg,0.3367,697,919,963,1068,266,149
anonymous_003-007-851-01_1730189874153_Left_Lateral_View.jpg,anonymous_003-007-851-01_1730189874153_Left_Lateral_View_tooth_006.jpg,0.6987,943,704,1194,889,251,185
anonymous_003-007-851-01_1730189874153_Left_Lateral_View.jpg,anonymous_003-007-851-01_1730189874153_Left_Lateral_View_tooth_007.jpg,0.4133,1050,890,1304,1059,254,169
anonymous_003-007-851-01_1730189874153_Left_Lateral_View.jpg,anonymous_003-007-851-01_1730189874153_Left_Lateral_View_tooth_008.jpg,0.4765,1206,727,1424,872,218,145
anonymous_003-007-851-01_1730189874153_Left_Lateral_View.jpg,anonymous_003-007-851-01_1730189874153_Left_Lateral_View_tooth_009.jpg,0.4138,1375,855,1568,1058,193,203
anonymous_003-007-851-01_1730189874153_Left_Lateral_View.jpg,anonymous_003-007-851-01_1730189874153_Left_Lateral_View_tooth_010.jpg,0.2775,1470,644,1689,830,219,186
anonymous_003-007-852-00_1730190513347_Frontal_View.jpg,anonymous_003-007-852-00_1730190513347_Frontal_View_tooth_000.jpg,0.4407,151,436,245,554,94,118
anonymous_003-007-852-00_1730190513347_Frontal_View.jpg,anonymous_003-007-852-00_1730190513347_Frontal_View_tooth_001.jpg,0.749,256,167,446,410,190,243
anonymous_003-007-852-00_1730190513347_Frontal_View.jpg,anonymous_003-007-852-00_1730190513347_Frontal_View_tooth_002.jpg,0.6549,272,425,381,601,109,176
anonymous_003-007-852-00_1730190513347_Frontal_View.jpg,anonymous_003-007-852-00_1730190513347_Frontal_View_tooth_003.jpg,0.7915,394,437,581,643,187,206
anonymous_003-007-852-00_1730190513347_Frontal_View.jpg,anonymous_003-007-852-00_1730190513347_Frontal_View_tooth_004.jpg,0.9093,480,124,762,447,282,323
anonymous_003-007-852-00_1730190513347_Frontal_View.jpg,anonymous_003-007-852-00_1730190513347_Frontal_View_tooth_005.jpg,0.7515,594,432,760,662,166,230
anonymous_003-007-852-00_1730190513347_Frontal_View.jpg,anonymous_003-007-852-00_1730190513347_Frontal_View_tooth_006.jpg,0.7806,784,431,953,672,169,241
anonymous_003-007-852-00_1730190513347_Frontal_View.jpg,anonymous_003-007-852-00_1730190513347_Frontal_View_tooth_007.jpg,0.8886,802,140,1061,438,259,298
anonymous_003-007-852-00_1730190513347_Frontal_View.jpg,anonymous_003-007-852-00_1730190513347_Frontal_View_tooth_008.jpg,0.6358,972,436,1118,627,146,191
anonymous_003-007-852-00_1730190513347_Frontal_View.jpg,anonymous_003-007-852-00_1730190513347_Frontal_View_tooth_009.jpg,0.5612,1098,165,1242,383,144,218
anonymous_003-007-852-00_1730190513347_Frontal_View.jpg,anonymous_003-007-852-00_1730190513347_Frontal_View_tooth_010.jpg,0.2625,1111,401,1271,511,160,110
anonymous_003-007-869-01_1730263219442_Frontal_View.jpg,anonymous_003-007-869-01_1730263219442_Frontal_View_tooth_000.jpg,0.2919,231,488,314,597,83,109
anonymous_003-007-869-01_1730263219442_Frontal_View.jpg,anonymous_003-007-869-01_1730263219442_Frontal_View_tooth_001.jpg,0.2739,262,386,329,473,67,87
anonymous_003-007-869-01_1730263219442_Frontal_View.jpg,anonymous_003-007-869-01_1730263219442_Frontal_View_tooth_002.jpg,0.2551,332,335,419,459,87,124
anonymous_003-007-869-01_1730263219442_Frontal_View.jpg,anonymous_003-007-869-01_1730263219442_Frontal_View_tooth_003.jpg,0.4969,338,342,436,452,98,110
anonymous_003-007-869-01_1730263219442_Frontal_View.jpg,anonymous_003-007-869-01_1730263219442_Frontal_View_tooth_004.jpg,0.5749,417,490,520,634,103,144
anonymous_003-007-869-01_1730263219442_Frontal_View.jpg,anonymous_003-007-869-01_1730263219442_Frontal_View_tooth_005.jpg,0.7122,453,277,560,434,107,157
anonymous_003-007-869-01_1730263219442_Frontal_View.jpg,anonymous_003-007-869-01_1730263219442_Frontal_View_tooth_006.jpg,0.8608,543,485,677,662,134,177
anonymous_003-007-869-01_1730263219442_Frontal_View.jpg,anonymous_003-007-869-01_1730263219442_Frontal_View_tooth_007.jpg,0.7906,598,231,818,454,220,223
anonymous_003-007-869-01_1730263219442_Frontal_View.jpg,anonymous_003-007-869-01_1730263219442_Frontal_View_tooth_008.jpg,0.7729,703,474,841,688,138,214
anonymous_003-007-869-01_1730263219442_Frontal_View.jpg,anonymous_003-007-869-01_1730263219442_Frontal_View_tooth_009.jpg,0.2905,713,476,839,640,126,164
anonymous_003-007-869-01_1730263219442_Frontal_View.jpg,anonymous_003-007-869-01_1730263219442_Frontal_View_tooth_010.jpg,0.816,838,255,1050,485,212,230
anonymous_003-007-869-01_1730263219442_Frontal_View.jpg,anonymous_003-007-869-01_1730263219442_Frontal_View_tooth_011.jpg,0.7756,857,488,992,681,135,193
anonymous_003-007-869-01_1730263219442_Frontal_View.jpg,anonymous_003-007-869-01_1730263219442_Frontal_View_tooth_012.jpg,0.6567,1006,482,1115,660,109,178
anonymous_003-007-869-01_1730263219442_Frontal_View.jpg,anonymous_003-007-869-01_1730263219442_Frontal_View_tooth_013.jpg,0.5782,1083,293,1176,454,93,161
anonymous_003-007-869-01_1730263219442_Frontal_View.jpg,anonymous_003-007-869-01_1730263219442_Frontal_View_tooth_014.jpg,0.5582,1130,481,1199,618,69,137
anonymous_003-007-869-01_1730263219442_Frontal_View.jpg,anonymous_003-007-869-01_1730263219442_Frontal_View_tooth_015.jpg,0.4816,1183,356,1246,475,63,119
anonymous_003-007-869-01_1730263219442_Frontal_View.jpg,anonymous_003-007-869-01_1730263219442_Frontal_View_tooth_016.jpg,0.2573,1246,489,1303,601,57,112
anonymous_003-007-873-00_1730266781026_Left_Lateral_View.jpg,anonymous_003-007-873-00_1730266781026_Left_Lateral_View_tooth_000.jpg,0.8298,0,330,241,645,241,315
anonymous_003-007-873-00_1730266781026_Left_Lateral_View.jpg,anonymous_003-007-873-00_1730266781026_Left_Lateral_View_tooth_001.jpg,0.6957,275,372,527,682,252,310
anonymous_003-007-873-00_1730266781026_Left_Lateral_View.jpg,anonymous_003-007-873-00_1730266781026_Left_Lateral_View_tooth_002.jpg,0.5634,548,509,739,626,191,117
anonymous_003-007-873-00_1730266781026_Left_Lateral_View.jpg,anonymous_003-007-873-00_1730266781026_Left_Lateral_View_tooth_003.jpg,0.5906,776,492,983,630,207,138
anonymous_003-007-873-00_1730266781026_Left_Lateral_View.jpg,anonymous_003-007-873-00_1730266781026_Left_Lateral_View_tooth_004.jpg,0.5603,995,488,1152,630,157,142
anonymous_003-007-873-00_1730266781026_Left_Lateral_View.jpg,anonymous_003-007-873-00_1730266781026_Left_Lateral_View_tooth_005.jpg,0.342,1096,626,1270,747,174,121
anonymous_003-007-873-00_1730266781026_Left_Lateral_View.jpg,anonymous_003-007-873-00_1730266781026_Left_Lateral_View_tooth_006.jpg,0.302,1171,430,1328,612,157,182
anonymous_003-007-874-01_1730269462019_Frontal_View.jpg,anonymous_003-007-874-01_1730269462019_Frontal_View_tooth_000.jpg,0.2716,279,670,376,770,97,100
anonymous_003-007-874-01_1730269462019_Frontal_View.jpg,anonymous_003-007-874-01_1730269462019_Frontal_View_tooth_001.jpg,0.3095,386,420,456,530,70,110
anonymous_003-007-874-01_1730269462019_Frontal_View.jpg,anonymous_003-007-874-01_1730269462019_Frontal_View_tooth_002.jpg,0.3569,394,661,557,746,163,85
anonymous_003-007-874-01_1730269462019_Frontal_View.jpg,anonymous_003-007-874-01_1730269462019_Frontal_View_tooth_003.jpg,0.2715,411,657,562,726,151,69
anonymous_003-007-874-01_1730269462019_Frontal_View.jpg,anonymous_003-007-874-01_1730269462019_Frontal_View_tooth_004.jpg,0.7405,476,338,644,515,168,177
anonymous_003-007-874-01_1730269462019_Frontal_View.jpg,anonymous_003-007-874-01_1730269462019_Frontal_View_tooth_005.jpg,0.5987,661,538,793,741,132,203
anonymous_003-007-874-01_1730269462019_Frontal_View.jpg,anonymous_003-007-874-01_1730269462019_Frontal_View_tooth_006.jpg,0.8347,680,292,909,527,229,235
anonymous_003-007-874-01_1730269462019_Frontal_View.jpg,anonymous_003-007-874-01_1730269462019_Frontal_View_tooth_007.jpg,0.7879,815,520,962,735,147,215
anonymous_003-007-874-01_1730269462019_Frontal_View.jpg,anonymous_003-007-874-01_1730269462019_Frontal_View_tooth_008.jpg,0.7674,935,282,1156,506,221,224
anonymous_003-007-874-01_1730269462019_Frontal_View.jpg,anonymous_003-007-874-01_1730269462019_Frontal_View_tooth_009.jpg,0.7844,982,513,1129,742,147,229
anonymous_003-007-874-01_1730269462019_Frontal_View.jpg,anonymous_003-007-874-01_1730269462019_Frontal_View_tooth_010.jpg,0.7494,1151,511,1276,734,125,223
anonymous_003-007-874-01_1730269462019_Frontal_View.jpg,anonymous_003-007-874-01_1730269462019_Frontal_View_tooth_011.jpg,0.5273,1182,288,1312,467,130,179
anonymous_003-007-874-01_1730269462019_Frontal_View.jpg,anonymous_003-007-874-01_1730269462019_Frontal_View_tooth_012.jpg,0.2798,1288,592,1369,684,81,92
anonymous_003-007-874-01_1730269462019_Frontal_View.jpg,anonymous_003-007-874-01_1730269462019_Frontal_View_tooth_013.jpg,0.359,1325,380,1387,506,62,126
anonymous_003-007-874-01_1730269462019_Frontal_View.jpg,anonymous_003-007-874-01_1730269462019_Frontal_View_tooth_014.jpg,0.2859,1406,413,1468,512,62,99
anonymous_003-007-878-00_1730274520723_Left_Lateral_View.jpg,anonymous_003-007-878-00_1730274520723_Left_Lateral_View_tooth_000.jpg,0.743,31,592,203,832,172,240
anonymous_003-007-878-00_1730274520723_Left_Lateral_View.jpg,anonymous_003-007-878-00_1730274520723_Left_Lateral_View_tooth_001.jpg,0.764,34,346,243,588,209,242
anonymous_003-007-878-00_1730274520723_Left_Lateral_View.jpg,anonymous_003-007-878-00_1730274520723_Left_Lateral_View_tooth_002.jpg,0.7568,238,597,432,840,194,243
anonymous_003-007-878-00_1730274520723_Left_Lateral_View.jpg,anonymous_003-007-878-00_1730274520723_Left_Lateral_View_tooth_003.jpg,0.7532,332,366,529,595,197,229
anonymous_003-007-878-00_1730274520723_Left_Lateral_View.jpg,anonymous_003-007-878-00_1730274520723_Left_Lateral_View_tooth_004.jpg,0.7122,477,593,675,778,198,185
anonymous_003-007-878-00_1730274520723_Left_Lateral_View.jpg,anonymous_003-007-878-00_1730274520723_Left_Lateral_View_tooth_005.jpg,0.6697,592,368,750,555,158,187
anonymous_003-007-878-00_1730274520723_Left_Lateral_View.jpg,anonymous_003-007-878-00_1730274520723_Left_Lateral_View_tooth_006.jpg,0.4377,644,1152,965,1479,321,327
anonymous_003-007-878-00_1730274520723_Left_Lateral_View.jpg,anonymous_003-007-878-00_1730274520723_Left_Lateral_View_tooth_007.jpg,0.3139,682,1129,1022,1479,340,350
anonymous_003-007-878-00_1730274520723_Left_Lateral_View.jpg,anonymous_003-007-878-00_1730274520723_Left_Lateral_View_tooth_008.jpg,0.3258,709,606,850,715,141,109
anonymous_003-007-878-00_1730274520723_Left_Lateral_View.jpg,anonymous_003-007-878-00_1730274520723_Left_Lateral_View_tooth_009.jpg,0.4129,771,376,888,536,117,160
anonymous_003-007-878-00_1730274520723_Left_Lateral_View.jpg,anonymous_003-007-878-00_1730274520723_Left_Lateral_View_tooth_010.jpg,0.4025,844,520,1060,656,216,136
anonymous_003-007-878-00_1730274520723_Left_Lateral_View.jpg,anonymous_003-007-878-00_1730274520723_Left_Lateral_View_tooth_011.jpg,0.7437,895,334,1084,488,189,154
anonymous_003-007-880-00_1730277823725_Left_Lateral_View.jpg,anonymous_003-007-880-00_1730277823725_Left_Lateral_View_tooth_000.jpg,0.4056,23,490,137,616,114,126
anonymous_003-007-880-00_1730277823725_Left_Lateral_View.jpg,anonymous_003-007-880-00_1730277823725_Left_Lateral_View_tooth_001.jpg,0.7492,75,262,269,493,194,231
anonymous_003-007-880-00_1730277823725_Left_Lateral_View.jpg,anonymous_003-007-880-00_1730277823725_Left_Lateral_View_tooth_002.jpg,0.7631,182,460,380,719,198,259
anonymous_003-007-880-00_1730277823725_Left_Lateral_View.jpg,anonymous_003-007-880-00_1730277823725_Left_Lateral_View_tooth_003.jpg,0.8398,324,250,558,525,234,275
anonymous_003-007-880-00_1730277823725_Left_Lateral_View.jpg,anonymous_003-007-880-00_1730277823725_Left_Lateral_View_tooth_004.jpg,0.4989,417,499,591,692,174,193
anonymous_003-007-880-00_1730277823725_Left_Lateral_View.jpg,anonymous_003-007-880-00_1730277823725_Left_Lateral_View_tooth_005.jpg,0.7572,585,302,727,486,142,184
anonymous_003-007-880-00_1730277823725_Left_Lateral_View.jpg,anonymous_003-007-880-00_1730277823725_Left_Lateral_View_tooth_006.jpg,0.5142,606,490,755,603,149,113
anonymous_003-007-880-00_1730277823725_Left_Lateral_View.jpg,anonymous_003-007-880-00_1730277823725_Left_Lateral_View_tooth_007.jpg,0.6791,731,326,856,464,125,138
anonymous_003-007-880-00_1730277823725_Left_Lateral_View.jpg,anonymous_003-007-880-00_1730277823725_Left_Lateral_View_tooth_008.jpg,0.6071,881,306,1029,424,148,118
anonymous_003-007-880-00_1730277823725_Left_Lateral_View.jpg,anonymous_003-007-880-00_1730277823725_Left_Lateral_View_tooth_009.jpg,0.3448,1055,816,1232,1093,177,277
anonymous_003-007-902-01_1730356318368_Left_Lateral_View.jpg,anonymous_003-007-902-01_1730356318368_Left_Lateral_View_tooth_000.jpg,0.3637,0,1041,102,1385,102,344
anonymous_003-007-902-01_1730356318368_Left_Lateral_View.jpg,anonymous_003-007-902-01_1730356318368_Left_Lateral_View_tooth_001.jpg,0.804,90,657,421,1049,331,392
anonymous_003-007-902-01_1730356318368_Left_Lateral_View.jpg,anonymous_003-007-902-01_1730356318368_Left_Lateral_View_tooth_002.jpg,0.749,116,1055,377,1355,261,300
anonymous_003-007-902-01_1730356318368_Left_Lateral_View.jpg,anonymous_003-007-902-01_1730356318368_Left_Lateral_View_tooth_003.jpg,0.7233,442,1077,719,1352,277,275
anonymous_003-007-902-01_1730356318368_Left_Lateral_View.jpg,anonymous_003-007-902-01_1730356318368_Left_Lateral_View_tooth_004.jpg,0.7369,494,620,760,954,266,334
anonymous_003-007-902-01_1730356318368_Left_Lateral_View.jpg,anonymous_003-007-902-01_1730356318368_Left_Lateral_View_tooth_005.jpg,0.5651,822,802,1044,997,222,195
anonymous_003-007-902-01_1730356318368_Left_Lateral_View.jpg,anonymous_003-007-902-01_1730356318368_Left_Lateral_View_tooth_006.jpg,0.2535,968,1042,1297,1145,329,103
anonymous_003-007-902-01_1730356318368_Left_Lateral_View.jpg,anonymous_003-007-902-01_1730356318368_Left_Lateral_View_tooth_007.jpg,0.5267,1064,854,1327,1016,263,162
anonymous_003-007-902-01_1730356318368_Left_Lateral_View.jpg,anonymous_003-007-902-01_1730356318368_Left_Lateral_View_tooth_008.jpg,0.2911,1089,879,1291,1017,202,138
anonymous_003-007-902-01_1730356318368_Left_Lateral_View.jpg,anonymous_003-007-902-01_1730356318368_Left_Lateral_View_tooth_009.jpg,0.3129,1358,753,1599,1053,241,300
anonymous_003-007-903-00_1730357034326_Left_Lateral_View.jpg,anonymous_003-007-903-00_1730357034326_Left_Lateral_View_tooth_000.jpg,0.7642,0,89,147,362,147,273
anonymous_003-007-903-00_1730357034326_Left_Lateral_View.jpg,anonymous_003-007-903-00_1730357034326_Left_Lateral_View_tooth_001.jpg,0.4713,0,417,92,635,92,218
anonymous_003-007-903-00_1730357034326_Left_Lateral_View.jpg,anonymous_003-007-903-00_1730357034326_Left_Lateral_View_tooth_002.jpg,0.7113,148,472,347,684,199,212
anonymous_003-007-903-00_1730357034326_Left_Lateral_View.jpg,anonymous_003-007-903-00_1730357034326_Left_Lateral_View_tooth_003.jpg,0.8031,197,135,414,377,217,242
anonymous_003-007-903-00_1730357034326_Left_Lateral_View.jpg,anonymous_003-007-903-00_1730357034326_Left_Lateral_View_tooth_004.jpg,0.4791,400,580,570,671,170,91
anonymous_003-007-903-00_1730357034326_Left_Lateral_View.jpg,anonymous_003-007-903-00_1730357034326_Left_Lateral_View_tooth_005.jpg,0.6136,474,159,658,334,184,175
anonymous_003-007-903-00_1730357034326_Left_Lateral_View.jpg,anonymous_003-007-903-00_1730357034326_Left_Lateral_View_tooth_006.jpg,0.5781,553,442,832,565,279,123
anonymous_003-007-903-00_1730357034326_Left_Lateral_View.jpg,anonymous_003-007-903-00_1730357034326_Left_Lateral_View_tooth_007.jpg,0.5752,683,260,846,379,163,119
anonymous_003-007-903-00_1730357034326_Left_Lateral_View.jpg,anonymous_003-007-903-00_1730357034326_Left_Lateral_View_tooth_008.jpg,0.4938,849,309,1058,406,209,97
anonymous_003-007-903-00_1730357034326_Left_Lateral_View.jpg,anonymous_003-007-903-00_1730357034326_Left_Lateral_View_tooth_009.jpg,0.3384,863,405,1080,517,217,112
anonymous_003-007-919-00_1730693501822_Left_Lateral_View.jpg,anonymous_003-007-919-00_1730693501822_Left_Lateral_View_tooth_000.jpg,0.8449,0,52,158,425,158,373
anonymous_003-007-919-00_1730693501822_Left_Lateral_View.jpg,anonymous_003-007-919-00_1730693501822_Left_Lateral_View_tooth_001.jpg,0.2535,0,464,72,618,72,154
anonymous_003-007-919-00_1730693501822_Left_Lateral_View.jpg,anonymous_003-007-919-00_1730693501822_Left_Lateral_View_tooth_002.jpg,0.3705,101,459,253,602,152,143
anonymous_003-007-919-00_1730693501822_Left_Lateral_View.jpg,anonymous_003-007-919-00_1730693501822_Left_Lateral_View_tooth_003.jpg,0.7009,152,232,366,471,214,239
anonymous_003-007-919-00_1730693501822_Left_Lateral_View.jpg,anonymous_003-007-919-00_1730693501822_Left_Lateral_View_tooth_004.jpg,0.7716,273,468,542,758,269,290
anonymous_003-007-919-00_1730693501822_Left_Lateral_View.jpg,anonymous_003-007-919-00_1730693501822_Left_Lateral_View_tooth_005.jpg,0.8751,412,49,684,386,272,337
anonymous_003-007-919-00_1730693501822_Left_Lateral_View.jpg,anonymous_003-007-919-00_1730693501822_Left_Lateral_View_tooth_006.jpg,0.4705,546,393,718,545,172,152
anonymous_003-007-919-00_1730693501822_Left_Lateral_View.jpg,anonymous_003-007-919-00_1730693501822_Left_Lateral_View_tooth_007.jpg,0.7586,568,570,772,847,204,277
anonymous_003-007-919-00_1730693501822_Left_Lateral_View.jpg,anonymous_003-007-919-00_1730693501822_Left_Lateral_View_tooth_008.jpg,0.4664,716,456,886,597,170,141
anonymous_003-007-919-00_1730693501822_Left_Lateral_View.jpg,anonymous_003-007-919-00_1730693501822_Left_Lateral_View_tooth_009.jpg,0.4439,805,619,870,718,65,99
anonymous_003-007-919-00_1730693501822_Left_Lateral_View.jpg,anonymous_003-007-919-00_1730693501822_Left_Lateral_View_tooth_010.jpg,0.7119,886,494,1079,632,193,138
anonymous_003-007-923-00_1730699938519_Frontal_View.jpg,anonymous_003-007-923-00_1730699938519_Frontal_View_tooth_000.jpg,0.305,28,483,151,613,123,130
anonymous_003-007-923-00_1730699938519_Frontal_View.jpg,anonymous_003-007-923-00_1730699938519_Frontal_View_tooth_001.jpg,0.3219,84,327,185,483,101,156
anonymous_003-007-923-00_1730699938519_Frontal_View.jpg,anonymous_003-007-923-00_1730699938519_Frontal_View_tooth_002.jpg,0.5786,179,278,299,499,120,221
anonymous_003-007-923-00_1730699938519_Frontal_View.jpg,anonymous_003-007-923-00_1730699938519_Frontal_View_tooth_003.jpg,0.6444,192,506,300,684,108,178
anonymous_003-007-923-00_1730699938519_Frontal_View.jpg,anonymous_003-007-923-00_1730699938519_Frontal_View_tooth_004.jpg,0.2512,211,508,302,658,91,150
anonymous_003-007-923-00_1730699938519_Frontal_View.jpg,anonymous_003-007-923-00_1730699938519_Frontal_View_tooth_005.jpg,0.691,304,244,476,474,172,230
anonymous_003-007-923-00_1730699938519_Frontal_View.jpg,anonymous_003-007-923-00_1730699938519_Frontal_View_tooth_006.jpg,0.7011,317,488,442,705,125,217
anonymous_003-007-923-00_1730699938519_Frontal_View.jpg,anonymous_003-007-923-00_1730699938519_Frontal_View_tooth_007.jpg,0.2853,328,496,436,664,108,168
anonymous_003-007-923-00_1730699938519_Frontal_View.jpg,anonymous_003-007-923-00_1730699938519_Frontal_View_tooth_008.jpg,0.8191,458,479,598,656,140,177
anonymous_003-007-923-00_1730699938519_Frontal_View.jpg,anonymous_003-007-923-00_1730699938519_Frontal_View_tooth_009.jpg,0.8367,504,191,750,479,246,288
anonymous_003-007-923-00_1730699938519_Frontal_View.jpg,anonymous_003-007-923-00_1730699938519_Frontal_View_tooth_010.jpg,0.8297,608,470,760,683,152,213
anonymous_003-007-923-00_1730699938519_Frontal_View.jpg,anonymous_003-007-923-00_1730699938519_Frontal_View_tooth_011.jpg,0.8592,758,200,997,474,239,274
anonymous_003-007-923-00_1730699938519_Frontal_View.jpg,anonymous_003-007-923-00_1730699938519_Frontal_View_tooth_012.jpg,0.8689,768,465,907,683,139,218
anonymous_003-007-923-00_1730699938519_Frontal_View.jpg,anonymous_003-007-923-00_1730699938519_Frontal_View_tooth_013.jpg,0.7488,923,471,1059,639,136,168
anonymous_003-007-923-00_1730699938519_Frontal_View.jpg,anonymous_003-007-923-00_1730699938519_Frontal_View_tooth_014.jpg,0.7817,1011,242,1169,452,158,210
anonymous_003-007-923-00_1730699938519_Frontal_View.jpg,anonymous_003-007-923-00_1730699938519_Frontal_View_tooth_015.jpg,0.6021,1072,469,1174,673,102,204
anonymous_003-007-923-00_1730699938519_Frontal_View.jpg,anonymous_003-007-923-00_1730699938519_Frontal_View_tooth_016.jpg,0.6093,1181,260,1290,471,109,211
anonymous_003-007-923-00_1730699938519_Frontal_View.jpg,anonymous_003-007-923-00_1730699938519_Frontal_View_tooth_017.jpg,0.4805,1183,478,1274,629,91,151
anonymous_003-007-925-00_1730702265650_Frontal_View.jpg,anonymous_003-007-925-00_1730702265650_Frontal_View_tooth_000.jpg,0.3461,319,291,429,455,110,164
anonymous_003-007-925-00_1730702265650_Frontal_View.jpg,anonymous_003-007-925-00_1730702265650_Frontal_View_tooth_001.jpg,0.2817,322,531,429,726,107,195
anonymous_003-007-925-00_1730702265650_Frontal_View.jpg,anonymous_003-007-925-00_1730702265650_Frontal_View_tooth_002.jpg,0.3548,336,544,435,714,99,170
anonymous_003-007-925-00_1730702265650_Frontal_View.jpg,anonymous_003-007-925-00_1730702265650_Frontal_View_tooth_003.jpg,0.8126,447,554,624,763,177,209
anonymous_003-007-925-00_1730702265650_Frontal_View.jpg,anonymous_003-007-925-00_1730702265650_Frontal_View_tooth_004.jpg,0.6332,461,252,629,528,168,276
anonymous_003-007-925-00_1730702265650_Frontal_View.jpg,anonymous_003-007-925-00_1730702265650_Frontal_View_tooth_005.jpg,0.7449,646,581,829,872,183,291
anonymous_003-007-925-00_1730702265650_Frontal_View.jpg,anonymous_003-007-925-00_1730702265650_Frontal_View_tooth_006.jpg,0.8518,683,222,1024,602,341,380
anonymous_003-007-925-00_1730702265650_Frontal_View.jpg,anonymous_003-007-925-00_1730702265650_Frontal_View_tooth_007.jpg,0.7868,855,588,1031,865,176,277
anonymous_003-007-925-00_1730702265650_Frontal_View.jpg,anonymous_003-007-925-00_1730702265650_Frontal_View_tooth_008.jpg,0.8625,1046,221,1377,601,331,380
anonymous_003-007-925-00_1730702265650_Frontal_View.jpg,anonymous_003-007-925-00_1730702265650_Frontal_View_tooth_009.jpg,0.727,1064,592,1257,867,193,275
anonymous_003-007-925-00_1730702265650_Frontal_View.jpg,anonymous_003-007-925-00_1730702265650_Frontal_View_tooth_010.jpg,0.6821,1279,585,1436,845,157,260
anonymous_003-007-925-00_1730702265650_Frontal_View.jpg,anonymous_003-007-925-00_1730702265650_Frontal_View_tooth_011.jpg,0.6509,1409,277,1570,531,161,254
anonymous_003-007-925-00_1730702265650_Frontal_View.jpg,anonymous_003-007-925-00_1730702265650_Frontal_View_tooth_012.jpg,0.5817,1458,577,1579,749,121,172
anonymous_003-007-925-00_1730702265650_Frontal_View.jpg,anonymous_003-007-925-00_1730702265650_Frontal_View_tooth_013.jpg,0.3484,1583,308,1679,470,96,162
anonymous_003-007-940-01_1730780793778_Frontal_View.jpg,anonymous_003-007-940-01_1730780793778_Frontal_View_tooth_000.jpg,0.4391,214,309,293,462,79,153
anonymous_003-007-940-01_1730780793778_Frontal_View.jpg,anonymous_003-007-940-01_1730780793778_Frontal_View_tooth_001.jpg,0.6152,301,490,408,633,107,143
anonymous_003-007-940-01_1730780793778_Frontal_View.jpg,anonymous_003-007-940-01_1730780793778_Frontal_View_tooth_002.jpg,0.7439,308,296,446,478,138,182
anonymous_003-007-940-01_1730780793778_Frontal_View.jpg,anonymous_003-007-940-01_1730780793778_Frontal_View_tooth_003.jpg,0.6645,430,492,560,655,130,163
anonymous_003-007-940-01_1730780793778_Frontal_View.jpg,anonymous_003-007-940-01_1730780793778_Frontal_View_tooth_004.jpg,0.8072,489,335,635,493,146,158
anonymous_003-007-940-01_1730780793778_Frontal_View.jpg,anonymous_003-007-940-01_1730780793778_Frontal_View_tooth_005.jpg,0.79,577,500,718,687,141,187
anonymous_003-007-940-01_1730780793778_Frontal_View.jpg,anonymous_003-007-940-01_1730780793778_Frontal_View_tooth_006.jpg,0.8036,677,295,898,523,221,228
anonymous_003-007-940-01_1730780793778_Frontal_View.jpg,anonymous_003-007-940-01_1730780793778_Frontal_View_tooth_007.jpg,0.7604,738,523,862,714,124,191
anonymous_003-007-940-01_1730780793778_Frontal_View.jpg,anonymous_003-007-940-01_1730780793778_Frontal_View_tooth_008.jpg,0.7112,890,521,1016,714,126,193
anonymous_003-007-940-01_1730780793778_Frontal_View.jpg,anonymous_003-007-940-01_1730780793778_Frontal_View_tooth_009.jpg,0.7978,918,316,1134,529,216,213
anonymous_003-007-940-01_1730780793778_Frontal_View.jpg,anonymous_003-007-940-01_1730780793778_Frontal_View_tooth_010.jpg,0.7581,1037,531,1157,697,120,166
anonymous_003-007-940-01_1730780793778_Frontal_View.jpg,anonymous_003-007-940-01_1730780793778_Frontal_View_tooth_011.jpg,0.7199,1145,371,1269,521,124,150
anonymous_003-007-940-01_1730780793778_Frontal_View.jpg,anonymous_003-007-940-01_1730780793778_Frontal_View_tooth_012.jpg,0.7183,1181,525,1258,658,77,133
anonymous_003-007-940-01_1730780793778_Frontal_View.jpg,anonymous_003-007-940-01_1730780793778_Frontal_View_tooth_013.jpg,0.4951,1275,534,1352,648,77,114
anonymous_003-007-940-01_1730780793778_Frontal_View.jpg,anonymous_003-007-940-01_1730780793778_Frontal_View_tooth_014.jpg,0.7115,1290,381,1392,531,102,150
anonymous_003-007-941-00_1730781405268_Frontal_View.jpg,anonymous_003-007-941-00_1730781405268_Frontal_View_tooth_000.jpg,0.7737,142,157,293,335,151,178
anonymous_003-007-941-00_1730781405268_Frontal_View.jpg,anonymous_003-007-941-00_1730781405268_Frontal_View_tooth_001.jpg,0.5636,162,343,275,489,113,146
anonymous_003-007-941-00_1730781405268_Frontal_View.jpg,anonymous_003-007-941-00_1730781405268_Frontal_View_tooth_002.jpg,0.6526,285,370,401,529,116,159
anonymous_003-007-941-00_1730781405268_Frontal_View.jpg,anonymous_003-007-941-00_1730781405268_Frontal_View_tooth_003.jpg,0.8546,319,199,468,381,149,182
anonymous_003-007-941-00_1730781405268_Frontal_View.jpg,anonymous_003-007-941-00_1730781405268_Frontal_View_tooth_004.jpg,0.6835,423,394,568,589,145,195
anonymous_003-007-941-00_1730781405268_Frontal_View.jpg,anonymous_003-007-941-00_1730781405268_Frontal_View_tooth_005.jpg,0.8095,505,180,752,435,247,255
anonymous_003-007-941-00_1730781405268_Frontal_View.jpg,anonymous_003-007-941-00_1730781405268_Frontal_View_tooth_006.jpg,0.81,595,428,729,619,134,191
anonymous_003-007-941-00_1730781405268_Frontal_View.jpg,anonymous_003-007-941-00_1730781405268_Frontal_View_tooth_007.jpg,0.8086,751,424,906,620,155,196
anonymous_003-007-941-00_1730781405268_Frontal_View.jpg,anonymous_003-007-941-00_1730781405268_Frontal_View_tooth_008.jpg,0.7818,782,189,1021,437,239,248
anonymous_003-007-941-00_1730781405268_Frontal_View.jpg,anonymous_003-007-941-00_1730781405268_Frontal_View_tooth_009.jpg,0.6919,926,421,1069,603,143,182
anonymous_003-007-941-00_1730781405268_Frontal_View.jpg,anonymous_003-007-941-00_1730781405268_Frontal_View_tooth_010.jpg,0.8536,1041,208,1200,394,159,186
anonymous_003-007-941-00_1730781405268_Frontal_View.jpg,anonymous_003-007-941-00_1730781405268_Frontal_View_tooth_011.jpg,0.5848,1100,380,1213,535,113,155
anonymous_003-007-941-00_1730781405268_Frontal_View.jpg,anonymous_003-007-941-00_1730781405268_Frontal_View_tooth_012.jpg,0.4056,1223,355,1330,486,107,131
anonymous_003-007-941-00_1730781405268_Frontal_View.jpg,anonymous_003-007-941-00_1730781405268_Frontal_View_tooth_013.jpg,0.6372,1222,200,1368,350,146,150
anonymous_003-007-951-01_1730793957329_Frontal_View.jpg,anonymous_003-007-951-01_1730793957329_Frontal_View_tooth_000.jpg,0.2915,314,292,419,493,105,201
anonymous_003-007-951-01_1730793957329_Frontal_View.jpg,anonymous_003-007-951-01_1730793957329_Frontal_View_tooth_001.jpg,0.5073,330,536,427,666,97,130
anonymous_003-007-951-01_1730793957329_Frontal_View.jpg,anonymous_003-007-951-01_1730793957329_Frontal_View_tooth_002.jpg,0.6539,436,292,592,474,156,182
anonymous_003-007-951-01_1730793957329_Frontal_View.jpg,anonymous_003-007-951-01_1730793957329_Frontal_View_tooth_003.jpg,0.7983,460,496,588,722,128,226
anonymous_003-007-951-01_1730793957329_Frontal_View.jpg,anonymous_003-007-951-01_1730793957329_Frontal_View_tooth_004.jpg,0.7367,617,496,773,714,156,218
anonymous_003-007-951-01_1730793957329_Frontal_View.jpg,anonymous_003-007-951-01_1730793957329_Frontal_View_tooth_005.jpg,0.7669,625,212,874,485,249,273
anonymous_003-007-951-01_1730793957329_Frontal_View.jpg,anonymous_003-007-951-01_1730793957329_Frontal_View_tooth_006.jpg,0.7457,782,486,925,705,143,219
anonymous_003-007-951-01_1730793957329_Frontal_View.jpg,anonymous_003-007-951-01_1730793957329_Frontal_View_tooth_007.jpg,0.824,898,215,1136,486,238,271
anonymous_003-007-951-01_1730793957329_Frontal_View.jpg,anonymous_003-007-951-01_1730793957329_Frontal_View_tooth_008.jpg,0.7633,941,479,1080,694,139,215
anonymous_003-007-951-01_1730793957329_Frontal_View.jpg,anonymous_003-007-951-01_1730793957329_Frontal_View_tooth_009.jpg,0.5935,1093,465,1221,676,128,211
anonymous_003-007-951-01_1730793957329_Frontal_View.jpg,anonymous_003-007-951-01_1730793957329_Frontal_View_tooth_010.jpg,0.6872,1165,298,1278,473,113,175
anonymous_003-007-951-01_1730793957329_Frontal_View.jpg,anonymous_003-007-951-01_1730793957329_Frontal_View_tooth_011.jpg,0.5123,1235,477,1314,671,79,194
anonymous_003-007-951-01_1730793957329_Frontal_View.jpg,anonymous_003-007-951-01_1730793957329_Frontal_View_tooth_012.jpg,0.4107,1293,293,1364,459,71,166
anonymous_003-007-951-01_1730793957329_Frontal_View.jpg,anonymous_003-007-951-01_1730793957329_Frontal_View_tooth_013.jpg,0.2543,1353,471,1433,558,80,87
anonymous_003-007-951-01_1730793957329_Frontal_View.jpg,anonymous_003-007-951-01_1730793957329_Frontal_View_tooth_014.jpg,0.2688,1358,469,1452,567,94,98
anonymous_003-007-951-01_1730793957329_Frontal_View.jpg,anonymous_003-007-951-01_1730793957329_Frontal_View_tooth_015.jpg,0.2925,1420,369,1476,452,56,83
anonymous_003-007-952-00_1730794549491_Frontal_View.jpg,anonymous_003-007-952-00_1730794549491_Frontal_View_tooth_000.jpg,0.3511,266,274,386,496,120,222
anonymous_003-007-952-00_1730794549491_Frontal_View.jpg,anonymous_003-007-952-00_1730794549491_Frontal_View_tooth_001.jpg,0.417,287,538,395,682,108,144
anonymous_003-007-952-00_1730794549491_Frontal_View.jpg,anonymous_003-007-952-00_1730794549491_Frontal_View_tooth_002.jpg,0.7783,399,270,573,481,174,211
anonymous_003-007-952-00_1730794549491_Frontal_View.jpg,anonymous_003-007-952-00_1730794549491_Frontal_View_tooth_003.jpg,0.7401,433,506,584,759,151,253
anonymous_003-007-952-00_1730794549491_Frontal_View.jpg,anonymous_003-007-952-00_1730794549491_Frontal_View_tooth_004.jpg,0.7943,599,507,777,755,178,248
anonymous_003-007-952-00_1730794549491_Frontal_View.jpg,anonymous_003-007-952-00_1730794549491_Frontal_View_tooth_005.jpg,0.8273,613,190,899,500,286,310
anonymous_003-007-952-00_1730794549491_Frontal_View.jpg,anonymous_003-007-952-00_1730794549491_Frontal_View_tooth_006.jpg,0.771,794,497,958,744,164,247
anonymous_003-007-952-00_1730794549491_Frontal_View.jpg,anonymous_003-007-952-00_1730794549491_Frontal_View_tooth_007.jpg,0.8659,921,194,1203,500,282,306
anonymous_003-007-952-00_1730794549491_Frontal_View.jpg,anonymous_003-007-952-00_1730794549491_Frontal_View_tooth_008.jpg,0.8262,971,491,1134,739,163,248
anonymous_003-007-952-00_1730794549491_Frontal_View.jpg,anonymous_003-007-952-00_1730794549491_Frontal_View_tooth_009.jpg,0.7117,1144,468,1292,712,148,244
anonymous_003-007-952-00_1730794549491_Frontal_View.jpg,anonymous_003-007-952-00_1730794549491_Frontal_View_tooth_010.jpg,0.669,1226,263,1370,476,144,213
anonymous_003-007-952-00_1730794549491_Frontal_View.jpg,anonymous_003-007-952-00_1730794549491_Frontal_View_tooth_011.jpg,0.2883,1313,472,1395,671,82,199
anonymous_003-007-952-00_1730794549491_Frontal_View.jpg,anonymous_003-007-952-00_1730794549491_Frontal_View_tooth_012.jpg,0.3745,1317,469,1415,701,98,232
anonymous_003-007-952-00_1730794549491_Frontal_View.jpg,anonymous_003-007-952-00_1730794549491_Frontal_View_tooth_013.jpg,0.5647,1377,247,1478,452,101,205
anonymous_003-007-960-00_1730867324670_Left_Lateral_View.jpg,anonymous_003-007-960-00_1730867324670_Left_Lateral_View_tooth_000.jpg,0.6532,48,706,323,918,275,212
anonymous_003-007-960-00_1730867324670_Left_Lateral_View.jpg,anonymous_003-007-960-00_1730867324670_Left_Lateral_View_tooth_001.jpg,0.7536,48,343,347,703,299,360
anonymous_003-007-960-00_1730867324670_Left_Lateral_View.jpg,anonymous_003-007-960-00_1730867324670_Left_Lateral_View_tooth_002.jpg,0.2939,345,808,554,927,209,119
anonymous_003-007-960-00_1730867324670_Left_Lateral_View.jpg,anonymous_003-007-960-00_1730867324670_Left_Lateral_View_tooth_003.jpg,0.605,464,378,686,596,222,218
anonymous_003-007-960-00_1730867324670_Left_Lateral_View.jpg,anonymous_003-007-960-00_1730867324670_Left_Lateral_View_tooth_004.jpg,0.5071,642,695,868,910,226,215
anonymous_003-007-960-00_1730867324670_Left_Lateral_View.jpg,anonymous_003-007-960-00_1730867324670_Left_Lateral_View_tooth_005.jpg,0.6484,757,395,1042,686,285,291
anonymous_003-007-960-00_1730867324670_Left_Lateral_View.jpg,anonymous_003-007-960-00_1730867324670_Left_Lateral_View_tooth_006.jpg,0.4088,906,732,1178,857,272,125
anonymous_003-007-960-00_1730867324670_Left_Lateral_View.jpg,anonymous_003-007-960-00_1730867324670_Left_Lateral_View_tooth_007.jpg,0.6904,1038,517,1223,705,185,188
anonymous_003-007-960-00_1730867324670_Left_Lateral_View.jpg,anonymous_003-007-960-00_1730867324670_Left_Lateral_View_tooth_008.jpg,0.3802,1204,712,1443,853,239,141
anonymous_003-007-960-00_1730867324670_Left_Lateral_View.jpg,anonymous_003-007-960-00_1730867324670_Left_Lateral_View_tooth_009.jpg,0.6724,1238,512,1432,693,194,181
anonymous_003-007-966-00_1730877856983_Frontal_View.jpg,anonymous_003-007-966-00_1730877856983_Frontal_View_tooth_000.jpg,0.2619,132,287,235,446,103,159
anonymous_003-007-966-00_1730877856983_Frontal_View.jpg,anonymous_003-007-966-00_1730877856983_Frontal_View_tooth_001.jpg,0.2502,206,506,309,683,103,177
anonymous_003-007-966-00_1730877856983_Frontal_View.jpg,anonymous_003-007-966-00_1730877856983_Frontal_View_tooth_002.jpg,0.3287,203,494,349,680,146,186
anonymous_003-007-966-00_1730877856983_Frontal_View.jpg,anonymous_003-007-966-00_1730877856983_Frontal_View_tooth_003.jpg,0.3031,211,501,322,661,111,160
anonymous_003-007-966-00_1730877856983_Frontal_View.jpg,anonymous_003-007-966-00_1730877856983_Frontal_View_tooth_004.jpg,0.4567,251,229,381,481,130,252
anonymous_003-007-966-00_1730877856983_Frontal_View.jpg,anonymous_003-007-966-00_1730877856983_Frontal_View_tooth_005.jpg,0.6887,329,523,487,808,158,285
anonymous_003-007-966-00_1730877856983_Frontal_View.jpg,anonymous_003-007-966-00_1730877856983_Frontal_View_tooth_006.jpg,0.2987,339,534,477,762,138,228
anonymous_003-007-966-00_1730877856983_Frontal_View.jpg,anonymous_003-007-966-00_1730877856983_Frontal_View_tooth_007.jpg,0.7025,402,199,608,464,206,265
anonymous_003-007-966-00_1730877856983_Frontal_View.jpg,anonymous_003-007-966-00_1730877856983_Frontal_View_tooth_008.jpg,0.8209,508,505,684,741,176,236
anonymous_003-007-966-00_1730877856983_Frontal_View.jpg,anonymous_003-007-966-00_1730877856983_Frontal_View_tooth_009.jpg,0.845,635,162,948,512,313,350
anonymous_003-007-966-00_1730877856983_Frontal_View.jpg,anonymous_003-007-966-00_1730877856983_Frontal_View_tooth_010.jpg,0.8255,706,503,910,802,204,299
anonymous_003-007-966-00_1730877856983_Frontal_View.jpg,anonymous_003-007-966-00_1730877856983_Frontal_View_tooth_011.jpg,0.8295,932,498,1120,793,188,295
anonymous_003-007-966-00_1730877856983_Frontal_View.jpg,anonymous_003-007-966-00_1730877856983_Frontal_View_tooth_012.jpg,0.8043,979,213,1265,525,286,312
anonymous_003-007-966-00_1730877856983_Frontal_View.jpg,anonymous_003-007-966-00_1730877856983_Frontal_View_tooth_013.jpg,0.7144,1142,515,1330,745,188,230
anonymous_003-007-966-00_1730877856983_Frontal_View.jpg,anonymous_003-007-966-00_1730877856983_Frontal_View_tooth_014.jpg,0.7471,1282,251,1460,493,178,242
anonymous_003-007-966-00_1730877856983_Frontal_View.jpg,anonymous_003-007-966-00_1730877856983_Frontal_View_tooth_015.jpg,0.59,1354,492,1462,763,108,271
anonymous_003-007-966-00_1730877856983_Frontal_View.jpg,anonymous_003-007-966-00_1730877856983_Frontal_View_tooth_016.jpg,0.4135,1473,524,1563,685,90,161
anonymous_003-007-986-01_1730958260724_Frontal_View.jpg,anonymous_003-007-986-01_1730958260724_Frontal_View_tooth_000.jpg,0.3095,223,296,306,412,83,116
anonymous_003-007-986-01_1730958260724_Frontal_View.jpg,anonymous_003-007-986-01_1730958260724_Frontal_View_tooth_001.jpg,0.4572,280,445,419,555,139,110
anonymous_003-007-986-01_1730958260724_Frontal_View.jpg,anonymous_003-007-986-01_1730958260724_Frontal_View_tooth_002.jpg,0.3257,305,442,420,536,115,94
anonymous_003-007-986-01_1730958260724_Frontal_View.jpg,anonymous_003-007-986-01_1730958260724_Frontal_View_tooth_003.jpg,0.319,320,285,398,427,78,142
anonymous_003-007-986-01_1730958260724_Frontal_View.jpg,anonymous_003-007-986-01_1730958260724_Frontal_View_tooth_004.jpg,0.2937,398,451,520,617,122,166
anonymous_003-007-986-01_1730958260724_Frontal_View.jpg,anonymous_003-007-986-01_1730958260724_Frontal_View_tooth_005.jpg,0.6668,407,212,534,428,127,216
anonymous_003-007-986-01_1730958260724_Frontal_View.jpg,anonymous_003-007-986-01_1730958260724_Frontal_View_tooth_006.jpg,0.6391,419,454,522,596,103,142
anonymous_003-007-986-01_1730958260724_Frontal_View.jpg,anonymous_003-007-986-01_1730958260724_Frontal_View_tooth_007.jpg,0.541,523,459,636,631,113,172
anonymous_003-007-986-01_1730958260724_Frontal_View.jpg,anonymous_003-007-986-01_1730958260724_Frontal_View_tooth_008.jpg,0.7463,560,228,684,404,124,176
anonymous_003-007-986-01_1730958260724_Frontal_View.jpg,anonymous_003-007-986-01_1730958260724_Frontal_View_tooth_009.jpg,0.793,661,416,805,613,144,197
anonymous_003-007-986-01_1730958260724_Frontal_View.jpg,anonymous_003-007-986-01_1730958260724_Frontal_View_tooth_010.jpg,0.8212,699,160,913,420,214,260
anonymous_003-007-986-01_1730958260724_Frontal_View.jpg,anonymous_003-007-986-01_1730958260724_Frontal_View_tooth_011.jpg,0.8528,819,412,955,637,136,225
anonymous_003-007-986-01_1730958260724_Frontal_View.jpg,anonymous_003-007-986-01_1730958260724_Frontal_View_tooth_012.jpg,0.7985,933,138,1125,416,192,278
anonymous_003-007-986-01_1730958260724_Frontal_View.jpg,anonymous_003-007-986-01_1730958260724_Frontal_View_tooth_013.jpg,0.7897,966,414,1104,638,138,224
anonymous_003-007-986-01_1730958260724_Frontal_View.jpg,anonymous_003-007-986-01_1730958260724_Frontal_View_tooth_014.jpg,0.6552,1105,433,1219,637,114,204
anonymous_003-007-986-01_1730958260724_Frontal_View.jpg,anonymous_003-007-986-01_1730958260724_Frontal_View_tooth_015.jpg,0.4041,1136,245,1203,403,67,158
anonymous_003-007-986-01_1730958260724_Frontal_View.jpg,anonymous_003-007-986-01_1730958260724_Frontal_View_tooth_016.jpg,0.5186,1217,155,1326,382,109,227
anonymous_003-007-986-01_1730958260724_Frontal_View.jpg,anonymous_003-007-986-01_1730958260724_Frontal_View_tooth_017.jpg,0.2532,1222,511,1297,630,75,119
anonymous_003-007-987-00_1730958766991_Left_Lateral_View.jpg,anonymous_003-007-987-00_1730958766991_Left_Lateral_View_tooth_000.jpg,0.3019,0,227,43,490,43,263
anonymous_003-007-987-00_1730958766991_Left_Lateral_View.jpg,anonymous_003-007-987-00_1730958766991_Left_Lateral_View_tooth_001.jpg,0.7985,0,492,209,735,209,243
anonymous_003-007-987-00_1730958766991_Left_Lateral_View.jpg,anonymous_003-007-987-00_1730958766991_Left_Lateral_View_tooth_002.jpg,0.8669,57,253,247,492,190,239
anonymous_003-007-987-00_1730958766991_Left_Lateral_View.jpg,anonymous_003-007-987-00_1730958766991_Left_Lateral_View_tooth_003.jpg,0.6571,206,551,374,791,168,240
anonymous_003-007-987-00_1730958766991_Left_Lateral_View.jpg,anonymous_003-007-987-00_1730958766991_Left_Lateral_View_tooth_004.jpg,0.2526,297,202,505,468,208,266
anonymous_003-007-987-00_1730958766991_Left_Lateral_View.jpg,anonymous_003-007-987-00_1730958766991_Left_Lateral_View_tooth_005.jpg,0.792,305,150,530,451,225,301
anonymous_003-007-987-00_1730958766991_Left_Lateral_View.jpg,anonymous_003-007-987-00_1730958766991_Left_Lateral_View_tooth_006.jpg,0.6777,391,483,600,704,209,221
anonymous_003-007-987-00_1730958766991_Left_Lateral_View.jpg,anonymous_003-007-987-00_1730958766991_Left_Lateral_View_tooth_007.jpg,0.5679,559,263,727,434,168,171
anonymous_003-007-987-00_1730958766991_Left_Lateral_View.jpg,anonymous_003-007-987-00_1730958766991_Left_Lateral_View_tooth_008.jpg,0.5585,676,470,935,764,259,294
anonymous_003-007-987-00_1730958766991_Left_Lateral_View.jpg,anonymous_003-007-987-00_1730958766991_Left_Lateral_View_tooth_009.jpg,0.2791,693,544,920,765,227,221
anonymous_003-007-987-00_1730958766991_Left_Lateral_View.jpg,anonymous_003-007-987-00_1730958766991_Left_Lateral_View_tooth_010.jpg,0.5262,761,272,910,375,149,103
anonymous_003-007-987-00_1730958766991_Left_Lateral_View.jpg,anonymous_003-007-987-00_1730958766991_Left_Lateral_View_tooth_011.jpg,0.4506,945,251,1103,382,158,131
anonymous_003-007-987-00_1730958766991_Left_Lateral_View.jpg,anonymous_003-007-987-00_1730958766991_Left_Lateral_View_tooth_012.jpg,0.2976,950,214,1118,378,168,164
anonymous_003-007-993-00_1730966079833_Frontal_View.jpg,anonymous_003-007-993-00_1730966079833_Frontal_View_tooth_000.jpg,0.3393,197,441,413,644,216,203
anonymous_003-007-993-00_1730966079833_Frontal_View.jpg,anonymous_003-007-993-00_1730966079833_Frontal_View_tooth_001.jpg,0.2713,283,477,415,652,132,175
anonymous_003-007-993-00_1730966079833_Frontal_View.jpg,anonymous_003-007-993-00_1730966079833_Frontal_View_tooth_002.jpg,0.6306,440,480,594,666,154,186
anonymous_003-007-993-00_1730966079833_Frontal_View.jpg,anonymous_003-007-993-00_1730966079833_Frontal_View_tooth_003.jpg,0.8363,467,114,744,478,277,364
anonymous_003-007-993-00_1730966079833_Frontal_View.jpg,anonymous_003-007-993-00_1730966079833_Frontal_View_tooth_004.jpg,0.8095,603,478,786,745,183,267
anonymous_003-007-993-00_1730966079833_Frontal_View.jpg,anonymous_003-007-993-00_1730966079833_Frontal_View_tooth_005.jpg,0.8027,802,118,1088,488,286,370
anonymous_003-007-993-00_1730966079833_Frontal_View.jpg,anonymous_003-007-993-00_1730966079833_Frontal_View_tooth_006.jpg,0.8036,815,480,991,749,176,269
anonymous_003-007-993-00_1730966079833_Frontal_View.jpg,anonymous_003-007-993-00_1730966079833_Frontal_View_tooth_007.jpg,0.4952,1001,472,1148,662,147,190
anonymous_003-007-993-00_1730966079833_Frontal_View.jpg,anonymous_003-007-993-00_1730966079833_Frontal_View_tooth_008.jpg,0.4553,1102,236,1246,448,144,212
anonymous_003-007-993-00_1730966079833_Frontal_View.jpg,anonymous_003-007-993-00_1730966079833_Frontal_View_tooth_009.jpg,0.2568,1172,539,1291,672,119,133
anonymous_003-007-993-00_1730966079833_Frontal_View.jpg,anonymous_003-007-993-00_1730966079833_Frontal_View_tooth_010.jpg,0.5084,1167,447,1357,669,190,222
anonymous_003-007-993-00_1730966079833_Frontal_View.jpg,anonymous_003-007-993-00_1730966079833_Frontal_View_tooth_011.jpg,0.3526,1268,216,1359,348,91,132
anonymous_003-007-995-00_1730969030950_Frontal_View.jpg,anonymous_003-007-995-00_1730969030950_Frontal_View_tooth_000.jpg,0.6012,318,254,477,445,159,191
anonymous_003-007-995-00_1730969030950_Frontal_View.jpg,anonymous_003-007-995-00_1730969030950_Frontal_View_tooth_001.jpg,0.4062,379,451,504,557,125,106
anonymous_003-007-995-00_1730969030950_Frontal_View.jpg,anonymous_003-007-995-00_1730969030950_Frontal_View_tooth_002.jpg,0.8206,530,186,779,464,249,278
anonymous_003-007-995-00_1730969030950_Frontal_View.jpg,anonymous_003-007-995-00_1730969030950_Frontal_View_tooth_003.jpg,0.2955,554,458,699,603,145,145
anonymous_003-007-995-00_1730969030950_Frontal_View.jpg,anonymous_003-007-995-00_1730969030950_Frontal_View_tooth_004.jpg,0.6008,716,427,861,675,145,248
anonymous_003-007-995-00_1730969030950_Frontal_View.jpg,anonymous_003-007-995-00_1730969030950_Frontal_View_tooth_005.jpg,0.8219,813,144,1052,443,239,299
anonymous_003-007-995-00_1730969030950_Frontal_View.jpg,anonymous_003-007-995-00_1730969030950_Frontal_View_tooth_006.jpg,0.8175,881,426,1032,662,151,236
anonymous_003-007-995-00_1730969030950_Frontal_View.jpg,anonymous_003-007-995-00_1730969030950_Frontal_View_tooth_007.jpg,0.752,1047,402,1183,633,136,231
anonymous_003-007-995-00_1730969030950_Frontal_View.jpg,anonymous_003-007-995-00_1730969030950_Frontal_View_tooth_008.jpg,0.7799,1114,189,1247,399,133,210
anonymous_003-007-995-00_1730969030950_Frontal_View.jpg,anonymous_003-007-995-00_1730969030950_Frontal_View_tooth_009.jpg,0.446,1229,355,1331,514,102,159
anonymous_003-007-995-00_1730969030950_Frontal_View.jpg,anonymous_003-007-995-00_1730969030950_Frontal_View_tooth_010.jpg,0.4151,1265,217,1361,342,96,125
anonymous_003-008-1000-01_1730983693489_Mandibular_View.jpg,anonymous_003-008-1000-01_1730983693489_Mandibular_View_tooth_000.jpg,0.7355,66,266,251,444,185,178
anonymous_003-008-1000-01_1730983693489_Mandibular_View.jpg,anonymous_003-008-1000-01_1730983693489_Mandibular_View_tooth_001.jpg,0.6409,138,445,318,622,180,177
anonymous_003-008-1000-01_1730983693489_Mandibular_View.jpg,anonymous_003-008-1000-01_1730983693489_Mandibular_View_tooth_002.jpg,0.56,237,637,352,736,115,99
anonymous_003-008-1000-01_1730983693489_Mandibular_View.jpg,anonymous_003-008-1000-01_1730983693489_Mandibular_View_tooth_003.jpg,0.4858,275,751,398,851,123,100
anonymous_003-008-1000-01_1730983693489_Mandibular_View.jpg,anonymous_003-008-1000-01_1730983693489_Mandibular_View_tooth_004.jpg,0.347,750,928,857,1020,107,92
anonymous_003-008-1000-01_1730983693489_Mandibular_View.jpg,anonymous_003-008-1000-01_1730983693489_Mandibular_View_tooth_005.jpg,0.4173,883,897,993,994,110,97
anonymous_003-008-1000-01_1730983693489_Mandibular_View.jpg,anonymous_003-008-1000-01_1730983693489_Mandibular_View_tooth_006.jpg,0.3458,1001,825,1116,946,115,121
anonymous_003-008-1000-01_1730983693489_Mandibular_View.jpg,anonymous_003-008-1000-01_1730983693489_Mandibular_View_tooth_007.jpg,0.5099,1062,683,1170,793,108,110
anonymous_003-008-1000-01_1730983693489_Mandibular_View.jpg,anonymous_003-008-1000-01_1730983693489_Mandibular_View_tooth_008.jpg,0.4436,1106,568,1201,665,95,97
anonymous_003-008-1000-01_1730983693489_Mandibular_View.jpg,anonymous_003-008-1000-01_1730983693489_Mandibular_View_tooth_009.jpg,0.6912,1129,367,1310,550,181,183
anonymous_003-008-1000-01_1730983693489_Mandibular_View.jpg,anonymous_003-008-1000-01_1730983693489_Mandibular_View_tooth_010.jpg,0.6974,1178,202,1345,355,167,153
anonymous_003-008-1001-00_1730984142661_Mandibular_View.jpg,anonymous_003-008-1001-00_1730984142661_Mandibular_View_tooth_000.jpg,0.7488,63,116,221,263,158,147
anonymous_003-008-1001-00_1730984142661_Mandibular_View.jpg,anonymous_003-008-1001-00_1730984142661_Mandibular_View_tooth_001.jpg,0.6539,109,269,267,436,158,167
anonymous_003-008-1001-00_1730984142661_Mandibular_View.jpg,anonymous_003-008-1001-00_1730984142661_Mandibular_View_tooth_002.jpg,0.4711,185,447,285,531,100,84
anonymous_003-008-1001-00_1730984142661_Mandibular_View.jpg,anonymous_003-008-1001-00_1730984142661_Mandibular_View_tooth_003.jpg,0.2883,196,440,287,522,91,82
anonymous_003-008-1001-00_1730984142661_Mandibular_View.jpg,anonymous_003-008-1001-00_1730984142661_Mandibular_View_tooth_004.jpg,0.3753,219,545,315,638,96,93
anonymous_003-008-1001-00_1730984142661_Mandibular_View.jpg,anonymous_003-008-1001-00_1730984142661_Mandibular_View_tooth_005.jpg,0.3013,231,543,318,624,87,81
anonymous_003-008-1001-00_1730984142661_Mandibular_View.jpg,anonymous_003-008-1001-00_1730984142661_Mandibular_View_tooth_006.jpg,0.295,291,643,370,775,79,132
anonymous_003-008-1001-00_1730984142661_Mandibular_View.jpg,anonymous_003-008-1001-00_1730984142661_Mandibular_View_tooth_007.jpg,0.3242,403,732,496,814,93,82
anonymous_003-008-1001-00_1730984142661_Mandibular_View.jpg,anonymous_003-008-1001-00_1730984142661_Mandibular_View_tooth_008.jpg,0.5222,520,762,613,839,93,77
anonymous_003-008-1001-00_1730984142661_Mandibular_View.jpg,anonymous_003-008-1001-00_1730984142661_Mandibular_View_tooth_009.jpg,0.5778,635,752,733,847,98,95
anonymous_003-008-1001-00_1730984142661_Mandibular_View.jpg,anonymous_003-008-1001-00_1730984142661_Mandibular_View_tooth_010.jpg,0.4296,747,738,846,824,99,86
anonymous_003-008-1001-00_1730984142661_Mandibular_View.jpg,anonymous_003-008-1001-00_1730984142661_Mandibular_View_tooth_011.jpg,0.2924,843,678,953,793,110,115
anonymous_003-008-1001-00_1730984142661_Mandibular_View.jpg,anonymous_003-008-1001-00_1730984142661_Mandibular_View_tooth_012.jpg,0.5215,897,556,989,654,92,98
anonymous_003-008-1001-00_1730984142661_Mandibular_View.jpg,anonymous_003-008-1001-00_1730984142661_Mandibular_View_tooth_013.jpg,0.4289,941,466,1021,538,80,72
anonymous_003-008-1001-00_1730984142661_Mandibular_View.jpg,anonymous_003-008-1001-00_1730984142661_Mandibular_View_tooth_014.jpg,0.637,961,296,1119,443,158,147
anonymous_003-008-1001-00_1730984142661_Mandibular_View.jpg,anonymous_003-008-1001-00_1730984142661_Mandibular_View_tooth_015.jpg,0.7383,1005,168,1148,288,143,120
anonymous_003-008-1017-01_1731069493503_Mandibular_View.jpg,anonymous_003-008-1017-01_1731069493503_Mandibular_View_tooth_000.jpg,0.4182,183,343,359,431,176,88
anonymous_003-008-1017-01_1731069493503_Mandibular_View.jpg,anonymous_003-008-1017-01_1731069493503_Mandibular_View_tooth_001.jpg,0.3556,230,458,365,570,135,112
anonymous_003-008-1017-01_1731069493503_Mandibular_View.jpg,anonymous_003-008-1017-01_1731069493503_Mandibular_View_tooth_002.jpg,0.2975,244,455,372,546,128,91
anonymous_003-008-1017-01_1731069493503_Mandibular_View.jpg,anonymous_003-008-1017-01_1731069493503_Mandibular_View_tooth_003.jpg,0.4209,300,559,409,716,109,157
anonymous_003-008-1017-01_1731069493503_Mandibular_View.jpg,anonymous_003-008-1017-01_1731069493503_Mandibular_View_tooth_004.jpg,0.4386,436,658,566,780,130,122
anonymous_003-008-1017-01_1731069493503_Mandibular_View.jpg,anonymous_003-008-1017-01_1731069493503_Mandibular_View_tooth_005.jpg,0.7035,602,673,738,800,136,127
anonymous_003-008-1017-01_1731069493503_Mandibular_View.jpg,anonymous_003-008-1017-01_1731069493503_Mandibular_View_tooth_006.jpg,0.4586,761,665,885,801,124,136
anonymous_003-008-1017-01_1731069493503_Mandibular_View.jpg,anonymous_003-008-1017-01_1731069493503_Mandibular_View_tooth_007.jpg,0.5679,922,626,1046,765,124,139
anonymous_003-008-1017-01_1731069493503_Mandibular_View.jpg,anonymous_003-008-1017-01_1731069493503_Mandibular_View_tooth_008.jpg,0.4534,1081,557,1169,704,88,147
anonymous_003-008-1017-01_1731069493503_Mandibular_View.jpg,anonymous_003-008-1017-01_1731069493503_Mandibular_View_tooth_009.jpg,0.4152,1139,446,1237,564,98,118
anonymous_003-008-1017-01_1731069493503_Mandibular_View.jpg,anonymous_003-008-1017-01_1731069493503_Mandibular_View_tooth_010.jpg,0.5189,1137,336,1281,434,144,98
anonymous_003-008-1017-01_1731069493503_Mandibular_View.jpg,anonymous_003-008-1017-01_1731069493503_Mandibular_View_tooth_011.jpg,0.5792,1184,186,1371,327,187,141
anonymous_003-008-1017-01_1731069493503_Mandibular_View.jpg,anonymous_003-008-1017-01_1731069493503_Mandibular_View_tooth_012.jpg,0.5395,1258,37,1412,170,154,133
anonymous_003-008-1018-00_1731069917933_Mandibular_View.jpg,anonymous_003-008-1018-00_1731069917933_Mandibular_View_tooth_000.jpg,0.7667,50,91,188,215,138,124
anonymous_003-008-1018-00_1731069917933_Mandibular_View.jpg,anonymous_003-008-1018-00_1731069917933_Mandibular_View_tooth_001.jpg,0.5771,83,219,237,344,154,125
anonymous_003-008-1018-00_1731069917933_Mandibular_View.jpg,anonymous_003-008-1018-00_1731069917933_Mandibular_View_tooth_002.jpg,0.5858,149,358,274,442,125,84
anonymous_003-008-1018-00_1731069917933_Mandibular_View.jpg,anonymous_003-008-1018-00_1731069917933_Mandibular_View_tooth_003.jpg,0.5355,202,453,293,566,91,113
anonymous_003-008-1018-00_1731069917933_Mandibular_View.jpg,anonymous_003-008-1018-00_1731069917933_Mandibular_View_tooth_004.jpg,0.5165,273,565,355,693,82,128
anonymous_003-008-1018-00_1731069917933_Mandibular_View.jpg,anonymous_003-008-1018-00_1731069917933_Mandibular_View_tooth_005.jpg,0.4228,387,647,488,756,101,109
anonymous_003-008-1018-00_1731069917933_Mandibular_View.jpg,anonymous_003-008-1018-00_1731069917933_Mandibular_View_tooth_006.jpg,0.6397,522,679,627,774,105,95
anonymous_003-008-1018-00_1731069917933_Mandibular_View.jpg,anonymous_003-008-1018-00_1731069917933_Mandibular_View_tooth_007.jpg,0.3378,648,676,735,774,87,98
anonymous_003-008-1018-00_1731069917933_Mandibular_View.jpg,anonymous_003-008-1018-00_1731069917933_Mandibular_View_tooth_008.jpg,0.3328,762,652,856,755,94,103
anonymous_003-008-1018-00_1731069917933_Mandibular_View.jpg,anonymous_003-008-1018-00_1731069917933_Mandibular_View_tooth_009.jpg,0.5243,887,474,976,556,89,82
anonymous_003-008-1018-00_1731069917933_Mandibular_View.jpg,anonymous_003-008-1018-00_1731069917933_Mandibular_View_tooth_010.jpg,0.5228,889,377,1010,462,121,85
anonymous_003-008-1018-00_1731069917933_Mandibular_View.jpg,anonymous_003-008-1018-00_1731069917933_Mandibular_View_tooth_011.jpg,0.7568,907,241,1058,364,151,123
anonymous_003-008-1018-00_1731069917933_Mandibular_View.jpg,anonymous_003-008-1018-00_1731069917933_Mandibular_View_tooth_012.jpg,0.7559,939,113,1078,232,139,119
anonymous_003-008-1047-01_1731323271524_Mandibular_View.jpg,anonymous_003-008-1047-01_1731323271524_Mandibular_View_tooth_000.jpg,0.7993,147,90,336,261,189,171
anonymous_003-008-1047-01_1731323271524_Mandibular_View.jpg,anonymous_003-008-1047-01_1731323271524_Mandibular_View_tooth_001.jpg,0.712,188,284,354,455,166,171
anonymous_003-008-1047-01_1731323271524_Mandibular_View.jpg,anonymous_003-008-1047-01_1731323271524_Mandibular_View_tooth_002.jpg,0.5604,303,462,416,621,113,159
anonymous_003-008-1047-01_1731323271524_Mandibular_View.jpg,anonymous_003-008-1047-01_1731323271524_Mandibular_View_tooth_003.jpg,0.3828,742,723,850,793,108,70
anonymous_003-008-1047-01_1731323271524_Mandibular_View.jpg,anonymous_003-008-1047-01_1731323271524_Mandibular_View_tooth_004.jpg,0.295,977,651,1060,723,83,72
anonymous_003-008-1047-01_1731323271524_Mandibular_View.jpg,anonymous_003-008-1047-01_1731323271524_Mandibular_View_tooth_005.jpg,0.4808,1048,491,1158,628,110,137
anonymous_003-008-1047-01_1731323271524_Mandibular_View.jpg,anonymous_003-008-1047-01_1731323271524_Mandibular_View_tooth_006.jpg,0.7003,1109,320,1265,488,156,168
anonymous_003-008-1047-01_1731323271524_Mandibular_View.jpg,anonymous_003-008-1047-01_1731323271524_Mandibular_View_tooth_007.jpg,0.2833,1133,321,1260,464,127,143
anonymous_003-008-1047-01_1731323271524_Mandibular_View.jpg,anonymous_003-008-1047-01_1731323271524_Mandibular_View_tooth_008.jpg,0.6694,1152,145,1321,305,169,160
anonymous_003-008-1052-00_1731329608354_Mandibular_View.jpg,anonymous_003-008-1052-00_1731329608354_Mandibular_View_tooth_000.jpg,0.7579,73,161,241,323,168,162
anonymous_003-008-1052-00_1731329608354_Mandibular_View.jpg,anonymous_003-008-1052-00_1731329608354_Mandibular_View_tooth_001.jpg,0.722,147,336,297,486,150,150
anonymous_003-008-1052-00_1731329608354_Mandibular_View.jpg,anonymous_003-008-1052-00_1731329608354_Mandibular_View_tooth_002.jpg,0.6305,220,498,329,602,109,104
anonymous_003-008-1052-00_1731329608354_Mandibular_View.jpg,anonymous_003-008-1052-00_1731329608354_Mandibular_View_tooth_003.jpg,0.2524,385,712,498,772,113,60
anonymous_003-008-1052-00_1731329608354_Mandibular_View.jpg,anonymous_003-008-1052-00_1731329608354_Mandibular_View_tooth_004.jpg,0.2941,516,760,612,813,96,53
anonymous_003-008-1052-00_1731329608354_Mandibular_View.jpg,anonymous_003-008-1052-00_1731329608354_Mandibular_View_tooth_005.jpg,0.4511,637,733,725,819,88,86
anonymous_003-008-1052-00_1731329608354_Mandibular_View.jpg,anonymous_003-008-1052-00_1731329608354_Mandibular_View_tooth_006.jpg,0.3482,737,710,846,792,109,82
anonymous_003-008-1052-00_1731329608354_Mandibular_View.jpg,anonymous_003-008-1052-00_1731329608354_Mandibular_View_tooth_007.jpg,0.5056,831,525,923,605,92,80
anonymous_003-008-1052-00_1731329608354_Mandibular_View.jpg,anonymous_003-008-1052-00_1731329608354_Mandibular_View_tooth_008.jpg,0.5708,881,357,1037,508,156,151
anonymous_003-008-1052-00_1731329608354_Mandibular_View.jpg,anonymous_003-008-1052-00_1731329608354_Mandibular_View_tooth_009.jpg,0.3341,895,350,1047,483,152,133
anonymous_003-008-1052-00_1731329608354_Mandibular_View.jpg,anonymous_003-008-1052-00_1731329608354_Mandibular_View_tooth_010.jpg,0.6946,917,190,1081,348,164,158
anonymous_003-008-1052-00_1731329608354_Mandibular_View.jpg,anonymous_003-008-1052-00_1731329608354_Mandibular_View_tooth_011.jpg,0.3441,940,590,1058,707,118,117
anonymous_003-008-1072-00_1731415782557_Right_Lateral_View.jpg,anonymous_003-008-1072-00_1731415782557_Right_Lateral_View_tooth_000.jpg,0.7409,92,185,165,288,73,103
anonymous_003-008-1072-00_1731415782557_Right_Lateral_View.jpg,anonymous_003-008-1072-00_1731415782557_Right_Lateral_View_tooth_001.jpg,0.4813,173,186,242,278,69,92
anonymous_003-008-1072-00_1731415782557_Right_Lateral_View.jpg,anonymous_003-008-1072-00_1731415782557_Right_Lateral_View_tooth_002.jpg,0.6784,200,279,287,365,87,86
anonymous_003-008-1072-00_1731415782557_Right_Lateral_View.jpg,anonymous_003-008-1072-00_1731415782557_Right_Lateral_View_tooth_003.jpg,0.6209,241,159,316,279,75,120
anonymous_003-008-1072-00_1731415782557_Right_Lateral_View.jpg,anonymous_003-008-1072-00_1731415782557_Right_Lateral_View_tooth_004.jpg,0.6485,298,269,401,376,103,107
anonymous_003-008-1072-00_1731415782557_Right_Lateral_View.jpg,anonymous_003-008-1072-00_1731415782557_Right_Lateral_View_tooth_005.jpg,0.7493,314,94,431,252,117,158
anonymous_003-008-1072-00_1731415782557_Right_Lateral_View.jpg,anonymous_003-008-1072-00_1731415782557_Right_Lateral_View_tooth_006.jpg,0.7125,406,227,501,378,95,151
anonymous_003-008-1072-00_1731415782557_Right_Lateral_View.jpg,anonymous_003-008-1072-00_1731415782557_Right_Lateral_View_tooth_007.jpg,0.7491,455,88,569,217,114,129
anonymous_003-008-1072-00_1731415782557_Right_Lateral_View.jpg,anonymous_003-008-1072-00_1731415782557_Right_Lateral_View_tooth_008.jpg,0.8028,514,217,627,362,113,145
anonymous_003-008-1072-00_1731415782557_Right_Lateral_View.jpg,anonymous_003-008-1072-00_1731415782557_Right_Lateral_View_tooth_009.jpg,0.8337,590,88,765,230,175,142
anonymous_003-008-1072-00_1731415782557_Right_Lateral_View.jpg,anonymous_003-008-1072-00_1731415782557_Right_Lateral_View_tooth_010.jpg,0.755,640,226,746,362,106,136
anonymous_003-008-1072-00_1731415782557_Right_Lateral_View.jpg,anonymous_003-008-1072-00_1731415782557_Right_Lateral_View_tooth_011.jpg,0.8145,763,238,857,365,94,127
anonymous_003-008-1072-00_1731415782557_Right_Lateral_View.jpg,anonymous_003-008-1072-00_1731415782557_Right_Lateral_View_tooth_012.jpg,0.8096,783,99,889,249,106,150
anonymous_003-008-1074-00_1731418391377_Mandibular_View.jpg,anonymous_003-008-1074-00_1731418391377_Mandibular_View_tooth_000.jpg,0.8018,93,164,267,331,174,167
anonymous_003-008-1074-00_1731418391377_Mandibular_View.jpg,anonymous_003-008-1074-00_1731418391377_Mandibular_View_tooth_001.jpg,0.8122,133,330,315,505,182,175
anonymous_003-008-1074-00_1731418391377_Mandibular_View.jpg,anonymous_003-008-1074-00_1731418391377_Mandibular_View_tooth_002.jpg,0.641,203,497,336,617,133,120
anonymous_003-008-1074-00_1731418391377_Mandibular_View.jpg,anonymous_003-008-1074-00_1731418391377_Mandibular_View_tooth_003.jpg,0.5282,264,620,378,760,114,140
anonymous_003-008-1074-00_1731418391377_Mandibular_View.jpg,anonymous_003-008-1074-00_1731418391377_Mandibular_View_tooth_004.jpg,0.4688,376,667,474,829,98,162
anonymous_003-008-1074-00_1731418391377_Mandibular_View.jpg,anonymous_003-008-1074-00_1731418391377_Mandibular_View_tooth_005.jpg,0.572,485,747,583,879,98,132
anonymous_003-008-1074-00_1731418391377_Mandibular_View.jpg,anonymous_003-008-1074-00_1731418391377_Mandibular_View_tooth_006.jpg,0.6238,600,789,691,897,91,108
anonymous_003-008-1074-00_1731418391377_Mandibular_View.jpg,anonymous_003-008-1074-00_1731418391377_Mandibular_View_tooth_007.jpg,0.5034,713,805,813,897,100,92
anonymous_003-008-1074-00_1731418391377_Mandibular_View.jpg,anonymous_003-008-1074-00_1731418391377_Mandibular_View_tooth_008.jpg,0.4901,824,749,911,875,87,126
anonymous_003-008-1074-00_1731418391377_Mandibular_View.jpg,anonymous_003-008-1074-00_1731418391377_Mandibular_View_tooth_009.jpg,0.3369,919,666,988,833,69,167
anonymous_003-008-1074-00_1731418391377_Mandibular_View.jpg,anonymous_003-008-1074-00_1731418391377_Mandibular_View_tooth_010.jpg,0.452,1002,653,1089,783,87,130
anonymous_003-008-1074-00_1731418391377_Mandibular_View.jpg,anonymous_003-008-1074-00_1731418391377_Mandibular_View_tooth_011.jpg,0.6151,1000,530,1111,633,111,103
anonymous_003-008-1074-00_1731418391377_Mandibular_View.jpg,anonymous_003-008-1074-00_1731418391377_Mandibular_View_tooth_012.jpg,0.2609,1005,415,1181,528,176,113
anonymous_003-008-1074-00_1731418391377_Mandibular_View.jpg,anonymous_003-008-1074-00_1731418391377_Mandibular_View_tooth_013.jpg,0.6108,1010,366,1183,522,173,156
anonymous_003-008-1074-00_1731418391377_Mandibular_View.jpg,anonymous_003-008-1074-00_1731418391377_Mandibular_View_tooth_014.jpg,0.7567,1061,216,1228,360,167,144
anonymous_003-008-1076-00_1731420270817_Right_Lateral_View.jpg,anonymous_003-008-1076-00_1731420270817_Right_Lateral_View_tooth_000.jpg,0.3725,66,328,247,391,181,63
anonymous_003-008-1076-00_1731420270817_Right_Lateral_View.jpg,anonymous_003-008-1076-00_1731420270817_Right_Lateral_View_tooth_001.jpg,0.6196,79,234,173,323,94,89
anonymous_003-008-1076-00_1731420270817_Right_Lateral_View.jpg,anonymous_003-008-1076-00_1731420270817_Right_Lateral_View_tooth_002.jpg,0.4897,180,231,252,313,72,82
anonymous_003-008-1076-00_1731420270817_Right_Lateral_View.jpg,anonymous_003-008-1076-00_1731420270817_Right_Lateral_View_tooth_003.jpg,0.336,254,318,343,382,89,64
anonymous_003-008-1076-00_1731420270817_Right_Lateral_View.jpg,anonymous_003-008-1076-00_1731420270817_Right_Lateral_View_tooth_004.jpg,0.4279,262,318,341,369,79,51
anonymous_003-008-1076-00_1731420270817_Right_Lateral_View.jpg,anonymous_003-008-1076-00_1731420270817_Right_Lateral_View_tooth_005.jpg,0.7299,263,197,355,317,92,120
anonymous_003-008-1076-00_1731420270817_Right_Lateral_View.jpg,anonymous_003-008-1076-00_1731420270817_Right_Lateral_View_tooth_006.jpg,0.7805,346,303,456,412,110,109
anonymous_003-008-1076-00_1731420270817_Right_Lateral_View.jpg,anonymous_003-008-1076-00_1731420270817_Right_Lateral_View_tooth_007.jpg,0.768,362,134,472,302,110,168
anonymous_003-008-1076-00_1731420270817_Right_Lateral_View.jpg,anonymous_003-008-1076-00_1731420270817_Right_Lateral_View_tooth_008.jpg,0.6545,485,298,604,407,119,109
anonymous_003-008-1076-00_1731420270817_Right_Lateral_View.jpg,anonymous_003-008-1076-00_1731420270817_Right_Lateral_View_tooth_009.jpg,0.7752,509,139,653,307,144,168
anonymous_003-008-1076-00_1731420270817_Right_Lateral_View.jpg,anonymous_003-008-1076-00_1731420270817_Right_Lateral_View_tooth_010.jpg,0.3317,629,309,723,392,94,83
anonymous_003-008-1076-00_1731420270817_Right_Lateral_View.jpg,anonymous_003-008-1076-00_1731420270817_Right_Lateral_View_tooth_011.jpg,0.3394,633,276,729,390,96,114
anonymous_003-008-1076-00_1731420270817_Right_Lateral_View.jpg,anonymous_003-008-1076-00_1731420270817_Right_Lateral_View_tooth_012.jpg,0.7035,741,253,842,409,101,156
anonymous_003-008-1076-00_1731420270817_Right_Lateral_View.jpg,anonymous_003-008-1076-00_1731420270817_Right_Lateral_View_tooth_013.jpg,0.3991,854,322,941,391,87,69
anonymous_003-008-1076-00_1731420270817_Right_Lateral_View.jpg,anonymous_003-008-1076-00_1731420270817_Right_Lateral_View_tooth_014.jpg,0.7496,860,204,973,325,113,121
anonymous_003-008-1101-01_1732268674659_Maxillary_Occlusal_View.jpg,anonymous_003-008-1101-01_1732268674659_Maxillary_Occlusal_View_tooth_000.jpg,0.5211,166,745,402,906,236,161
anonymous_003-008-1101-01_1732268674659_Maxillary_Occlusal_View.jpg,anonymous_003-008-1101-01_1732268674659_Maxillary_Occlusal_View_tooth_001.jpg,0.4649,281,632,462,744,181,112
anonymous_003-008-1101-01_1732268674659_Maxillary_Occlusal_View.jpg,anonymous_003-008-1101-01_1732268674659_Maxillary_Occlusal_View_tooth_002.jpg,0.6078,290,457,478,588,188,131
anonymous_003-008-1101-01_1732268674659_Maxillary_Occlusal_View.jpg,anonymous_003-008-1101-01_1732268674659_Maxillary_Occlusal_View_tooth_003.jpg,0.5629,372,267,501,425,129,158
anonymous_003-008-1101-01_1732268674659_Maxillary_Occlusal_View.jpg,anonymous_003-008-1101-01_1732268674659_Maxillary_Occlusal_View_tooth_004.jpg,0.4158,508,206,647,296,139,90
anonymous_003-008-1101-01_1732268674659_Maxillary_Occlusal_View.jpg,anonymous_003-008-1101-01_1732268674659_Maxillary_Occlusal_View_tooth_005.jpg,0.5413,613,100,827,206,214,106
anonymous_003-008-1101-01_1732268674659_Maxillary_Occlusal_View.jpg,anonymous_003-008-1101-01_1732268674659_Maxillary_Occlusal_View_tooth_006.jpg,0.3791,849,78,1053,238,204,160
anonymous_003-008-1101-01_1732268674659_Maxillary_Occlusal_View.jpg,anonymous_003-008-1101-01_1732268674659_Maxillary_Occlusal_View_tooth_007.jpg,0.4851,1075,356,1201,495,126,139
anonymous_003-008-1101-01_1732268674659_Maxillary_Occlusal_View.jpg,anonymous_003-008-1101-01_1732268674659_Maxillary_Occlusal_View_tooth_008.jpg,0.2943,1085,188,1192,321,107,133
anonymous_003-008-1101-01_1732268674659_Maxillary_Occlusal_View.jpg,anonymous_003-008-1101-01_1732268674659_Maxillary_Occlusal_View_tooth_009.jpg,0.6774,1207,534,1399,648,192,114
anonymous_003-008-1101-01_1732268674659_Maxillary_Occlusal_View.jpg,anonymous_003-008-1101-01_1732268674659_Maxillary_Occlusal_View_tooth_010.jpg,0.4187,1246,343,1359,496,113,153
anonymous_003-008-1101-01_1732268674659_Maxillary_Occlusal_View.jpg,anonymous_003-008-1101-01_1732268674659_Maxillary_Occlusal_View_tooth_011.jpg,0.6098,1247,680,1429,783,182,103
anonymous_003-008-1101-01_1732268674659_Maxillary_Occlusal_View.jpg,anonymous_003-008-1101-01_1732268674659_Maxillary_Occlusal_View_tooth_012.jpg,0.5865,1304,807,1536,944,232,137
anonymous_003-008-1105-01_1732274761826_Maxillary_Occlusal_View.jpg,anonymous_003-008-1105-01_1732274761826_Maxillary_Occlusal_View_tooth_000.jpg,0.5689,105,851,285,987,180,136
anonymous_003-008-1105-01_1732274761826_Maxillary_Occlusal_View.jpg,anonymous_003-008-1105-01_1732274761826_Maxillary_Occlusal_View_tooth_001.jpg,0.7109,118,653,316,806,198,153
anonymous_003-008-1105-01_1732274761826_Maxillary_Occlusal_View.jpg,anonymous_003-008-1105-01_1732274761826_Maxillary_Occlusal_View_tooth_002.jpg,0.5059,205,542,348,639,143,97
anonymous_003-008-1105-01_1732274761826_Maxillary_Occlusal_View.jpg,anonymous_003-008-1105-01_1732274761826_Maxillary_Occlusal_View_tooth_003.jpg,0.5108,241,400,404,523,163,123
anonymous_003-008-1105-01_1732274761826_Maxillary_Occlusal_View.jpg,anonymous_003-008-1105-01_1732274761826_Maxillary_Occlusal_View_tooth_004.jpg,0.4913,325,236,465,380,140,144
anonymous_003-008-1105-01_1732274761826_Maxillary_Occlusal_View.jpg,anonymous_003-008-1105-01_1732274761826_Maxillary_Occlusal_View_tooth_005.jpg,0.2779,449,135,555,241,106,106
anonymous_003-008-1105-01_1732274761826_Maxillary_Occlusal_View.jpg,anonymous_003-008-1105-01_1732274761826_Maxillary_Occlusal_View_tooth_006.jpg,0.3944,571,96,755,185,184,89
anonymous_003-008-1105-01_1732274761826_Maxillary_Occlusal_View.jpg,anonymous_003-008-1105-01_1732274761826_Maxillary_Occlusal_View_tooth_007.jpg,0.3588,767,87,944,221,177,134
anonymous_003-008-1105-01_1732274761826_Maxillary_Occlusal_View.jpg,anonymous_003-008-1105-01_1732274761826_Maxillary_Occlusal_View_tooth_008.jpg,0.3093,771,91,938,172,167,81
anonymous_003-008-1105-01_1732274761826_Maxillary_Occlusal_View.jpg,anonymous_003-008-1105-01_1732274761826_Maxillary_Occlusal_View_tooth_009.jpg,0.4207,974,148,1077,257,103,109
anonymous_003-008-1105-01_1732274761826_Maxillary_Occlusal_View.jpg,anonymous_003-008-1105-01_1732274761826_Maxillary_Occlusal_View_tooth_010.jpg,0.3753,1063,261,1187,389,124,128
anonymous_003-008-1105-01_1732274761826_Maxillary_Occlusal_View.jpg,anonymous_003-008-1105-01_1732274761826_Maxillary_Occlusal_View_tooth_011.jpg,0.4021,1105,430,1273,541,168,111
anonymous_003-008-1105-01_1732274761826_Maxillary_Occlusal_View.jpg,anonymous_003-008-1105-01_1732274761826_Maxillary_Occlusal_View_tooth_012.jpg,0.5794,1168,572,1309,671,141,99
anonymous_003-008-1105-01_1732274761826_Maxillary_Occlusal_View.jpg,anonymous_003-008-1105-01_1732274761826_Maxillary_Occlusal_View_tooth_013.jpg,0.7033,1191,685,1383,829,192,144
anonymous_003-008-1105-01_1732274761826_Maxillary_Occlusal_View.jpg,anonymous_003-008-1105-01_1732274761826_Maxillary_Occlusal_View_tooth_014.jpg,0.5161,1229,879,1420,999,191,120
anonymous_003-008-1113-01_1732361420661_Mandibular_View.jpg,anonymous_003-008-1113-01_1732361420661_Mandibular_View_tooth_000.jpg,0.7998,78,161,259,338,181,177
anonymous_003-008-1113-01_1732361420661_Mandibular_View.jpg,anonymous_003-008-1113-01_1732361420661_Mandibular_View_tooth_001.jpg,0.6379,131,346,314,536,183,190
anonymous_003-008-1113-01_1732361420661_Mandibular_View.jpg,anonymous_003-008-1113-01_1732361420661_Mandibular_View_tooth_002.jpg,0.3799,216,541,331,638,115,97
anonymous_003-008-1113-01_1732361420661_Mandibular_View.jpg,anonymous_003-008-1113-01_1732361420661_Mandibular_View_tooth_003.jpg,0.4685,254,663,381,770,127,107
anonymous_003-008-1113-01_1732361420661_Mandibular_View.jpg,anonymous_003-008-1113-01_1732361420661_Mandibular_View_tooth_004.jpg,0.2987,379,0,600,37,221,37
anonymous_003-008-1113-01_1732361420661_Mandibular_View.jpg,anonymous_003-008-1113-01_1732361420661_Mandibular_View_tooth_005.jpg,0.3638,636,0,872,36,236,36
anonymous_003-008-1113-01_1732361420661_Mandibular_View.jpg,anonymous_003-008-1113-01_1732361420661_Mandibular_View_tooth_006.jpg,0.2801,786,814,900,875,114,61
anonymous_003-008-1113-01_1732361420661_Mandibular_View.jpg,anonymous_003-008-1113-01_1732361420661_Mandibular_View_tooth_007.jpg,0.4504,970,661,1075,769,105,108
anonymous_003-008-1113-01_1732361420661_Mandibular_View.jpg,anonymous_003-008-1113-01_1732361420661_Mandibular_View_tooth_008.jpg,0.5334,1022,536,1142,650,120,114
anonymous_003-008-1113-01_1732361420661_Mandibular_View.jpg,anonymous_003-008-1113-01_1732361420661_Mandibular_View_tooth_009.jpg,0.7215,1032,354,1210,527,178,173
anonymous_003-008-1113-01_1732361420661_Mandibular_View.jpg,anonymous_003-008-1113-01_1732361420661_Mandibular_View_tooth_010.jpg,0.8068,1100,176,1276,347,176,171
anonymous_003-008-1114-00_1732362046489_Mandibular_View.jpg,anonymous_003-008-1114-00_1732362046489_Mandibular_View_tooth_000.jpg,0.8039,89,75,264,247,175,172
anonymous_003-008-1114-00_1732362046489_Mandibular_View.jpg,anonymous_003-008-1114-00_1732362046489_Mandibular_View_tooth_001.jpg,0.6636,134,259,308,432,174,173
anonymous_003-008-1114-00_1732362046489_Mandibular_View.jpg,anonymous_003-008-1114-00_1732362046489_Mandibular_View_tooth_002.jpg,0.4905,202,443,333,537,131,94
anonymous_003-008-1114-00_1732362046489_Mandibular_View.jpg,anonymous_003-008-1114-00_1732362046489_Mandibular_View_tooth_003.jpg,0.2824,215,452,337,548,122,96
anonymous_003-008-1114-00_1732362046489_Mandibular_View.jpg,anonymous_003-008-1114-00_1732362046489_Mandibular_View_tooth_004.jpg,0.4693,280,559,372,647,92,88
anonymous_003-008-1114-00_1732362046489_Mandibular_View.jpg,anonymous_003-008-1114-00_1732362046489_Mandibular_View_tooth_005.jpg,0.4783,449,721,568,815,119,94
anonymous_003-008-1114-00_1732362046489_Mandibular_View.jpg,anonymous_003-008-1114-00_1732362046489_Mandibular_View_tooth_006.jpg,0.4837,574,786,670,879,96,93
anonymous_003-008-1114-00_1732362046489_Mandibular_View.jpg,anonymous_003-008-1114-00_1732362046489_Mandibular_View_tooth_007.jpg,0.3792,696,786,795,894,99,108
anonymous_003-008-1114-00_1732362046489_Mandibular_View.jpg,anonymous_003-008-1114-00_1732362046489_Mandibular_View_tooth_008.jpg,0.2757,798,762,930,830,132,68
anonymous_003-008-1114-00_1732362046489_Mandibular_View.jpg,anonymous_003-008-1114-00_1732362046489_Mandibular_View_tooth_009.jpg,0.325,951,642,1090,773,139,131
anonymous_003-008-1114-00_1732362046489_Mandibular_View.jpg,anonymous_003-008-1114-00_1732362046489_Mandibular_View_tooth_010.jpg,0.4609,953,641,1088,719,135,78
anonymous_003-008-1114-00_1732362046489_Mandibular_View.jpg,anonymous_003-008-1114-00_1732362046489_Mandibular_View_tooth_011.jpg,0.47,1006,527,1131,628,125,101
anonymous_003-008-1114-00_1732362046489_Mandibular_View.jpg,anonymous_003-008-1114-00_1732362046489_Mandibular_View_tooth_012.jpg,0.6877,1013,357,1199,520,186,163
anonymous_003-008-1114-00_1732362046489_Mandibular_View.jpg,anonymous_003-008-1114-00_1732362046489_Mandibular_View_tooth_013.jpg,0.7947,1091,196,1262,355,171,159
anonymous_003-008-1117-01_1732366247829_Mandibular_View.jpg,anonymous_003-008-1117-01_1732366247829_Mandibular_View_tooth_000.jpg,0.6735,70,189,248,344,178,155
anonymous_003-008-1117-01_1732366247829_Mandibular_View.jpg,anonymous_003-008-1117-01_1732366247829_Mandibular_View_tooth_001.jpg,0.6448,135,355,286,505,151,150
anonymous_003-008-1117-01_1732366247829_Mandibular_View.jpg,anonymous_003-008-1117-01_1732366247829_Mandibular_View_tooth_002.jpg,0.3172,222,523,348,627,126,104
anonymous_003-008-1117-01_1732366247829_Mandibular_View.jpg,anonymous_003-008-1117-01_1732366247829_Mandibular_View_tooth_003.jpg,0.4226,298,637,389,728,91,91
anonymous_003-008-1117-01_1732366247829_Mandibular_View.jpg,anonymous_003-008-1117-01_1732366247829_Mandibular_View_tooth_004.jpg,0.3318,529,690,611,774,82,84
anonymous_003-008-1117-01_1732366247829_Mandibular_View.jpg,anonymous_003-008-1117-01_1732366247829_Mandibular_View_tooth_005.jpg,0.3711,633,701,724,786,91,85
anonymous_003-008-1117-01_1732366247829_Mandibular_View.jpg,anonymous_003-008-1117-01_1732366247829_Mandibular_View_tooth_006.jpg,0.3314,725,655,827,726,102,71
anonymous_003-008-1117-01_1732366247829_Mandibular_View.jpg,anonymous_003-008-1117-01_1732366247829_Mandibular_View_tooth_007.jpg,0.5175,909,519,1015,634,106,115
anonymous_003-008-1117-01_1732366247829_Mandibular_View.jpg,anonymous_003-008-1117-01_1732366247829_Mandibular_View_tooth_008.jpg,0.69,950,351,1096,508,146,157
anonymous_003-008-1117-01_1732366247829_Mandibular_View.jpg,anonymous_003-008-1117-01_1732366247829_Mandibular_View_tooth_009.jpg,0.7358,1005,189,1164,342,159,153
anonymous_003-008-1131-01_1732527801310_Mandibular_View.jpg,anonymous_003-008-1131-01_1732527801310_Mandibular_View_tooth_000.jpg,0.7546,55,125,236,325,181,200
anonymous_003-008-1131-01_1732527801310_Mandibular_View.jpg,anonymous_003-008-1131-01_1732527801310_Mandibular_View_tooth_001.jpg,0.5969,61,347,266,516,205,169
anonymous_003-008-1131-01_1732527801310_Mandibular_View.jpg,anonymous_003-008-1131-01_1732527801310_Mandibular_View_tooth_002.jpg,0.6575,154,525,296,654,142,129
anonymous_003-008-1131-01_1732527801310_Mandibular_View.jpg,anonymous_003-008-1131-01_1732527801310_Mandibular_View_tooth_003.jpg,0.4034,228,668,339,776,111,108
anonymous_003-008-1131-01_1732527801310_Mandibular_View.jpg,anonymous_003-008-1131-01_1732527801310_Mandibular_View_tooth_004.jpg,0.2705,559,902,674,977,115,75
anonymous_003-008-1131-01_1732527801310_Mandibular_View.jpg,anonymous_003-008-1131-01_1732527801310_Mandibular_View_tooth_005.jpg,0.3979,693,893,792,989,99,96
anonymous_003-008-1131-01_1732527801310_Mandibular_View.jpg,anonymous_003-008-1131-01_1732527801310_Mandibular_View_tooth_006.jpg,0.4574,817,866,930,937,113,71
anonymous_003-008-1131-01_1732527801310_Mandibular_View.jpg,anonymous_003-008-1131-01_1732527801310_Mandibular_View_tooth_007.jpg,0.3943,911,779,1020,864,109,85
anonymous_003-008-1131-01_1732527801310_Mandibular_View.jpg,anonymous_003-008-1131-01_1732527801310_Mandibular_View_tooth_008.jpg,0.5081,1010,650,1116,761,106,111
anonymous_003-008-1131-01_1732527801310_Mandibular_View.jpg,anonymous_003-008-1131-01_1732527801310_Mandibular_View_tooth_009.jpg,0.6388,1044,502,1183,627,139,125
anonymous_003-008-1131-01_1732527801310_Mandibular_View.jpg,anonymous_003-008-1131-01_1732527801310_Mandibular_View_tooth_010.jpg,0.6484,1104,304,1281,501,177,197
anonymous_003-008-1131-01_1732527801310_Mandibular_View.jpg,anonymous_003-008-1131-01_1732527801310_Mandibular_View_tooth_011.jpg,0.7224,1155,105,1332,291,177,186
anonymous_003-008-1131-01_1732527801310_Mandibular_View.jpg,anonymous_003-008-1131-01_1732527801310_Mandibular_View_tooth_012.jpg,0.2955,1288,538,1385,696,97,158
anonymous_003-008-1133-01_1732530707494_Mandibular_View.jpg,anonymous_003-008-1133-01_1732530707494_Mandibular_View_tooth_000.jpg,0.7444,63,164,249,343,186,179
anonymous_003-008-1133-01_1732530707494_Mandibular_View.jpg,anonymous_003-008-1133-01_1732530707494_Mandibular_View_tooth_001.jpg,0.6545,106,346,306,549,200,203
anonymous_003-008-1133-01_1732530707494_Mandibular_View.jpg,anonymous_003-008-1133-01_1732530707494_Mandibular_View_tooth_002.jpg,0.4725,232,527,377,631,145,104
anonymous_003-008-1133-01_1732530707494_Mandibular_View.jpg,anonymous_003-008-1133-01_1732530707494_Mandibular_View_tooth_003.jpg,0.5559,295,651,415,774,120,123
anonymous_003-008-1133-01_1732530707494_Mandibular_View.jpg,anonymous_003-008-1133-01_1732530707494_Mandibular_View_tooth_004.jpg,0.2708,467,0,737,66,270,66
anonymous_003-008-1133-01_1732530707494_Mandibular_View.jpg,anonymous_003-008-1133-01_1732530707494_Mandibular_View_tooth_005.jpg,0.4815,480,0,725,45,245,45
anonymous_003-008-1133-01_1732530707494_Mandibular_View.jpg,anonymous_003-008-1133-01_1732530707494_Mandibular_View_tooth_006.jpg,0.4051,625,822,752,879,127,57
anonymous_003-008-1133-01_1732530707494_Mandibular_View.jpg,anonymous_003-008-1133-01_1732530707494_Mandibular_View_tooth_007.jpg,0.3955,750,0,966,37,216,37
anonymous_003-008-1133-01_1732530707494_Mandibular_View.jpg,anonymous_003-008-1133-01_1732530707494_Mandibular_View_tooth_008.jpg,0.4372,763,817,887,874,124,57
anonymous_003-008-1133-01_1732530707494_Mandibular_View.jpg,anonymous_003-008-1133-01_1732530707494_Mandibular_View_tooth_009.jpg,0.2752,888,773,1007,822,119,49
anonymous_003-008-1133-01_1732530707494_Mandibular_View.jpg,anonymous_003-008-1133-01_1732530707494_Mandibular_View_tooth_010.jpg,0.466,1040,574,1162,661,122,87
anonymous_003-008-1133-01_1732530707494_Mandibular_View.jpg,anonymous_003-008-1133-01_1732530707494_Mandibular_View_tooth_011.jpg,0.4815,1060,437,1193,546,133,109
anonymous_003-008-1133-01_1732530707494_Mandibular_View.jpg,anonymous_003-008-1133-01_1732530707494_Mandibular_View_tooth_012.jpg,0.6384,1078,277,1247,435,169,158
anonymous_003-008-1133-01_1732530707494_Mandibular_View.jpg,anonymous_003-008-1133-01_1732530707494_Mandibular_View_tooth_013.jpg,0.659,1118,101,1301,277,183,176
anonymous_003-008-1133-01_1732530707494_Mandibular_View.jpg,anonymous_003-008-1133-01_1732530707494_Mandibular_View_tooth_014.jpg,0.3676,1220,568,1309,731,89,163
anonymous_003-008-1134-00_1732531184012_Mandibular_View.jpg,anonymous_003-008-1134-00_1732531184012_Mandibular_View_tooth_000.jpg,0.6811,41,162,215,325,174,163
anonymous_003-008-1134-00_1732531184012_Mandibular_View.jpg,anonymous_003-008-1134-00_1732531184012_Mandibular_View_tooth_001.jpg,0.5562,63,321,262,483,199,162
anonymous_003-008-1134-00_1732531184012_Mandibular_View.jpg,anonymous_003-008-1134-00_1732531184012_Mandibular_View_tooth_002.jpg,0.4626,163,489,323,586,160,97
anonymous_003-008-1134-00_1732531184012_Mandibular_View.jpg,anonymous_003-008-1134-00_1732531184012_Mandibular_View_tooth_003.jpg,0.5248,213,593,352,744,139,151
anonymous_003-008-1134-00_1732531184012_Mandibular_View.jpg,anonymous_003-008-1134-00_1732531184012_Mandibular_View_tooth_004.jpg,0.5509,431,739,567,896,136,157
anonymous_003-008-1134-00_1732531184012_Mandibular_View.jpg,anonymous_003-008-1134-00_1732531184012_Mandibular_View_tooth_005.jpg,0.7178,583,744,717,916,134,172
anonymous_003-008-1134-00_1732531184012_Mandibular_View.jpg,anonymous_003-008-1134-00_1732531184012_Mandibular_View_tooth_006.jpg,0.4606,655,0,919,40,264,40
anonymous_003-008-1134-00_1732531184012_Mandibular_View.jpg,anonymous_003-008-1134-00_1732531184012_Mandibular_View_tooth_007.jpg,0.6099,740,759,873,913,133,154
anonymous_003-008-1134-00_1732531184012_Mandibular_View.jpg,anonymous_003-008-1134-00_1732531184012_Mandibular_View_tooth_008.jpg,0.4491,886,735,1016,893,130,158
anonymous_003-008-1134-00_1732531184012_Mandibular_View.jpg,anonymous_003-008-1134-00_1732531184012_Mandibular_View_tooth_009.jpg,0.3724,938,0,1164,41,226,41
anonymous_003-008-1134-00_1732531184012_Mandibular_View.jpg,anonymous_003-008-1134-00_1732531184012_Mandibular_View_tooth_010.jpg,0.4544,1027,681,1115,865,88,184
anonymous_003-008-1134-00_1732531184012_Mandibular_View.jpg,anonymous_003-008-1134-00_1732531184012_Mandibular_View_tooth_011.jpg,0.305,1039,591,1202,709,163,118
anonymous_003-008-1134-00_1732531184012_Mandibular_View.jpg,anonymous_003-008-1134-00_1732531184012_Mandibular_View_tooth_012.jpg,0.3228,1043,588,1195,670,152,82
anonymous_003-008-1134-00_1732531184012_Mandibular_View.jpg,anonymous_003-008-1134-00_1732531184012_Mandibular_View_tooth_013.jpg,0.3861,1065,466,1212,567,147,101
anonymous_003-008-1134-00_1732531184012_Mandibular_View.jpg,anonymous_003-008-1134-00_1732531184012_Mandibular_View_tooth_014.jpg,0.2955,1086,326,1302,469,216,143
anonymous_003-008-1134-00_1732531184012_Mandibular_View.jpg,anonymous_003-008-1134-00_1732531184012_Mandibular_View_tooth_015.jpg,0.6532,1127,186,1320,345,193,159
anonymous_003-008-1135-01_1732533044326_Mandibular_View.jpg,anonymous_003-008-1135-01_1732533044326_Mandibular_View_tooth_000.jpg,0.6053,128,63,297,220,169,157
anonymous_003-008-1135-01_1732533044326_Mandibular_View.jpg,anonymous_003-008-1135-01_1732533044326_Mandibular_View_tooth_001.jpg,0.681,154,222,353,403,199,181
anonymous_003-008-1135-01_1732533044326_Mandibular_View.jpg,anonymous_003-008-1135-01_1732533044326_Mandibular_View_tooth_002.jpg,0.4245,228,408,374,508,146,100
anonymous_003-008-1135-01_1732533044326_Mandibular_View.jpg,anonymous_003-008-1135-01_1732533044326_Mandibular_View_tooth_003.jpg,0.4845,275,535,427,623,152,88
anonymous_003-008-1135-01_1732533044326_Mandibular_View.jpg,anonymous_003-008-1135-01_1732533044326_Mandibular_View_tooth_004.jpg,0.5175,722,736,837,816,115,80
anonymous_003-008-1135-01_1732533044326_Mandibular_View.jpg,anonymous_003-008-1135-01_1732533044326_Mandibular_View_tooth_005.jpg,0.263,741,729,842,810,101,81
anonymous_003-008-1135-01_1732533044326_Mandibular_View.jpg,anonymous_003-008-1135-01_1732533044326_Mandibular_View_tooth_006.jpg,0.5419,865,692,949,801,84,109
anonymous_003-008-1135-01_1732533044326_Mandibular_View.jpg,anonymous_003-008-1135-01_1732533044326_Mandibular_View_tooth_007.jpg,0.4588,986,624,1097,716,111,92
anonymous_003-008-1135-01_1732533044326_Mandibular_View.jpg,anonymous_003-008-1135-01_1732533044326_Mandibular_View_tooth_008.jpg,0.6456,1074,513,1198,627,124,114
anonymous_003-008-1135-01_1732533044326_Mandibular_View.jpg,anonymous_003-008-1135-01_1732533044326_Mandibular_View_tooth_009.jpg,0.3742,1124,391,1267,491,143,100
anonymous_003-008-1135-01_1732533044326_Mandibular_View.jpg,anonymous_003-008-1135-01_1732533044326_Mandibular_View_tooth_010.jpg,0.7788,1174,200,1371,370,197,170
anonymous_003-008-1135-01_1732533044326_Mandibular_View.jpg,anonymous_003-008-1135-01_1732533044326_Mandibular_View_tooth_011.jpg,0.6978,1242,19,1433,191,191,172
anonymous_003-008-1135-01_1732533044326_Mandibular_View.jpg,anonymous_003-008-1135-01_1732533044326_Mandibular_View_tooth_012.jpg,0.2995,1298,431,1496,676,198,245
anonymous_003-008-1136-00_1732533544748_Maxillary_Occlusal_View.jpg,anonymous_003-008-1136-00_1732533544748_Maxillary_Occlusal_View_tooth_000.jpg,0.5124,28,770,296,940,268,170
anonymous_003-008-1136-00_1732533544748_Maxillary_Occlusal_View.jpg,anonymous_003-008-1136-00_1732533544748_Maxillary_Occlusal_View_tooth_001.jpg,0.3346,37,952,277,1096,240,144
anonymous_003-008-1136-00_1732533544748_Maxillary_Occlusal_View.jpg,anonymous_003-008-1136-00_1732533544748_Maxillary_Occlusal_View_tooth_002.jpg,0.6425,84,679,304,780,220,101
anonymous_003-008-1136-00_1732533544748_Maxillary_Occlusal_View.jpg,anonymous_003-008-1136-00_1732533544748_Maxillary_Occlusal_View_tooth_003.jpg,0.7088,141,507,352,662,211,155
anonymous_003-008-1136-00_1732533544748_Maxillary_Occlusal_View.jpg,anonymous_003-008-1136-00_1732533544748_Maxillary_Occlusal_View_tooth_004.jpg,0.4246,253,324,406,494,153,170
anonymous_003-008-1136-00_1732533544748_Maxillary_Occlusal_View.jpg,anonymous_003-008-1136-00_1732533544748_Maxillary_Occlusal_View_tooth_005.jpg,0.6421,376,222,528,383,152,161
anonymous_003-008-1136-00_1732533544748_Maxillary_Occlusal_View.jpg,anonymous_003-008-1136-00_1732533544748_Maxillary_Occlusal_View_tooth_006.jpg,0.4558,555,158,767,334,212,176
anonymous_003-008-1136-00_1732533544748_Maxillary_Occlusal_View.jpg,anonymous_003-008-1136-00_1732533544748_Maxillary_Occlusal_View_tooth_007.jpg,0.507,809,162,1033,285,224,123
anonymous_003-008-1136-00_1732533544748_Maxillary_Occlusal_View.jpg,anonymous_003-008-1136-00_1732533544748_Maxillary_Occlusal_View_tooth_008.jpg,0.6206,1058,223,1213,373,155,150
anonymous_003-008-1136-00_1732533544748_Maxillary_Occlusal_View.jpg,anonymous_003-008-1136-00_1732533544748_Maxillary_Occlusal_View_tooth_009.jpg,0.429,1193,332,1344,486,151,154
anonymous_003-008-1136-00_1732533544748_Maxillary_Occlusal_View.jpg,anonymous_003-008-1136-00_1732533544748_Maxillary_Occlusal_View_tooth_010.jpg,0.5668,1233,513,1455,643,222,130
anonymous_003-008-1136-00_1732533544748_Maxillary_Occlusal_View.jpg,anonymous_003-008-1136-00_1732533544748_Maxillary_Occlusal_View_tooth_011.jpg,0.4156,1310,668,1523,771,213,103
anonymous_003-008-1136-00_1732533544748_Maxillary_Occlusal_View.jpg,anonymous_003-008-1136-00_1732533544748_Maxillary_Occlusal_View_tooth_012.jpg,0.5151,1352,780,1593,933,241,153
anonymous_003-008-1136-00_1732533544748_Maxillary_Occlusal_View.jpg,anonymous_003-008-1136-00_1732533544748_Maxillary_Occlusal_View_tooth_013.jpg,0.5171,1353,949,1579,1078,226,129
anonymous_003-008-1137-01_1732535092563_Mandibular_View.jpg,anonymous_003-008-1137-01_1732535092563_Mandibular_View_tooth_000.jpg,0.6684,75,151,251,318,176,167
anonymous_003-008-1137-01_1732535092563_Mandibular_View.jpg,anonymous_003-008-1137-01_1732535092563_Mandibular_View_tooth_001.jpg,0.6937,127,328,323,498,196,170
anonymous_003-008-1137-01_1732535092563_Mandibular_View.jpg,anonymous_003-008-1137-01_1732535092563_Mandibular_View_tooth_002.jpg,0.6609,214,501,384,671,170,170
anonymous_003-008-1137-01_1732535092563_Mandibular_View.jpg,anonymous_003-008-1137-01_1732535092563_Mandibular_View_tooth_003.jpg,0.622,299,688,434,781,135,93
anonymous_003-008-1137-01_1732535092563_Mandibular_View.jpg,anonymous_003-008-1137-01_1732535092563_Mandibular_View_tooth_004.jpg,0.3198,298,0,557,116,259,116
anonymous_003-008-1137-01_1732535092563_Mandibular_View.jpg,anonymous_003-008-1137-01_1732535092563_Mandibular_View_tooth_005.jpg,0.4551,311,0,550,45,239,45
anonymous_003-008-1137-01_1732535092563_Mandibular_View.jpg,anonymous_003-008-1137-01_1732535092563_Mandibular_View_tooth_006.jpg,0.3666,367,790,459,892,92,102
anonymous_003-008-1137-01_1732535092563_Mandibular_View.jpg,anonymous_003-008-1137-01_1732535092563_Mandibular_View_tooth_007.jpg,0.3957,497,817,623,877,126,60
anonymous_003-008-1137-01_1732535092563_Mandibular_View.jpg,anonymous_003-008-1137-01_1732535092563_Mandibular_View_tooth_008.jpg,0.5945,572,0,804,92,232,92
anonymous_003-008-1137-01_1732535092563_Mandibular_View.jpg,anonymous_003-008-1137-01_1732535092563_Mandibular_View_tooth_009.jpg,0.4244,726,902,827,978,101,76
anonymous_003-008-1137-01_1732535092563_Mandibular_View.jpg,anonymous_003-008-1137-01_1732535092563_Mandibular_View_tooth_010.jpg,0.6029,806,801,911,900,105,99
anonymous_003-008-1137-01_1732535092563_Mandibular_View.jpg,anonymous_003-008-1137-01_1732535092563_Mandibular_View_tooth_011.jpg,0.3389,985,723,1069,828,84,105
anonymous_003-008-1137-01_1732535092563_Mandibular_View.jpg,anonymous_003-008-1137-01_1732535092563_Mandibular_View_tooth_012.jpg,0.7771,1002,389,1167,568,165,179
anonymous_003-008-1137-01_1732535092563_Mandibular_View.jpg,anonymous_003-008-1137-01_1732535092563_Mandibular_View_tooth_013.jpg,0.5732,1012,582,1144,712,132,130
anonymous_003-008-1137-01_1732535092563_Mandibular_View.jpg,anonymous_003-008-1137-01_1732535092563_Mandibular_View_tooth_014.jpg,0.748,1038,201,1223,377,185,176
anonymous_003-008-1137-01_1732535092563_Mandibular_View.jpg,anonymous_003-008-1137-01_1732535092563_Mandibular_View_tooth_015.jpg,0.6801,1122,36,1266,195,144,159
anonymous_003-008-1137-01_1732535092563_Mandibular_View.jpg,anonymous_003-008-1137-01_1732535092563_Mandibular_View_tooth_016.jpg,0.2618,1320,455,1420,614,100,159
anonymous_003-008-1138-00_1732535496374_Maxillary_Occlusal_View.jpg,anonymous_003-008-1138-00_1732535496374_Maxillary_Occlusal_View_tooth_000.jpg,0.4135,0,813,120,1102,120,289
anonymous_003-008-1138-00_1732535496374_Maxillary_Occlusal_View.jpg,anonymous_003-008-1138-00_1732535496374_Maxillary_Occlusal_View_tooth_001.jpg,0.533,63,736,279,856,216,120
anonymous_003-008-1138-00_1732535496374_Maxillary_Occlusal_View.jpg,anonymous_003-008-1138-00_1732535496374_Maxillary_Occlusal_View_tooth_002.jpg,0.6506,72,572,277,714,205,142
anonymous_003-008-1138-00_1732535496374_Maxillary_Occlusal_View.jpg,anonymous_003-008-1138-00_1732535496374_Maxillary_Occlusal_View_tooth_003.jpg,0.5877,79,426,257,548,178,122
anonymous_003-008-1138-00_1732535496374_Maxillary_Occlusal_View.jpg,anonymous_003-008-1138-00_1732535496374_Maxillary_Occlusal_View_tooth_004.jpg,0.4143,180,320,288,440,108,120
anonymous_003-008-1138-00_1732535496374_Maxillary_Occlusal_View.jpg,anonymous_003-008-1138-00_1732535496374_Maxillary_Occlusal_View_tooth_005.jpg,0.322,258,162,378,290,120,128
anonymous_003-008-1138-00_1732535496374_Maxillary_Occlusal_View.jpg,anonymous_003-008-1138-00_1732535496374_Maxillary_Occlusal_View_tooth_006.jpg,0.76,411,225,610,386,199,161
anonymous_003-008-1138-00_1732535496374_Maxillary_Occlusal_View.jpg,anonymous_003-008-1138-00_1732535496374_Maxillary_Occlusal_View_tooth_007.jpg,0.4204,451,109,607,202,156,93
anonymous_003-008-1138-00_1732535496374_Maxillary_Occlusal_View.jpg,anonymous_003-008-1138-00_1732535496374_Maxillary_Occlusal_View_tooth_008.jpg,0.5541,626,114,841,207,215,93
anonymous_003-008-1138-00_1732535496374_Maxillary_Occlusal_View.jpg,anonymous_003-008-1138-00_1732535496374_Maxillary_Occlusal_View_tooth_009.jpg,0.5711,892,125,998,210,106,85
anonymous_003-008-1138-00_1732535496374_Maxillary_Occlusal_View.jpg,anonymous_003-008-1138-00_1732535496374_Maxillary_Occlusal_View_tooth_010.jpg,0.3776,981,226,1087,332,106,106
anonymous_003-008-1138-00_1732535496374_Maxillary_Occlusal_View.jpg,anonymous_003-008-1138-00_1732535496374_Maxillary_Occlusal_View_tooth_011.jpg,0.3134,1036,327,1197,462,161,135
anonymous_003-008-1138-00_1732535496374_Maxillary_Occlusal_View.jpg,anonymous_003-008-1138-00_1732535496374_Maxillary_Occlusal_View_tooth_012.jpg,0.4493,1111,466,1312,582,201,116
anonymous_003-008-1138-00_1732535496374_Maxillary_Occlusal_View.jpg,anonymous_003-008-1138-00_1732535496374_Maxillary_Occlusal_View_tooth_013.jpg,0.5105,1191,604,1396,727,205,123
anonymous_003-008-1155-00_1732617388713_Right_Lateral_View.jpg,anonymous_003-008-1155-00_1732617388713_Right_Lateral_View_tooth_000.jpg,0.5448,89,234,217,320,128,86
anonymous_003-008-1155-00_1732617388713_Right_Lateral_View.jpg,anonymous_003-008-1155-00_1732617388713_Right_Lateral_View_tooth_001.jpg,0.378,133,336,280,393,147,57
anonymous_003-008-1155-00_1732617388713_Right_Lateral_View.jpg,anonymous_003-008-1155-00_1732617388713_Right_Lateral_View_tooth_002.jpg,0.4584,236,251,361,329,125,78
anonymous_003-008-1155-00_1732617388713_Right_Lateral_View.jpg,anonymous_003-008-1155-00_1732617388713_Right_Lateral_View_tooth_003.jpg,0.5449,316,341,465,408,149,67
anonymous_003-008-1155-00_1732617388713_Right_Lateral_View.jpg,anonymous_003-008-1155-00_1732617388713_Right_Lateral_View_tooth_004.jpg,0.5786,381,252,505,325,124,73
anonymous_003-008-1155-00_1732617388713_Right_Lateral_View.jpg,anonymous_003-008-1155-00_1732617388713_Right_Lateral_View_tooth_005.jpg,0.5893,528,241,670,315,142,74
anonymous_003-008-1155-00_1732617388713_Right_Lateral_View.jpg,anonymous_003-008-1155-00_1732617388713_Right_Lateral_View_tooth_006.jpg,0.503,669,314,792,378,123,64
anonymous_003-008-1155-00_1732617388713_Right_Lateral_View.jpg,anonymous_003-008-1155-00_1732617388713_Right_Lateral_View_tooth_007.jpg,0.7044,671,152,819,304,148,152
anonymous_003-008-1155-00_1732617388713_Right_Lateral_View.jpg,anonymous_003-008-1155-00_1732617388713_Right_Lateral_View_tooth_008.jpg,0.6331,844,307,964,408,120,101
anonymous_003-008-1155-00_1732617388713_Right_Lateral_View.jpg,anonymous_003-008-1155-00_1732617388713_Right_Lateral_View_tooth_009.jpg,0.7425,863,177,1045,317,182,140
anonymous_003-008-1155-00_1732617388713_Right_Lateral_View.jpg,anonymous_003-008-1155-00_1732617388713_Right_Lateral_View_tooth_010.jpg,0.3038,1017,332,1110,386,93,54
anonymous_003-008-1162-01_1732627243635_Mandibular_View.jpg,anonymous_003-008-1162-01_1732627243635_Mandibular_View_tooth_000.jpg,0.7734,77,290,241,476,164,186
anonymous_003-008-1162-01_1732627243635_Mandibular_View.jpg,anonymous_003-008-1162-01_1732627243635_Mandibular_View_tooth_001.jpg,0.551,147,486,277,589,130,103
anonymous_003-008-1162-01_1732627243635_Mandibular_View.jpg,anonymous_003-008-1162-01_1732627243635_Mandibular_View_tooth_002.jpg,0.449,203,612,337,727,134,115
anonymous_003-008-1162-01_1732627243635_Mandibular_View.jpg,anonymous_003-008-1162-01_1732627243635_Mandibular_View_tooth_003.jpg,0.2718,429,790,535,873,106,83
anonymous_003-008-1162-01_1732627243635_Mandibular_View.jpg,anonymous_003-008-1162-01_1732627243635_Mandibular_View_tooth_004.jpg,0.3992,562,824,662,901,100,77
anonymous_003-008-1162-01_1732627243635_Mandibular_View.jpg,anonymous_003-008-1162-01_1732627243635_Mandibular_View_tooth_005.jpg,0.4248,683,828,787,904,104,76
anonymous_003-008-1162-01_1732627243635_Mandibular_View.jpg,anonymous_003-008-1162-01_1732627243635_Mandibular_View_tooth_006.jpg,0.3154,802,811,906,878,104,67
anonymous_003-008-1162-01_1732627243635_Mandibular_View.jpg,anonymous_003-008-1162-01_1732627243635_Mandibular_View_tooth_007.jpg,0.4194,931,749,1017,853,86,104
anonymous_003-008-1162-01_1732627243635_Mandibular_View.jpg,anonymous_003-008-1162-01_1732627243635_Mandibular_View_tooth_008.jpg,0.5147,1004,651,1117,762,113,111
anonymous_003-008-1162-01_1732627243635_Mandibular_View.jpg,anonymous_003-008-1162-01_1732627243635_Mandibular_View_tooth_009.jpg,0.2681,1049,552,1149,630,100,78
anonymous_003-008-1162-01_1732627243635_Mandibular_View.jpg,anonymous_003-008-1162-01_1732627243635_Mandibular_View_tooth_010.jpg,0.7101,1084,349,1235,515,151,166
anonymous_003-008-1163-00_1732627585033_Mandibular_View.jpg,anonymous_003-008-1163-00_1732627585033_Mandibular_View_tooth_000.jpg,0.7838,78,251,256,439,178,188
anonymous_003-008-1163-00_1732627585033_Mandibular_View.jpg,anonymous_003-008-1163-00_1732627585033_Mandibular_View_tooth_001.jpg,0.5452,153,451,285,580,132,129
anonymous_003-008-1163-00_1732627585033_Mandibular_View.jpg,anonymous_003-008-1163-00_1732627585033_Mandibular_View_tooth_002.jpg,0.5777,214,588,343,708,129,120
anonymous_003-008-1163-00_1732627585033_Mandibular_View.jpg,anonymous_003-008-1163-00_1732627585033_Mandibular_View_tooth_003.jpg,0.2785,320,692,417,808,97,116
anonymous_003-008-1163-00_1732627585033_Mandibular_View.jpg,anonymous_003-008-1163-00_1732627585033_Mandibular_View_tooth_004.jpg,0.3758,443,801,568,889,125,88
anonymous_003-008-1163-00_1732627585033_Mandibular_View.jpg,anonymous_003-008-1163-00_1732627585033_Mandibular_View_tooth_005.jpg,0.509,587,843,698,927,111,84
anonymous_003-008-1163-00_1732627585033_Mandibular_View.jpg,anonymous_003-008-1163-00_1732627585033_Mandibular_View_tooth_006.jpg,0.4513,717,851,836,935,119,84
anonymous_003-008-1163-00_1732627585033_Mandibular_View.jpg,anonymous_003-008-1163-00_1732627585033_Mandibular_View_tooth_007.jpg,0.4244,850,836,972,916,122,80
anonymous_003-008-1163-00_1732627585033_Mandibular_View.jpg,anonymous_003-008-1163-00_1732627585033_Mandibular_View_tooth_008.jpg,0.3211,987,754,1087,873,100,119
anonymous_003-008-1163-00_1732627585033_Mandibular_View.jpg,anonymous_003-008-1163-00_1732627585033_Mandibular_View_tooth_009.jpg,0.495,1058,634,1191,774,133,140
anonymous_003-008-1163-00_1732627585033_Mandibular_View.jpg,anonymous_003-008-1163-00_1732627585033_Mandibular_View_tooth_010.jpg,0.3212,1067,638,1192,726,125,88
anonymous_003-008-1163-00_1732627585033_Mandibular_View.jpg,anonymous_003-008-1163-00_1732627585033_Mandibular_View_tooth_011.jpg,0.2713,1103,527,1217,614,114,87
anonymous_003-008-1163-00_1732627585033_Mandibular_View.jpg,anonymous_003-008-1163-00_1732627585033_Mandibular_View_tooth_012.jpg,0.6823,1134,307,1305,504,171,197
anonymous_003-008-1177-00_1732701629982_Mandibular_View.jpg,anonymous_003-008-1177-00_1732701629982_Mandibular_View_tooth_000.jpg,0.8315,41,123,199,261,158,138
anonymous_003-008-1177-00_1732701629982_Mandibular_View.jpg,anonymous_003-008-1177-00_1732701629982_Mandibular_View_tooth_001.jpg,0.7591,81,269,251,434,170,165
anonymous_003-008-1177-00_1732701629982_Mandibular_View.jpg,anonymous_003-008-1177-00_1732701629982_Mandibular_View_tooth_002.jpg,0.4926,172,440,275,527,103,87
anonymous_003-008-1177-00_1732701629982_Mandibular_View.jpg,anonymous_003-008-1177-00_1732701629982_Mandibular_View_tooth_003.jpg,0.5078,208,542,311,643,103,101
anonymous_003-008-1177-00_1732701629982_Mandibular_View.jpg,anonymous_003-008-1177-00_1732701629982_Mandibular_View_tooth_004.jpg,0.3219,493,749,576,823,83,74
anonymous_003-008-1177-00_1732701629982_Mandibular_View.jpg,anonymous_003-008-1177-00_1732701629982_Mandibular_View_tooth_005.jpg,0.4467,601,748,693,824,92,76
anonymous_003-008-1177-00_1732701629982_Mandibular_View.jpg,anonymous_003-008-1177-00_1732701629982_Mandibular_View_tooth_006.jpg,0.4705,716,719,809,797,93,78
anonymous_003-008-1177-00_1732701629982_Mandibular_View.jpg,anonymous_003-008-1177-00_1732701629982_Mandibular_View_tooth_007.jpg,0.4806,821,656,924,768,103,112
anonymous_003-008-1177-00_1732701629982_Mandibular_View.jpg,anonymous_003-008-1177-00_1732701629982_Mandibular_View_tooth_008.jpg,0.5239,859,542,968,636,109,94
anonymous_003-008-1177-00_1732701629982_Mandibular_View.jpg,anonymous_003-008-1177-00_1732701629982_Mandibular_View_tooth_009.jpg,0.5435,899,442,1020,531,121,89
anonymous_003-008-1177-00_1732701629982_Mandibular_View.jpg,anonymous_003-008-1177-00_1732701629982_Mandibular_View_tooth_010.jpg,0.8407,927,272,1107,429,180,157
anonymous_003-008-1177-00_1732701629982_Mandibular_View.jpg,anonymous_003-008-1177-00_1732701629982_Mandibular_View_tooth_011.jpg,0.7456,986,111,1146,255,160,144
anonymous_003-008-1183-01_1732710009967_Maxillary_Occlusal_View.jpg,anonymous_003-008-1183-01_1732710009967_Maxillary_Occlusal_View_tooth_000.jpg,0.6209,76,856,345,1014,269,158
anonymous_003-008-1183-01_1732710009967_Maxillary_Occlusal_View.jpg,anonymous_003-008-1183-01_1732710009967_Maxillary_Occlusal_View_tooth_001.jpg,0.3703,82,877,356,1046,274,169
anonymous_003-008-1183-01_1732710009967_Maxillary_Occlusal_View.jpg,anonymous_003-008-1183-01_1732710009967_Maxillary_Occlusal_View_tooth_002.jpg,0.6723,131,718,358,840,227,122
anonymous_003-008-1183-01_1732710009967_Maxillary_Occlusal_View.jpg,anonymous_003-008-1183-01_1732710009967_Maxillary_Occlusal_View_tooth_003.jpg,0.6933,178,531,410,677,232,146
anonymous_003-008-1183-01_1732710009967_Maxillary_Occlusal_View.jpg,anonymous_003-008-1183-01_1732710009967_Maxillary_Occlusal_View_tooth_004.jpg,0.5517,264,330,456,501,192,171
anonymous_003-008-1183-01_1732710009967_Maxillary_Occlusal_View.jpg,anonymous_003-008-1183-01_1732710009967_Maxillary_Occlusal_View_tooth_005.jpg,0.5456,393,197,582,355,189,158
anonymous_003-008-1183-01_1732710009967_Maxillary_Occlusal_View.jpg,anonymous_003-008-1183-01_1732710009967_Maxillary_Occlusal_View_tooth_006.jpg,0.7501,597,123,821,314,224,191
anonymous_003-008-1183-01_1732710009967_Maxillary_Occlusal_View.jpg,anonymous_003-008-1183-01_1732710009967_Maxillary_Occlusal_View_tooth_007.jpg,0.6954,842,95,1069,287,227,192
anonymous_003-008-1183-01_1732710009967_Maxillary_Occlusal_View.jpg,anonymous_003-008-1183-01_1732710009967_Maxillary_Occlusal_View_tooth_008.jpg,0.558,1092,154,1249,330,157,176
anonymous_003-008-1183-01_1732710009967_Maxillary_Occlusal_View.jpg,anonymous_003-008-1183-01_1732710009967_Maxillary_Occlusal_View_tooth_009.jpg,0.503,1242,249,1402,435,160,186
anonymous_003-008-1183-01_1732710009967_Maxillary_Occlusal_View.jpg,anonymous_003-008-1183-01_1732710009967_Maxillary_Occlusal_View_tooth_010.jpg,0.5773,1289,461,1484,594,195,133
anonymous_003-008-1183-01_1732710009967_Maxillary_Occlusal_View.jpg,anonymous_003-008-1183-01_1732710009967_Maxillary_Occlusal_View_tooth_011.jpg,0.654,1343,613,1538,725,195,112
anonymous_003-008-1183-01_1732710009967_Maxillary_Occlusal_View.jpg,anonymous_003-008-1183-01_1732710009967_Maxillary_Occlusal_View_tooth_012.jpg,0.2607,1390,754,1640,943,250,189
anonymous_003-008-1183-01_1732710009967_Maxillary_Occlusal_View.jpg,anonymous_003-008-1183-01_1732710009967_Maxillary_Occlusal_View_tooth_013.jpg,0.6011,1394,752,1642,897,248,145
anonymous_003-008-1184-00_1732710518322_Maxillary_Occlusal_View.jpg,anonymous_003-008-1184-00_1732710518322_Maxillary_Occlusal_View_tooth_000.jpg,0.3268,24,723,297,869,273,146
anonymous_003-008-1184-00_1732710518322_Maxillary_Occlusal_View.jpg,anonymous_003-008-1184-00_1732710518322_Maxillary_Occlusal_View_tooth_001.jpg,0.5626,31,757,309,869,278,112
anonymous_003-008-1184-00_1732710518322_Maxillary_Occlusal_View.jpg,anonymous_003-008-1184-00_1732710518322_Maxillary_Occlusal_View_tooth_002.jpg,0.5347,104,611,309,731,205,120
anonymous_003-008-1184-00_1732710518322_Maxillary_Occlusal_View.jpg,anonymous_003-008-1184-00_1732710518322_Maxillary_Occlusal_View_tooth_003.jpg,0.6538,157,441,386,588,229,147
anonymous_003-008-1184-00_1732710518322_Maxillary_Occlusal_View.jpg,anonymous_003-008-1184-00_1732710518322_Maxillary_Occlusal_View_tooth_004.jpg,0.4882,244,259,448,424,204,165
anonymous_003-008-1184-00_1732710518322_Maxillary_Occlusal_View.jpg,anonymous_003-008-1184-00_1732710518322_Maxillary_Occlusal_View_tooth_005.jpg,0.5539,392,159,575,301,183,142
anonymous_003-008-1184-00_1732710518322_Maxillary_Occlusal_View.jpg,anonymous_003-008-1184-00_1732710518322_Maxillary_Occlusal_View_tooth_006.jpg,0.6105,587,104,826,200,239,96
anonymous_003-008-1184-00_1732710518322_Maxillary_Occlusal_View.jpg,anonymous_003-008-1184-00_1732710518322_Maxillary_Occlusal_View_tooth_007.jpg,0.5067,845,88,1072,268,227,180
anonymous_003-008-1184-00_1732710518322_Maxillary_Occlusal_View.jpg,anonymous_003-008-1184-00_1732710518322_Maxillary_Occlusal_View_tooth_008.jpg,0.5387,1092,158,1254,316,162,158
anonymous_003-008-1184-00_1732710518322_Maxillary_Occlusal_View.jpg,anonymous_003-008-1184-00_1732710518322_Maxillary_Occlusal_View_tooth_009.jpg,0.2911,1202,305,1388,431,186,126
anonymous_003-008-1184-00_1732710518322_Maxillary_Occlusal_View.jpg,anonymous_003-008-1184-00_1732710518322_Maxillary_Occlusal_View_tooth_010.jpg,0.62,1244,457,1456,567,212,110
anonymous_003-008-1184-00_1732710518322_Maxillary_Occlusal_View.jpg,anonymous_003-008-1184-00_1732710518322_Maxillary_Occlusal_View_tooth_011.jpg,0.4866,1287,589,1498,691,211,102
anonymous_003-008-1184-00_1732710518322_Maxillary_Occlusal_View.jpg,anonymous_003-008-1184-00_1732710518322_Maxillary_Occlusal_View_tooth_012.jpg,0.4582,1321,715,1562,844,241,129
anonymous_003-008-1185-01_1732712307535_Maxillary_Occlusal_View.jpg,anonymous_003-008-1185-01_1732712307535_Maxillary_Occlusal_View_tooth_000.jpg,0.2896,77,719,291,916,214,197
anonymous_003-008-1185-01_1732712307535_Maxillary_Occlusal_View.jpg,anonymous_003-008-1185-01_1732712307535_Maxillary_Occlusal_View_tooth_001.jpg,0.5403,82,706,290,868,208,162
anonymous_003-008-1185-01_1732712307535_Maxillary_Occlusal_View.jpg,anonymous_003-008-1185-01_1732712307535_Maxillary_Occlusal_View_tooth_002.jpg,0.4417,187,627,362,717,175,90
anonymous_003-008-1185-01_1732712307535_Maxillary_Occlusal_View.jpg,anonymous_003-008-1185-01_1732712307535_Maxillary_Occlusal_View_tooth_003.jpg,0.5251,241,497,424,618,183,121
anonymous_003-008-1185-01_1732712307535_Maxillary_Occlusal_View.jpg,anonymous_003-008-1185-01_1732712307535_Maxillary_Occlusal_View_tooth_004.jpg,0.2662,311,321,442,465,131,144
anonymous_003-008-1185-01_1732712307535_Maxillary_Occlusal_View.jpg,anonymous_003-008-1185-01_1732712307535_Maxillary_Occlusal_View_tooth_005.jpg,0.4285,442,210,564,361,122,151
anonymous_003-008-1185-01_1732712307535_Maxillary_Occlusal_View.jpg,anonymous_003-008-1185-01_1732712307535_Maxillary_Occlusal_View_tooth_006.jpg,0.6661,582,128,800,296,218,168
anonymous_003-008-1185-01_1732712307535_Maxillary_Occlusal_View.jpg,anonymous_003-008-1185-01_1732712307535_Maxillary_Occlusal_View_tooth_007.jpg,0.5315,817,155,1054,258,237,103
anonymous_003-008-1185-01_1732712307535_Maxillary_Occlusal_View.jpg,anonymous_003-008-1185-01_1732712307535_Maxillary_Occlusal_View_tooth_008.jpg,0.469,1064,230,1197,349,133,119
anonymous_003-008-1185-01_1732712307535_Maxillary_Occlusal_View.jpg,anonymous_003-008-1185-01_1732712307535_Maxillary_Occlusal_View_tooth_009.jpg,0.3375,1139,356,1302,477,163,121
anonymous_003-008-1185-01_1732712307535_Maxillary_Occlusal_View.jpg,anonymous_003-008-1185-01_1732712307535_Maxillary_Occlusal_View_tooth_010.jpg,0.4973,1178,500,1361,598,183,98
anonymous_003-008-1185-01_1732712307535_Maxillary_Occlusal_View.jpg,anonymous_003-008-1185-01_1732712307535_Maxillary_Occlusal_View_tooth_011.jpg,0.5038,1241,636,1421,727,180,91
anonymous_003-008-1185-01_1732712307535_Maxillary_Occlusal_View.jpg,anonymous_003-008-1185-01_1732712307535_Maxillary_Occlusal_View_tooth_012.jpg,0.2945,1300,727,1525,867,225,140
anonymous_003-008-1187-01_1732714576631_Maxillary_Occlusal_View.jpg,anonymous_003-008-1187-01_1732714576631_Maxillary_Occlusal_View_tooth_000.jpg,0.4982,81,732,333,898,252,166
anonymous_003-008-1187-01_1732714576631_Maxillary_Occlusal_View.jpg,anonymous_003-008-1187-01_1732714576631_Maxillary_Occlusal_View_tooth_001.jpg,0.4599,111,934,350,1069,239,135
anonymous_003-008-1187-01_1732714576631_Maxillary_Occlusal_View.jpg,anonymous_003-008-1187-01_1732714576631_Maxillary_Occlusal_View_tooth_002.jpg,0.7359,133,597,336,718,203,121
anonymous_003-008-1187-01_1732714576631_Maxillary_Occlusal_View.jpg,anonymous_003-008-1187-01_1732714576631_Maxillary_Occlusal_View_tooth_003.jpg,0.6486,190,399,385,567,195,168
anonymous_003-008-1187-01_1732714576631_Maxillary_Occlusal_View.jpg,anonymous_003-008-1187-01_1732714576631_Maxillary_Occlusal_View_tooth_004.jpg,0.2519,300,206,377,324,77,118
anonymous_003-008-1187-01_1732714576631_Maxillary_Occlusal_View.jpg,anonymous_003-008-1187-01_1732714576631_Maxillary_Occlusal_View_tooth_005.jpg,0.3478,428,155,523,276,95,121
anonymous_003-008-1187-01_1732714576631_Maxillary_Occlusal_View.jpg,anonymous_003-008-1187-01_1732714576631_Maxillary_Occlusal_View_tooth_006.jpg,0.6774,555,86,756,245,201,159
anonymous_003-008-1187-01_1732714576631_Maxillary_Occlusal_View.jpg,anonymous_003-008-1187-01_1732714576631_Maxillary_Occlusal_View_tooth_007.jpg,0.5336,771,83,992,241,221,158
anonymous_003-008-1187-01_1732714576631_Maxillary_Occlusal_View.jpg,anonymous_003-008-1187-01_1732714576631_Maxillary_Occlusal_View_tooth_008.jpg,0.3283,1027,155,1132,255,105,100
anonymous_003-008-1187-01_1732714576631_Maxillary_Occlusal_View.jpg,anonymous_003-008-1187-01_1732714576631_Maxillary_Occlusal_View_tooth_009.jpg,0.5781,1157,251,1284,412,127,161
anonymous_003-008-1187-01_1732714576631_Maxillary_Occlusal_View.jpg,anonymous_003-008-1187-01_1732714576631_Maxillary_Occlusal_View_tooth_010.jpg,0.5745,1176,441,1366,577,190,136
anonymous_003-008-1187-01_1732714576631_Maxillary_Occlusal_View.jpg,anonymous_003-008-1187-01_1732714576631_Maxillary_Occlusal_View_tooth_011.jpg,0.598,1256,619,1417,737,161,118
anonymous_003-008-1187-01_1732714576631_Maxillary_Occlusal_View.jpg,anonymous_003-008-1187-01_1732714576631_Maxillary_Occlusal_View_tooth_012.jpg,0.5991,1258,765,1473,943,215,178
anonymous_003-008-1187-01_1732714576631_Maxillary_Occlusal_View.jpg,anonymous_003-008-1187-01_1732714576631_Maxillary_Occlusal_View_tooth_013.jpg,0.5722,1280,968,1478,1106,198,138
anonymous_003-008-1188-00_1732714947165_Maxillary_Occlusal_View.jpg,anonymous_003-008-1188-00_1732714947165_Maxillary_Occlusal_View_tooth_000.jpg,0.5921,61,724,301,900,240,176
anonymous_003-008-1188-00_1732714947165_Maxillary_Occlusal_View.jpg,anonymous_003-008-1188-00_1732714947165_Maxillary_Occlusal_View_tooth_001.jpg,0.2587,88,946,334,1064,246,118
anonymous_003-008-1188-00_1732714947165_Maxillary_Occlusal_View.jpg,anonymous_003-008-1188-00_1732714947165_Maxillary_Occlusal_View_tooth_002.jpg,0.7243,97,589,298,716,201,127
anonymous_003-008-1188-00_1732714947165_Maxillary_Occlusal_View.jpg,anonymous_003-008-1188-00_1732714947165_Maxillary_Occlusal_View_tooth_003.jpg,0.6702,150,383,358,545,208,162
anonymous_003-008-1188-00_1732714947165_Maxillary_Occlusal_View.jpg,anonymous_003-008-1188-00_1732714947165_Maxillary_Occlusal_View_tooth_004.jpg,0.273,377,147,474,261,97,114
anonymous_003-008-1188-00_1732714947165_Maxillary_Occlusal_View.jpg,anonymous_003-008-1188-00_1732714947165_Maxillary_Occlusal_View_tooth_005.jpg,0.5142,496,74,709,215,213,141
anonymous_003-008-1188-00_1732714947165_Maxillary_Occlusal_View.jpg,anonymous_003-008-1188-00_1732714947165_Maxillary_Occlusal_View_tooth_006.jpg,0.4512,725,63,957,125,232,62
anonymous_003-008-1188-00_1732714947165_Maxillary_Occlusal_View.jpg,anonymous_003-008-1188-00_1732714947165_Maxillary_Occlusal_View_tooth_007.jpg,0.3399,725,61,961,179,236,118
anonymous_003-008-1188-00_1732714947165_Maxillary_Occlusal_View.jpg,anonymous_003-008-1188-00_1732714947165_Maxillary_Occlusal_View_tooth_008.jpg,0.4137,988,105,1095,198,107,93
anonymous_003-008-1188-00_1732714947165_Maxillary_Occlusal_View.jpg,anonymous_003-008-1188-00_1732714947165_Maxillary_Occlusal_View_tooth_009.jpg,0.4865,1111,193,1253,331,142,138
anonymous_003-008-1188-00_1732714947165_Maxillary_Occlusal_View.jpg,anonymous_003-008-1188-00_1732714947165_Maxillary_Occlusal_View_tooth_010.jpg,0.514,1153,355,1356,496,203,141
anonymous_003-008-1188-00_1732714947165_Maxillary_Occlusal_View.jpg,anonymous_003-008-1188-00_1732714947165_Maxillary_Occlusal_View_tooth_011.jpg,0.6745,1230,529,1408,644,178,115
anonymous_003-008-1188-00_1732714947165_Maxillary_Occlusal_View.jpg,anonymous_003-008-1188-00_1732714947165_Maxillary_Occlusal_View_tooth_012.jpg,0.635,1261,668,1478,849,217,181
anonymous_003-008-1188-00_1732714947165_Maxillary_Occlusal_View.jpg,anonymous_003-008-1188-00_1732714947165_Maxillary_Occlusal_View_tooth_013.jpg,0.5031,1270,876,1478,1011,208,135
anonymous_003-008-1203-01_1732790749679_Mandibular_View.jpg,anonymous_003-008-1203-01_1732790749679_Mandibular_View_tooth_000.jpg,0.4906,85,179,260,324,175,145
anonymous_003-008-1203-01_1732790749679_Mandibular_View.jpg,anonymous_003-008-1203-01_1732790749679_Mandibular_View_tooth_001.jpg,0.3475,94,350,305,517,211,167
anonymous_003-008-1203-01_1732790749679_Mandibular_View.jpg,anonymous_003-008-1203-01_1732790749679_Mandibular_View_tooth_002.jpg,0.3886,157,508,308,618,151,110
anonymous_003-008-1203-01_1732790749679_Mandibular_View.jpg,anonymous_003-008-1203-01_1732790749679_Mandibular_View_tooth_003.jpg,0.5122,227,613,354,718,127,105
anonymous_003-008-1203-01_1732790749679_Mandibular_View.jpg,anonymous_003-008-1203-01_1732790749679_Mandibular_View_tooth_004.jpg,0.3971,307,733,405,810,98,77
anonymous_003-008-1203-01_1732790749679_Mandibular_View.jpg,anonymous_003-008-1203-01_1732790749679_Mandibular_View_tooth_005.jpg,0.3117,415,807,526,857,111,50
anonymous_003-008-1203-01_1732790749679_Mandibular_View.jpg,anonymous_003-008-1203-01_1732790749679_Mandibular_View_tooth_006.jpg,0.4591,528,849,632,902,104,53
anonymous_003-008-1203-01_1732790749679_Mandibular_View.jpg,anonymous_003-008-1203-01_1732790749679_Mandibular_View_tooth_007.jpg,0.4654,648,851,762,907,114,56
anonymous_003-008-1203-01_1732790749679_Mandibular_View.jpg,anonymous_003-008-1203-01_1732790749679_Mandibular_View_tooth_008.jpg,0.5514,770,829,885,885,115,56
anonymous_003-008-1203-01_1732790749679_Mandibular_View.jpg,anonymous_003-008-1203-01_1732790749679_Mandibular_View_tooth_009.jpg,0.4063,861,745,979,839,118,94
anonymous_003-008-1203-01_1732790749679_Mandibular_View.jpg,anonymous_003-008-1203-01_1732790749679_Mandibular_View_tooth_010.jpg,0.5683,963,630,1065,754,102,124
anonymous_003-008-1203-01_1732790749679_Mandibular_View.jpg,anonymous_003-008-1203-01_1732790749679_Mandibular_View_tooth_011.jpg,0.6758,1005,506,1131,631,126,125
anonymous_003-008-1203-01_1732790749679_Mandibular_View.jpg,anonymous_003-008-1203-01_1732790749679_Mandibular_View_tooth_012.jpg,0.6007,1041,343,1249,500,208,157
anonymous_003-008-1203-01_1732790749679_Mandibular_View.jpg,anonymous_003-008-1203-01_1732790749679_Mandibular_View_tooth_013.jpg,0.5662,1098,183,1283,342,185,159
anonymous_003-008-1204-00_1732791234357_Mandibular_View.jpg,anonymous_003-008-1204-00_1732791234357_Mandibular_View_tooth_000.jpg,0.5577,62,126,245,276,183,150
anonymous_003-008-1204-00_1732791234357_Mandibular_View.jpg,anonymous_003-008-1204-00_1732791234357_Mandibular_View_tooth_001.jpg,0.4612,96,280,312,540,216,260
anonymous_003-008-1204-00_1732791234357_Mandibular_View.jpg,anonymous_003-008-1204-00_1732791234357_Mandibular_View_tooth_002.jpg,0.5176,223,548,345,660,122,112
anonymous_003-008-1204-00_1732791234357_Mandibular_View.jpg,anonymous_003-008-1204-00_1732791234357_Mandibular_View_tooth_003.jpg,0.3855,309,675,400,763,91,88
anonymous_003-008-1204-00_1732791234357_Mandibular_View.jpg,anonymous_003-008-1204-00_1732791234357_Mandibular_View_tooth_004.jpg,0.3859,418,747,522,809,104,62
anonymous_003-008-1204-00_1732791234357_Mandibular_View.jpg,anonymous_003-008-1204-00_1732791234357_Mandibular_View_tooth_005.jpg,0.3039,532,802,634,853,102,51
anonymous_003-008-1204-00_1732791234357_Mandibular_View.jpg,anonymous_003-008-1204-00_1732791234357_Mandibular_View_tooth_006.jpg,0.5322,650,803,755,871,105,68
anonymous_003-008-1204-00_1732791234357_Mandibular_View.jpg,anonymous_003-008-1204-00_1732791234357_Mandibular_View_tooth_007.jpg,0.494,762,774,873,849,111,75
anonymous_003-008-1204-00_1732791234357_Mandibular_View.jpg,anonymous_003-008-1204-00_1732791234357_Mandibular_View_tooth_008.jpg,0.477,843,694,954,778,111,84
anonymous_003-008-1204-00_1732791234357_Mandibular_View.jpg,anonymous_003-008-1204-00_1732791234357_Mandibular_View_tooth_009.jpg,0.6586,936,580,1046,697,110,117
anonymous_003-008-1204-00_1732791234357_Mandibular_View.jpg,anonymous_003-008-1204-00_1732791234357_Mandibular_View_tooth_010.jpg,0.6219,970,457,1096,588,126,131
anonymous_003-008-1204-00_1732791234357_Mandibular_View.jpg,anonymous_003-008-1204-00_1732791234357_Mandibular_View_tooth_011.jpg,0.5174,992,302,1168,452,176,150
anonymous_003-008-1204-00_1732791234357_Mandibular_View.jpg,anonymous_003-008-1204-00_1732791234357_Mandibular_View_tooth_012.jpg,0.5628,1052,147,1224,310,172,163
anonymous_003-008-1205-01_1732794208125_Maxillary_Occlusal_View.jpg,anonymous_003-008-1205-01_1732794208125_Maxillary_Occlusal_View_tooth_000.jpg,0.4102,227,797,404,921,177,124
anonymous_003-008-1205-01_1732794208125_Maxillary_Occlusal_View.jpg,anonymous_003-008-1205-01_1732794208125_Maxillary_Occlusal_View_tooth_001.jpg,0.5474,225,654,443,774,218,120
anonymous_003-008-1205-01_1732794208125_Maxillary_Occlusal_View.jpg,anonymous_003-008-1205-01_1732794208125_Maxillary_Occlusal_View_tooth_002.jpg,0.3005,238,828,399,926,161,98
anonymous_003-008-1205-01_1732794208125_Maxillary_Occlusal_View.jpg,anonymous_003-008-1205-01_1732794208125_Maxillary_Occlusal_View_tooth_003.jpg,0.5725,288,548,472,630,184,82
anonymous_003-008-1205-01_1732794208125_Maxillary_Occlusal_View.jpg,anonymous_003-008-1205-01_1732794208125_Maxillary_Occlusal_View_tooth_004.jpg,0.7113,295,403,455,527,160,124
anonymous_003-008-1205-01_1732794208125_Maxillary_Occlusal_View.jpg,anonymous_003-008-1205-01_1732794208125_Maxillary_Occlusal_View_tooth_005.jpg,0.6636,371,250,526,375,155,125
anonymous_003-008-1205-01_1732794208125_Maxillary_Occlusal_View.jpg,anonymous_003-008-1205-01_1732794208125_Maxillary_Occlusal_View_tooth_006.jpg,0.5813,486,129,648,247,162,118
anonymous_003-008-1205-01_1732794208125_Maxillary_Occlusal_View.jpg,anonymous_003-008-1205-01_1732794208125_Maxillary_Occlusal_View_tooth_007.jpg,0.708,667,39,874,211,207,172
anonymous_003-008-1205-01_1732794208125_Maxillary_Occlusal_View.jpg,anonymous_003-008-1205-01_1732794208125_Maxillary_Occlusal_View_tooth_008.jpg,0.4946,908,73,1108,232,200,159
anonymous_003-008-1205-01_1732794208125_Maxillary_Occlusal_View.jpg,anonymous_003-008-1205-01_1732794208125_Maxillary_Occlusal_View_tooth_009.jpg,0.2738,918,77,1102,169,184,92
anonymous_003-008-1205-01_1732794208125_Maxillary_Occlusal_View.jpg,anonymous_003-008-1205-01_1732794208125_Maxillary_Occlusal_View_tooth_010.jpg,0.6413,1140,194,1273,329,133,135
anonymous_003-008-1205-01_1732794208125_Maxillary_Occlusal_View.jpg,anonymous_003-008-1205-01_1732794208125_Maxillary_Occlusal_View_tooth_011.jpg,0.5621,1248,341,1372,476,124,135
anonymous_003-008-1205-01_1732794208125_Maxillary_Occlusal_View.jpg,anonymous_003-008-1205-01_1732794208125_Maxillary_Occlusal_View_tooth_012.jpg,0.5758,1285,510,1442,612,157,102
anonymous_003-008-1205-01_1732794208125_Maxillary_Occlusal_View.jpg,anonymous_003-008-1205-01_1732794208125_Maxillary_Occlusal_View_tooth_013.jpg,0.5358,1307,646,1464,728,157,82
anonymous_003-008-1205-01_1732794208125_Maxillary_Occlusal_View.jpg,anonymous_003-008-1205-01_1732794208125_Maxillary_Occlusal_View_tooth_014.jpg,0.5292,1315,751,1505,870,190,119
anonymous_003-008-1205-01_1732794208125_Maxillary_Occlusal_View.jpg,anonymous_003-008-1205-01_1732794208125_Maxillary_Occlusal_View_tooth_015.jpg,0.5194,1327,905,1501,997,174,92
anonymous_003-008-1219-00_1732874037311_Mandibular_View.jpg,anonymous_003-008-1219-00_1732874037311_Mandibular_View_tooth_000.jpg,0.6061,70,41,223,183,153,142
anonymous_003-008-1219-00_1732874037311_Mandibular_View.jpg,anonymous_003-008-1219-00_1732874037311_Mandibular_View_tooth_001.jpg,0.8412,72,206,246,375,174,169
anonymous_003-008-1219-00_1732874037311_Mandibular_View.jpg,anonymous_003-008-1219-00_1732874037311_Mandibular_View_tooth_002.jpg,0.7054,115,380,270,549,155,169
anonymous_003-008-1219-00_1732874037311_Mandibular_View.jpg,anonymous_003-008-1219-00_1732874037311_Mandibular_View_tooth_003.jpg,0.6678,187,564,311,692,124,128
anonymous_003-008-1219-00_1732874037311_Mandibular_View.jpg,anonymous_003-008-1219-00_1732874037311_Mandibular_View_tooth_004.jpg,0.3789,645,868,766,925,121,57
anonymous_003-008-1219-00_1732874037311_Mandibular_View.jpg,anonymous_003-008-1219-00_1732874037311_Mandibular_View_tooth_005.jpg,0.2947,649,855,763,915,114,60
anonymous_003-008-1219-00_1732874037311_Mandibular_View.jpg,anonymous_003-008-1219-00_1732874037311_Mandibular_View_tooth_006.jpg,0.3226,759,792,897,886,138,94
anonymous_003-008-1219-00_1732874037311_Mandibular_View.jpg,anonymous_003-008-1219-00_1732874037311_Mandibular_View_tooth_007.jpg,0.3691,880,712,982,813,102,101
anonymous_003-008-1219-00_1732874037311_Mandibular_View.jpg,anonymous_003-008-1219-00_1732874037311_Mandibular_View_tooth_008.jpg,0.4031,946,595,1071,703,125,108
anonymous_003-008-1219-00_1732874037311_Mandibular_View.jpg,anonymous_003-008-1219-00_1732874037311_Mandibular_View_tooth_009.jpg,0.5281,1011,423,1162,572,151,149
anonymous_003-008-1219-00_1732874037311_Mandibular_View.jpg,anonymous_003-008-1219-00_1732874037311_Mandibular_View_tooth_010.jpg,0.7501,1030,236,1205,410,175,174
anonymous_003-008-1219-00_1732874037311_Mandibular_View.jpg,anonymous_003-008-1219-00_1732874037311_Mandibular_View_tooth_011.jpg,0.8019,1090,69,1238,224,148,155
anonymous_003-008-1225-00_1732878129340_Mandibular_View.jpg,anonymous_003-008-1225-00_1732878129340_Mandibular_View_tooth_000.jpg,0.6021,23,140,199,302,176,162
anonymous_003-008-1225-00_1732878129340_Mandibular_View.jpg,anonymous_003-008-1225-00_1732878129340_Mandibular_View_tooth_001.jpg,0.6866,100,325,311,509,211,184
anonymous_003-008-1225-00_1732878129340_Mandibular_View.jpg,anonymous_003-008-1225-00_1732878129340_Mandibular_View_tooth_002.jpg,0.425,183,526,333,641,150,115
anonymous_003-008-1225-00_1732878129340_Mandibular_View.jpg,anonymous_003-008-1225-00_1732878129340_Mandibular_View_tooth_003.jpg,0.4585,255,634,396,764,141,130
anonymous_003-008-1225-00_1732878129340_Mandibular_View.jpg,anonymous_003-008-1225-00_1732878129340_Mandibular_View_tooth_004.jpg,0.2561,775,844,906,940,131,96
anonymous_003-008-1225-00_1732878129340_Mandibular_View.jpg,anonymous_003-008-1225-00_1732878129340_Mandibular_View_tooth_005.jpg,0.3917,1077,647,1199,722,122,75
anonymous_003-008-1225-00_1732878129340_Mandibular_View.jpg,anonymous_003-008-1225-00_1732878129340_Mandibular_View_tooth_006.jpg,0.5797,1080,510,1231,633,151,123
anonymous_003-008-1225-00_1732878129340_Mandibular_View.jpg,anonymous_003-008-1225-00_1732878129340_Mandibular_View_tooth_007.jpg,0.2615,1084,509,1212,616,128,107
anonymous_003-008-1225-00_1732878129340_Mandibular_View.jpg,anonymous_003-008-1225-00_1732878129340_Mandibular_View_tooth_008.jpg,0.6777,1106,323,1306,498,200,175
anonymous_003-008-1225-00_1732878129340_Mandibular_View.jpg,anonymous_003-008-1225-00_1732878129340_Mandibular_View_tooth_009.jpg,0.6455,1153,150,1323,309,170,159
anonymous_003-008-1242-01_1732960347177_Maxillary_Occlusal_View.jpg,anonymous_003-008-1242-01_1732960347177_Maxillary_Occlusal_View_tooth_000.jpg,0.598,44,883,304,1023,260,140
anonymous_003-008-1242-01_1732960347177_Maxillary_Occlusal_View.jpg,anonymous_003-008-1242-01_1732960347177_Maxillary_Occlusal_View_tooth_001.jpg,0.5513,75,754,282,865,207,111
anonymous_003-008-1242-01_1732960347177_Maxillary_Occlusal_View.jpg,anonymous_003-008-1242-01_1732960347177_Maxillary_Occlusal_View_tooth_002.jpg,0.2754,98,1047,340,1167,242,120
anonymous_003-008-1242-01_1732960347177_Maxillary_Occlusal_View.jpg,anonymous_003-008-1242-01_1732960347177_Maxillary_Occlusal_View_tooth_003.jpg,0.5042,122,596,331,728,209,132
anonymous_003-008-1242-01_1732960347177_Maxillary_Occlusal_View.jpg,anonymous_003-008-1242-01_1732960347177_Maxillary_Occlusal_View_tooth_004.jpg,0.3594,216,414,392,593,176,179
anonymous_003-008-1242-01_1732960347177_Maxillary_Occlusal_View.jpg,anonymous_003-008-1242-01_1732960347177_Maxillary_Occlusal_View_tooth_005.jpg,0.5313,318,298,494,443,176,145
anonymous_003-008-1242-01_1732960347177_Maxillary_Occlusal_View.jpg,anonymous_003-008-1242-01_1732960347177_Maxillary_Occlusal_View_tooth_006.jpg,0.6331,523,193,783,305,260,112
anonymous_003-008-1242-01_1732960347177_Maxillary_Occlusal_View.jpg,anonymous_003-008-1242-01_1732960347177_Maxillary_Occlusal_View_tooth_007.jpg,0.2756,836,1223,1032,1263,196,40
anonymous_003-008-1242-01_1732960347177_Maxillary_Occlusal_View.jpg,anonymous_003-008-1242-01_1732960347177_Maxillary_Occlusal_View_tooth_008.jpg,0.7033,837,192,1087,294,250,102
anonymous_003-008-1242-01_1732960347177_Maxillary_Occlusal_View.jpg,anonymous_003-008-1242-01_1732960347177_Maxillary_Occlusal_View_tooth_009.jpg,0.2754,837,193,1091,375,254,182
anonymous_003-008-1242-01_1732960347177_Maxillary_Occlusal_View.jpg,anonymous_003-008-1242-01_1732960347177_Maxillary_Occlusal_View_tooth_010.jpg,0.5615,1131,297,1293,431,162,134
anonymous_003-008-1242-01_1732960347177_Maxillary_Occlusal_View.jpg,anonymous_003-008-1242-01_1732960347177_Maxillary_Occlusal_View_tooth_011.jpg,0.367,1271,421,1420,564,149,143
anonymous_003-008-1242-01_1732960347177_Maxillary_Occlusal_View.jpg,anonymous_003-008-1242-01_1732960347177_Maxillary_Occlusal_View_tooth_012.jpg,0.6511,1304,579,1503,712,199,133
anonymous_003-008-1242-01_1732960347177_Maxillary_Occlusal_View.jpg,anonymous_003-008-1242-01_1732960347177_Maxillary_Occlusal_View_tooth_013.jpg,0.3786,1314,601,1497,703,183,102
anonymous_003-008-1242-01_1732960347177_Maxillary_Occlusal_View.jpg,anonymous_003-008-1242-01_1732960347177_Maxillary_Occlusal_View_tooth_014.jpg,0.5602,1364,740,1568,848,204,108
anonymous_003-008-1242-01_1732960347177_Maxillary_Occlusal_View.jpg,anonymous_003-008-1242-01_1732960347177_Maxillary_Occlusal_View_tooth_015.jpg,0.3111,1375,756,1547,844,172,88
anonymous_003-008-1242-01_1732960347177_Maxillary_Occlusal_View.jpg,anonymous_003-008-1242-01_1732960347177_Maxillary_Occlusal_View_tooth_016.jpg,0.3204,1374,1012,1588,1142,214,130
anonymous_003-008-1242-01_1732960347177_Maxillary_Occlusal_View.jpg,anonymous_003-008-1242-01_1732960347177_Maxillary_Occlusal_View_tooth_017.jpg,0.3933,1383,875,1618,1005,235,130
anonymous_003-008-1244-01_1732962596526_Mandibular_View.jpg,anonymous_003-008-1244-01_1732962596526_Mandibular_View_tooth_000.jpg,0.7672,24,185,160,360,136,175
anonymous_003-008-1244-01_1732962596526_Mandibular_View.jpg,anonymous_003-008-1244-01_1732962596526_Mandibular_View_tooth_001.jpg,0.7033,80,353,251,525,171,172
anonymous_003-008-1244-01_1732962596526_Mandibular_View.jpg,anonymous_003-008-1244-01_1732962596526_Mandibular_View_tooth_002.jpg,0.4016,166,527,298,609,132,82
anonymous_003-008-1244-01_1732962596526_Mandibular_View.jpg,anonymous_003-008-1244-01_1732962596526_Mandibular_View_tooth_003.jpg,0.4377,265,615,355,690,90,75
anonymous_003-008-1244-01_1732962596526_Mandibular_View.jpg,anonymous_003-008-1244-01_1732962596526_Mandibular_View_tooth_004.jpg,0.3957,746,813,865,867,119,54
anonymous_003-008-1244-01_1732962596526_Mandibular_View.jpg,anonymous_003-008-1244-01_1732962596526_Mandibular_View_tooth_005.jpg,0.4458,881,779,991,857,110,78
anonymous_003-008-1244-01_1732962596526_Mandibular_View.jpg,anonymous_003-008-1244-01_1732962596526_Mandibular_View_tooth_006.jpg,0.3832,1010,707,1093,847,83,140
anonymous_003-008-1244-01_1732962596526_Mandibular_View.jpg,anonymous_003-008-1244-01_1732962596526_Mandibular_View_tooth_007.jpg,0.4623,1087,613,1181,695,94,82
anonymous_003-008-1244-01_1732962596526_Mandibular_View.jpg,anonymous_003-008-1244-01_1732962596526_Mandibular_View_tooth_008.jpg,0.5402,1131,505,1241,603,110,98
anonymous_003-008-1244-01_1732962596526_Mandibular_View.jpg,anonymous_003-008-1244-01_1732962596526_Mandibular_View_tooth_009.jpg,0.6348,1167,338,1325,508,158,170
anonymous_003-008-1244-01_1732962596526_Mandibular_View.jpg,anonymous_003-008-1244-01_1732962596526_Mandibular_View_tooth_010.jpg,0.5498,1226,179,1358,330,132,151
anonymous_003-008-1245-00_1732962951746_Mandibular_View.jpg,anonymous_003-008-1245-00_1732962951746_Mandibular_View_tooth_000.jpg,0.6997,26,229,170,378,144,149
anonymous_003-008-1245-00_1732962951746_Mandibular_View.jpg,anonymous_003-008-1245-00_1732962951746_Mandibular_View_tooth_001.jpg,0.7045,71,381,236,528,165,147
anonymous_003-008-1245-00_1732962951746_Mandibular_View.jpg,anonymous_003-008-1245-00_1732962951746_Mandibular_View_tooth_002.jpg,0.5439,158,531,278,609,120,78
anonymous_003-008-1245-00_1732962951746_Mandibular_View.jpg,anonymous_003-008-1245-00_1732962951746_Mandibular_View_tooth_003.jpg,0.4293,240,618,333,734,93,116
anonymous_003-008-1245-00_1732962951746_Mandibular_View.jpg,anonymous_003-008-1245-00_1732962951746_Mandibular_View_tooth_004.jpg,0.4298,332,689,427,810,95,121
anonymous_003-008-1245-00_1732962951746_Mandibular_View.jpg,anonymous_003-008-1245-00_1732962951746_Mandibular_View_tooth_005.jpg,0.6039,443,775,552,841,109,66
anonymous_003-008-1245-00_1732962951746_Mandibular_View.jpg,anonymous_003-008-1245-00_1732962951746_Mandibular_View_tooth_006.jpg,0.3812,572,808,679,871,107,63
anonymous_003-008-1245-00_1732962951746_Mandibular_View.jpg,anonymous_003-008-1245-00_1732962951746_Mandibular_View_tooth_007.jpg,0.3736,706,825,815,870,109,45
anonymous_003-008-1245-00_1732962951746_Mandibular_View.jpg,anonymous_003-008-1245-00_1732962951746_Mandibular_View_tooth_008.jpg,0.3837,998,665,1086,737,88,72
anonymous_003-008-1245-00_1732962951746_Mandibular_View.jpg,anonymous_003-008-1245-00_1732962951746_Mandibular_View_tooth_009.jpg,0.4002,1035,576,1148,649,113,73
anonymous_003-008-1245-00_1732962951746_Mandibular_View.jpg,anonymous_003-008-1245-00_1732962951746_Mandibular_View_tooth_010.jpg,0.6754,1047,426,1212,572,165,146
anonymous_003-008-1245-00_1732962951746_Mandibular_View.jpg,anonymous_003-008-1245-00_1732962951746_Mandibular_View_tooth_011.jpg,0.696,1083,285,1241,418,158,133
anonymous_003-008-1246-01_1732965077773_Maxillary_Occlusal_View.jpg,anonymous_003-008-1246-01_1732965077773_Maxillary_Occlusal_View_tooth_000.jpg,0.2962,98,868,390,1126,292,258
anonymous_003-008-1246-01_1732965077773_Maxillary_Occlusal_View.jpg,anonymous_003-008-1246-01_1732965077773_Maxillary_Occlusal_View_tooth_001.jpg,0.5934,108,874,381,1025,273,151
anonymous_003-008-1246-01_1732965077773_Maxillary_Occlusal_View.jpg,anonymous_003-008-1246-01_1732965077773_Maxillary_Occlusal_View_tooth_002.jpg,0.6698,138,742,378,848,240,106
anonymous_003-008-1246-01_1732965077773_Maxillary_Occlusal_View.jpg,anonymous_003-008-1246-01_1732965077773_Maxillary_Occlusal_View_tooth_003.jpg,0.6453,200,572,432,721,232,149
anonymous_003-008-1246-01_1732965077773_Maxillary_Occlusal_View.jpg,anonymous_003-008-1246-01_1732965077773_Maxillary_Occlusal_View_tooth_004.jpg,0.2535,255,360,463,547,208,187
anonymous_003-008-1246-01_1732965077773_Maxillary_Occlusal_View.jpg,anonymous_003-008-1246-01_1732965077773_Maxillary_Occlusal_View_tooth_005.jpg,0.2815,395,221,535,396,140,175
anonymous_003-008-1246-01_1732965077773_Maxillary_Occlusal_View.jpg,anonymous_003-008-1246-01_1732965077773_Maxillary_Occlusal_View_tooth_006.jpg,0.7581,560,110,822,312,262,202
anonymous_003-008-1246-01_1732965077773_Maxillary_Occlusal_View.jpg,anonymous_003-008-1246-01_1732965077773_Maxillary_Occlusal_View_tooth_007.jpg,0.7844,859,112,1103,308,244,196
anonymous_003-008-1246-01_1732965077773_Maxillary_Occlusal_View.jpg,anonymous_003-008-1246-01_1732965077773_Maxillary_Occlusal_View_tooth_008.jpg,0.3529,1154,248,1291,429,137,181
anonymous_003-008-1246-01_1732965077773_Maxillary_Occlusal_View.jpg,anonymous_003-008-1246-01_1732965077773_Maxillary_Occlusal_View_tooth_009.jpg,0.663,1288,610,1545,759,257,149
anonymous_003-008-1246-01_1732965077773_Maxillary_Occlusal_View.jpg,anonymous_003-008-1246-01_1732965077773_Maxillary_Occlusal_View_tooth_010.jpg,0.3142,1308,395,1458,571,150,176
anonymous_003-008-1246-01_1732965077773_Maxillary_Occlusal_View.jpg,anonymous_003-008-1246-01_1732965077773_Maxillary_Occlusal_View_tooth_011.jpg,0.58,1382,797,1628,926,246,129
anonymous_003-008-1246-01_1732965077773_Maxillary_Occlusal_View.jpg,anonymous_003-008-1246-01_1732965077773_Maxillary_Occlusal_View_tooth_012.jpg,0.6618,1393,948,1683,1117,290,169
anonymous_003-008-1248-01_1732967176307_Mandibular_View.jpg,anonymous_003-008-1248-01_1732967176307_Mandibular_View_tooth_000.jpg,0.6987,58,113,223,265,165,152
anonymous_003-008-1248-01_1732967176307_Mandibular_View.jpg,anonymous_003-008-1248-01_1732967176307_Mandibular_View_tooth_001.jpg,0.7912,86,273,254,450,168,177
anonymous_003-008-1248-01_1732967176307_Mandibular_View.jpg,anonymous_003-008-1248-01_1732967176307_Mandibular_View_tooth_002.jpg,0.6291,156,461,295,553,139,92
anonymous_003-008-1248-01_1732967176307_Mandibular_View.jpg,anonymous_003-008-1248-01_1732967176307_Mandibular_View_tooth_003.jpg,0.4913,208,564,333,678,125,114
anonymous_003-008-1248-01_1732967176307_Mandibular_View.jpg,anonymous_003-008-1248-01_1732967176307_Mandibular_View_tooth_004.jpg,0.316,413,745,513,821,100,76
anonymous_003-008-1248-01_1732967176307_Mandibular_View.jpg,anonymous_003-008-1248-01_1732967176307_Mandibular_View_tooth_005.jpg,0.2991,533,753,731,837,198,84
anonymous_003-008-1248-01_1732967176307_Mandibular_View.jpg,anonymous_003-008-1248-01_1732967176307_Mandibular_View_tooth_006.jpg,0.3237,719,692,816,769,97,77
anonymous_003-008-1248-01_1732967176307_Mandibular_View.jpg,anonymous_003-008-1248-01_1732967176307_Mandibular_View_tooth_007.jpg,0.5983,820,573,933,685,113,112
anonymous_003-008-1248-01_1732967176307_Mandibular_View.jpg,anonymous_003-008-1248-01_1732967176307_Mandibular_View_tooth_008.jpg,0.2747,823,705,918,797,95,92
anonymous_003-008-1248-01_1732967176307_Mandibular_View.jpg,anonymous_003-008-1248-01_1732967176307_Mandibular_View_tooth_009.jpg,0.5032,855,469,979,565,124,96
anonymous_003-008-1248-01_1732967176307_Mandibular_View.jpg,anonymous_003-008-1248-01_1732967176307_Mandibular_View_tooth_010.jpg,0.805,890,298,1058,457,168,159
anonymous_003-008-1248-01_1732967176307_Mandibular_View.jpg,anonymous_003-008-1248-01_1732967176307_Mandibular_View_tooth_011.jpg,0.7799,939,133,1097,283,158,150
anonymous_003-008-1249-00_1732967592805_Mandibular_View.jpg,anonymous_003-008-1249-00_1732967592805_Mandibular_View_tooth_000.jpg,0.6612,72,136,223,271,151,135
anonymous_003-008-1249-00_1732967592805_Mandibular_View.jpg,anonymous_003-008-1249-00_1732967592805_Mandibular_View_tooth_001.jpg,0.6817,105,277,268,418,163,141
anonymous_003-008-1249-00_1732967592805_Mandibular_View.jpg,anonymous_003-008-1249-00_1732967592805_Mandibular_View_tooth_002.jpg,0.4752,179,425,308,505,129,80
anonymous_003-008-1249-00_1732967592805_Mandibular_View.jpg,anonymous_003-008-1249-00_1732967592805_Mandibular_View_tooth_003.jpg,0.2709,180,420,305,536,125,116
anonymous_003-008-1249-00_1732967592805_Mandibular_View.jpg,anonymous_003-008-1249-00_1732967592805_Mandibular_View_tooth_004.jpg,0.3391,237,510,344,629,107,119
anonymous_003-008-1249-00_1732967592805_Mandibular_View.jpg,anonymous_003-008-1249-00_1732967592805_Mandibular_View_tooth_005.jpg,0.3154,237,511,352,599,115,88
anonymous_003-008-1249-00_1732967592805_Mandibular_View.jpg,anonymous_003-008-1249-00_1732967592805_Mandibular_View_tooth_006.jpg,0.5315,320,597,411,716,91,119
anonymous_003-008-1249-00_1732967592805_Mandibular_View.jpg,anonymous_003-008-1249-00_1732967592805_Mandibular_View_tooth_007.jpg,0.3957,433,648,538,749,105,101
anonymous_003-008-1249-00_1732967592805_Mandibular_View.jpg,anonymous_003-008-1249-00_1732967592805_Mandibular_View_tooth_008.jpg,0.502,547,655,638,767,91,112
anonymous_003-008-1249-00_1732967592805_Mandibular_View.jpg,anonymous_003-008-1249-00_1732967592805_Mandibular_View_tooth_009.jpg,0.322,722,599,817,669,95,70
anonymous_003-008-1249-00_1732967592805_Mandibular_View.jpg,anonymous_003-008-1249-00_1732967592805_Mandibular_View_tooth_010.jpg,0.3284,819,642,920,751,101,109
anonymous_003-008-1249-00_1732967592805_Mandibular_View.jpg,anonymous_003-008-1249-00_1732967592805_Mandibular_View_tooth_011.jpg,0.4692,819,514,933,617,114,103
anonymous_003-008-1249-00_1732967592805_Mandibular_View.jpg,anonymous_003-008-1249-00_1732967592805_Mandibular_View_tooth_012.jpg,0.5283,842,428,968,499,126,71
anonymous_003-008-1249-00_1732967592805_Mandibular_View.jpg,anonymous_003-008-1249-00_1732967592805_Mandibular_View_tooth_013.jpg,0.7421,871,275,1030,409,159,134
anonymous_003-008-1249-00_1732967592805_Mandibular_View.jpg,anonymous_003-008-1249-00_1732967592805_Mandibular_View_tooth_014.jpg,0.7832,910,133,1057,265,147,132
anonymous_003-008-1253-00_1732971070859_Right_Lateral_View.jpg,anonymous_003-008-1253-00_1732971070859_Right_Lateral_View_tooth_000.jpg,0.3033,121,160,289,238,168,78
anonymous_003-008-1253-00_1732971070859_Right_Lateral_View.jpg,anonymous_003-008-1253-00_1732971070859_Right_Lateral_View_tooth_001.jpg,0.43,152,251,280,310,128,59
anonymous_003-008-1253-00_1732971070859_Right_Lateral_View.jpg,anonymous_003-008-1253-00_1732971070859_Right_Lateral_View_tooth_002.jpg,0.3459,293,269,359,315,66,46
anonymous_003-008-1253-00_1732971070859_Right_Lateral_View.jpg,anonymous_003-008-1253-00_1732971070859_Right_Lateral_View_tooth_003.jpg,0.4161,309,163,379,255,70,92
anonymous_003-008-1253-00_1732971070859_Right_Lateral_View.jpg,anonymous_003-008-1253-00_1732971070859_Right_Lateral_View_tooth_004.jpg,0.4692,363,273,458,370,95,97
anonymous_003-008-1253-00_1732971070859_Right_Lateral_View.jpg,anonymous_003-008-1253-00_1732971070859_Right_Lateral_View_tooth_005.jpg,0.4078,433,198,506,274,73,76
anonymous_003-008-1253-00_1732971070859_Right_Lateral_View.jpg,anonymous_003-008-1253-00_1732971070859_Right_Lateral_View_tooth_006.jpg,0.3913,475,294,583,350,108,56
anonymous_003-008-1253-00_1732971070859_Right_Lateral_View.jpg,anonymous_003-008-1253-00_1732971070859_Right_Lateral_View_tooth_007.jpg,0.7211,529,181,657,300,128,119
anonymous_003-008-1253-00_1732971070859_Right_Lateral_View.jpg,anonymous_003-008-1253-00_1732971070859_Right_Lateral_View_tooth_008.jpg,0.3135,620,303,691,359,71,56
anonymous_003-008-1253-00_1732971070859_Right_Lateral_View.jpg,anonymous_003-008-1253-00_1732971070859_Right_Lateral_View_tooth_009.jpg,0.6782,694,158,868,328,174,170
anonymous_003-008-1253-00_1732971070859_Right_Lateral_View.jpg,anonymous_003-008-1253-00_1732971070859_Right_Lateral_View_tooth_010.jpg,0.5678,897,199,1008,365,111,166
anonymous_003-008-1266-01_1733132809329_Maxillary_Occlusal_View.jpg,anonymous_003-008-1266-01_1733132809329_Maxillary_Occlusal_View_tooth_000.jpg,0.6058,122,710,318,864,196,154
anonymous_003-008-1266-01_1733132809329_Maxillary_Occlusal_View.jpg,anonymous_003-008-1266-01_1733132809329_Maxillary_Occlusal_View_tooth_001.jpg,0.5717,134,717,326,834,192,117
anonymous_003-008-1266-01_1733132809329_Maxillary_Occlusal_View.jpg,anonymous_003-008-1266-01_1733132809329_Maxillary_Occlusal_View_tooth_002.jpg,0.2644,141,879,322,1017,181,138
anonymous_003-008-1266-01_1733132809329_Maxillary_Occlusal_View.jpg,anonymous_003-008-1266-01_1733132809329_Maxillary_Occlusal_View_tooth_003.jpg,0.4615,148,908,330,1024,182,116
anonymous_003-008-1266-01_1733132809329_Maxillary_Occlusal_View.jpg,anonymous_003-008-1266-01_1733132809329_Maxillary_Occlusal_View_tooth_004.jpg,0.5744,153,583,321,689,168,106
anonymous_003-008-1266-01_1733132809329_Maxillary_Occlusal_View.jpg,anonymous_003-008-1266-01_1733132809329_Maxillary_Occlusal_View_tooth_005.jpg,0.5991,176,446,322,557,146,111
anonymous_003-008-1266-01_1733132809329_Maxillary_Occlusal_View.jpg,anonymous_003-008-1266-01_1733132809329_Maxillary_Occlusal_View_tooth_006.jpg,0.3769,251,270,376,400,125,130
anonymous_003-008-1266-01_1733132809329_Maxillary_Occlusal_View.jpg,anonymous_003-008-1266-01_1733132809329_Maxillary_Occlusal_View_tooth_007.jpg,0.4238,376,152,495,257,119,105
anonymous_003-008-1266-01_1733132809329_Maxillary_Occlusal_View.jpg,anonymous_003-008-1266-01_1733132809329_Maxillary_Occlusal_View_tooth_008.jpg,0.529,530,79,708,171,178,92
anonymous_003-008-1266-01_1733132809329_Maxillary_Occlusal_View.jpg,anonymous_003-008-1266-01_1733132809329_Maxillary_Occlusal_View_tooth_009.jpg,0.2543,531,74,708,215,177,141
anonymous_003-008-1266-01_1733132809329_Maxillary_Occlusal_View.jpg,anonymous_003-008-1266-01_1733132809329_Maxillary_Occlusal_View_tooth_010.jpg,0.4296,730,79,921,158,191,79
anonymous_003-008-1266-01_1733132809329_Maxillary_Occlusal_View.jpg,anonymous_003-008-1266-01_1733132809329_Maxillary_Occlusal_View_tooth_011.jpg,0.4302,967,154,1070,259,103,105
anonymous_003-008-1266-01_1733132809329_Maxillary_Occlusal_View.jpg,anonymous_003-008-1266-01_1733132809329_Maxillary_Occlusal_View_tooth_012.jpg,0.4656,1097,258,1225,396,128,138
anonymous_003-008-1266-01_1733132809329_Maxillary_Occlusal_View.jpg,anonymous_003-008-1266-01_1733132809329_Maxillary_Occlusal_View_tooth_013.jpg,0.6717,1147,447,1299,559,152,112
anonymous_003-008-1266-01_1733132809329_Maxillary_Occlusal_View.jpg,anonymous_003-008-1266-01_1733132809329_Maxillary_Occlusal_View_tooth_014.jpg,0.559,1190,595,1346,696,156,101
anonymous_003-008-1266-01_1733132809329_Maxillary_Occlusal_View.jpg,anonymous_003-008-1266-01_1733132809329_Maxillary_Occlusal_View_tooth_015.jpg,0.5991,1202,713,1404,859,202,146
anonymous_003-008-1266-01_1733132809329_Maxillary_Occlusal_View.jpg,anonymous_003-008-1266-01_1733132809329_Maxillary_Occlusal_View_tooth_016.jpg,0.3305,1235,899,1412,1016,177,117
anonymous_003-008-1267-00_1733133235976_Maxillary_Occlusal_View.jpg,anonymous_003-008-1267-00_1733133235976_Maxillary_Occlusal_View_tooth_000.jpg,0.6766,36,612,237,763,201,151
anonymous_003-008-1267-00_1733133235976_Maxillary_Occlusal_View.jpg,anonymous_003-008-1267-00_1733133235976_Maxillary_Occlusal_View_tooth_001.jpg,0.3822,37,780,224,888,187,108
anonymous_003-008-1267-00_1733133235976_Maxillary_Occlusal_View.jpg,anonymous_003-008-1267-00_1733133235976_Maxillary_Occlusal_View_tooth_002.jpg,0.6892,37,618,251,728,214,110
anonymous_003-008-1267-00_1733133235976_Maxillary_Occlusal_View.jpg,anonymous_003-008-1267-00_1733133235976_Maxillary_Occlusal_View_tooth_003.jpg,0.6263,86,507,250,591,164,84
anonymous_003-008-1267-00_1733133235976_Maxillary_Occlusal_View.jpg,anonymous_003-008-1267-00_1733133235976_Maxillary_Occlusal_View_tooth_004.jpg,0.6839,123,370,274,488,151,118
anonymous_003-008-1267-00_1733133235976_Maxillary_Occlusal_View.jpg,anonymous_003-008-1267-00_1733133235976_Maxillary_Occlusal_View_tooth_005.jpg,0.6325,207,204,336,336,129,132
anonymous_003-008-1267-00_1733133235976_Maxillary_Occlusal_View.jpg,anonymous_003-008-1267-00_1733133235976_Maxillary_Occlusal_View_tooth_006.jpg,0.4524,341,104,460,207,119,103
anonymous_003-008-1267-00_1733133235976_Maxillary_Occlusal_View.jpg,anonymous_003-008-1267-00_1733133235976_Maxillary_Occlusal_View_tooth_007.jpg,0.5656,506,51,680,130,174,79
anonymous_003-008-1267-00_1733133235976_Maxillary_Occlusal_View.jpg,anonymous_003-008-1267-00_1733133235976_Maxillary_Occlusal_View_tooth_008.jpg,0.5435,702,51,879,138,177,87
anonymous_003-008-1267-00_1733133235976_Maxillary_Occlusal_View.jpg,anonymous_003-008-1267-00_1733133235976_Maxillary_Occlusal_View_tooth_009.jpg,0.41,909,140,1014,243,105,103
anonymous_003-008-1267-00_1733133235976_Maxillary_Occlusal_View.jpg,anonymous_003-008-1267-00_1733133235976_Maxillary_Occlusal_View_tooth_010.jpg,0.5243,1027,244,1126,364,99,120
anonymous_003-008-1267-00_1733133235976_Maxillary_Occlusal_View.jpg,anonymous_003-008-1267-00_1733133235976_Maxillary_Occlusal_View_tooth_011.jpg,0.6301,1041,408,1189,509,148,101
anonymous_003-008-1267-00_1733133235976_Maxillary_Occlusal_View.jpg,anonymous_003-008-1267-00_1733133235976_Maxillary_Occlusal_View_tooth_012.jpg,0.7224,1054,639,1245,755,191,116
anonymous_003-008-1267-00_1733133235976_Maxillary_Occlusal_View.jpg,anonymous_003-008-1267-00_1733133235976_Maxillary_Occlusal_View_tooth_013.jpg,0.3565,1057,640,1244,797,187,157
anonymous_003-008-1267-00_1733133235976_Maxillary_Occlusal_View.jpg,anonymous_003-008-1267-00_1733133235976_Maxillary_Occlusal_View_tooth_014.jpg,0.2856,1058,800,1238,893,180,93
anonymous_003-008-1267-00_1733133235976_Maxillary_Occlusal_View.jpg,anonymous_003-008-1267-00_1733133235976_Maxillary_Occlusal_View_tooth_015.jpg,0.6646,1067,537,1210,618,143,81
anonymous_003-008-1270-01_1733137830204_Maxillary_Occlusal_View.jpg,anonymous_003-008-1270-01_1733137830204_Maxillary_Occlusal_View_tooth_000.jpg,0.6726,55,655,254,774,199,119
anonymous_003-008-1270-01_1733137830204_Maxillary_Occlusal_View.jpg,anonymous_003-008-1270-01_1733137830204_Maxillary_Occlusal_View_tooth_001.jpg,0.5603,63,789,235,905,172,116
anonymous_003-008-1270-01_1733137830204_Maxillary_Occlusal_View.jpg,anonymous_003-008-1270-01_1733137830204_Maxillary_Occlusal_View_tooth_002.jpg,0.5663,98,540,263,628,165,88
anonymous_003-008-1270-01_1733137830204_Maxillary_Occlusal_View.jpg,anonymous_003-008-1270-01_1733137830204_Maxillary_Occlusal_View_tooth_003.jpg,0.6722,150,406,293,521,143,115
anonymous_003-008-1270-01_1733137830204_Maxillary_Occlusal_View.jpg,anonymous_003-008-1270-01_1733137830204_Maxillary_Occlusal_View_tooth_004.jpg,0.4202,246,256,370,361,124,105
anonymous_003-008-1270-01_1733137830204_Maxillary_Occlusal_View.jpg,anonymous_003-008-1270-01_1733137830204_Maxillary_Occlusal_View_tooth_005.jpg,0.4091,346,140,473,245,127,105
anonymous_003-008-1270-01_1733137830204_Maxillary_Occlusal_View.jpg,anonymous_003-008-1270-01_1733137830204_Maxillary_Occlusal_View_tooth_006.jpg,0.4736,485,89,679,159,194,70
anonymous_003-008-1270-01_1733137830204_Maxillary_Occlusal_View.jpg,anonymous_003-008-1270-01_1733137830204_Maxillary_Occlusal_View_tooth_007.jpg,0.4921,695,92,880,171,185,79
anonymous_003-008-1270-01_1733137830204_Maxillary_Occlusal_View.jpg,anonymous_003-008-1270-01_1733137830204_Maxillary_Occlusal_View_tooth_008.jpg,0.3102,888,151,988,264,100,113
anonymous_003-008-1270-01_1733137830204_Maxillary_Occlusal_View.jpg,anonymous_003-008-1270-01_1733137830204_Maxillary_Occlusal_View_tooth_009.jpg,0.454,985,260,1092,381,107,121
anonymous_003-008-1270-01_1733137830204_Maxillary_Occlusal_View.jpg,anonymous_003-008-1270-01_1733137830204_Maxillary_Occlusal_View_tooth_010.jpg,0.6453,1002,428,1157,532,155,104
anonymous_003-008-1270-01_1733137830204_Maxillary_Occlusal_View.jpg,anonymous_003-008-1270-01_1733137830204_Maxillary_Occlusal_View_tooth_011.jpg,0.5531,1049,560,1197,653,148,93
anonymous_003-008-1270-01_1733137830204_Maxillary_Occlusal_View.jpg,anonymous_003-008-1270-01_1733137830204_Maxillary_Occlusal_View_tooth_012.jpg,0.6191,1095,669,1271,797,176,128
anonymous_003-008-1270-01_1733137830204_Maxillary_Occlusal_View.jpg,anonymous_003-008-1270-01_1733137830204_Maxillary_Occlusal_View_tooth_013.jpg,0.4002,1117,813,1312,909,195,96
anonymous_003-008-1273-00_1733140554614_Maxillary_Occlusal_View.jpg,anonymous_003-008-1273-00_1733140554614_Maxillary_Occlusal_View_tooth_000.jpg,0.3021,62,775,265,916,203,141
anonymous_003-008-1273-00_1733140554614_Maxillary_Occlusal_View.jpg,anonymous_003-008-1273-00_1733140554614_Maxillary_Occlusal_View_tooth_001.jpg,0.3455,64,662,282,908,218,246
anonymous_003-008-1273-00_1733140554614_Maxillary_Occlusal_View.jpg,anonymous_003-008-1273-00_1733140554614_Maxillary_Occlusal_View_tooth_002.jpg,0.5691,69,670,280,788,211,118
anonymous_003-008-1273-00_1733140554614_Maxillary_Occlusal_View.jpg,anonymous_003-008-1273-00_1733140554614_Maxillary_Occlusal_View_tooth_003.jpg,0.6602,129,550,320,654,191,104
anonymous_003-008-1273-00_1733140554614_Maxillary_Occlusal_View.jpg,anonymous_003-008-1273-00_1733140554614_Maxillary_Occlusal_View_tooth_004.jpg,0.6594,173,411,377,521,204,110
anonymous_003-008-1273-00_1733140554614_Maxillary_Occlusal_View.jpg,anonymous_003-008-1273-00_1733140554614_Maxillary_Occlusal_View_tooth_005.jpg,0.4524,255,251,401,396,146,145
anonymous_003-008-1273-00_1733140554614_Maxillary_Occlusal_View.jpg,anonymous_003-008-1273-00_1733140554614_Maxillary_Occlusal_View_tooth_006.jpg,0.4968,381,143,510,289,129,146
anonymous_003-008-1273-00_1733140554614_Maxillary_Occlusal_View.jpg,anonymous_003-008-1273-00_1733140554614_Maxillary_Occlusal_View_tooth_007.jpg,0.574,520,97,708,236,188,139
anonymous_003-008-1273-00_1733140554614_Maxillary_Occlusal_View.jpg,anonymous_003-008-1273-00_1733140554614_Maxillary_Occlusal_View_tooth_008.jpg,0.5272,748,91,939,233,191,142
anonymous_003-008-1273-00_1733140554614_Maxillary_Occlusal_View.jpg,anonymous_003-008-1273-00_1733140554614_Maxillary_Occlusal_View_tooth_009.jpg,0.285,955,150,1086,283,131,133
anonymous_003-008-1273-00_1733140554614_Maxillary_Occlusal_View.jpg,anonymous_003-008-1273-00_1733140554614_Maxillary_Occlusal_View_tooth_010.jpg,0.5009,1036,275,1203,425,167,150
anonymous_003-008-1273-00_1733140554614_Maxillary_Occlusal_View.jpg,anonymous_003-008-1273-00_1733140554614_Maxillary_Occlusal_View_tooth_011.jpg,0.6389,1068,445,1266,542,198,97
anonymous_003-008-1273-00_1733140554614_Maxillary_Occlusal_View.jpg,anonymous_003-008-1273-00_1733140554614_Maxillary_Occlusal_View_tooth_012.jpg,0.4595,1105,575,1314,676,209,101
anonymous_003-008-1273-00_1733140554614_Maxillary_Occlusal_View.jpg,anonymous_003-008-1273-00_1733140554614_Maxillary_Occlusal_View_tooth_013.jpg,0.4271,1126,669,1354,805,228,136
anonymous_003-008-1273-00_1733140554614_Maxillary_Occlusal_View.jpg,anonymous_003-008-1273-00_1733140554614_Maxillary_Occlusal_View_tooth_014.jpg,0.4349,1127,702,1360,810,233,108
anonymous_003-008-1273-00_1733140554614_Maxillary_Occlusal_View.jpg,anonymous_003-008-1273-00_1733140554614_Maxillary_Occlusal_View_tooth_015.jpg,0.6133,1140,816,1353,929,213,113
anonymous_003-008-1275-00_1733142218216_Maxillary_Occlusal_View.jpg,anonymous_003-008-1275-00_1733142218216_Maxillary_Occlusal_View_tooth_000.jpg,0.6322,27,640,232,749,205,109
anonymous_003-008-1275-00_1733142218216_Maxillary_Occlusal_View.jpg,anonymous_003-008-1275-00_1733142218216_Maxillary_Occlusal_View_tooth_001.jpg,0.5755,50,533,231,624,181,91
anonymous_003-008-1275-00_1733142218216_Maxillary_Occlusal_View.jpg,anonymous_003-008-1275-00_1733142218216_Maxillary_Occlusal_View_tooth_002.jpg,0.3678,67,780,249,869,182,89
anonymous_003-008-1275-00_1733142218216_Maxillary_Occlusal_View.jpg,anonymous_003-008-1275-00_1733142218216_Maxillary_Occlusal_View_tooth_003.jpg,0.6472,110,402,298,514,188,112
anonymous_003-008-1275-00_1733142218216_Maxillary_Occlusal_View.jpg,anonymous_003-008-1275-00_1733142218216_Maxillary_Occlusal_View_tooth_004.jpg,0.5059,201,267,336,379,135,112
anonymous_003-008-1275-00_1733142218216_Maxillary_Occlusal_View.jpg,anonymous_003-008-1275-00_1733142218216_Maxillary_Occlusal_View_tooth_005.jpg,0.4616,305,166,454,275,149,109
anonymous_003-008-1275-00_1733142218216_Maxillary_Occlusal_View.jpg,anonymous_003-008-1275-00_1733142218216_Maxillary_Occlusal_View_tooth_006.jpg,0.4027,461,112,690,179,229,67
anonymous_003-008-1275-00_1733142218216_Maxillary_Occlusal_View.jpg,anonymous_003-008-1275-00_1733142218216_Maxillary_Occlusal_View_tooth_007.jpg,0.4352,693,98,910,163,217,65
anonymous_003-008-1275-00_1733142218216_Maxillary_Occlusal_View.jpg,anonymous_003-008-1275-00_1733142218216_Maxillary_Occlusal_View_tooth_008.jpg,0.5989,925,124,1049,242,124,118
anonymous_003-008-1275-00_1733142218216_Maxillary_Occlusal_View.jpg,anonymous_003-008-1275-00_1733142218216_Maxillary_Occlusal_View_tooth_009.jpg,0.3324,1044,230,1182,349,138,119
anonymous_003-008-1275-00_1733142218216_Maxillary_Occlusal_View.jpg,anonymous_003-008-1275-00_1733142218216_Maxillary_Occlusal_View_tooth_010.jpg,0.5951,1093,372,1265,481,172,109
anonymous_003-008-1275-00_1733142218216_Maxillary_Occlusal_View.jpg,anonymous_003-008-1275-00_1733142218216_Maxillary_Occlusal_View_tooth_011.jpg,0.2865,1100,388,1260,469,160,81
anonymous_003-008-1275-00_1733142218216_Maxillary_Occlusal_View.jpg,anonymous_003-008-1275-00_1733142218216_Maxillary_Occlusal_View_tooth_012.jpg,0.4707,1157,593,1361,702,204,109
anonymous_003-008-1275-00_1733142218216_Maxillary_Occlusal_View.jpg,anonymous_003-008-1275-00_1733142218216_Maxillary_Occlusal_View_tooth_013.jpg,0.2925,1161,714,1353,799,192,85
anonymous_003-008-1275-00_1733142218216_Maxillary_Occlusal_View.jpg,anonymous_003-008-1275-00_1733142218216_Maxillary_Occlusal_View_tooth_014.jpg,0.335,1163,493,1330,579,167,86
anonymous_003-008-1288-01_1733308646255_Maxillary_Occlusal_View.jpg,anonymous_003-008-1288-01_1733308646255_Maxillary_Occlusal_View_tooth_000.jpg,0.2949,64,861,230,955,166,94
anonymous_003-008-1288-01_1733308646255_Maxillary_Occlusal_View.jpg,anonymous_003-008-1288-01_1733308646255_Maxillary_Occlusal_View_tooth_001.jpg,0.6242,79,678,283,840,204,162
anonymous_003-008-1288-01_1733308646255_Maxillary_Occlusal_View.jpg,anonymous_003-008-1288-01_1733308646255_Maxillary_Occlusal_View_tooth_002.jpg,0.5721,129,573,300,669,171,96
anonymous_003-008-1288-01_1733308646255_Maxillary_Occlusal_View.jpg,anonymous_003-008-1288-01_1733308646255_Maxillary_Occlusal_View_tooth_003.jpg,0.636,201,404,383,557,182,153
anonymous_003-008-1288-01_1733308646255_Maxillary_Occlusal_View.jpg,anonymous_003-008-1288-01_1733308646255_Maxillary_Occlusal_View_tooth_004.jpg,0.3764,258,1066,355,1146,97,80
anonymous_003-008-1288-01_1733308646255_Maxillary_Occlusal_View.jpg,anonymous_003-008-1288-01_1733308646255_Maxillary_Occlusal_View_tooth_005.jpg,0.3602,286,285,406,387,120,102
anonymous_003-008-1288-01_1733308646255_Maxillary_Occlusal_View.jpg,anonymous_003-008-1288-01_1733308646255_Maxillary_Occlusal_View_tooth_006.jpg,0.4351,385,1024,498,1169,113,145
anonymous_003-008-1288-01_1733308646255_Maxillary_Occlusal_View.jpg,anonymous_003-008-1288-01_1733308646255_Maxillary_Occlusal_View_tooth_007.jpg,0.5588,390,168,494,274,104,106
anonymous_003-008-1288-01_1733308646255_Maxillary_Occlusal_View.jpg,anonymous_003-008-1288-01_1733308646255_Maxillary_Occlusal_View_tooth_008.jpg,0.7352,519,90,728,242,209,152
anonymous_003-008-1288-01_1733308646255_Maxillary_Occlusal_View.jpg,anonymous_003-008-1288-01_1733308646255_Maxillary_Occlusal_View_tooth_009.jpg,0.7538,523,1001,679,1189,156,188
anonymous_003-008-1288-01_1733308646255_Maxillary_Occlusal_View.jpg,anonymous_003-008-1288-01_1733308646255_Maxillary_Occlusal_View_tooth_010.jpg,0.7629,700,995,855,1189,155,194
anonymous_003-008-1288-01_1733308646255_Maxillary_Occlusal_View.jpg,anonymous_003-008-1288-01_1733308646255_Maxillary_Occlusal_View_tooth_011.jpg,0.7345,756,81,967,228,211,147
anonymous_003-008-1288-01_1733308646255_Maxillary_Occlusal_View.jpg,anonymous_003-008-1288-01_1733308646255_Maxillary_Occlusal_View_tooth_012.jpg,0.7323,867,1029,1012,1189,145,160
anonymous_003-008-1288-01_1733308646255_Maxillary_Occlusal_View.jpg,anonymous_003-008-1288-01_1733308646255_Maxillary_Occlusal_View_tooth_013.jpg,0.3582,1034,1063,1138,1181,104,118
anonymous_003-008-1288-01_1733308646255_Maxillary_Occlusal_View.jpg,anonymous_003-008-1288-01_1733308646255_Maxillary_Occlusal_View_tooth_014.jpg,0.2871,1139,257,1264,382,125,125
anonymous_003-008-1288-01_1733308646255_Maxillary_Occlusal_View.jpg,anonymous_003-008-1288-01_1733308646255_Maxillary_Occlusal_View_tooth_015.jpg,0.5453,1151,397,1341,541,190,144
anonymous_003-008-1288-01_1733308646255_Maxillary_Occlusal_View.jpg,anonymous_003-008-1288-01_1733308646255_Maxillary_Occlusal_View_tooth_016.jpg,0.5712,1234,562,1413,672,179,110
anonymous_003-008-1288-01_1733308646255_Maxillary_Occlusal_View.jpg,anonymous_003-008-1288-01_1733308646255_Maxillary_Occlusal_View_tooth_017.jpg,0.4486,1295,684,1505,848,210,164
anonymous_003-008-1288-01_1733308646255_Maxillary_Occlusal_View.jpg,anonymous_003-008-1288-01_1733308646255_Maxillary_Occlusal_View_tooth_018.jpg,0.2508,1317,855,1533,965,216,110
anonymous_003-008-1289-00_1733308999573_Maxillary_Occlusal_View.jpg,anonymous_003-008-1289-00_1733308999573_Maxillary_Occlusal_View_tooth_000.jpg,0.2681,27,698,187,795,160,97
anonymous_003-008-1289-00_1733308999573_Maxillary_Occlusal_View.jpg,anonymous_003-008-1289-00_1733308999573_Maxillary_Occlusal_View_tooth_001.jpg,0.2561,51,717,179,797,128,80
anonymous_003-008-1289-00_1733308999573_Maxillary_Occlusal_View.jpg,anonymous_003-008-1289-00_1733308999573_Maxillary_Occlusal_View_tooth_002.jpg,0.6442,62,549,234,685,172,136
anonymous_003-008-1289-00_1733308999573_Maxillary_Occlusal_View.jpg,anonymous_003-008-1289-00_1733308999573_Maxillary_Occlusal_View_tooth_003.jpg,0.5326,110,452,264,548,154,96
anonymous_003-008-1289-00_1733308999573_Maxillary_Occlusal_View.jpg,anonymous_003-008-1289-00_1733308999573_Maxillary_Occlusal_View_tooth_004.jpg,0.626,178,308,329,436,151,128
anonymous_003-008-1289-00_1733308999573_Maxillary_Occlusal_View.jpg,anonymous_003-008-1289-00_1733308999573_Maxillary_Occlusal_View_tooth_005.jpg,0.3955,247,155,347,289,100,134
anonymous_003-008-1289-00_1733308999573_Maxillary_Occlusal_View.jpg,anonymous_003-008-1289-00_1733308999573_Maxillary_Occlusal_View_tooth_006.jpg,0.5613,357,95,456,201,99,106
anonymous_003-008-1289-00_1733308999573_Maxillary_Occlusal_View.jpg,anonymous_003-008-1289-00_1733308999573_Maxillary_Occlusal_View_tooth_007.jpg,0.315,382,856,483,936,101,80
anonymous_003-008-1289-00_1733308999573_Maxillary_Occlusal_View.jpg,anonymous_003-008-1289-00_1733308999573_Maxillary_Occlusal_View_tooth_008.jpg,0.6894,484,51,673,158,189,107
anonymous_003-008-1289-00_1733308999573_Maxillary_Occlusal_View.jpg,anonymous_003-008-1289-00_1733308999573_Maxillary_Occlusal_View_tooth_009.jpg,0.542,510,841,637,944,127,103
anonymous_003-008-1289-00_1733308999573_Maxillary_Occlusal_View.jpg,anonymous_003-008-1289-00_1733308999573_Maxillary_Occlusal_View_tooth_010.jpg,0.4078,668,839,798,944,130,105
anonymous_003-008-1289-00_1733308999573_Maxillary_Occlusal_View.jpg,anonymous_003-008-1289-00_1733308999573_Maxillary_Occlusal_View_tooth_011.jpg,0.7772,693,50,889,160,196,110
anonymous_003-008-1289-00_1733308999573_Maxillary_Occlusal_View.jpg,anonymous_003-008-1289-00_1733308999573_Maxillary_Occlusal_View_tooth_012.jpg,0.2581,816,868,925,949,109,81
anonymous_003-008-1289-00_1733308999573_Maxillary_Occlusal_View.jpg,anonymous_003-008-1289-00_1733308999573_Maxillary_Occlusal_View_tooth_013.jpg,0.335,929,106,1020,200,91,94
anonymous_003-008-1289-00_1733308999573_Maxillary_Occlusal_View.jpg,anonymous_003-008-1289-00_1733308999573_Maxillary_Occlusal_View_tooth_014.jpg,0.5626,1017,316,1195,433,178,117
anonymous_003-008-1289-00_1733308999573_Maxillary_Occlusal_View.jpg,anonymous_003-008-1289-00_1733308999573_Maxillary_Occlusal_View_tooth_015.jpg,0.2929,1024,172,1133,293,109,121
anonymous_003-008-1289-00_1733308999573_Maxillary_Occlusal_View.jpg,anonymous_003-008-1289-00_1733308999573_Maxillary_Occlusal_View_tooth_016.jpg,0.6986,1096,465,1262,551,166,86
anonymous_003-008-1289-00_1733308999573_Maxillary_Occlusal_View.jpg,anonymous_003-008-1289-00_1733308999573_Maxillary_Occlusal_View_tooth_017.jpg,0.6475,1139,564,1329,706,190,142
anonymous_003-008-1289-00_1733308999573_Maxillary_Occlusal_View.jpg,anonymous_003-008-1289-00_1733308999573_Maxillary_Occlusal_View_tooth_018.jpg,0.3425,1151,712,1345,806,194,94
anonymous_003-008-1290-01_1733310674518_Mandibular_View.jpg,anonymous_003-008-1290-01_1733310674518_Mandibular_View_tooth_000.jpg,0.6892,41,134,206,299,165,165
anonymous_003-008-1290-01_1733310674518_Mandibular_View.jpg,anonymous_003-008-1290-01_1733310674518_Mandibular_View_tooth_001.jpg,0.6834,92,312,271,474,179,162
anonymous_003-008-1290-01_1733310674518_Mandibular_View.jpg,anonymous_003-008-1290-01_1733310674518_Mandibular_View_tooth_002.jpg,0.4817,170,493,302,593,132,100
anonymous_003-008-1290-01_1733310674518_Mandibular_View.jpg,anonymous_003-008-1290-01_1733310674518_Mandibular_View_tooth_003.jpg,0.588,228,601,350,722,122,121
anonymous_003-008-1290-01_1733310674518_Mandibular_View.jpg,anonymous_003-008-1290-01_1733310674518_Mandibular_View_tooth_004.jpg,0.3503,578,868,692,937,114,69
anonymous_003-008-1290-01_1733310674518_Mandibular_View.jpg,anonymous_003-008-1290-01_1733310674518_Mandibular_View_tooth_005.jpg,0.4101,716,866,847,938,131,72
anonymous_003-008-1290-01_1733310674518_Mandibular_View.jpg,anonymous_003-008-1290-01_1733310674518_Mandibular_View_tooth_006.jpg,0.6199,1007,606,1125,720,118,114
anonymous_003-008-1290-01_1733310674518_Mandibular_View.jpg,anonymous_003-008-1290-01_1733310674518_Mandibular_View_tooth_007.jpg,0.6984,1041,316,1211,479,170,163
anonymous_003-008-1290-01_1733310674518_Mandibular_View.jpg,anonymous_003-008-1290-01_1733310674518_Mandibular_View_tooth_008.jpg,0.4819,1048,499,1159,588,111,89
anonymous_003-008-1290-01_1733310674518_Mandibular_View.jpg,anonymous_003-008-1290-01_1733310674518_Mandibular_View_tooth_009.jpg,0.6906,1091,152,1244,303,153,151
anonymous_003-008-1291-00_1733311003393_Mandibular_View.jpg,anonymous_003-008-1291-00_1733311003393_Mandibular_View_tooth_000.jpg,0.6507,40,188,201,371,161,183
anonymous_003-008-1291-00_1733311003393_Mandibular_View.jpg,anonymous_003-008-1291-00_1733311003393_Mandibular_View_tooth_001.jpg,0.599,96,371,276,523,180,152
anonymous_003-008-1291-00_1733311003393_Mandibular_View.jpg,anonymous_003-008-1291-00_1733311003393_Mandibular_View_tooth_002.jpg,0.4929,181,536,314,631,133,95
anonymous_003-008-1291-00_1733311003393_Mandibular_View.jpg,anonymous_003-008-1291-00_1733311003393_Mandibular_View_tooth_003.jpg,0.2528,242,635,376,772,134,137
anonymous_003-008-1291-00_1733311003393_Mandibular_View.jpg,anonymous_003-008-1291-00_1733311003393_Mandibular_View_tooth_004.jpg,0.5048,248,636,376,736,128,100
anonymous_003-008-1291-00_1733311003393_Mandibular_View.jpg,anonymous_003-008-1291-00_1733311003393_Mandibular_View_tooth_005.jpg,0.2513,347,746,430,865,83,119
anonymous_003-008-1291-00_1733311003393_Mandibular_View.jpg,anonymous_003-008-1291-00_1733311003393_Mandibular_View_tooth_006.jpg,0.4128,456,813,567,912,111,99
anonymous_003-008-1291-00_1733311003393_Mandibular_View.jpg,anonymous_003-008-1291-00_1733311003393_Mandibular_View_tooth_007.jpg,0.5818,595,841,713,945,118,104
anonymous_003-008-1291-00_1733311003393_Mandibular_View.jpg,anonymous_003-008-1291-00_1733311003393_Mandibular_View_tooth_008.jpg,0.4571,744,838,873,941,129,103
anonymous_003-008-1291-00_1733311003393_Mandibular_View.jpg,anonymous_003-008-1291-00_1733311003393_Mandibular_View_tooth_009.jpg,0.4153,888,808,1014,906,126,98
anonymous_003-008-1291-00_1733311003393_Mandibular_View.jpg,anonymous_003-008-1291-00_1733311003393_Mandibular_View_tooth_010.jpg,0.4334,1038,613,1177,706,139,93
anonymous_003-008-1291-00_1733311003393_Mandibular_View.jpg,anonymous_003-008-1291-00_1733311003393_Mandibular_View_tooth_011.jpg,0.5248,1061,343,1249,494,188,151
anonymous_003-008-1291-00_1733311003393_Mandibular_View.jpg,anonymous_003-008-1291-00_1733311003393_Mandibular_View_tooth_012.jpg,0.4629,1076,513,1211,593,135,80
anonymous_003-008-1291-00_1733311003393_Mandibular_View.jpg,anonymous_003-008-1291-00_1733311003393_Mandibular_View_tooth_013.jpg,0.6721,1117,170,1282,321,165,151
anonymous_003-008-1304-01_1733394354138_Mandibular_View.jpg,anonymous_003-008-1304-01_1733394354138_Mandibular_View_tooth_000.jpg,0.7717,54,158,238,352,184,194
anonymous_003-008-1304-01_1733394354138_Mandibular_View.jpg,anonymous_003-008-1304-01_1733394354138_Mandibular_View_tooth_001.jpg,0.6494,206,588,352,698,146,110
anonymous_003-008-1304-01_1733394354138_Mandibular_View.jpg,anonymous_003-008-1304-01_1733394354138_Mandibular_View_tooth_002.jpg,0.567,272,713,392,831,120,118
anonymous_003-008-1304-01_1733394354138_Mandibular_View.jpg,anonymous_003-008-1304-01_1733394354138_Mandibular_View_tooth_003.jpg,0.4308,388,823,489,986,101,163
anonymous_003-008-1304-01_1733394354138_Mandibular_View.jpg,anonymous_003-008-1304-01_1733394354138_Mandibular_View_tooth_004.jpg,0.3435,393,0,651,36,258,36
anonymous_003-008-1304-01_1733394354138_Mandibular_View.jpg,anonymous_003-008-1304-01_1733394354138_Mandibular_View_tooth_005.jpg,0.3821,512,912,637,995,125,83
anonymous_003-008-1304-01_1733394354138_Mandibular_View.jpg,anonymous_003-008-1304-01_1733394354138_Mandibular_View_tooth_006.jpg,0.6813,653,881,773,1002,120,121
anonymous_003-008-1304-01_1733394354138_Mandibular_View.jpg,anonymous_003-008-1304-01_1733394354138_Mandibular_View_tooth_007.jpg,0.6973,788,873,908,991,120,118
anonymous_003-008-1304-01_1733394354138_Mandibular_View.jpg,anonymous_003-008-1304-01_1733394354138_Mandibular_View_tooth_008.jpg,0.6699,932,856,1052,982,120,126
anonymous_003-008-1304-01_1733394354138_Mandibular_View.jpg,anonymous_003-008-1304-01_1733394354138_Mandibular_View_tooth_009.jpg,0.2645,1116,682,1257,843,141,161
anonymous_003-008-1304-01_1733394354138_Mandibular_View.jpg,anonymous_003-008-1304-01_1733394354138_Mandibular_View_tooth_010.jpg,0.4632,1137,678,1245,829,108,151
anonymous_003-008-1304-01_1733394354138_Mandibular_View.jpg,anonymous_003-008-1304-01_1733394354138_Mandibular_View_tooth_011.jpg,0.7315,1180,538,1313,666,133,128
anonymous_003-008-1304-01_1733394354138_Mandibular_View.jpg,anonymous_003-008-1304-01_1733394354138_Mandibular_View_tooth_012.jpg,0.5589,1174,434,1387,542,213,108
anonymous_003-008-1304-01_1733394354138_Mandibular_View.jpg,anonymous_003-008-1304-01_1733394354138_Mandibular_View_tooth_013.jpg,0.4422,1213,336,1379,429,166,93
anonymous_003-008-1304-01_1733394354138_Mandibular_View.jpg,anonymous_003-008-1304-01_1733394354138_Mandibular_View_tooth_014.jpg,0.5924,1256,113,1442,325,186,212
anonymous_003-008-1304-01_1733394354138_Mandibular_View.jpg,anonymous_003-008-1304-01_1733394354138_Mandibular_View_tooth_015.jpg,0.2871,1279,114,1423,223,144,109
anonymous_003-008-1305-00_1733394975162_Mandibular_View.jpg,anonymous_003-008-1305-00_1733394975162_Mandibular_View_tooth_000.jpg,0.789,52,193,204,344,152,151
anonymous_003-008-1305-00_1733394975162_Mandibular_View.jpg,anonymous_003-008-1305-00_1733394975162_Mandibular_View_tooth_001.jpg,0.5458,93,357,243,519,150,162
anonymous_003-008-1305-00_1733394975162_Mandibular_View.jpg,anonymous_003-008-1305-00_1733394975162_Mandibular_View_tooth_002.jpg,0.5145,181,525,282,608,101,83
anonymous_003-008-1305-00_1733394975162_Mandibular_View.jpg,anonymous_003-008-1305-00_1733394975162_Mandibular_View_tooth_003.jpg,0.4529,224,620,311,723,87,103
anonymous_003-008-1305-00_1733394975162_Mandibular_View.jpg,anonymous_003-008-1305-00_1733394975162_Mandibular_View_tooth_004.jpg,0.485,518,759,610,815,92,56
anonymous_003-008-1305-00_1733394975162_Mandibular_View.jpg,anonymous_003-008-1305-00_1733394975162_Mandibular_View_tooth_005.jpg,0.6682,632,757,719,844,87,87
anonymous_003-008-1305-00_1733394975162_Mandibular_View.jpg,anonymous_003-008-1305-00_1733394975162_Mandibular_View_tooth_006.jpg,0.4151,739,744,830,839,91,95
anonymous_003-008-1305-00_1733394975162_Mandibular_View.jpg,anonymous_003-008-1305-00_1733394975162_Mandibular_View_tooth_007.jpg,0.441,903,615,998,736,95,121
anonymous_003-008-1305-00_1733394975162_Mandibular_View.jpg,anonymous_003-008-1305-00_1733394975162_Mandibular_View_tooth_008.jpg,0.5582,943,503,1048,603,105,100
anonymous_003-008-1305-00_1733394975162_Mandibular_View.jpg,anonymous_003-008-1305-00_1733394975162_Mandibular_View_tooth_009.jpg,0.6291,954,345,1116,504,162,159
anonymous_003-008-1305-00_1733394975162_Mandibular_View.jpg,anonymous_003-008-1305-00_1733394975162_Mandibular_View_tooth_010.jpg,0.4448,1026,172,1169,328,143,156
anonymous_003-008-1305-00_1733394975162_Mandibular_View.jpg,anonymous_003-008-1305-00_1733394975162_Mandibular_View_tooth_011.jpg,0.2979,1029,169,1154,268,125,99
anonymous_003-008-1305-00_1733394975162_Mandibular_View.jpg,anonymous_003-008-1305-00_1733394975162_Mandibular_View_tooth_012.jpg,0.5605,1115,567,1216,847,101,280
anonymous_003-008-1305-00_1733394975162_Mandibular_View.jpg,anonymous_003-008-1305-00_1733394975162_Mandibular_View_tooth_013.jpg,0.3466,1130,558,1216,805,86,247
anonymous_003-008-1308-00_1733401560725_Maxillary_Occlusal_View.jpg,anonymous_003-008-1308-00_1733401560725_Maxillary_Occlusal_View_tooth_000.jpg,0.528,84,668,312,810,228,142
anonymous_003-008-1308-00_1733401560725_Maxillary_Occlusal_View.jpg,anonymous_003-008-1308-00_1733401560725_Maxillary_Occlusal_View_tooth_001.jpg,0.2906,106,848,298,953,192,105
anonymous_003-008-1308-00_1733401560725_Maxillary_Occlusal_View.jpg,anonymous_003-008-1308-00_1733401560725_Maxillary_Occlusal_View_tooth_002.jpg,0.5932,138,550,323,656,185,106
anonymous_003-008-1308-00_1733401560725_Maxillary_Occlusal_View.jpg,anonymous_003-008-1308-00_1733401560725_Maxillary_Occlusal_View_tooth_003.jpg,0.6834,184,389,367,526,183,137
anonymous_003-008-1308-00_1733401560725_Maxillary_Occlusal_View.jpg,anonymous_003-008-1308-00_1733401560725_Maxillary_Occlusal_View_tooth_004.jpg,0.5444,254,227,412,381,158,154
anonymous_003-008-1308-00_1733401560725_Maxillary_Occlusal_View.jpg,anonymous_003-008-1308-00_1733401560725_Maxillary_Occlusal_View_tooth_005.jpg,0.5641,368,122,503,260,135,138
anonymous_003-008-1308-00_1733401560725_Maxillary_Occlusal_View.jpg,anonymous_003-008-1308-00_1733401560725_Maxillary_Occlusal_View_tooth_006.jpg,0.6377,519,55,722,190,203,135
anonymous_003-008-1308-00_1733401560725_Maxillary_Occlusal_View.jpg,anonymous_003-008-1308-00_1733401560725_Maxillary_Occlusal_View_tooth_007.jpg,0.3618,523,48,728,158,205,110
anonymous_003-008-1308-00_1733401560725_Maxillary_Occlusal_View.jpg,anonymous_003-008-1308-00_1733401560725_Maxillary_Occlusal_View_tooth_008.jpg,0.6707,746,56,945,171,199,115
anonymous_003-008-1308-00_1733401560725_Maxillary_Occlusal_View.jpg,anonymous_003-008-1308-00_1733401560725_Maxillary_Occlusal_View_tooth_009.jpg,0.3165,748,53,949,214,201,161
anonymous_003-008-1308-00_1733401560725_Maxillary_Occlusal_View.jpg,anonymous_003-008-1308-00_1733401560725_Maxillary_Occlusal_View_tooth_010.jpg,0.519,982,148,1108,291,126,143
anonymous_003-008-1308-00_1733401560725_Maxillary_Occlusal_View.jpg,anonymous_003-008-1308-00_1733401560725_Maxillary_Occlusal_View_tooth_011.jpg,0.5463,1063,305,1231,447,168,142
anonymous_003-008-1308-00_1733401560725_Maxillary_Occlusal_View.jpg,anonymous_003-008-1308-00_1733401560725_Maxillary_Occlusal_View_tooth_012.jpg,0.6366,1106,477,1281,593,175,116
anonymous_003-008-1308-00_1733401560725_Maxillary_Occlusal_View.jpg,anonymous_003-008-1308-00_1733401560725_Maxillary_Occlusal_View_tooth_013.jpg,0.4927,1144,615,1338,720,194,105
anonymous_003-008-1308-00_1733401560725_Maxillary_Occlusal_View.jpg,anonymous_003-008-1308-00_1733401560725_Maxillary_Occlusal_View_tooth_014.jpg,0.5015,1148,737,1385,863,237,126
anonymous_003-008-1308-00_1733401560725_Maxillary_Occlusal_View.jpg,anonymous_003-008-1308-00_1733401560725_Maxillary_Occlusal_View_tooth_015.jpg,0.3581,1183,876,1383,999,200,123
anonymous_003-008-1309-00_1733401965672_Maxillary_Occlusal_View.jpg,anonymous_003-008-1309-00_1733401965672_Maxillary_Occlusal_View_tooth_000.jpg,0.5349,79,818,339,952,260,134
anonymous_003-008-1309-00_1733401965672_Maxillary_Occlusal_View.jpg,anonymous_003-008-1309-00_1733401965672_Maxillary_Occlusal_View_tooth_001.jpg,0.6723,122,685,332,793,210,108
anonymous_003-008-1309-00_1733401965672_Maxillary_Occlusal_View.jpg,anonymous_003-008-1309-00_1733401965672_Maxillary_Occlusal_View_tooth_002.jpg,0.7437,163,523,386,654,223,131
anonymous_003-008-1309-00_1733401965672_Maxillary_Occlusal_View.jpg,anonymous_003-008-1309-00_1733401965672_Maxillary_Occlusal_View_tooth_003.jpg,0.5378,230,347,422,498,192,151
anonymous_003-008-1309-00_1733401965672_Maxillary_Occlusal_View.jpg,anonymous_003-008-1309-00_1733401965672_Maxillary_Occlusal_View_tooth_004.jpg,0.3495,345,211,513,344,168,133
anonymous_003-008-1309-00_1733401965672_Maxillary_Occlusal_View.jpg,anonymous_003-008-1309-00_1733401965672_Maxillary_Occlusal_View_tooth_005.jpg,0.6904,523,116,773,262,250,146
anonymous_003-008-1309-00_1733401965672_Maxillary_Occlusal_View.jpg,anonymous_003-008-1309-00_1733401965672_Maxillary_Occlusal_View_tooth_006.jpg,0.7737,795,96,1049,228,254,132
anonymous_003-008-1309-00_1733401965672_Maxillary_Occlusal_View.jpg,anonymous_003-008-1309-00_1733401965672_Maxillary_Occlusal_View_tooth_007.jpg,0.4967,1084,146,1251,330,167,184
anonymous_003-008-1309-00_1733401965672_Maxillary_Occlusal_View.jpg,anonymous_003-008-1309-00_1733401965672_Maxillary_Occlusal_View_tooth_008.jpg,0.5137,1182,341,1397,487,215,146
anonymous_003-008-1309-00_1733401965672_Maxillary_Occlusal_View.jpg,anonymous_003-008-1309-00_1733401965672_Maxillary_Occlusal_View_tooth_009.jpg,0.6246,1235,517,1473,643,238,126
anonymous_003-008-1309-00_1733401965672_Maxillary_Occlusal_View.jpg,anonymous_003-008-1309-00_1733401965672_Maxillary_Occlusal_View_tooth_010.jpg,0.4604,1332,786,1604,917,272,131
anonymous_003-008-1311-00_1733404330359_Maxillary_Occlusal_View.jpg,anonymous_003-008-1311-00_1733404330359_Maxillary_Occlusal_View_tooth_000.jpg,0.6092,123,777,353,910,230,133
anonymous_003-008-1311-00_1733404330359_Maxillary_Occlusal_View.jpg,anonymous_003-008-1311-00_1733404330359_Maxillary_Occlusal_View_tooth_001.jpg,0.5136,131,955,331,1083,200,128
anonymous_003-008-1311-00_1733404330359_Maxillary_Occlusal_View.jpg,anonymous_003-008-1311-00_1733404330359_Maxillary_Occlusal_View_tooth_002.jpg,0.257,133,772,303,921,170,149
anonymous_003-008-1311-00_1733404330359_Maxillary_Occlusal_View.jpg,anonymous_003-008-1311-00_1733404330359_Maxillary_Occlusal_View_tooth_003.jpg,0.2694,155,976,333,1085,178,109
anonymous_003-008-1311-00_1733404330359_Maxillary_Occlusal_View.jpg,anonymous_003-008-1311-00_1733404330359_Maxillary_Occlusal_View_tooth_004.jpg,0.5795,171,646,343,747,172,101
anonymous_003-008-1311-00_1733404330359_Maxillary_Occlusal_View.jpg,anonymous_003-008-1311-00_1733404330359_Maxillary_Occlusal_View_tooth_005.jpg,0.5484,183,479,359,609,176,130
anonymous_003-008-1311-00_1733404330359_Maxillary_Occlusal_View.jpg,anonymous_003-008-1311-00_1733404330359_Maxillary_Occlusal_View_tooth_006.jpg,0.6102,244,308,388,459,144,151
anonymous_003-008-1311-00_1733404330359_Maxillary_Occlusal_View.jpg,anonymous_003-008-1311-00_1733404330359_Maxillary_Occlusal_View_tooth_007.jpg,0.3857,487,100,701,235,214,135
anonymous_003-008-1311-00_1733404330359_Maxillary_Occlusal_View.jpg,anonymous_003-008-1311-00_1733404330359_Maxillary_Occlusal_View_tooth_008.jpg,0.5879,496,84,697,208,201,124
anonymous_003-008-1311-00_1733404330359_Maxillary_Occlusal_View.jpg,anonymous_003-008-1311-00_1733404330359_Maxillary_Occlusal_View_tooth_009.jpg,0.6085,711,60,944,169,233,109
anonymous_003-008-1311-00_1733404330359_Maxillary_Occlusal_View.jpg,anonymous_003-008-1311-00_1733404330359_Maxillary_Occlusal_View_tooth_010.jpg,0.3208,714,66,954,194,240,128
anonymous_003-008-1311-00_1733404330359_Maxillary_Occlusal_View.jpg,anonymous_003-008-1311-00_1733404330359_Maxillary_Occlusal_View_tooth_011.jpg,0.3521,981,97,1125,263,144,166
anonymous_003-008-1311-00_1733404330359_Maxillary_Occlusal_View.jpg,anonymous_003-008-1311-00_1733404330359_Maxillary_Occlusal_View_tooth_012.jpg,0.6019,1137,206,1304,387,167,181
anonymous_003-008-1311-00_1733404330359_Maxillary_Occlusal_View.jpg,anonymous_003-008-1311-00_1733404330359_Maxillary_Occlusal_View_tooth_013.jpg,0.2595,1155,201,1290,357,135,156
anonymous_003-008-1311-00_1733404330359_Maxillary_Occlusal_View.jpg,anonymous_003-008-1311-00_1733404330359_Maxillary_Occlusal_View_tooth_014.jpg,0.6401,1207,406,1403,544,196,138
anonymous_003-008-1311-00_1733404330359_Maxillary_Occlusal_View.jpg,anonymous_003-008-1311-00_1733404330359_Maxillary_Occlusal_View_tooth_015.jpg,0.6298,1261,584,1466,700,205,116
anonymous_003-008-1311-00_1733404330359_Maxillary_Occlusal_View.jpg,anonymous_003-008-1311-00_1733404330359_Maxillary_Occlusal_View_tooth_016.jpg,0.5018,1288,739,1539,877,251,138
anonymous_003-008-1311-00_1733404330359_Maxillary_Occlusal_View.jpg,anonymous_003-008-1311-00_1733404330359_Maxillary_Occlusal_View_tooth_017.jpg,0.2691,1304,734,1549,911,245,177
anonymous_003-008-1311-00_1733404330359_Maxillary_Occlusal_View.jpg,anonymous_003-008-1311-00_1733404330359_Maxillary_Occlusal_View_tooth_018.jpg,0.4017,1353,934,1584,1080,231,146
anonymous_003-008-1345-01_1733567991677_Maxillary_Occlusal_View.jpg,anonymous_003-008-1345-01_1733567991677_Maxillary_Occlusal_View_tooth_000.jpg,0.7259,34,616,232,747,198,131
anonymous_003-008-1345-01_1733567991677_Maxillary_Occlusal_View.jpg,anonymous_003-008-1345-01_1733567991677_Maxillary_Occlusal_View_tooth_001.jpg,0.4086,36,760,219,862,183,102
anonymous_003-008-1345-01_1733567991677_Maxillary_Occlusal_View.jpg,anonymous_003-008-1345-01_1733567991677_Maxillary_Occlusal_View_tooth_002.jpg,0.4968,97,526,272,618,175,92
anonymous_003-008-1345-01_1733567991677_Maxillary_Occlusal_View.jpg,anonymous_003-008-1345-01_1733567991677_Maxillary_Occlusal_View_tooth_003.jpg,0.5345,156,402,317,513,161,111
anonymous_003-008-1345-01_1733567991677_Maxillary_Occlusal_View.jpg,anonymous_003-008-1345-01_1733567991677_Maxillary_Occlusal_View_tooth_004.jpg,0.489,234,270,378,403,144,133
anonymous_003-008-1345-01_1733567991677_Maxillary_Occlusal_View.jpg,anonymous_003-008-1345-01_1733567991677_Maxillary_Occlusal_View_tooth_005.jpg,0.3107,370,164,474,302,104,138
anonymous_003-008-1345-01_1733567991677_Maxillary_Occlusal_View.jpg,anonymous_003-008-1345-01_1733567991677_Maxillary_Occlusal_View_tooth_006.jpg,0.6287,487,129,680,224,193,95
anonymous_003-008-1345-01_1733567991677_Maxillary_Occlusal_View.jpg,anonymous_003-008-1345-01_1733567991677_Maxillary_Occlusal_View_tooth_007.jpg,0.5853,702,124,902,213,200,89
anonymous_003-008-1345-01_1733567991677_Maxillary_Occlusal_View.jpg,anonymous_003-008-1345-01_1733567991677_Maxillary_Occlusal_View_tooth_008.jpg,0.4147,935,151,1042,253,107,102
anonymous_003-008-1345-01_1733567991677_Maxillary_Occlusal_View.jpg,anonymous_003-008-1345-01_1733567991677_Maxillary_Occlusal_View_tooth_009.jpg,0.5438,1034,250,1170,376,136,126
anonymous_003-008-1345-01_1733567991677_Maxillary_Occlusal_View.jpg,anonymous_003-008-1345-01_1733567991677_Maxillary_Occlusal_View_tooth_010.jpg,0.4257,1094,398,1258,499,164,101
anonymous_003-008-1345-01_1733567991677_Maxillary_Occlusal_View.jpg,anonymous_003-008-1345-01_1733567991677_Maxillary_Occlusal_View_tooth_011.jpg,0.2967,1151,504,1317,591,166,87
anonymous_003-008-1345-01_1733567991677_Maxillary_Occlusal_View.jpg,anonymous_003-008-1345-01_1733567991677_Maxillary_Occlusal_View_tooth_012.jpg,0.3455,1211,595,1416,727,205,132
anonymous_003-008-1345-01_1733567991677_Maxillary_Occlusal_View.jpg,anonymous_003-008-1345-01_1733567991677_Maxillary_Occlusal_View_tooth_013.jpg,0.2618,1221,734,1424,845,203,111
anonymous_003-008-1346-00_1733568350332_Maxillary_Occlusal_View.jpg,anonymous_003-008-1346-00_1733568350332_Maxillary_Occlusal_View_tooth_000.jpg,0.438,28,601,232,703,204,102
anonymous_003-008-1346-00_1733568350332_Maxillary_Occlusal_View.jpg,anonymous_003-008-1346-00_1733568350332_Maxillary_Occlusal_View_tooth_001.jpg,0.2714,33,408,277,596,244,188
anonymous_003-008-1346-00_1733568350332_Maxillary_Occlusal_View.jpg,anonymous_003-008-1346-00_1733568350332_Maxillary_Occlusal_View_tooth_002.jpg,0.5724,37,441,240,588,203,147
anonymous_003-008-1346-00_1733568350332_Maxillary_Occlusal_View.jpg,anonymous_003-008-1346-00_1733568350332_Maxillary_Occlusal_View_tooth_003.jpg,0.3006,115,381,279,477,164,96
anonymous_003-008-1346-00_1733568350332_Maxillary_Occlusal_View.jpg,anonymous_003-008-1346-00_1733568350332_Maxillary_Occlusal_View_tooth_004.jpg,0.2659,171,238,252,366,81,128
anonymous_003-008-1346-00_1733568350332_Maxillary_Occlusal_View.jpg,anonymous_003-008-1346-00_1733568350332_Maxillary_Occlusal_View_tooth_005.jpg,0.2551,188,287,354,373,166,86
anonymous_003-008-1346-00_1733568350332_Maxillary_Occlusal_View.jpg,anonymous_003-008-1346-00_1733568350332_Maxillary_Occlusal_View_tooth_006.jpg,0.5747,262,152,417,266,155,114
anonymous_003-008-1346-00_1733568350332_Maxillary_Occlusal_View.jpg,anonymous_003-008-1346-00_1733568350332_Maxillary_Occlusal_View_tooth_007.jpg,0.3285,991,59,1092,146,101,87
anonymous_003-008-1346-00_1733568350332_Maxillary_Occlusal_View.jpg,anonymous_003-008-1346-00_1733568350332_Maxillary_Occlusal_View_tooth_008.jpg,0.3804,1067,133,1220,257,153,124
anonymous_003-008-1346-00_1733568350332_Maxillary_Occlusal_View.jpg,anonymous_003-008-1346-00_1733568350332_Maxillary_Occlusal_View_tooth_009.jpg,0.4649,1122,271,1284,363,162,92
anonymous_003-008-1346-00_1733568350332_Maxillary_Occlusal_View.jpg,anonymous_003-008-1346-00_1733568350332_Maxillary_Occlusal_View_tooth_010.jpg,0.32,1179,368,1346,455,167,87
anonymous_003-008-1346-00_1733568350332_Maxillary_Occlusal_View.jpg,anonymous_003-008-1346-00_1733568350332_Maxillary_Occlusal_View_tooth_011.jpg,0.3704,1221,423,1434,581,213,158
anonymous_003-008-1346-00_1733568350332_Maxillary_Occlusal_View.jpg,anonymous_003-008-1346-00_1733568350332_Maxillary_Occlusal_View_tooth_012.jpg,0.5244,1225,460,1428,584,203,124
anonymous_003-008-1353-01_1733575066516_Mandibular_View.jpg,anonymous_003-008-1353-01_1733575066516_Mandibular_View_tooth_000.jpg,0.7302,69,122,206,272,137,150
anonymous_003-008-1353-01_1733575066516_Mandibular_View.jpg,anonymous_003-008-1353-01_1733575066516_Mandibular_View_tooth_001.jpg,0.8084,119,282,265,429,146,147
anonymous_003-008-1353-01_1733575066516_Mandibular_View.jpg,anonymous_003-008-1353-01_1733575066516_Mandibular_View_tooth_002.jpg,0.6751,173,437,282,523,109,86
anonymous_003-008-1353-01_1733575066516_Mandibular_View.jpg,anonymous_003-008-1353-01_1733575066516_Mandibular_View_tooth_003.jpg,0.4136,219,536,310,626,91,90
anonymous_003-008-1353-01_1733575066516_Mandibular_View.jpg,anonymous_003-008-1353-01_1733575066516_Mandibular_View_tooth_004.jpg,0.3517,651,695,733,766,82,71
anonymous_003-008-1353-01_1733575066516_Mandibular_View.jpg,anonymous_003-008-1353-01_1733575066516_Mandibular_View_tooth_005.jpg,0.4368,741,644,820,747,79,103
anonymous_003-008-1353-01_1733575066516_Mandibular_View.jpg,anonymous_003-008-1353-01_1733575066516_Mandibular_View_tooth_006.jpg,0.5629,807,538,897,642,90,104
anonymous_003-008-1353-01_1733575066516_Mandibular_View.jpg,anonymous_003-008-1353-01_1733575066516_Mandibular_View_tooth_007.jpg,0.6913,844,432,949,526,105,94
anonymous_003-008-1353-01_1733575066516_Mandibular_View.jpg,anonymous_003-008-1353-01_1733575066516_Mandibular_View_tooth_008.jpg,0.707,879,288,1016,426,137,138
anonymous_003-008-1353-01_1733575066516_Mandibular_View.jpg,anonymous_003-008-1353-01_1733575066516_Mandibular_View_tooth_009.jpg,0.6838,929,127,1076,282,147,155
anonymous_003-008-1354-00_1733575459863_Mandibular_View.jpg,anonymous_003-008-1354-00_1733575459863_Mandibular_View_tooth_000.jpg,0.8095,55,110,198,261,143,151
anonymous_003-008-1354-00_1733575459863_Mandibular_View.jpg,anonymous_003-008-1354-00_1733575459863_Mandibular_View_tooth_001.jpg,0.7289,104,261,258,409,154,148
anonymous_003-008-1354-00_1733575459863_Mandibular_View.jpg,anonymous_003-008-1354-00_1733575459863_Mandibular_View_tooth_002.jpg,0.4744,174,410,286,493,112,83
anonymous_003-008-1354-00_1733575459863_Mandibular_View.jpg,anonymous_003-008-1354-00_1733575459863_Mandibular_View_tooth_003.jpg,0.5564,225,512,317,605,92,93
anonymous_003-008-1354-00_1733575459863_Mandibular_View.jpg,anonymous_003-008-1354-00_1733575459863_Mandibular_View_tooth_004.jpg,0.3234,395,671,477,732,82,61
anonymous_003-008-1354-00_1733575459863_Mandibular_View.jpg,anonymous_003-008-1354-00_1733575459863_Mandibular_View_tooth_005.jpg,0.2784,598,693,684,763,86,70
anonymous_003-008-1354-00_1733575459863_Mandibular_View.jpg,anonymous_003-008-1354-00_1733575459863_Mandibular_View_tooth_006.jpg,0.2626,698,665,770,743,72,78
anonymous_003-008-1354-00_1733575459863_Mandibular_View.jpg,anonymous_003-008-1354-00_1733575459863_Mandibular_View_tooth_007.jpg,0.4415,821,528,912,614,91,86
anonymous_003-008-1354-00_1733575459863_Mandibular_View.jpg,anonymous_003-008-1354-00_1733575459863_Mandibular_View_tooth_008.jpg,0.6585,850,424,954,511,104,87
anonymous_003-008-1354-00_1733575459863_Mandibular_View.jpg,anonymous_003-008-1354-00_1733575459863_Mandibular_View_tooth_009.jpg,0.7092,863,286,1011,417,148,131
anonymous_003-008-1354-00_1733575459863_Mandibular_View.jpg,anonymous_003-008-1354-00_1733575459863_Mandibular_View_tooth_010.jpg,0.6496,905,136,1060,289,155,153
anonymous_003-008-1373-01_1733742517125_Maxillary_Occlusal_View.jpg,anonymous_003-008-1373-01_1733742517125_Maxillary_Occlusal_View_tooth_000.jpg,0.422,38,850,232,964,194,114
anonymous_003-008-1373-01_1733742517125_Maxillary_Occlusal_View.jpg,anonymous_003-008-1373-01_1733742517125_Maxillary_Occlusal_View_tooth_001.jpg,0.7141,63,687,276,830,213,143
anonymous_003-008-1373-01_1733742517125_Maxillary_Occlusal_View.jpg,anonymous_003-008-1373-01_1733742517125_Maxillary_Occlusal_View_tooth_002.jpg,0.6251,110,580,295,672,185,92
anonymous_003-008-1373-01_1733742517125_Maxillary_Occlusal_View.jpg,anonymous_003-008-1373-01_1733742517125_Maxillary_Occlusal_View_tooth_003.jpg,0.7206,145,447,321,555,176,108
anonymous_003-008-1373-01_1733742517125_Maxillary_Occlusal_View.jpg,anonymous_003-008-1373-01_1733742517125_Maxillary_Occlusal_View_tooth_004.jpg,0.4281,202,292,343,416,141,124
anonymous_003-008-1373-01_1733742517125_Maxillary_Occlusal_View.jpg,anonymous_003-008-1373-01_1733742517125_Maxillary_Occlusal_View_tooth_005.jpg,0.28,305,184,432,295,127,111
anonymous_003-008-1373-01_1733742517125_Maxillary_Occlusal_View.jpg,anonymous_003-008-1373-01_1733742517125_Maxillary_Occlusal_View_tooth_006.jpg,0.7149,437,123,624,234,187,111
anonymous_003-008-1373-01_1733742517125_Maxillary_Occlusal_View.jpg,anonymous_003-008-1373-01_1733742517125_Maxillary_Occlusal_View_tooth_007.jpg,0.6338,647,122,815,225,168,103
anonymous_003-008-1373-01_1733742517125_Maxillary_Occlusal_View.jpg,anonymous_003-008-1373-01_1733742517125_Maxillary_Occlusal_View_tooth_008.jpg,0.4312,840,159,960,299,120,140
anonymous_003-008-1373-01_1733742517125_Maxillary_Occlusal_View.jpg,anonymous_003-008-1373-01_1733742517125_Maxillary_Occlusal_View_tooth_009.jpg,0.3999,962,250,1102,392,140,142
anonymous_003-008-1373-01_1733742517125_Maxillary_Occlusal_View.jpg,anonymous_003-008-1373-01_1733742517125_Maxillary_Occlusal_View_tooth_010.jpg,0.581,1005,408,1195,502,190,94
anonymous_003-008-1373-01_1733742517125_Maxillary_Occlusal_View.jpg,anonymous_003-008-1373-01_1733742517125_Maxillary_Occlusal_View_tooth_011.jpg,0.4771,1083,521,1258,609,175,88
anonymous_003-008-1373-01_1733742517125_Maxillary_Occlusal_View.jpg,anonymous_003-008-1373-01_1733742517125_Maxillary_Occlusal_View_tooth_012.jpg,0.2534,1152,622,1360,747,208,125
anonymous_003-008-1377-01_1733753599671_Mandibular_View.jpg,anonymous_003-008-1377-01_1733753599671_Mandibular_View_tooth_000.jpg,0.7091,58,162,184,306,126,144
anonymous_003-008-1377-01_1733753599671_Mandibular_View.jpg,anonymous_003-008-1377-01_1733753599671_Mandibular_View_tooth_001.jpg,0.7327,101,311,242,474,141,163
anonymous_003-008-1377-01_1733753599671_Mandibular_View.jpg,anonymous_003-008-1377-01_1733753599671_Mandibular_View_tooth_002.jpg,0.587,172,491,269,589,97,98
anonymous_003-008-1377-01_1733753599671_Mandibular_View.jpg,anonymous_003-008-1377-01_1733753599671_Mandibular_View_tooth_003.jpg,0.317,221,686,284,774,63,88
anonymous_003-008-1377-01_1733753599671_Mandibular_View.jpg,anonymous_003-008-1377-01_1733753599671_Mandibular_View_tooth_004.jpg,0.4748,224,602,302,664,78,62
anonymous_003-008-1377-01_1733753599671_Mandibular_View.jpg,anonymous_003-008-1377-01_1733753599671_Mandibular_View_tooth_005.jpg,0.2868,303,738,390,807,87,69
anonymous_003-008-1377-01_1733753599671_Mandibular_View.jpg,anonymous_003-008-1377-01_1733753599671_Mandibular_View_tooth_006.jpg,0.2903,387,804,489,848,102,44
anonymous_003-008-1377-01_1733753599671_Mandibular_View.jpg,anonymous_003-008-1377-01_1733753599671_Mandibular_View_tooth_007.jpg,0.2674,526,817,615,850,89,33
anonymous_003-008-1377-01_1733753599671_Mandibular_View.jpg,anonymous_003-008-1377-01_1733753599671_Mandibular_View_tooth_008.jpg,0.3893,630,815,731,848,101,33
anonymous_003-008-1377-01_1733753599671_Mandibular_View.jpg,anonymous_003-008-1377-01_1733753599671_Mandibular_View_tooth_009.jpg,0.4386,759,779,869,829,110,50
anonymous_003-008-1377-01_1733753599671_Mandibular_View.jpg,anonymous_003-008-1377-01_1733753599671_Mandibular_View_tooth_010.jpg,0.4685,867,673,956,766,89,93
anonymous_003-008-1377-01_1733753599671_Mandibular_View.jpg,anonymous_003-008-1377-01_1733753599671_Mandibular_View_tooth_011.jpg,0.4542,940,586,1027,667,87,81
anonymous_003-008-1377-01_1733753599671_Mandibular_View.jpg,anonymous_003-008-1377-01_1733753599671_Mandibular_View_tooth_012.jpg,0.5691,975,471,1078,568,103,97
anonymous_003-008-1377-01_1733753599671_Mandibular_View.jpg,anonymous_003-008-1377-01_1733753599671_Mandibular_View_tooth_013.jpg,0.6702,988,269,1146,442,158,173
anonymous_003-008-1377-01_1733753599671_Mandibular_View.jpg,anonymous_003-008-1377-01_1733753599671_Mandibular_View_tooth_014.jpg,0.7035,1030,112,1182,251,152,139
anonymous_003-008-1389-01_1733825027941_Maxillary_Occlusal_View.jpg,anonymous_003-008-1389-01_1733825027941_Maxillary_Occlusal_View_tooth_000.jpg,0.3864,82,923,312,1062,230,139
anonymous_003-008-1389-01_1733825027941_Maxillary_Occlusal_View.jpg,anonymous_003-008-1389-01_1733825027941_Maxillary_Occlusal_View_tooth_001.jpg,0.6528,103,760,314,904,211,144
anonymous_003-008-1389-01_1733825027941_Maxillary_Occlusal_View.jpg,anonymous_003-008-1389-01_1733825027941_Maxillary_Occlusal_View_tooth_002.jpg,0.4445,169,632,348,752,179,120
anonymous_003-008-1389-01_1733825027941_Maxillary_Occlusal_View.jpg,anonymous_003-008-1389-01_1733825027941_Maxillary_Occlusal_View_tooth_003.jpg,0.5943,210,464,401,617,191,153
anonymous_003-008-1389-01_1733825027941_Maxillary_Occlusal_View.jpg,anonymous_003-008-1389-01_1733825027941_Maxillary_Occlusal_View_tooth_004.jpg,0.4852,300,307,436,432,136,125
anonymous_003-008-1389-01_1733825027941_Maxillary_Occlusal_View.jpg,anonymous_003-008-1389-01_1733825027941_Maxillary_Occlusal_View_tooth_005.jpg,0.4894,409,170,551,275,142,105
anonymous_003-008-1389-01_1733825027941_Maxillary_Occlusal_View.jpg,anonymous_003-008-1389-01_1733825027941_Maxillary_Occlusal_View_tooth_006.jpg,0.4054,553,65,754,144,201,79
anonymous_003-008-1389-01_1733825027941_Maxillary_Occlusal_View.jpg,anonymous_003-008-1389-01_1733825027941_Maxillary_Occlusal_View_tooth_007.jpg,0.5247,770,69,974,149,204,80
anonymous_003-008-1389-01_1733825027941_Maxillary_Occlusal_View.jpg,anonymous_003-008-1389-01_1733825027941_Maxillary_Occlusal_View_tooth_008.jpg,0.4934,996,145,1133,266,137,121
anonymous_003-008-1389-01_1733825027941_Maxillary_Occlusal_View.jpg,anonymous_003-008-1389-01_1733825027941_Maxillary_Occlusal_View_tooth_009.jpg,0.4379,1129,281,1261,398,132,117
anonymous_003-008-1389-01_1733825027941_Maxillary_Occlusal_View.jpg,anonymous_003-008-1389-01_1733825027941_Maxillary_Occlusal_View_tooth_010.jpg,0.4983,1184,452,1359,579,175,127
anonymous_003-008-1389-01_1733825027941_Maxillary_Occlusal_View.jpg,anonymous_003-008-1389-01_1733825027941_Maxillary_Occlusal_View_tooth_011.jpg,0.6136,1268,623,1419,726,151,103
anonymous_003-008-1389-01_1733825027941_Maxillary_Occlusal_View.jpg,anonymous_003-008-1389-01_1733825027941_Maxillary_Occlusal_View_tooth_012.jpg,0.652,1322,722,1524,877,202,155
anonymous_003-008-1389-01_1733825027941_Maxillary_Occlusal_View.jpg,anonymous_003-008-1389-01_1733825027941_Maxillary_Occlusal_View_tooth_013.jpg,0.5162,1340,900,1554,1053,214,153
anonymous_003-008-1390-00_1733825468008_Maxillary_Occlusal_View.jpg,anonymous_003-008-1390-00_1733825468008_Maxillary_Occlusal_View_tooth_000.jpg,0.6917,56,645,245,763,189,118
anonymous_003-008-1390-00_1733825468008_Maxillary_Occlusal_View.jpg,anonymous_003-008-1390-00_1733825468008_Maxillary_Occlusal_View_tooth_001.jpg,0.4718,56,617,250,755,194,138
anonymous_003-008-1390-00_1733825468008_Maxillary_Occlusal_View.jpg,anonymous_003-008-1390-00_1733825468008_Maxillary_Occlusal_View_tooth_002.jpg,0.451,110,569,266,651,156,82
anonymous_003-008-1390-00_1733825468008_Maxillary_Occlusal_View.jpg,anonymous_003-008-1390-00_1733825468008_Maxillary_Occlusal_View_tooth_003.jpg,0.6258,142,443,308,550,166,107
anonymous_003-008-1390-00_1733825468008_Maxillary_Occlusal_View.jpg,anonymous_003-008-1390-00_1733825468008_Maxillary_Occlusal_View_tooth_004.jpg,0.5538,214,292,328,408,114,116
anonymous_003-008-1390-00_1733825468008_Maxillary_Occlusal_View.jpg,anonymous_003-008-1390-00_1733825468008_Maxillary_Occlusal_View_tooth_005.jpg,0.4201,299,182,431,272,132,90
anonymous_003-008-1390-00_1733825468008_Maxillary_Occlusal_View.jpg,anonymous_003-008-1390-00_1733825468008_Maxillary_Occlusal_View_tooth_006.jpg,0.348,423,102,609,198,186,96
anonymous_003-008-1390-00_1733825468008_Maxillary_Occlusal_View.jpg,anonymous_003-008-1390-00_1733825468008_Maxillary_Occlusal_View_tooth_007.jpg,0.58,615,114,791,200,176,86
anonymous_003-008-1390-00_1733825468008_Maxillary_Occlusal_View.jpg,anonymous_003-008-1390-00_1733825468008_Maxillary_Occlusal_View_tooth_008.jpg,0.3469,826,176,946,262,120,86
anonymous_003-008-1390-00_1733825468008_Maxillary_Occlusal_View.jpg,anonymous_003-008-1390-00_1733825468008_Maxillary_Occlusal_View_tooth_009.jpg,0.3807,951,279,1056,380,105,101
anonymous_003-008-1390-00_1733825468008_Maxillary_Occlusal_View.jpg,anonymous_003-008-1390-00_1733825468008_Maxillary_Occlusal_View_tooth_010.jpg,0.6964,996,411,1140,518,144,107
anonymous_003-008-1390-00_1733825468008_Maxillary_Occlusal_View.jpg,anonymous_003-008-1390-00_1733825468008_Maxillary_Occlusal_View_tooth_011.jpg,0.4683,1058,540,1200,622,142,82
anonymous_003-008-1390-00_1733825468008_Maxillary_Occlusal_View.jpg,anonymous_003-008-1390-00_1733825468008_Maxillary_Occlusal_View_tooth_012.jpg,0.3799,1119,623,1295,735,176,112
anonymous_003-008-1390-00_1733825468008_Maxillary_Occlusal_View.jpg,anonymous_003-008-1390-00_1733825468008_Maxillary_Occlusal_View_tooth_013.jpg,0.3325,1141,748,1335,848,194,100
anonymous_003-008-1391-01_1733827595823_Maxillary_Occlusal_View.jpg,anonymous_003-008-1391-01_1733827595823_Maxillary_Occlusal_View_tooth_000.jpg,0.6127,147,743,348,896,201,153
anonymous_003-008-1391-01_1733827595823_Maxillary_Occlusal_View.jpg,anonymous_003-008-1391-01_1733827595823_Maxillary_Occlusal_View_tooth_001.jpg,0.5729,196,606,386,729,190,123
anonymous_003-008-1391-01_1733827595823_Maxillary_Occlusal_View.jpg,anonymous_003-008-1391-01_1733827595823_Maxillary_Occlusal_View_tooth_002.jpg,0.6503,245,445,429,580,184,135
anonymous_003-008-1391-01_1733827595823_Maxillary_Occlusal_View.jpg,anonymous_003-008-1391-01_1733827595823_Maxillary_Occlusal_View_tooth_003.jpg,0.4896,301,257,450,408,149,151
anonymous_003-008-1391-01_1733827595823_Maxillary_Occlusal_View.jpg,anonymous_003-008-1391-01_1733827595823_Maxillary_Occlusal_View_tooth_004.jpg,0.3364,452,136,562,276,110,140
anonymous_003-008-1391-01_1733827595823_Maxillary_Occlusal_View.jpg,anonymous_003-008-1391-01_1733827595823_Maxillary_Occlusal_View_tooth_005.jpg,0.3756,577,85,780,173,203,88
anonymous_003-008-1391-01_1733827595823_Maxillary_Occlusal_View.jpg,anonymous_003-008-1391-01_1733827595823_Maxillary_Occlusal_View_tooth_006.jpg,0.3523,801,76,1011,235,210,159
anonymous_003-008-1391-01_1733827595823_Maxillary_Occlusal_View.jpg,anonymous_003-008-1391-01_1733827595823_Maxillary_Occlusal_View_tooth_007.jpg,0.5005,1031,153,1148,292,117,139
anonymous_003-008-1391-01_1733827595823_Maxillary_Occlusal_View.jpg,anonymous_003-008-1391-01_1733827595823_Maxillary_Occlusal_View_tooth_008.jpg,0.2735,1151,271,1309,408,158,137
anonymous_003-008-1391-01_1733827595823_Maxillary_Occlusal_View.jpg,anonymous_003-008-1391-01_1733827595823_Maxillary_Occlusal_View_tooth_009.jpg,0.5644,1201,440,1389,578,188,138
anonymous_003-008-1391-01_1733827595823_Maxillary_Occlusal_View.jpg,anonymous_003-008-1391-01_1733827595823_Maxillary_Occlusal_View_tooth_010.jpg,0.5507,1276,602,1461,726,185,124
anonymous_003-008-1391-01_1733827595823_Maxillary_Occlusal_View.jpg,anonymous_003-008-1391-01_1733827595823_Maxillary_Occlusal_View_tooth_011.jpg,0.5831,1304,757,1546,902,242,145
anonymous_003-008-1392-00_1733827997119_Mandibular_View.jpg,anonymous_003-008-1392-00_1733827997119_Mandibular_View_tooth_000.jpg,0.6903,69,165,228,341,159,176
anonymous_003-008-1392-00_1733827997119_Mandibular_View.jpg,anonymous_003-008-1392-00_1733827997119_Mandibular_View_tooth_001.jpg,0.6229,131,341,283,489,152,148
anonymous_003-008-1392-00_1733827997119_Mandibular_View.jpg,anonymous_003-008-1392-00_1733827997119_Mandibular_View_tooth_002.jpg,0.3981,203,496,328,586,125,90
anonymous_003-008-1392-00_1733827997119_Mandibular_View.jpg,anonymous_003-008-1392-00_1733827997119_Mandibular_View_tooth_003.jpg,0.5218,244,600,364,692,120,92
anonymous_003-008-1392-00_1733827997119_Mandibular_View.jpg,anonymous_003-008-1392-00_1733827997119_Mandibular_View_tooth_004.jpg,0.3262,418,752,521,831,103,79
anonymous_003-008-1392-00_1733827997119_Mandibular_View.jpg,anonymous_003-008-1392-00_1733827997119_Mandibular_View_tooth_005.jpg,0.4336,539,771,630,863,91,92
anonymous_003-008-1392-00_1733827997119_Mandibular_View.jpg,anonymous_003-008-1392-00_1733827997119_Mandibular_View_tooth_006.jpg,0.3103,656,790,756,856,100,66
anonymous_003-008-1392-00_1733827997119_Mandibular_View.jpg,anonymous_003-008-1392-00_1733827997119_Mandibular_View_tooth_007.jpg,0.4317,767,739,876,835,109,96
anonymous_003-008-1392-00_1733827997119_Mandibular_View.jpg,anonymous_003-008-1392-00_1733827997119_Mandibular_View_tooth_008.jpg,0.2565,883,683,963,802,80,119
anonymous_003-008-1392-00_1733827997119_Mandibular_View.jpg,anonymous_003-008-1392-00_1733827997119_Mandibular_View_tooth_009.jpg,0.5141,908,569,1044,661,136,92
anonymous_003-008-1392-00_1733827997119_Mandibular_View.jpg,anonymous_003-008-1392-00_1733827997119_Mandibular_View_tooth_010.jpg,0.4188,954,464,1086,556,132,92
anonymous_003-008-1392-00_1733827997119_Mandibular_View.jpg,anonymous_003-008-1392-00_1733827997119_Mandibular_View_tooth_011.jpg,0.7715,980,294,1149,444,169,150
anonymous_003-008-1392-00_1733827997119_Mandibular_View.jpg,anonymous_003-008-1392-00_1733827997119_Mandibular_View_tooth_012.jpg,0.7784,1022,117,1206,282,184,165
anonymous_003-008-1393-01_1733830435002_Maxillary_Occlusal_View.jpg,anonymous_003-008-1393-01_1733830435002_Maxillary_Occlusal_View_tooth_000.jpg,0.2701,117,820,292,938,175,118
anonymous_003-008-1393-01_1733830435002_Maxillary_Occlusal_View.jpg,anonymous_003-008-1393-01_1733830435002_Maxillary_Occlusal_View_tooth_001.jpg,0.6356,147,680,350,812,203,132
anonymous_003-008-1393-01_1733830435002_Maxillary_Occlusal_View.jpg,anonymous_003-008-1393-01_1733830435002_Maxillary_Occlusal_View_tooth_002.jpg,0.5684,185,558,354,667,169,109
anonymous_003-008-1393-01_1733830435002_Maxillary_Occlusal_View.jpg,anonymous_003-008-1393-01_1733830435002_Maxillary_Occlusal_View_tooth_003.jpg,0.6488,192,410,367,520,175,110
anonymous_003-008-1393-01_1733830435002_Maxillary_Occlusal_View.jpg,anonymous_003-008-1393-01_1733830435002_Maxillary_Occlusal_View_tooth_004.jpg,0.3537,271,214,366,381,95,167
anonymous_003-008-1393-01_1733830435002_Maxillary_Occlusal_View.jpg,anonymous_003-008-1393-01_1733830435002_Maxillary_Occlusal_View_tooth_005.jpg,0.4771,387,167,495,302,108,135
anonymous_003-008-1393-01_1733830435002_Maxillary_Occlusal_View.jpg,anonymous_003-008-1393-01_1733830435002_Maxillary_Occlusal_View_tooth_006.jpg,0.6419,512,66,685,225,173,159
anonymous_003-008-1393-01_1733830435002_Maxillary_Occlusal_View.jpg,anonymous_003-008-1393-01_1733830435002_Maxillary_Occlusal_View_tooth_007.jpg,0.5754,718,64,897,207,179,143
anonymous_003-008-1393-01_1733830435002_Maxillary_Occlusal_View.jpg,anonymous_003-008-1393-01_1733830435002_Maxillary_Occlusal_View_tooth_008.jpg,0.5381,945,125,1053,280,108,155
anonymous_003-008-1393-01_1733830435002_Maxillary_Occlusal_View.jpg,anonymous_003-008-1393-01_1733830435002_Maxillary_Occlusal_View_tooth_009.jpg,0.3675,1064,214,1169,371,105,157
anonymous_003-008-1393-01_1733830435002_Maxillary_Occlusal_View.jpg,anonymous_003-008-1393-01_1733830435002_Maxillary_Occlusal_View_tooth_010.jpg,0.496,1096,389,1265,513,169,124
anonymous_003-008-1393-01_1733830435002_Maxillary_Occlusal_View.jpg,anonymous_003-008-1393-01_1733830435002_Maxillary_Occlusal_View_tooth_011.jpg,0.5658,1120,534,1304,631,184,97
anonymous_003-008-1393-01_1733830435002_Maxillary_Occlusal_View.jpg,anonymous_003-008-1393-01_1733830435002_Maxillary_Occlusal_View_tooth_012.jpg,0.5461,1186,641,1378,775,192,134
anonymous_003-008-1394-00_1733831166816_Maxillary_Occlusal_View.jpg,anonymous_003-008-1394-00_1733831166816_Maxillary_Occlusal_View_tooth_000.jpg,0.6674,76,715,307,840,231,125
anonymous_003-008-1394-00_1733831166816_Maxillary_Occlusal_View.jpg,anonymous_003-008-1394-00_1733831166816_Maxillary_Occlusal_View_tooth_001.jpg,0.5655,113,598,318,701,205,103
anonymous_003-008-1394-00_1733831166816_Maxillary_Occlusal_View.jpg,anonymous_003-008-1394-00_1733831166816_Maxillary_Occlusal_View_tooth_002.jpg,0.7892,116,440,320,565,204,125
anonymous_003-008-1394-00_1733831166816_Maxillary_Occlusal_View.jpg,anonymous_003-008-1394-00_1733831166816_Maxillary_Occlusal_View_tooth_003.jpg,0.6191,199,232,309,424,110,192
anonymous_003-008-1394-00_1733831166816_Maxillary_Occlusal_View.jpg,anonymous_003-008-1394-00_1733831166816_Maxillary_Occlusal_View_tooth_004.jpg,0.4524,323,203,441,365,118,162
anonymous_003-008-1394-00_1733831166816_Maxillary_Occlusal_View.jpg,anonymous_003-008-1394-00_1733831166816_Maxillary_Occlusal_View_tooth_005.jpg,0.3348,325,218,466,370,141,152
anonymous_003-008-1394-00_1733831166816_Maxillary_Occlusal_View.jpg,anonymous_003-008-1394-00_1733831166816_Maxillary_Occlusal_View_tooth_006.jpg,0.7175,461,100,655,276,194,176
anonymous_003-008-1394-00_1733831166816_Maxillary_Occlusal_View.jpg,anonymous_003-008-1394-00_1733831166816_Maxillary_Occlusal_View_tooth_007.jpg,0.5936,685,104,895,213,210,109
anonymous_003-008-1394-00_1733831166816_Maxillary_Occlusal_View.jpg,anonymous_003-008-1394-00_1733831166816_Maxillary_Occlusal_View_tooth_008.jpg,0.6015,950,168,1070,331,120,163
anonymous_003-008-1394-00_1733831166816_Maxillary_Occlusal_View.jpg,anonymous_003-008-1394-00_1733831166816_Maxillary_Occlusal_View_tooth_009.jpg,0.372,1090,255,1195,419,105,164
anonymous_003-008-1394-00_1733831166816_Maxillary_Occlusal_View.jpg,anonymous_003-008-1394-00_1733831166816_Maxillary_Occlusal_View_tooth_010.jpg,0.6019,1103,438,1302,563,199,125
anonymous_003-008-1394-00_1733831166816_Maxillary_Occlusal_View.jpg,anonymous_003-008-1394-00_1733831166816_Maxillary_Occlusal_View_tooth_011.jpg,0.5418,1136,585,1334,671,198,86
anonymous_003-008-1394-00_1733831166816_Maxillary_Occlusal_View.jpg,anonymous_003-008-1394-00_1733831166816_Maxillary_Occlusal_View_tooth_012.jpg,0.4091,1211,676,1413,804,202,128
anonymous_003-008-1395-01_1733833399473_Mandibular_View.jpg,anonymous_003-008-1395-01_1733833399473_Mandibular_View_tooth_000.jpg,0.7209,148,84,304,231,156,147
anonymous_003-008-1395-01_1733833399473_Mandibular_View.jpg,anonymous_003-008-1395-01_1733833399473_Mandibular_View_tooth_001.jpg,0.8072,172,234,344,395,172,161
anonymous_003-008-1395-01_1733833399473_Mandibular_View.jpg,anonymous_003-008-1395-01_1733833399473_Mandibular_View_tooth_002.jpg,0.5159,246,404,359,480,113,76
anonymous_003-008-1395-01_1733833399473_Mandibular_View.jpg,anonymous_003-008-1395-01_1733833399473_Mandibular_View_tooth_003.jpg,0.6158,309,500,419,619,110,119
anonymous_003-008-1395-01_1733833399473_Mandibular_View.jpg,anonymous_003-008-1395-01_1733833399473_Mandibular_View_tooth_004.jpg,0.2843,508,690,614,752,106,62
anonymous_003-008-1395-01_1733833399473_Mandibular_View.jpg,anonymous_003-008-1395-01_1733833399473_Mandibular_View_tooth_005.jpg,0.5036,515,693,616,739,101,46
anonymous_003-008-1395-01_1733833399473_Mandibular_View.jpg,anonymous_003-008-1395-01_1733833399473_Mandibular_View_tooth_006.jpg,0.5822,642,696,734,755,92,59
anonymous_003-008-1395-01_1733833399473_Mandibular_View.jpg,anonymous_003-008-1395-01_1733833399473_Mandibular_View_tooth_007.jpg,0.421,769,694,861,752,92,58
anonymous_003-008-1395-01_1733833399473_Mandibular_View.jpg,anonymous_003-008-1395-01_1733833399473_Mandibular_View_tooth_008.jpg,0.519,894,671,986,733,92,62
anonymous_003-008-1395-01_1733833399473_Mandibular_View.jpg,anonymous_003-008-1395-01_1733833399473_Mandibular_View_tooth_009.jpg,0.2828,900,668,990,723,90,55
anonymous_003-008-1395-01_1733833399473_Mandibular_View.jpg,anonymous_003-008-1395-01_1733833399473_Mandibular_View_tooth_010.jpg,0.3829,1032,588,1106,681,74,93
anonymous_003-008-1395-01_1733833399473_Mandibular_View.jpg,anonymous_003-008-1395-01_1733833399473_Mandibular_View_tooth_011.jpg,0.5109,1108,455,1199,565,91,110
anonymous_003-008-1395-01_1733833399473_Mandibular_View.jpg,anonymous_003-008-1395-01_1733833399473_Mandibular_View_tooth_012.jpg,0.5379,1145,350,1252,438,107,88
anonymous_003-008-1395-01_1733833399473_Mandibular_View.jpg,anonymous_003-008-1395-01_1733833399473_Mandibular_View_tooth_013.jpg,0.6656,1157,185,1322,332,165,147
anonymous_003-008-1395-01_1733833399473_Mandibular_View.jpg,anonymous_003-008-1395-01_1733833399473_Mandibular_View_tooth_014.jpg,0.6187,1194,25,1343,176,149,151
anonymous_003-008-1396-00_1733833829814_Mandibular_View.jpg,anonymous_003-008-1396-00_1733833829814_Mandibular_View_tooth_000.jpg,0.7681,42,151,204,293,162,142
anonymous_003-008-1396-00_1733833829814_Mandibular_View.jpg,anonymous_003-008-1396-00_1733833829814_Mandibular_View_tooth_001.jpg,0.7383,63,306,231,450,168,144
anonymous_003-008-1396-00_1733833829814_Mandibular_View.jpg,anonymous_003-008-1396-00_1733833829814_Mandibular_View_tooth_002.jpg,0.4551,128,464,238,546,110,82
anonymous_003-008-1396-00_1733833829814_Mandibular_View.jpg,anonymous_003-008-1396-00_1733833829814_Mandibular_View_tooth_003.jpg,0.466,182,565,292,684,110,119
anonymous_003-008-1396-00_1733833829814_Mandibular_View.jpg,anonymous_003-008-1396-00_1733833829814_Mandibular_View_tooth_004.jpg,0.4035,403,750,490,819,87,69
anonymous_003-008-1396-00_1733833829814_Mandibular_View.jpg,anonymous_003-008-1396-00_1733833829814_Mandibular_View_tooth_005.jpg,0.4902,521,768,611,846,90,78
anonymous_003-008-1396-00_1733833829814_Mandibular_View.jpg,anonymous_003-008-1396-00_1733833829814_Mandibular_View_tooth_006.jpg,0.5587,645,778,738,863,93,85
anonymous_003-008-1396-00_1733833829814_Mandibular_View.jpg,anonymous_003-008-1396-00_1733833829814_Mandibular_View_tooth_007.jpg,0.5153,768,780,874,848,106,68
anonymous_003-008-1396-00_1733833829814_Mandibular_View.jpg,anonymous_003-008-1396-00_1733833829814_Mandibular_View_tooth_008.jpg,0.3213,897,723,979,823,82,100
anonymous_003-008-1396-00_1733833829814_Mandibular_View.jpg,anonymous_003-008-1396-00_1733833829814_Mandibular_View_tooth_009.jpg,0.5594,973,613,1077,714,104,101
anonymous_003-008-1396-00_1733833829814_Mandibular_View.jpg,anonymous_003-008-1396-00_1733833829814_Mandibular_View_tooth_010.jpg,0.5363,1016,523,1130,599,114,76
anonymous_003-008-1396-00_1733833829814_Mandibular_View.jpg,anonymous_003-008-1396-00_1733833829814_Mandibular_View_tooth_011.jpg,0.646,1043,371,1199,499,156,128
anonymous_003-008-1396-00_1733833829814_Mandibular_View.jpg,anonymous_003-008-1396-00_1733833829814_Mandibular_View_tooth_012.jpg,0.7501,1067,232,1226,361,159,129
anonymous_003-008-1409-01_1733910983435_Maxillary_Occlusal_View.jpg,anonymous_003-008-1409-01_1733910983435_Maxillary_Occlusal_View_tooth_000.jpg,0.5674,66,614,252,753,186,139
anonymous_003-008-1409-01_1733910983435_Maxillary_Occlusal_View.jpg,anonymous_003-008-1409-01_1733910983435_Maxillary_Occlusal_View_tooth_001.jpg,0.3026,66,612,248,861,182,249
anonymous_003-008-1409-01_1733910983435_Maxillary_Occlusal_View.jpg,anonymous_003-008-1409-01_1733910983435_Maxillary_Occlusal_View_tooth_002.jpg,0.298,74,774,226,887,152,113
anonymous_003-008-1409-01_1733910983435_Maxillary_Occlusal_View.jpg,anonymous_003-008-1409-01_1733910983435_Maxillary_Occlusal_View_tooth_003.jpg,0.5554,114,503,249,591,135,88
anonymous_003-008-1409-01_1733910983435_Maxillary_Occlusal_View.jpg,anonymous_003-008-1409-01_1733910983435_Maxillary_Occlusal_View_tooth_004.jpg,0.5518,155,362,299,482,144,120
anonymous_003-008-1409-01_1733910983435_Maxillary_Occlusal_View.jpg,anonymous_003-008-1409-01_1733910983435_Maxillary_Occlusal_View_tooth_005.jpg,0.4504,240,209,338,335,98,126
anonymous_003-008-1409-01_1733910983435_Maxillary_Occlusal_View.jpg,anonymous_003-008-1409-01_1733910983435_Maxillary_Occlusal_View_tooth_006.jpg,0.3068,357,119,441,200,84,81
anonymous_003-008-1409-01_1733910983435_Maxillary_Occlusal_View.jpg,anonymous_003-008-1409-01_1733910983435_Maxillary_Occlusal_View_tooth_007.jpg,0.5101,486,62,646,157,160,95
anonymous_003-008-1409-01_1733910983435_Maxillary_Occlusal_View.jpg,anonymous_003-008-1409-01_1733910983435_Maxillary_Occlusal_View_tooth_008.jpg,0.472,667,63,822,171,155,108
anonymous_003-008-1409-01_1733910983435_Maxillary_Occlusal_View.jpg,anonymous_003-008-1409-01_1733910983435_Maxillary_Occlusal_View_tooth_009.jpg,0.4578,933,218,1044,333,111,115
anonymous_003-008-1409-01_1733910983435_Maxillary_Occlusal_View.jpg,anonymous_003-008-1409-01_1733910983435_Maxillary_Occlusal_View_tooth_010.jpg,0.4577,978,370,1128,468,150,98
anonymous_003-008-1409-01_1733910983435_Maxillary_Occlusal_View.jpg,anonymous_003-008-1409-01_1733910983435_Maxillary_Occlusal_View_tooth_011.jpg,0.5299,1038,504,1172,586,134,82
anonymous_003-008-1409-01_1733910983435_Maxillary_Occlusal_View.jpg,anonymous_003-008-1409-01_1733910983435_Maxillary_Occlusal_View_tooth_012.jpg,0.5874,1051,609,1243,746,192,137
anonymous_003-008-1409-01_1733910983435_Maxillary_Occlusal_View.jpg,anonymous_003-008-1409-01_1733910983435_Maxillary_Occlusal_View_tooth_013.jpg,0.3432,1081,755,1256,872,175,117
anonymous_003-008-1410-00_1733911356831_Mandibular_View.jpg,anonymous_003-008-1410-00_1733911356831_Mandibular_View_tooth_000.jpg,0.6155,28,91,200,267,172,176
anonymous_003-008-1410-00_1733911356831_Mandibular_View.jpg,anonymous_003-008-1410-00_1733911356831_Mandibular_View_tooth_001.jpg,0.7887,75,275,254,478,179,203
anonymous_003-008-1410-00_1733911356831_Mandibular_View.jpg,anonymous_003-008-1410-00_1733911356831_Mandibular_View_tooth_002.jpg,0.5902,159,485,266,587,107,102
anonymous_003-008-1410-00_1733911356831_Mandibular_View.jpg,anonymous_003-008-1410-00_1733911356831_Mandibular_View_tooth_003.jpg,0.6251,213,607,314,712,101,105
anonymous_003-008-1410-00_1733911356831_Mandibular_View.jpg,anonymous_003-008-1410-00_1733911356831_Mandibular_View_tooth_004.jpg,0.4326,502,821,602,880,100,59
anonymous_003-008-1410-00_1733911356831_Mandibular_View.jpg,anonymous_003-008-1410-00_1733911356831_Mandibular_View_tooth_005.jpg,0.6051,618,824,720,880,102,56
anonymous_003-008-1410-00_1733911356831_Mandibular_View.jpg,anonymous_003-008-1410-00_1733911356831_Mandibular_View_tooth_006.jpg,0.473,903,604,1006,705,103,101
anonymous_003-008-1410-00_1733911356831_Mandibular_View.jpg,anonymous_003-008-1410-00_1733911356831_Mandibular_View_tooth_007.jpg,0.5087,958,481,1061,585,103,104
anonymous_003-008-1410-00_1733911356831_Mandibular_View.jpg,anonymous_003-008-1410-00_1733911356831_Mandibular_View_tooth_008.jpg,0.7724,976,280,1146,484,170,204
anonymous_003-008-1410-00_1733911356831_Mandibular_View.jpg,anonymous_003-008-1410-00_1733911356831_Mandibular_View_tooth_009.jpg,0.718,1035,102,1206,277,171,175
anonymous_003-008-1411-01_1733912476033_Mandibular_View.jpg,anonymous_003-008-1411-01_1733912476033_Mandibular_View_tooth_000.jpg,0.7792,59,91,227,259,168,168
anonymous_003-008-1411-01_1733912476033_Mandibular_View.jpg,anonymous_003-008-1411-01_1733912476033_Mandibular_View_tooth_001.jpg,0.61,97,257,272,452,175,195
anonymous_003-008-1411-01_1733912476033_Mandibular_View.jpg,anonymous_003-008-1411-01_1733912476033_Mandibular_View_tooth_002.jpg,0.4457,173,442,315,571,142,129
anonymous_003-008-1411-01_1733912476033_Mandibular_View.jpg,anonymous_003-008-1411-01_1733912476033_Mandibular_View_tooth_003.jpg,0.3923,240,558,358,690,118,132
anonymous_003-008-1411-01_1733912476033_Mandibular_View.jpg,anonymous_003-008-1411-01_1733912476033_Mandibular_View_tooth_004.jpg,0.3539,326,692,440,788,114,96
anonymous_003-008-1411-01_1733912476033_Mandibular_View.jpg,anonymous_003-008-1411-01_1733912476033_Mandibular_View_tooth_005.jpg,0.3018,582,749,663,832,81,83
anonymous_003-008-1411-01_1733912476033_Mandibular_View.jpg,anonymous_003-008-1411-01_1733912476033_Mandibular_View_tooth_006.jpg,0.2929,799,703,913,798,114,95
anonymous_003-008-1411-01_1733912476033_Mandibular_View.jpg,anonymous_003-008-1411-01_1733912476033_Mandibular_View_tooth_007.jpg,0.4689,892,569,991,677,99,108
anonymous_003-008-1411-01_1733912476033_Mandibular_View.jpg,anonymous_003-008-1411-01_1733912476033_Mandibular_View_tooth_008.jpg,0.4555,933,460,1044,560,111,100
anonymous_003-008-1411-01_1733912476033_Mandibular_View.jpg,anonymous_003-008-1411-01_1733912476033_Mandibular_View_tooth_009.jpg,0.4278,961,319,1112,447,151,128
anonymous_003-008-1411-01_1733912476033_Mandibular_View.jpg,anonymous_003-008-1411-01_1733912476033_Mandibular_View_tooth_010.jpg,0.3675,991,276,1098,365,107,89
anonymous_003-008-1411-01_1733912476033_Mandibular_View.jpg,anonymous_003-008-1411-01_1733912476033_Mandibular_View_tooth_011.jpg,0.5028,1027,104,1157,262,130,158
anonymous_003-008-1411-01_1733912476033_Mandibular_View.jpg,anonymous_003-008-1411-01_1733912476033_Mandibular_View_tooth_012.jpg,0.2772,1040,106,1146,189,106,83
anonymous_003-008-1415-00_1733914777820_Maxillary_Occlusal_View.jpg,anonymous_003-008-1415-00_1733914777820_Maxillary_Occlusal_View_tooth_000.jpg,0.6198,39,614,249,777,210,163
anonymous_003-008-1415-00_1733914777820_Maxillary_Occlusal_View.jpg,anonymous_003-008-1415-00_1733914777820_Maxillary_Occlusal_View_tooth_001.jpg,0.4479,65,786,251,926,186,140
anonymous_003-008-1415-00_1733914777820_Maxillary_Occlusal_View.jpg,anonymous_003-008-1415-00_1733914777820_Maxillary_Occlusal_View_tooth_002.jpg,0.4994,119,490,293,588,174,98
anonymous_003-008-1415-00_1733914777820_Maxillary_Occlusal_View.jpg,anonymous_003-008-1415-00_1733914777820_Maxillary_Occlusal_View_tooth_003.jpg,0.6503,194,345,375,472,181,127
anonymous_003-008-1415-00_1733914777820_Maxillary_Occlusal_View.jpg,anonymous_003-008-1415-00_1733914777820_Maxillary_Occlusal_View_tooth_004.jpg,0.4731,277,221,425,325,148,104
anonymous_003-008-1415-00_1733914777820_Maxillary_Occlusal_View.jpg,anonymous_003-008-1415-00_1733914777820_Maxillary_Occlusal_View_tooth_005.jpg,0.4132,534,76,729,163,195,87
anonymous_003-008-1415-00_1733914777820_Maxillary_Occlusal_View.jpg,anonymous_003-008-1415-00_1733914777820_Maxillary_Occlusal_View_tooth_006.jpg,0.2581,1074,222,1179,344,105,122
anonymous_003-008-1415-00_1733914777820_Maxillary_Occlusal_View.jpg,anonymous_003-008-1415-00_1733914777820_Maxillary_Occlusal_View_tooth_007.jpg,0.467,1106,376,1274,477,168,101
anonymous_003-008-1415-00_1733914777820_Maxillary_Occlusal_View.jpg,anonymous_003-008-1415-00_1733914777820_Maxillary_Occlusal_View_tooth_008.jpg,0.5215,1167,525,1341,619,174,94
anonymous_003-008-1415-00_1733914777820_Maxillary_Occlusal_View.jpg,anonymous_003-008-1415-00_1733914777820_Maxillary_Occlusal_View_tooth_009.jpg,0.7315,1200,663,1413,806,213,143
anonymous_003-008-1415-00_1733914777820_Maxillary_Occlusal_View.jpg,anonymous_003-008-1415-00_1733914777820_Maxillary_Occlusal_View_tooth_010.jpg,0.3405,1205,836,1419,954,214,118
anonymous_003-008-1415-00_1733914777820_Maxillary_Occlusal_View.jpg,anonymous_003-008-1415-00_1733914777820_Maxillary_Occlusal_View_tooth_011.jpg,0.4773,1356,13,1471,383,115,370
anonymous_003-008-1417-00_1733917109783_Mandibular_View.jpg,anonymous_003-008-1417-00_1733917109783_Mandibular_View_tooth_000.jpg,0.8106,51,122,200,276,149,154
anonymous_003-008-1417-00_1733917109783_Mandibular_View.jpg,anonymous_003-008-1417-00_1733917109783_Mandibular_View_tooth_001.jpg,0.6943,98,283,241,446,143,163
anonymous_003-008-1417-00_1733917109783_Mandibular_View.jpg,anonymous_003-008-1417-00_1733917109783_Mandibular_View_tooth_002.jpg,0.4719,144,449,251,547,107,98
anonymous_003-008-1417-00_1733917109783_Mandibular_View.jpg,anonymous_003-008-1417-00_1733917109783_Mandibular_View_tooth_003.jpg,0.3358,206,559,274,644,68,85
anonymous_003-008-1417-00_1733917109783_Mandibular_View.jpg,anonymous_003-008-1417-00_1733917109783_Mandibular_View_tooth_004.jpg,0.4108,395,695,494,758,99,63
anonymous_003-008-1417-00_1733917109783_Mandibular_View.jpg,anonymous_003-008-1417-00_1733917109783_Mandibular_View_tooth_005.jpg,0.4412,516,688,606,759,90,71
anonymous_003-008-1417-00_1733917109783_Mandibular_View.jpg,anonymous_003-008-1417-00_1733917109783_Mandibular_View_tooth_006.jpg,0.2759,624,690,737,752,113,62
anonymous_003-008-1417-00_1733917109783_Mandibular_View.jpg,anonymous_003-008-1417-00_1733917109783_Mandibular_View_tooth_007.jpg,0.2633,742,600,821,699,79,99
anonymous_003-008-1417-00_1733917109783_Mandibular_View.jpg,anonymous_003-008-1417-00_1733917109783_Mandibular_View_tooth_008.jpg,0.7514,852,320,1004,492,152,172
anonymous_003-008-1417-00_1733917109783_Mandibular_View.jpg,anonymous_003-008-1417-00_1733917109783_Mandibular_View_tooth_009.jpg,0.7617,917,145,1067,312,150,167
anonymous_003-008-1417-00_1733917109783_Mandibular_View.jpg,anonymous_003-008-1417-00_1733917109783_Mandibular_View_tooth_010.jpg,0.2911,1087,457,1130,630,43,173
anonymous_003-008-1432-01_1733999821161_Maxillary_Occlusal_View.jpg,anonymous_003-008-1432-01_1733999821161_Maxillary_Occlusal_View_tooth_000.jpg,0.4869,52,634,289,758,237,124
anonymous_003-008-1432-01_1733999821161_Maxillary_Occlusal_View.jpg,anonymous_003-008-1432-01_1733999821161_Maxillary_Occlusal_View_tooth_001.jpg,0.3224,57,587,286,751,229,164
anonymous_003-008-1432-01_1733999821161_Maxillary_Occlusal_View.jpg,anonymous_003-008-1432-01_1733999821161_Maxillary_Occlusal_View_tooth_002.jpg,0.4868,72,795,292,923,220,128
anonymous_003-008-1432-01_1733999821161_Maxillary_Occlusal_View.jpg,anonymous_003-008-1432-01_1733999821161_Maxillary_Occlusal_View_tooth_003.jpg,0.3173,118,519,298,634,180,115
anonymous_003-008-1432-01_1733999821161_Maxillary_Occlusal_View.jpg,anonymous_003-008-1432-01_1733999821161_Maxillary_Occlusal_View_tooth_004.jpg,0.4681,166,396,376,517,210,121
anonymous_003-008-1432-01_1733999821161_Maxillary_Occlusal_View.jpg,anonymous_003-008-1432-01_1733999821161_Maxillary_Occlusal_View_tooth_005.jpg,0.3422,265,245,429,384,164,139
anonymous_003-008-1432-01_1733999821161_Maxillary_Occlusal_View.jpg,anonymous_003-008-1432-01_1733999821161_Maxillary_Occlusal_View_tooth_006.jpg,0.4927,498,75,713,190,215,115
anonymous_003-008-1432-01_1733999821161_Maxillary_Occlusal_View.jpg,anonymous_003-008-1432-01_1733999821161_Maxillary_Occlusal_View_tooth_007.jpg,0.5839,731,90,960,192,229,102
anonymous_003-008-1432-01_1733999821161_Maxillary_Occlusal_View.jpg,anonymous_003-008-1432-01_1733999821161_Maxillary_Occlusal_View_tooth_008.jpg,0.389,987,138,1122,250,135,112
anonymous_003-008-1432-01_1733999821161_Maxillary_Occlusal_View.jpg,anonymous_003-008-1432-01_1733999821161_Maxillary_Occlusal_View_tooth_009.jpg,0.4961,1131,247,1291,397,160,150
anonymous_003-008-1432-01_1733999821161_Maxillary_Occlusal_View.jpg,anonymous_003-008-1432-01_1733999821161_Maxillary_Occlusal_View_tooth_010.jpg,0.5907,1199,411,1396,554,197,143
anonymous_003-008-1432-01_1733999821161_Maxillary_Occlusal_View.jpg,anonymous_003-008-1432-01_1733999821161_Maxillary_Occlusal_View_tooth_011.jpg,0.49,1277,571,1480,679,203,108
anonymous_003-008-1432-01_1733999821161_Maxillary_Occlusal_View.jpg,anonymous_003-008-1432-01_1733999821161_Maxillary_Occlusal_View_tooth_012.jpg,0.6058,1294,696,1528,833,234,137
anonymous_003-008-1432-01_1733999821161_Maxillary_Occlusal_View.jpg,anonymous_003-008-1432-01_1733999821161_Maxillary_Occlusal_View_tooth_013.jpg,0.3627,1309,865,1535,1010,226,145
anonymous_003-008-1438-00_1734004111041_Mandibular_View.jpg,anonymous_003-008-1438-00_1734004111041_Mandibular_View_tooth_000.jpg,0.7204,62,105,227,256,165,151
anonymous_003-008-1438-00_1734004111041_Mandibular_View.jpg,anonymous_003-008-1438-00_1734004111041_Mandibular_View_tooth_001.jpg,0.7503,112,260,268,405,156,145
anonymous_003-008-1438-00_1734004111041_Mandibular_View.jpg,anonymous_003-008-1438-00_1734004111041_Mandibular_View_tooth_002.jpg,0.6688,158,425,285,521,127,96
anonymous_003-008-1438-00_1734004111041_Mandibular_View.jpg,anonymous_003-008-1438-00_1734004111041_Mandibular_View_tooth_003.jpg,0.6134,210,529,319,667,109,138
anonymous_003-008-1438-00_1734004111041_Mandibular_View.jpg,anonymous_003-008-1438-00_1734004111041_Mandibular_View_tooth_004.jpg,0.294,533,727,637,786,104,59
anonymous_003-008-1438-00_1734004111041_Mandibular_View.jpg,anonymous_003-008-1438-00_1734004111041_Mandibular_View_tooth_005.jpg,0.5461,887,559,1009,658,122,99
anonymous_003-008-1438-00_1734004111041_Mandibular_View.jpg,anonymous_003-008-1438-00_1734004111041_Mandibular_View_tooth_006.jpg,0.6299,909,446,1036,546,127,100
anonymous_003-008-1438-00_1734004111041_Mandibular_View.jpg,anonymous_003-008-1438-00_1734004111041_Mandibular_View_tooth_007.jpg,0.6268,933,281,1097,436,164,155
anonymous_003-008-1438-00_1734004111041_Mandibular_View.jpg,anonymous_003-008-1438-00_1734004111041_Mandibular_View_tooth_008.jpg,0.6671,968,132,1109,276,141,144
anonymous_003-008-1439-01_1734006035878_Mandibular_View.jpg,anonymous_003-008-1439-01_1734006035878_Mandibular_View_tooth_000.jpg,0.7612,52,176,197,325,145,149
anonymous_003-008-1439-01_1734006035878_Mandibular_View.jpg,anonymous_003-008-1439-01_1734006035878_Mandibular_View_tooth_001.jpg,0.7448,64,338,225,492,161,154
anonymous_003-008-1439-01_1734006035878_Mandibular_View.jpg,anonymous_003-008-1439-01_1734006035878_Mandibular_View_tooth_002.jpg,0.5923,140,502,254,592,114,90
anonymous_003-008-1439-01_1734006035878_Mandibular_View.jpg,anonymous_003-008-1439-01_1734006035878_Mandibular_View_tooth_003.jpg,0.5925,196,602,303,720,107,118
anonymous_003-008-1439-01_1734006035878_Mandibular_View.jpg,anonymous_003-008-1439-01_1734006035878_Mandibular_View_tooth_004.jpg,0.3077,498,803,595,851,97,48
anonymous_003-008-1439-01_1734006035878_Mandibular_View.jpg,anonymous_003-008-1439-01_1734006035878_Mandibular_View_tooth_005.jpg,0.4362,616,789,715,840,99,51
anonymous_003-008-1439-01_1734006035878_Mandibular_View.jpg,anonymous_003-008-1439-01_1734006035878_Mandibular_View_tooth_006.jpg,0.3484,728,728,829,806,101,78
anonymous_003-008-1439-01_1734006035878_Mandibular_View.jpg,anonymous_003-008-1439-01_1734006035878_Mandibular_View_tooth_007.jpg,0.3752,818,659,918,772,100,113
anonymous_003-008-1439-01_1734006035878_Mandibular_View.jpg,anonymous_003-008-1439-01_1734006035878_Mandibular_View_tooth_008.jpg,0.5584,910,551,1005,659,95,108
anonymous_003-008-1439-01_1734006035878_Mandibular_View.jpg,anonymous_003-008-1439-01_1734006035878_Mandibular_View_tooth_009.jpg,0.4103,913,432,1022,542,109,110
anonymous_003-008-1439-01_1734006035878_Mandibular_View.jpg,anonymous_003-008-1439-01_1734006035878_Mandibular_View_tooth_010.jpg,0.2748,909,439,1120,594,211,155
anonymous_003-008-1439-01_1734006035878_Mandibular_View.jpg,anonymous_003-008-1439-01_1734006035878_Mandibular_View_tooth_011.jpg,0.4688,912,439,1110,549,198,110
anonymous_003-008-1439-01_1734006035878_Mandibular_View.jpg,anonymous_003-008-1439-01_1734006035878_Mandibular_View_tooth_012.jpg,0.7561,949,255,1111,431,162,176
anonymous_003-008-1439-01_1734006035878_Mandibular_View.jpg,anonymous_003-008-1439-01_1734006035878_Mandibular_View_tooth_013.jpg,0.7358,970,79,1128,242,158,163
anonymous_003-008-1440-00_1734006422034_Mandibular_View.jpg,anonymous_003-008-1440-00_1734006422034_Mandibular_View_tooth_000.jpg,0.8069,50,204,192,350,142,146
anonymous_003-008-1440-00_1734006422034_Mandibular_View.jpg,anonymous_003-008-1440-00_1734006422034_Mandibular_View_tooth_001.jpg,0.7148,65,361,217,512,152,151
anonymous_003-008-1440-00_1734006422034_Mandibular_View.jpg,anonymous_003-008-1440-00_1734006422034_Mandibular_View_tooth_002.jpg,0.4897,138,509,250,606,112,97
anonymous_003-008-1440-00_1734006422034_Mandibular_View.jpg,anonymous_003-008-1440-00_1734006422034_Mandibular_View_tooth_003.jpg,0.4943,183,610,291,727,108,117
anonymous_003-008-1440-00_1734006422034_Mandibular_View.jpg,anonymous_003-008-1440-00_1734006422034_Mandibular_View_tooth_004.jpg,0.2829,499,793,595,854,96,61
anonymous_003-008-1440-00_1734006422034_Mandibular_View.jpg,anonymous_003-008-1440-00_1734006422034_Mandibular_View_tooth_005.jpg,0.4163,615,794,708,852,93,58
anonymous_003-008-1440-00_1734006422034_Mandibular_View.jpg,anonymous_003-008-1440-00_1734006422034_Mandibular_View_tooth_006.jpg,0.3085,801,692,906,766,105,74
anonymous_003-008-1440-00_1734006422034_Mandibular_View.jpg,anonymous_003-008-1440-00_1734006422034_Mandibular_View_tooth_007.jpg,0.4305,894,592,1006,695,112,103
anonymous_003-008-1440-00_1734006422034_Mandibular_View.jpg,anonymous_003-008-1440-00_1734006422034_Mandibular_View_tooth_008.jpg,0.5026,904,483,1012,583,108,100
anonymous_003-008-1440-00_1734006422034_Mandibular_View.jpg,anonymous_003-008-1440-00_1734006422034_Mandibular_View_tooth_009.jpg,0.765,949,311,1102,472,153,161
anonymous_003-008-1440-00_1734006422034_Mandibular_View.jpg,anonymous_003-008-1440-00_1734006422034_Mandibular_View_tooth_010.jpg,0.7247,974,142,1126,302,152,160
anonymous_003-008-1457-01_1734085909506_Mandibular_View.jpg,anonymous_003-008-1457-01_1734085909506_Mandibular_View_tooth_000.jpg,0.7162,36,222,217,403,181,181
anonymous_003-008-1457-01_1734085909506_Mandibular_View.jpg,anonymous_003-008-1457-01_1734085909506_Mandibular_View_tooth_001.jpg,0.8109,101,409,301,608,200,199
anonymous_003-008-1457-01_1734085909506_Mandibular_View.jpg,anonymous_003-008-1457-01_1734085909506_Mandibular_View_tooth_002.jpg,0.6482,194,625,308,724,114,99
anonymous_003-008-1457-01_1734085909506_Mandibular_View.jpg,anonymous_003-008-1457-01_1734085909506_Mandibular_View_tooth_003.jpg,0.3654,248,743,345,845,97,102
anonymous_003-008-1457-01_1734085909506_Mandibular_View.jpg,anonymous_003-008-1457-01_1734085909506_Mandibular_View_tooth_004.jpg,0.2707,339,844,419,996,80,152
anonymous_003-008-1457-01_1734085909506_Mandibular_View.jpg,anonymous_003-008-1457-01_1734085909506_Mandibular_View_tooth_005.jpg,0.3091,441,922,548,996,107,74
anonymous_003-008-1457-01_1734085909506_Mandibular_View.jpg,anonymous_003-008-1457-01_1734085909506_Mandibular_View_tooth_006.jpg,0.4376,575,926,678,1014,103,88
anonymous_003-008-1457-01_1734085909506_Mandibular_View.jpg,anonymous_003-008-1457-01_1734085909506_Mandibular_View_tooth_007.jpg,0.5158,700,931,815,1001,115,70
anonymous_003-008-1457-01_1734085909506_Mandibular_View.jpg,anonymous_003-008-1457-01_1734085909506_Mandibular_View_tooth_008.jpg,0.4793,841,917,970,973,129,56
anonymous_003-008-1457-01_1734085909506_Mandibular_View.jpg,anonymous_003-008-1457-01_1734085909506_Mandibular_View_tooth_009.jpg,0.2683,996,834,1082,943,86,109
anonymous_003-008-1457-01_1734085909506_Mandibular_View.jpg,anonymous_003-008-1457-01_1734085909506_Mandibular_View_tooth_010.jpg,0.4798,1078,726,1197,855,119,129
anonymous_003-008-1457-01_1734085909506_Mandibular_View.jpg,anonymous_003-008-1457-01_1734085909506_Mandibular_View_tooth_011.jpg,0.5354,1138,588,1260,708,122,120
anonymous_003-008-1457-01_1734085909506_Mandibular_View.jpg,anonymous_003-008-1457-01_1734085909506_Mandibular_View_tooth_012.jpg,0.5693,1161,368,1362,571,201,203
anonymous_003-008-1457-01_1734085909506_Mandibular_View.jpg,anonymous_003-008-1457-01_1734085909506_Mandibular_View_tooth_013.jpg,0.6775,1248,155,1418,355,170,200
anonymous_003-008-1459-01_1734087695402_Maxillary_Occlusal_View.jpg,anonymous_003-008-1459-01_1734087695402_Maxillary_Occlusal_View_tooth_000.jpg,0.2592,67,778,250,923,183,145
anonymous_003-008-1459-01_1734087695402_Maxillary_Occlusal_View.jpg,anonymous_003-008-1459-01_1734087695402_Maxillary_Occlusal_View_tooth_001.jpg,0.3267,68,810,252,934,184,124
anonymous_003-008-1459-01_1734087695402_Maxillary_Occlusal_View.jpg,anonymous_003-008-1459-01_1734087695402_Maxillary_Occlusal_View_tooth_002.jpg,0.4502,99,628,296,756,197,128
anonymous_003-008-1459-01_1734087695402_Maxillary_Occlusal_View.jpg,anonymous_003-008-1459-01_1734087695402_Maxillary_Occlusal_View_tooth_003.jpg,0.5769,129,508,282,595,153,87
anonymous_003-008-1459-01_1734087695402_Maxillary_Occlusal_View.jpg,anonymous_003-008-1459-01_1734087695402_Maxillary_Occlusal_View_tooth_004.jpg,0.5531,182,391,335,482,153,91
anonymous_003-008-1459-01_1734087695402_Maxillary_Occlusal_View.jpg,anonymous_003-008-1459-01_1734087695402_Maxillary_Occlusal_View_tooth_005.jpg,0.3022,243,241,366,356,123,115
anonymous_003-008-1459-01_1734087695402_Maxillary_Occlusal_View.jpg,anonymous_003-008-1459-01_1734087695402_Maxillary_Occlusal_View_tooth_006.jpg,0.2951,334,151,447,245,113,94
anonymous_003-008-1459-01_1734087695402_Maxillary_Occlusal_View.jpg,anonymous_003-008-1459-01_1734087695402_Maxillary_Occlusal_View_tooth_007.jpg,0.6077,457,73,622,169,165,96
anonymous_003-008-1459-01_1734087695402_Maxillary_Occlusal_View.jpg,anonymous_003-008-1459-01_1734087695402_Maxillary_Occlusal_View_tooth_008.jpg,0.5232,641,65,822,150,181,85
anonymous_003-008-1459-01_1734087695402_Maxillary_Occlusal_View.jpg,anonymous_003-008-1459-01_1734087695402_Maxillary_Occlusal_View_tooth_009.jpg,0.5314,854,100,960,226,106,126
anonymous_003-008-1459-01_1734087695402_Maxillary_Occlusal_View.jpg,anonymous_003-008-1459-01_1734087695402_Maxillary_Occlusal_View_tooth_010.jpg,0.423,967,212,1085,341,118,129
anonymous_003-008-1459-01_1734087695402_Maxillary_Occlusal_View.jpg,anonymous_003-008-1459-01_1734087695402_Maxillary_Occlusal_View_tooth_011.jpg,0.5454,1015,379,1176,479,161,100
anonymous_003-008-1459-01_1734087695402_Maxillary_Occlusal_View.jpg,anonymous_003-008-1459-01_1734087695402_Maxillary_Occlusal_View_tooth_012.jpg,0.5666,1073,504,1231,590,158,86
anonymous_003-008-1459-01_1734087695402_Maxillary_Occlusal_View.jpg,anonymous_003-008-1459-01_1734087695402_Maxillary_Occlusal_View_tooth_013.jpg,0.6146,1083,625,1286,762,203,137
anonymous_003-008-1478-01_1734169137449_Mandibular_View.jpg,anonymous_003-008-1478-01_1734169137449_Mandibular_View_tooth_000.jpg,0.7528,37,137,193,294,156,157
anonymous_003-008-1478-01_1734169137449_Mandibular_View.jpg,anonymous_003-008-1478-01_1734169137449_Mandibular_View_tooth_001.jpg,0.4587,91,307,263,443,172,136
anonymous_003-008-1478-01_1734169137449_Mandibular_View.jpg,anonymous_003-008-1478-01_1734169137449_Mandibular_View_tooth_002.jpg,0.4653,137,459,272,536,135,77
anonymous_003-008-1478-01_1734169137449_Mandibular_View.jpg,anonymous_003-008-1478-01_1734169137449_Mandibular_View_tooth_003.jpg,0.2692,160,557,299,623,139,66
anonymous_003-008-1478-01_1734169137449_Mandibular_View.jpg,anonymous_003-008-1478-01_1734169137449_Mandibular_View_tooth_004.jpg,0.3589,473,746,569,837,96,91
anonymous_003-008-1478-01_1734169137449_Mandibular_View.jpg,anonymous_003-008-1478-01_1734169137449_Mandibular_View_tooth_005.jpg,0.4426,591,740,697,824,106,84
anonymous_003-008-1478-01_1734169137449_Mandibular_View.jpg,anonymous_003-008-1478-01_1734169137449_Mandibular_View_tooth_006.jpg,0.4552,718,707,828,792,110,85
anonymous_003-008-1478-01_1734169137449_Mandibular_View.jpg,anonymous_003-008-1478-01_1734169137449_Mandibular_View_tooth_007.jpg,0.4716,850,613,935,724,85,111
anonymous_003-008-1478-01_1734169137449_Mandibular_View.jpg,anonymous_003-008-1478-01_1734169137449_Mandibular_View_tooth_008.jpg,0.4986,936,514,1043,625,107,111
anonymous_003-008-1478-01_1734169137449_Mandibular_View.jpg,anonymous_003-008-1478-01_1734169137449_Mandibular_View_tooth_009.jpg,0.4445,957,395,1085,496,128,101
anonymous_003-008-1478-01_1734169137449_Mandibular_View.jpg,anonymous_003-008-1478-01_1734169137449_Mandibular_View_tooth_010.jpg,0.635,992,239,1180,382,188,143
anonymous_003-008-1478-01_1734169137449_Mandibular_View.jpg,anonymous_003-008-1478-01_1734169137449_Mandibular_View_tooth_011.jpg,0.7743,1056,72,1221,215,165,143
anonymous_003-008-1479-00_1734169545024_Mandibular_View.jpg,anonymous_003-008-1479-00_1734169545024_Mandibular_View_tooth_000.jpg,0.7294,39,216,213,371,174,155
anonymous_003-008-1479-00_1734169545024_Mandibular_View.jpg,anonymous_003-008-1479-00_1734169545024_Mandibular_View_tooth_001.jpg,0.4784,101,379,274,508,173,129
anonymous_003-008-1479-00_1734169545024_Mandibular_View.jpg,anonymous_003-008-1479-00_1734169545024_Mandibular_View_tooth_002.jpg,0.4651,176,513,324,593,148,80
anonymous_003-008-1479-00_1734169545024_Mandibular_View.jpg,anonymous_003-008-1479-00_1734169545024_Mandibular_View_tooth_003.jpg,0.6248,220,612,343,719,123,107
anonymous_003-008-1479-00_1734169545024_Mandibular_View.jpg,anonymous_003-008-1479-00_1734169545024_Mandibular_View_tooth_004.jpg,0.3475,437,769,537,861,100,92
anonymous_003-008-1479-00_1734169545024_Mandibular_View.jpg,anonymous_003-008-1479-00_1734169545024_Mandibular_View_tooth_005.jpg,0.4678,567,778,673,882,106,104
anonymous_003-008-1479-00_1734169545024_Mandibular_View.jpg,anonymous_003-008-1479-00_1734169545024_Mandibular_View_tooth_006.jpg,0.5151,688,781,794,888,106,107
anonymous_003-008-1479-00_1734169545024_Mandibular_View.jpg,anonymous_003-008-1479-00_1734169545024_Mandibular_View_tooth_007.jpg,0.5053,817,757,919,871,102,114
anonymous_003-008-1479-00_1734169545024_Mandibular_View.jpg,anonymous_003-008-1479-00_1734169545024_Mandibular_View_tooth_008.jpg,0.2574,934,694,1011,825,77,131
anonymous_003-008-1479-00_1734169545024_Mandibular_View.jpg,anonymous_003-008-1479-00_1734169545024_Mandibular_View_tooth_009.jpg,0.4047,972,603,1097,712,125,109
anonymous_003-008-1479-00_1734169545024_Mandibular_View.jpg,anonymous_003-008-1479-00_1734169545024_Mandibular_View_tooth_010.jpg,0.4001,986,512,1125,593,139,81
anonymous_003-008-1479-00_1734169545024_Mandibular_View.jpg,anonymous_003-008-1479-00_1734169545024_Mandibular_View_tooth_011.jpg,0.5413,998,376,1184,496,186,120
anonymous_003-008-1479-00_1734169545024_Mandibular_View.jpg,anonymous_003-008-1479-00_1734169545024_Mandibular_View_tooth_012.jpg,0.7944,1020,226,1196,366,176,140
anonymous_003-008-564-01_1728907238496_Maxillary_Occlusal_View.jpg,anonymous_003-008-564-01_1728907238496_Maxillary_Occlusal_View_tooth_000.jpg,0.62,117,791,405,985,288,194
anonymous_003-008-564-01_1728907238496_Maxillary_Occlusal_View.jpg,anonymous_003-008-564-01_1728907238496_Maxillary_Occlusal_View_tooth_001.jpg,0.4414,123,1018,393,1187,270,169
anonymous_003-008-564-01_1728907238496_Maxillary_Occlusal_View.jpg,anonymous_003-008-564-01_1728907238496_Maxillary_Occlusal_View_tooth_002.jpg,0.5041,236,666,441,801,205,135
anonymous_003-008-564-01_1728907238496_Maxillary_Occlusal_View.jpg,anonymous_003-008-564-01_1728907238496_Maxillary_Occlusal_View_tooth_003.jpg,0.6682,302,496,515,651,213,155
anonymous_003-008-564-01_1728907238496_Maxillary_Occlusal_View.jpg,anonymous_003-008-564-01_1728907238496_Maxillary_Occlusal_View_tooth_004.jpg,0.4544,378,275,539,439,161,164
anonymous_003-008-564-01_1728907238496_Maxillary_Occlusal_View.jpg,anonymous_003-008-564-01_1728907238496_Maxillary_Occlusal_View_tooth_005.jpg,0.4969,518,144,672,282,154,138
anonymous_003-008-564-01_1728907238496_Maxillary_Occlusal_View.jpg,anonymous_003-008-564-01_1728907238496_Maxillary_Occlusal_View_tooth_006.jpg,0.267,714,65,954,198,240,133
anonymous_003-008-564-01_1728907238496_Maxillary_Occlusal_View.jpg,anonymous_003-008-564-01_1728907238496_Maxillary_Occlusal_View_tooth_007.jpg,0.459,723,55,956,171,233,116
anonymous_003-008-564-01_1728907238496_Maxillary_Occlusal_View.jpg,anonymous_003-008-564-01_1728907238496_Maxillary_Occlusal_View_tooth_008.jpg,0.5233,983,58,1200,184,217,126
anonymous_003-008-564-01_1728907238496_Maxillary_Occlusal_View.jpg,anonymous_003-008-564-01_1728907238496_Maxillary_Occlusal_View_tooth_009.jpg,0.297,988,66,1213,212,225,146
anonymous_003-008-564-01_1728907238496_Maxillary_Occlusal_View.jpg,anonymous_003-008-564-01_1728907238496_Maxillary_Occlusal_View_tooth_010.jpg,0.4059,1228,169,1368,315,140,146
anonymous_003-008-564-01_1728907238496_Maxillary_Occlusal_View.jpg,anonymous_003-008-564-01_1728907238496_Maxillary_Occlusal_View_tooth_011.jpg,0.3415,1318,312,1490,458,172,146
anonymous_003-008-564-01_1728907238496_Maxillary_Occlusal_View.jpg,anonymous_003-008-564-01_1728907238496_Maxillary_Occlusal_View_tooth_012.jpg,0.6189,1352,516,1563,644,211,128
anonymous_003-008-564-01_1728907238496_Maxillary_Occlusal_View.jpg,anonymous_003-008-564-01_1728907238496_Maxillary_Occlusal_View_tooth_013.jpg,0.6497,1422,687,1618,809,196,122
anonymous_003-008-564-01_1728907238496_Maxillary_Occlusal_View.jpg,anonymous_003-008-564-01_1728907238496_Maxillary_Occlusal_View_tooth_014.jpg,0.5954,1464,822,1741,990,277,168
anonymous_003-008-564-01_1728907238496_Maxillary_Occlusal_View.jpg,anonymous_003-008-564-01_1728907238496_Maxillary_Occlusal_View_tooth_015.jpg,0.3371,1485,1042,1720,1177,235,135
anonymous_003-008-565-00_1728907603455_Right_Lateral_View.jpg,anonymous_003-008-565-00_1728907603455_Right_Lateral_View_tooth_000.jpg,0.5685,104,226,232,340,128,114
anonymous_003-008-565-00_1728907603455_Right_Lateral_View.jpg,anonymous_003-008-565-00_1728907603455_Right_Lateral_View_tooth_001.jpg,0.485,164,346,297,460,133,114
anonymous_003-008-565-00_1728907603455_Right_Lateral_View.jpg,anonymous_003-008-565-00_1728907603455_Right_Lateral_View_tooth_002.jpg,0.4269,251,224,334,339,83,115
anonymous_003-008-565-00_1728907603455_Right_Lateral_View.jpg,anonymous_003-008-565-00_1728907603455_Right_Lateral_View_tooth_003.jpg,0.4521,318,341,408,441,90,100
anonymous_003-008-565-00_1728907603455_Right_Lateral_View.jpg,anonymous_003-008-565-00_1728907603455_Right_Lateral_View_tooth_004.jpg,0.3346,329,340,408,416,79,76
anonymous_003-008-565-00_1728907603455_Right_Lateral_View.jpg,anonymous_003-008-565-00_1728907603455_Right_Lateral_View_tooth_005.jpg,0.5478,334,189,434,335,100,146
anonymous_003-008-565-00_1728907603455_Right_Lateral_View.jpg,anonymous_003-008-565-00_1728907603455_Right_Lateral_View_tooth_006.jpg,0.444,416,317,507,445,91,128
anonymous_003-008-565-00_1728907603455_Right_Lateral_View.jpg,anonymous_003-008-565-00_1728907603455_Right_Lateral_View_tooth_007.jpg,0.3791,421,312,513,426,92,114
anonymous_003-008-565-00_1728907603455_Right_Lateral_View.jpg,anonymous_003-008-565-00_1728907603455_Right_Lateral_View_tooth_008.jpg,0.745,434,129,566,308,132,179
anonymous_003-008-565-00_1728907603455_Right_Lateral_View.jpg,anonymous_003-008-565-00_1728907603455_Right_Lateral_View_tooth_009.jpg,0.572,521,276,646,484,125,208
anonymous_003-008-565-00_1728907603455_Right_Lateral_View.jpg,anonymous_003-008-565-00_1728907603455_Right_Lateral_View_tooth_010.jpg,0.8129,592,126,743,291,151,165
anonymous_003-008-565-00_1728907603455_Right_Lateral_View.jpg,anonymous_003-008-565-00_1728907603455_Right_Lateral_View_tooth_011.jpg,0.7038,682,272,808,464,126,192
anonymous_003-008-565-00_1728907603455_Right_Lateral_View.jpg,anonymous_003-008-565-00_1728907603455_Right_Lateral_View_tooth_012.jpg,0.8177,792,121,1027,301,235,180
anonymous_003-008-565-00_1728907603455_Right_Lateral_View.jpg,anonymous_003-008-565-00_1728907603455_Right_Lateral_View_tooth_013.jpg,0.6691,838,285,961,497,123,212
anonymous_003-008-565-00_1728907603455_Right_Lateral_View.jpg,anonymous_003-008-565-00_1728907603455_Right_Lateral_View_tooth_014.jpg,0.7349,980,288,1075,494,95,206
anonymous_003-008-565-00_1728907603455_Right_Lateral_View.jpg,anonymous_003-008-565-00_1728907603455_Right_Lateral_View_tooth_015.jpg,0.784,1039,149,1228,313,189,164
anonymous_003-008-565-00_1728907603455_Right_Lateral_View.jpg,anonymous_003-008-565-00_1728907603455_Right_Lateral_View_tooth_016.jpg,0.6024,1098,314,1206,455,108,141
anonymous_003-008-566-01_1728910029994_Frontal_View.jpg,anonymous_003-008-566-01_1728910029994_Frontal_View_tooth_000.jpg,0.6941,27,231,106,400,79,169
anonymous_003-008-566-01_1728910029994_Frontal_View.jpg,anonymous_003-008-566-01_1728910029994_Frontal_View_tooth_001.jpg,0.654,114,446,252,640,138,194
anonymous_003-008-566-01_1728910029994_Frontal_View.jpg,anonymous_003-008-566-01_1728910029994_Frontal_View_tooth_002.jpg,0.8268,115,196,259,439,144,243
anonymous_003-008-566-01_1728910029994_Frontal_View.jpg,anonymous_003-008-566-01_1728910029994_Frontal_View_tooth_003.jpg,0.3862,135,449,241,621,106,172
anonymous_003-008-566-01_1728910029994_Frontal_View.jpg,anonymous_003-008-566-01_1728910029994_Frontal_View_tooth_004.jpg,0.767,243,441,394,679,151,238
anonymous_003-008-566-01_1728910029994_Frontal_View.jpg,anonymous_003-008-566-01_1728910029994_Frontal_View_tooth_005.jpg,0.736,263,218,420,429,157,211
anonymous_003-008-566-01_1728910029994_Frontal_View.jpg,anonymous_003-008-566-01_1728910029994_Frontal_View_tooth_006.jpg,0.82,415,453,560,706,145,253
anonymous_003-008-566-01_1728910029994_Frontal_View.jpg,anonymous_003-008-566-01_1728910029994_Frontal_View_tooth_007.jpg,0.8365,450,204,692,480,242,276
anonymous_003-008-566-01_1728910029994_Frontal_View.jpg,anonymous_003-008-566-01_1728910029994_Frontal_View_tooth_008.jpg,0.9037,573,468,721,712,148,244
anonymous_003-008-566-01_1728910029994_Frontal_View.jpg,anonymous_003-008-566-01_1728910029994_Frontal_View_tooth_009.jpg,0.8285,722,470,874,717,152,247
anonymous_003-008-566-01_1728910029994_Frontal_View.jpg,anonymous_003-008-566-01_1728910029994_Frontal_View_tooth_010.jpg,0.8615,737,203,960,480,223,277
anonymous_003-008-566-01_1728910029994_Frontal_View.jpg,anonymous_003-008-566-01_1728910029994_Frontal_View_tooth_011.jpg,0.7952,878,463,1019,692,141,229
anonymous_003-008-566-01_1728910029994_Frontal_View.jpg,anonymous_003-008-566-01_1728910029994_Frontal_View_tooth_012.jpg,0.7083,982,228,1098,419,116,191
anonymous_003-008-566-01_1728910029994_Frontal_View.jpg,anonymous_003-008-566-01_1728910029994_Frontal_View_tooth_013.jpg,0.6327,1031,436,1152,690,121,254
anonymous_003-008-566-01_1728910029994_Frontal_View.jpg,anonymous_003-008-566-01_1728910029994_Frontal_View_tooth_014.jpg,0.7937,1108,240,1220,404,112,164
anonymous_003-008-566-01_1728910029994_Frontal_View.jpg,anonymous_003-008-566-01_1728910029994_Frontal_View_tooth_015.jpg,0.37,1150,425,1277,591,127,166
anonymous_003-008-566-01_1728910029994_Frontal_View.jpg,anonymous_003-008-566-01_1728910029994_Frontal_View_tooth_016.jpg,0.33,1213,236,1271,418,58,182
anonymous_003-008-566-01_1728910029994_Frontal_View.jpg,anonymous_003-008-566-01_1728910029994_Frontal_View_tooth_017.jpg,0.3155,1291,243,1343,350,52,107
anonymous_003-008-569-00_1728912732907_Left_Lateral_View.jpg,anonymous_003-008-569-00_1728912732907_Left_Lateral_View_tooth_000.jpg,0.4678,0,437,96,574,96,137
anonymous_003-008-569-00_1728912732907_Left_Lateral_View.jpg,anonymous_003-008-569-00_1728912732907_Left_Lateral_View_tooth_001.jpg,0.679,0,252,209,430,209,178
anonymous_003-008-569-00_1728912732907_Left_Lateral_View.jpg,anonymous_003-008-569-00_1728912732907_Left_Lateral_View_tooth_002.jpg,0.3753,142,434,272,563,130,129
anonymous_003-008-569-00_1728912732907_Left_Lateral_View.jpg,anonymous_003-008-569-00_1728912732907_Left_Lateral_View_tooth_003.jpg,0.8594,224,186,524,436,300,250
anonymous_003-008-569-00_1728912732907_Left_Lateral_View.jpg,anonymous_003-008-569-00_1728912732907_Left_Lateral_View_tooth_004.jpg,0.5812,318,437,431,583,113,146
anonymous_003-008-569-00_1728912732907_Left_Lateral_View.jpg,anonymous_003-008-569-00_1728912732907_Left_Lateral_View_tooth_005.jpg,0.5763,506,411,656,575,150,164
anonymous_003-008-569-00_1728912732907_Left_Lateral_View.jpg,anonymous_003-008-569-00_1728912732907_Left_Lateral_View_tooth_006.jpg,0.8193,554,162,769,426,215,264
anonymous_003-008-569-00_1728912732907_Left_Lateral_View.jpg,anonymous_003-008-569-00_1728912732907_Left_Lateral_View_tooth_007.jpg,0.5217,758,456,976,574,218,118
anonymous_003-008-569-00_1728912732907_Left_Lateral_View.jpg,anonymous_003-008-569-00_1728912732907_Left_Lateral_View_tooth_008.jpg,0.8157,784,284,916,449,132,165
anonymous_003-008-569-00_1728912732907_Left_Lateral_View.jpg,anonymous_003-008-569-00_1728912732907_Left_Lateral_View_tooth_009.jpg,0.676,943,301,1092,490,149,189
anonymous_003-008-569-00_1728912732907_Left_Lateral_View.jpg,anonymous_003-008-569-00_1728912732907_Left_Lateral_View_tooth_010.jpg,0.4213,1016,516,1162,628,146,112
anonymous_003-008-569-00_1728912732907_Left_Lateral_View.jpg,anonymous_003-008-569-00_1728912732907_Left_Lateral_View_tooth_011.jpg,0.6856,1077,386,1206,513,129,127
anonymous_003-008-569-00_1728912732907_Left_Lateral_View.jpg,anonymous_003-008-569-00_1728912732907_Left_Lateral_View_tooth_012.jpg,0.3835,1224,393,1313,507,89,114
anonymous_003-008-569-00_1728912732907_Left_Lateral_View.jpg,anonymous_003-008-569-00_1728912732907_Left_Lateral_View_tooth_013.jpg,0.3039,1444,332,1535,750,91,418
anonymous_003-008-570-01_1728915270013_Frontal_View.jpg,anonymous_003-008-570-01_1728915270013_Frontal_View_tooth_000.jpg,0.2719,103,490,185,638,82,148
anonymous_003-008-570-01_1728915270013_Frontal_View.jpg,anonymous_003-008-570-01_1728915270013_Frontal_View_tooth_001.jpg,0.5251,178,504,296,676,118,172
anonymous_003-008-570-01_1728915270013_Frontal_View.jpg,anonymous_003-008-570-01_1728915270013_Frontal_View_tooth_002.jpg,0.3414,189,504,291,647,102,143
anonymous_003-008-570-01_1728915270013_Frontal_View.jpg,anonymous_003-008-570-01_1728915270013_Frontal_View_tooth_003.jpg,0.7424,214,268,366,453,152,185
anonymous_003-008-570-01_1728915270013_Frontal_View.jpg,anonymous_003-008-570-01_1728915270013_Frontal_View_tooth_004.jpg,0.652,313,480,427,684,114,204
anonymous_003-008-570-01_1728915270013_Frontal_View.jpg,anonymous_003-008-570-01_1728915270013_Frontal_View_tooth_005.jpg,0.7638,384,258,538,461,154,203
anonymous_003-008-570-01_1728915270013_Frontal_View.jpg,anonymous_003-008-570-01_1728915270013_Frontal_View_tooth_006.jpg,0.7669,447,481,586,675,139,194
anonymous_003-008-570-01_1728915270013_Frontal_View.jpg,anonymous_003-008-570-01_1728915270013_Frontal_View_tooth_007.jpg,0.7669,549,216,769,484,220,268
anonymous_003-008-570-01_1728915270013_Frontal_View.jpg,anonymous_003-008-570-01_1728915270013_Frontal_View_tooth_008.jpg,0.8126,600,482,733,691,133,209
anonymous_003-008-570-01_1728915270013_Frontal_View.jpg,anonymous_003-008-570-01_1728915270013_Frontal_View_tooth_009.jpg,0.7975,748,484,883,703,135,219
anonymous_003-008-570-01_1728915270013_Frontal_View.jpg,anonymous_003-008-570-01_1728915270013_Frontal_View_tooth_010.jpg,0.8752,783,219,1000,499,217,280
anonymous_003-008-570-01_1728915270013_Frontal_View.jpg,anonymous_003-008-570-01_1728915270013_Frontal_View_tooth_011.jpg,0.6648,888,498,1013,643,125,145
anonymous_003-008-570-01_1728915270013_Frontal_View.jpg,anonymous_003-008-570-01_1728915270013_Frontal_View_tooth_012.jpg,0.6999,1025,528,1182,720,157,192
anonymous_003-008-570-01_1728915270013_Frontal_View.jpg,anonymous_003-008-570-01_1728915270013_Frontal_View_tooth_013.jpg,0.8238,1034,266,1159,457,125,191
anonymous_003-008-570-01_1728915270013_Frontal_View.jpg,anonymous_003-008-570-01_1728915270013_Frontal_View_tooth_014.jpg,0.746,1173,277,1272,473,99,196
anonymous_003-008-570-01_1728915270013_Frontal_View.jpg,anonymous_003-008-570-01_1728915270013_Frontal_View_tooth_015.jpg,0.3745,1294,306,1352,429,58,123
anonymous_003-008-571-00_1728915544187_Right_Lateral_View.jpg,anonymous_003-008-571-00_1728915544187_Right_Lateral_View_tooth_000.jpg,0.5313,201,305,310,410,109,105
anonymous_003-008-571-00_1728915544187_Right_Lateral_View.jpg,anonymous_003-008-571-00_1728915544187_Right_Lateral_View_tooth_001.jpg,0.4153,212,421,339,546,127,125
anonymous_003-008-571-00_1728915544187_Right_Lateral_View.jpg,anonymous_003-008-571-00_1728915544187_Right_Lateral_View_tooth_002.jpg,0.3295,330,303,412,424,82,121
anonymous_003-008-571-00_1728915544187_Right_Lateral_View.jpg,anonymous_003-008-571-00_1728915544187_Right_Lateral_View_tooth_003.jpg,0.7496,347,433,455,590,108,157
anonymous_003-008-571-00_1728915544187_Right_Lateral_View.jpg,anonymous_003-008-571-00_1728915544187_Right_Lateral_View_tooth_004.jpg,0.6305,412,263,519,431,107,168
anonymous_003-008-571-00_1728915544187_Right_Lateral_View.jpg,anonymous_003-008-571-00_1728915544187_Right_Lateral_View_tooth_005.jpg,0.7216,458,426,602,619,144,193
anonymous_003-008-571-00_1728915544187_Right_Lateral_View.jpg,anonymous_003-008-571-00_1728915544187_Right_Lateral_View_tooth_006.jpg,0.8018,524,214,718,413,194,199
anonymous_003-008-571-00_1728915544187_Right_Lateral_View.jpg,anonymous_003-008-571-00_1728915544187_Right_Lateral_View_tooth_007.jpg,0.7269,626,399,775,592,149,193
anonymous_003-008-571-00_1728915544187_Right_Lateral_View.jpg,anonymous_003-008-571-00_1728915544187_Right_Lateral_View_tooth_008.jpg,0.7082,740,206,905,412,165,206
anonymous_003-008-571-00_1728915544187_Right_Lateral_View.jpg,anonymous_003-008-571-00_1728915544187_Right_Lateral_View_tooth_009.jpg,0.619,791,398,936,588,145,190
anonymous_003-008-571-00_1728915544187_Right_Lateral_View.jpg,anonymous_003-008-571-00_1728915544187_Right_Lateral_View_tooth_010.jpg,0.8908,928,196,1159,418,231,222
anonymous_003-008-571-00_1728915544187_Right_Lateral_View.jpg,anonymous_003-008-571-00_1728915544187_Right_Lateral_View_tooth_011.jpg,0.6905,965,414,1085,566,120,152
anonymous_003-008-571-00_1728915544187_Right_Lateral_View.jpg,anonymous_003-008-571-00_1728915544187_Right_Lateral_View_tooth_012.jpg,0.4934,1103,415,1223,547,120,132
anonymous_003-008-571-00_1728915544187_Right_Lateral_View.jpg,anonymous_003-008-571-00_1728915544187_Right_Lateral_View_tooth_013.jpg,0.8813,1172,198,1378,426,206,228
anonymous_003-008-571-00_1728915544187_Right_Lateral_View.jpg,anonymous_003-008-571-00_1728915544187_Right_Lateral_View_tooth_014.jpg,0.3191,1176,201,1385,500,209,299
anonymous_003-008-571-00_1728915544187_Right_Lateral_View.jpg,anonymous_003-008-571-00_1728915544187_Right_Lateral_View_tooth_015.jpg,0.3005,1239,418,1357,525,118,107
anonymous_003-008-571-00_1728915544187_Right_Lateral_View.jpg,anonymous_003-008-571-00_1728915544187_Right_Lateral_View_tooth_016.jpg,0.4586,1375,412,1482,489,107,77
anonymous_003-008-571-00_1728915544187_Right_Lateral_View.jpg,anonymous_003-008-571-00_1728915544187_Right_Lateral_View_tooth_017.jpg,0.5677,1412,210,1482,396,70,186
anonymous_003-008-572-01_1728917641191_Frontal_View.jpg,anonymous_003-008-572-01_1728917641191_Frontal_View_tooth_000.jpg,0.3065,36,497,139,606,103,109
anonymous_003-008-572-01_1728917641191_Frontal_View.jpg,anonymous_003-008-572-01_1728917641191_Frontal_View_tooth_001.jpg,0.4189,193,500,301,655,108,155
anonymous_003-008-572-01_1728917641191_Frontal_View.jpg,anonymous_003-008-572-01_1728917641191_Frontal_View_tooth_002.jpg,0.3888,215,500,302,636,87,136
anonymous_003-008-572-01_1728917641191_Frontal_View.jpg,anonymous_003-008-572-01_1728917641191_Frontal_View_tooth_003.jpg,0.4845,225,210,340,441,115,231
anonymous_003-008-572-01_1728917641191_Frontal_View.jpg,anonymous_003-008-572-01_1728917641191_Frontal_View_tooth_004.jpg,0.7315,299,458,419,676,120,218
anonymous_003-008-572-01_1728917641191_Frontal_View.jpg,anonymous_003-008-572-01_1728917641191_Frontal_View_tooth_005.jpg,0.339,318,468,422,642,104,174
anonymous_003-008-572-01_1728917641191_Frontal_View.jpg,anonymous_003-008-572-01_1728917641191_Frontal_View_tooth_006.jpg,0.5622,351,218,479,420,128,202
anonymous_003-008-572-01_1728917641191_Frontal_View.jpg,anonymous_003-008-572-01_1728917641191_Frontal_View_tooth_007.jpg,0.7418,438,429,564,621,126,192
anonymous_003-008-572-01_1728917641191_Frontal_View.jpg,anonymous_003-008-572-01_1728917641191_Frontal_View_tooth_008.jpg,0.272,461,435,569,591,108,156
anonymous_003-008-572-01_1728917641191_Frontal_View.jpg,anonymous_003-008-572-01_1728917641191_Frontal_View_tooth_009.jpg,0.7852,493,131,752,424,259,293
anonymous_003-008-572-01_1728917641191_Frontal_View.jpg,anonymous_003-008-572-01_1728917641191_Frontal_View_tooth_010.jpg,0.2605,499,254,741,426,242,172
anonymous_003-008-572-01_1728917641191_Frontal_View.jpg,anonymous_003-008-572-01_1728917641191_Frontal_View_tooth_011.jpg,0.739,585,408,718,654,133,246
anonymous_003-008-572-01_1728917641191_Frontal_View.jpg,anonymous_003-008-572-01_1728917641191_Frontal_View_tooth_012.jpg,0.7595,734,422,887,628,153,206
anonymous_003-008-572-01_1728917641191_Frontal_View.jpg,anonymous_003-008-572-01_1728917641191_Frontal_View_tooth_013.jpg,0.2614,769,206,994,420,225,214
anonymous_003-008-572-01_1728917641191_Frontal_View.jpg,anonymous_003-008-572-01_1728917641191_Frontal_View_tooth_014.jpg,0.8693,768,127,1005,420,237,293
anonymous_003-008-572-01_1728917641191_Frontal_View.jpg,anonymous_003-008-572-01_1728917641191_Frontal_View_tooth_015.jpg,0.7774,890,423,1006,602,116,179
anonymous_003-008-572-01_1728917641191_Frontal_View.jpg,anonymous_003-008-572-01_1728917641191_Frontal_View_tooth_016.jpg,0.7159,1015,163,1147,373,132,210
anonymous_003-008-572-01_1728917641191_Frontal_View.jpg,anonymous_003-008-572-01_1728917641191_Frontal_View_tooth_017.jpg,0.5274,1021,442,1122,626,101,184
anonymous_003-008-572-01_1728917641191_Frontal_View.jpg,anonymous_003-008-572-01_1728917641191_Frontal_View_tooth_018.jpg,0.7303,1023,443,1138,657,115,214
anonymous_003-008-572-01_1728917641191_Frontal_View.jpg,anonymous_003-008-572-01_1728917641191_Frontal_View_tooth_019.jpg,0.3619,1144,192,1248,421,104,229
anonymous_003-008-572-01_1728917641191_Frontal_View.jpg,anonymous_003-008-572-01_1728917641191_Frontal_View_tooth_020.jpg,0.57,1147,459,1251,626,104,167
anonymous_003-008-572-01_1728917641191_Frontal_View.jpg,anonymous_003-008-572-01_1728917641191_Frontal_View_tooth_021.jpg,0.3052,1148,463,1236,598,88,135
anonymous_003-008-572-01_1728917641191_Frontal_View.jpg,anonymous_003-008-572-01_1728917641191_Frontal_View_tooth_022.jpg,0.3224,1160,217,1242,401,82,184
anonymous_003-008-572-01_1728917641191_Frontal_View.jpg,anonymous_003-008-572-01_1728917641191_Frontal_View_tooth_023.jpg,0.435,1247,250,1304,371,57,121
anonymous_003-008-572-01_1728917641191_Frontal_View.jpg,anonymous_003-008-572-01_1728917641191_Frontal_View_tooth_024.jpg,0.4438,1256,461,1342,583,86,122
anonymous_003-008-572-01_1728917641191_Frontal_View.jpg,anonymous_003-008-572-01_1728917641191_Frontal_View_tooth_025.jpg,0.2769,1359,224,1435,342,76,118
anonymous_003-008-573-00_1728917922092_Maxillary_Occlusal_View.jpg,anonymous_003-008-573-00_1728917922092_Maxillary_Occlusal_View_tooth_000.jpg,0.3972,93,903,307,1027,214,124
anonymous_003-008-573-00_1728917922092_Maxillary_Occlusal_View.jpg,anonymous_003-008-573-00_1728917922092_Maxillary_Occlusal_View_tooth_001.jpg,0.4964,92,748,323,897,231,149
anonymous_003-008-573-00_1728917922092_Maxillary_Occlusal_View.jpg,anonymous_003-008-573-00_1728917922092_Maxillary_Occlusal_View_tooth_002.jpg,0.6121,175,663,367,760,192,97
anonymous_003-008-573-00_1728917922092_Maxillary_Occlusal_View.jpg,anonymous_003-008-573-00_1728917922092_Maxillary_Occlusal_View_tooth_003.jpg,0.7086,224,536,411,638,187,102
anonymous_003-008-573-00_1728917922092_Maxillary_Occlusal_View.jpg,anonymous_003-008-573-00_1728917922092_Maxillary_Occlusal_View_tooth_004.jpg,0.4015,269,372,409,502,140,130
anonymous_003-008-573-00_1728917922092_Maxillary_Occlusal_View.jpg,anonymous_003-008-573-00_1728917922092_Maxillary_Occlusal_View_tooth_005.jpg,0.3772,384,238,489,378,105,140
anonymous_003-008-573-00_1728917922092_Maxillary_Occlusal_View.jpg,anonymous_003-008-573-00_1728917922092_Maxillary_Occlusal_View_tooth_006.jpg,0.699,500,140,710,305,210,165
anonymous_003-008-573-00_1728917922092_Maxillary_Occlusal_View.jpg,anonymous_003-008-573-00_1728917922092_Maxillary_Occlusal_View_tooth_007.jpg,0.2734,600,1083,729,1142,129,59
anonymous_003-008-573-00_1728917922092_Maxillary_Occlusal_View.jpg,anonymous_003-008-573-00_1728917922092_Maxillary_Occlusal_View_tooth_008.jpg,0.5216,728,142,932,311,204,169
anonymous_003-008-573-00_1728917922092_Maxillary_Occlusal_View.jpg,anonymous_003-008-573-00_1728917922092_Maxillary_Occlusal_View_tooth_009.jpg,0.3236,738,1086,881,1142,143,56
anonymous_003-008-573-00_1728917922092_Maxillary_Occlusal_View.jpg,anonymous_003-008-573-00_1728917922092_Maxillary_Occlusal_View_tooth_010.jpg,0.2982,955,230,1068,372,113,142
anonymous_003-008-573-00_1728917922092_Maxillary_Occlusal_View.jpg,anonymous_003-008-573-00_1728917922092_Maxillary_Occlusal_View_tooth_011.jpg,0.4037,1024,361,1166,487,142,126
anonymous_003-008-573-00_1728917922092_Maxillary_Occlusal_View.jpg,anonymous_003-008-573-00_1728917922092_Maxillary_Occlusal_View_tooth_012.jpg,0.4658,1071,500,1242,603,171,103
anonymous_003-008-573-00_1728917922092_Maxillary_Occlusal_View.jpg,anonymous_003-008-573-00_1728917922092_Maxillary_Occlusal_View_tooth_013.jpg,0.4947,1134,622,1313,714,179,92
anonymous_003-008-573-00_1728917922092_Maxillary_Occlusal_View.jpg,anonymous_003-008-573-00_1728917922092_Maxillary_Occlusal_View_tooth_014.jpg,0.4422,1205,709,1409,835,204,126
anonymous_003-008-573-00_1728917922092_Maxillary_Occlusal_View.jpg,anonymous_003-008-573-00_1728917922092_Maxillary_Occlusal_View_tooth_015.jpg,0.2521,1252,842,1449,953,197,111
anonymous_003-008-573-00_1728917922092_Maxillary_Occlusal_View.jpg,anonymous_003-008-573-00_1728917922092_Maxillary_Occlusal_View_tooth_016.jpg,0.255,1295,0,1524,249,229,249
anonymous_003-008-589-01_1728986264902_Frontal_View.jpg,anonymous_003-008-589-01_1728986264902_Frontal_View_tooth_000.jpg,0.3653,321,297,429,520,108,223
anonymous_003-008-589-01_1728986264902_Frontal_View.jpg,anonymous_003-008-589-01_1728986264902_Frontal_View_tooth_001.jpg,0.5249,323,551,433,735,110,184
anonymous_003-008-589-01_1728986264902_Frontal_View.jpg,anonymous_003-008-589-01_1728986264902_Frontal_View_tooth_002.jpg,0.5047,443,553,549,764,106,211
anonymous_003-008-589-01_1728986264902_Frontal_View.jpg,anonymous_003-008-589-01_1728986264902_Frontal_View_tooth_003.jpg,0.6269,440,284,612,519,172,235
anonymous_003-008-589-01_1728986264902_Frontal_View.jpg,anonymous_003-008-589-01_1728986264902_Frontal_View_tooth_004.jpg,0.7721,588,547,744,763,156,216
anonymous_003-008-589-01_1728986264902_Frontal_View.jpg,anonymous_003-008-589-01_1728986264902_Frontal_View_tooth_005.jpg,0.8014,641,246,910,555,269,309
anonymous_003-008-589-01_1728986264902_Frontal_View.jpg,anonymous_003-008-589-01_1728986264902_Frontal_View_tooth_006.jpg,0.7404,747,550,920,787,173,237
anonymous_003-008-589-01_1728986264902_Frontal_View.jpg,anonymous_003-008-589-01_1728986264902_Frontal_View_tooth_007.jpg,0.8646,931,261,1181,560,250,299
anonymous_003-008-589-01_1728986264902_Frontal_View.jpg,anonymous_003-008-589-01_1728986264902_Frontal_View_tooth_008.jpg,0.7781,940,547,1097,794,157,247
anonymous_003-008-589-01_1728986264902_Frontal_View.jpg,anonymous_003-008-589-01_1728986264902_Frontal_View_tooth_009.jpg,0.7111,1122,544,1271,781,149,237
anonymous_003-008-589-01_1728986264902_Frontal_View.jpg,anonymous_003-008-589-01_1728986264902_Frontal_View_tooth_010.jpg,0.5944,1214,341,1368,519,154,178
anonymous_003-008-589-01_1728986264902_Frontal_View.jpg,anonymous_003-008-589-01_1728986264902_Frontal_View_tooth_011.jpg,0.5611,1274,561,1365,755,91,194
anonymous_003-008-589-01_1728986264902_Frontal_View.jpg,anonymous_003-008-589-01_1728986264902_Frontal_View_tooth_012.jpg,0.3615,1385,578,1489,746,104,168
anonymous_003-008-590-00_1728986645135_Maxillary_Occlusal_View.jpg,anonymous_003-008-590-00_1728986645135_Maxillary_Occlusal_View_tooth_000.jpg,0.3681,52,838,288,978,236,140
anonymous_003-008-590-00_1728986645135_Maxillary_Occlusal_View.jpg,anonymous_003-008-590-00_1728986645135_Maxillary_Occlusal_View_tooth_001.jpg,0.4013,58,646,284,835,226,189
anonymous_003-008-590-00_1728986645135_Maxillary_Occlusal_View.jpg,anonymous_003-008-590-00_1728986645135_Maxillary_Occlusal_View_tooth_002.jpg,0.5959,62,666,293,804,231,138
anonymous_003-008-590-00_1728986645135_Maxillary_Occlusal_View.jpg,anonymous_003-008-590-00_1728986645135_Maxillary_Occlusal_View_tooth_003.jpg,0.3371,61,861,300,986,239,125
anonymous_003-008-590-00_1728986645135_Maxillary_Occlusal_View.jpg,anonymous_003-008-590-00_1728986645135_Maxillary_Occlusal_View_tooth_004.jpg,0.5346,125,535,326,640,201,105
anonymous_003-008-590-00_1728986645135_Maxillary_Occlusal_View.jpg,anonymous_003-008-590-00_1728986645135_Maxillary_Occlusal_View_tooth_005.jpg,0.6352,198,394,392,509,194,115
anonymous_003-008-590-00_1728986645135_Maxillary_Occlusal_View.jpg,anonymous_003-008-590-00_1728986645135_Maxillary_Occlusal_View_tooth_006.jpg,0.486,274,236,419,361,145,125
anonymous_003-008-590-00_1728986645135_Maxillary_Occlusal_View.jpg,anonymous_003-008-590-00_1728986645135_Maxillary_Occlusal_View_tooth_007.jpg,0.4473,370,118,538,238,168,120
anonymous_003-008-590-00_1728986645135_Maxillary_Occlusal_View.jpg,anonymous_003-008-590-00_1728986645135_Maxillary_Occlusal_View_tooth_008.jpg,0.5538,548,59,759,159,211,100
anonymous_003-008-590-00_1728986645135_Maxillary_Occlusal_View.jpg,anonymous_003-008-590-00_1728986645135_Maxillary_Occlusal_View_tooth_009.jpg,0.3875,772,59,994,131,222,72
anonymous_003-008-590-00_1728986645135_Maxillary_Occlusal_View.jpg,anonymous_003-008-590-00_1728986645135_Maxillary_Occlusal_View_tooth_010.jpg,0.5569,1023,121,1159,233,136,112
anonymous_003-008-590-00_1728986645135_Maxillary_Occlusal_View.jpg,anonymous_003-008-590-00_1728986645135_Maxillary_Occlusal_View_tooth_011.jpg,0.4555,1158,242,1277,364,119,122
anonymous_003-008-590-00_1728986645135_Maxillary_Occlusal_View.jpg,anonymous_003-008-590-00_1728986645135_Maxillary_Occlusal_View_tooth_012.jpg,0.491,1171,401,1368,518,197,117
anonymous_003-008-590-00_1728986645135_Maxillary_Occlusal_View.jpg,anonymous_003-008-590-00_1728986645135_Maxillary_Occlusal_View_tooth_013.jpg,0.6224,1244,560,1423,665,179,105
anonymous_003-008-590-00_1728986645135_Maxillary_Occlusal_View.jpg,anonymous_003-008-590-00_1728986645135_Maxillary_Occlusal_View_tooth_014.jpg,0.5291,1298,680,1508,826,210,146
anonymous_003-008-590-00_1728986645135_Maxillary_Occlusal_View.jpg,anonymous_003-008-590-00_1728986645135_Maxillary_Occlusal_View_tooth_015.jpg,0.4288,1321,844,1527,990,206,146
anonymous_003-008-591-01_1728996644646_Frontal_View.jpg,anonymous_003-008-591-01_1728996644646_Frontal_View_tooth_000.jpg,0.5616,65,550,226,678,161,128
anonymous_003-008-591-01_1728996644646_Frontal_View.jpg,anonymous_003-008-591-01_1728996644646_Frontal_View_tooth_001.jpg,0.3591,102,369,176,506,74,137
anonymous_003-008-591-01_1728996644646_Frontal_View.jpg,anonymous_003-008-591-01_1728996644646_Frontal_View_tooth_002.jpg,0.679,197,333,351,546,154,213
anonymous_003-008-591-01_1728996644646_Frontal_View.jpg,anonymous_003-008-591-01_1728996644646_Frontal_View_tooth_003.jpg,0.7753,289,581,433,807,144,226
anonymous_003-008-591-01_1728996644646_Frontal_View.jpg,anonymous_003-008-591-01_1728996644646_Frontal_View_tooth_004.jpg,0.8208,395,331,621,592,226,261
anonymous_003-008-591-01_1728996644646_Frontal_View.jpg,anonymous_003-008-591-01_1728996644646_Frontal_View_tooth_005.jpg,0.8543,451,590,605,825,154,235
anonymous_003-008-591-01_1728996644646_Frontal_View.jpg,anonymous_003-008-591-01_1728996644646_Frontal_View_tooth_006.jpg,0.8217,619,592,771,826,152,234
anonymous_003-008-591-01_1728996644646_Frontal_View.jpg,anonymous_003-008-591-01_1728996644646_Frontal_View_tooth_007.jpg,0.8608,650,311,873,583,223,272
anonymous_003-008-591-01_1728996644646_Frontal_View.jpg,anonymous_003-008-591-01_1728996644646_Frontal_View_tooth_008.jpg,0.7396,789,581,929,802,140,221
anonymous_003-008-591-01_1728996644646_Frontal_View.jpg,anonymous_003-008-591-01_1728996644646_Frontal_View_tooth_009.jpg,0.6255,912,356,1057,564,145,208
anonymous_003-008-591-01_1728996644646_Frontal_View.jpg,anonymous_003-008-591-01_1728996644646_Frontal_View_tooth_010.jpg,0.2928,942,592,1024,734,82,142
anonymous_003-008-591-01_1728996644646_Frontal_View.jpg,anonymous_003-008-591-01_1728996644646_Frontal_View_tooth_011.jpg,0.4143,945,588,1046,741,101,153
anonymous_003-008-591-01_1728996644646_Frontal_View.jpg,anonymous_003-008-591-01_1728996644646_Frontal_View_tooth_012.jpg,0.4636,1140,414,1219,540,79,126
anonymous_003-008-593-01_1728999384697_Right_Lateral_View.jpg,anonymous_003-008-593-01_1728999384697_Right_Lateral_View_tooth_000.jpg,0.4154,283,277,382,422,99,145
anonymous_003-008-593-01_1728999384697_Right_Lateral_View.jpg,anonymous_003-008-593-01_1728999384697_Right_Lateral_View_tooth_001.jpg,0.4381,350,432,466,535,116,103
anonymous_003-008-593-01_1728999384697_Right_Lateral_View.jpg,anonymous_003-008-593-01_1728999384697_Right_Lateral_View_tooth_002.jpg,0.3444,388,296,460,432,72,136
anonymous_003-008-593-01_1728999384697_Right_Lateral_View.jpg,anonymous_003-008-593-01_1728999384697_Right_Lateral_View_tooth_003.jpg,0.5369,467,281,574,451,107,170
anonymous_003-008-593-01_1728999384697_Right_Lateral_View.jpg,anonymous_003-008-593-01_1728999384697_Right_Lateral_View_tooth_004.jpg,0.4531,577,453,689,599,112,146
anonymous_003-008-593-01_1728999384697_Right_Lateral_View.jpg,anonymous_003-008-593-01_1728999384697_Right_Lateral_View_tooth_005.jpg,0.7116,576,218,738,467,162,249
anonymous_003-008-593-01_1728999384697_Right_Lateral_View.jpg,anonymous_003-008-593-01_1728999384697_Right_Lateral_View_tooth_006.jpg,0.8094,761,254,961,479,200,225
anonymous_003-008-593-01_1728999384697_Right_Lateral_View.jpg,anonymous_003-008-593-01_1728999384697_Right_Lateral_View_tooth_007.jpg,0.8534,991,187,1254,497,263,310
anonymous_003-008-593-01_1728999384697_Right_Lateral_View.jpg,anonymous_003-008-593-01_1728999384697_Right_Lateral_View_tooth_008.jpg,0.8684,1264,233,1514,522,250,289
anonymous_003-008-595-00_1728999929128_Frontal_View.jpg,anonymous_003-008-595-00_1728999929128_Frontal_View_tooth_000.jpg,0.5961,151,126,271,367,120,241
anonymous_003-008-595-00_1728999929128_Frontal_View.jpg,anonymous_003-008-595-00_1728999929128_Frontal_View_tooth_001.jpg,0.3506,160,163,260,357,100,194
anonymous_003-008-595-00_1728999929128_Frontal_View.jpg,anonymous_003-008-595-00_1728999929128_Frontal_View_tooth_002.jpg,0.5379,161,388,276,587,115,199
anonymous_003-008-595-00_1728999929128_Frontal_View.jpg,anonymous_003-008-595-00_1728999929128_Frontal_View_tooth_003.jpg,0.8612,272,168,434,389,162,221
anonymous_003-008-595-00_1728999929128_Frontal_View.jpg,anonymous_003-008-595-00_1728999929128_Frontal_View_tooth_004.jpg,0.7554,278,378,401,589,123,211
anonymous_003-008-595-00_1728999929128_Frontal_View.jpg,anonymous_003-008-595-00_1728999929128_Frontal_View_tooth_005.jpg,0.7439,408,390,552,580,144,190
anonymous_003-008-595-00_1728999929128_Frontal_View.jpg,anonymous_003-008-595-00_1728999929128_Frontal_View_tooth_006.jpg,0.8542,443,127,697,407,254,280
anonymous_003-008-595-00_1728999929128_Frontal_View.jpg,anonymous_003-008-595-00_1728999929128_Frontal_View_tooth_007.jpg,0.8278,573,391,715,605,142,214
anonymous_003-008-595-00_1728999929128_Frontal_View.jpg,anonymous_003-008-595-00_1728999929128_Frontal_View_tooth_008.jpg,0.8577,697,124,966,419,269,295
anonymous_003-008-595-00_1728999929128_Frontal_View.jpg,anonymous_003-008-595-00_1728999929128_Frontal_View_tooth_009.jpg,0.7637,732,408,890,602,158,194
anonymous_003-008-595-00_1728999929128_Frontal_View.jpg,anonymous_003-008-595-00_1728999929128_Frontal_View_tooth_010.jpg,0.7445,905,400,1047,581,142,181
anonymous_003-008-595-00_1728999929128_Frontal_View.jpg,anonymous_003-008-595-00_1728999929128_Frontal_View_tooth_011.jpg,0.8478,970,174,1140,387,170,213
anonymous_003-008-595-00_1728999929128_Frontal_View.jpg,anonymous_003-008-595-00_1728999929128_Frontal_View_tooth_012.jpg,0.6878,1059,397,1162,606,103,209
anonymous_003-008-595-00_1728999929128_Frontal_View.jpg,anonymous_003-008-595-00_1728999929128_Frontal_View_tooth_013.jpg,0.6998,1147,160,1276,398,129,238
anonymous_003-008-595-00_1728999929128_Frontal_View.jpg,anonymous_003-008-595-00_1728999929128_Frontal_View_tooth_014.jpg,0.2583,1171,454,1272,597,101,143
anonymous_003-008-595-00_1728999929128_Frontal_View.jpg,anonymous_003-008-595-00_1728999929128_Frontal_View_tooth_015.jpg,0.6184,1176,446,1285,618,109,172
anonymous_003-008-595-00_1728999929128_Frontal_View.jpg,anonymous_003-008-595-00_1728999929128_Frontal_View_tooth_016.jpg,0.3932,1276,219,1349,366,73,147
anonymous_003-008-595-00_1728999929128_Frontal_View.jpg,anonymous_003-008-595-00_1728999929128_Frontal_View_tooth_017.jpg,0.342,1401,200,1461,322,60,122
anonymous_003-008-596-01_1729002084186_Maxillary_Occlusal_View.jpg,anonymous_003-008-596-01_1729002084186_Maxillary_Occlusal_View_tooth_000.jpg,0.4126,64,815,289,944,225,129
anonymous_003-008-596-01_1729002084186_Maxillary_Occlusal_View.jpg,anonymous_003-008-596-01_1729002084186_Maxillary_Occlusal_View_tooth_001.jpg,0.5578,82,652,300,794,218,142
anonymous_003-008-596-01_1729002084186_Maxillary_Occlusal_View.jpg,anonymous_003-008-596-01_1729002084186_Maxillary_Occlusal_View_tooth_002.jpg,0.4957,157,551,333,652,176,101
anonymous_003-008-596-01_1729002084186_Maxillary_Occlusal_View.jpg,anonymous_003-008-596-01_1729002084186_Maxillary_Occlusal_View_tooth_003.jpg,0.5543,200,427,398,530,198,103
anonymous_003-008-596-01_1729002084186_Maxillary_Occlusal_View.jpg,anonymous_003-008-596-01_1729002084186_Maxillary_Occlusal_View_tooth_004.jpg,0.294,271,303,430,405,159,102
anonymous_003-008-596-01_1729002084186_Maxillary_Occlusal_View.jpg,anonymous_003-008-596-01_1729002084186_Maxillary_Occlusal_View_tooth_005.jpg,0.5077,476,114,674,209,198,95
anonymous_003-008-596-01_1729002084186_Maxillary_Occlusal_View.jpg,anonymous_003-008-596-01_1729002084186_Maxillary_Occlusal_View_tooth_006.jpg,0.4727,689,122,900,210,211,88
anonymous_003-008-596-01_1729002084186_Maxillary_Occlusal_View.jpg,anonymous_003-008-596-01_1729002084186_Maxillary_Occlusal_View_tooth_007.jpg,0.3686,938,172,1054,270,116,98
anonymous_003-008-596-01_1729002084186_Maxillary_Occlusal_View.jpg,anonymous_003-008-596-01_1729002084186_Maxillary_Occlusal_View_tooth_008.jpg,0.3866,1058,277,1171,400,113,123
anonymous_003-008-596-01_1729002084186_Maxillary_Occlusal_View.jpg,anonymous_003-008-596-01_1729002084186_Maxillary_Occlusal_View_tooth_009.jpg,0.591,1067,424,1233,530,166,106
anonymous_003-008-596-01_1729002084186_Maxillary_Occlusal_View.jpg,anonymous_003-008-596-01_1729002084186_Maxillary_Occlusal_View_tooth_010.jpg,0.5681,1124,550,1294,651,170,101
anonymous_003-008-596-01_1729002084186_Maxillary_Occlusal_View.jpg,anonymous_003-008-596-01_1729002084186_Maxillary_Occlusal_View_tooth_011.jpg,0.5024,1161,650,1384,787,223,137
anonymous_003-008-596-01_1729002084186_Maxillary_Occlusal_View.jpg,anonymous_003-008-596-01_1729002084186_Maxillary_Occlusal_View_tooth_012.jpg,0.401,1243,799,1423,926,180,127
anonymous_003-008-597-00_1729002988805_Maxillary_Occlusal_View.jpg,anonymous_003-008-597-00_1729002988805_Maxillary_Occlusal_View_tooth_000.jpg,0.4472,76,946,318,1091,242,145
anonymous_003-008-597-00_1729002988805_Maxillary_Occlusal_View.jpg,anonymous_003-008-597-00_1729002988805_Maxillary_Occlusal_View_tooth_001.jpg,0.5983,84,776,348,916,264,140
anonymous_003-008-597-00_1729002988805_Maxillary_Occlusal_View.jpg,anonymous_003-008-597-00_1729002988805_Maxillary_Occlusal_View_tooth_002.jpg,0.5643,148,641,358,752,210,111
anonymous_003-008-597-00_1729002988805_Maxillary_Occlusal_View.jpg,anonymous_003-008-597-00_1729002988805_Maxillary_Occlusal_View_tooth_003.jpg,0.6164,187,498,387,616,200,118
anonymous_003-008-597-00_1729002988805_Maxillary_Occlusal_View.jpg,anonymous_003-008-597-00_1729002988805_Maxillary_Occlusal_View_tooth_004.jpg,0.4506,249,349,425,461,176,112
anonymous_003-008-597-00_1729002988805_Maxillary_Occlusal_View.jpg,anonymous_003-008-597-00_1729002988805_Maxillary_Occlusal_View_tooth_005.jpg,0.3135,339,245,500,332,161,87
anonymous_003-008-597-00_1729002988805_Maxillary_Occlusal_View.jpg,anonymous_003-008-597-00_1729002988805_Maxillary_Occlusal_View_tooth_006.jpg,0.4842,444,144,673,226,229,82
anonymous_003-008-597-00_1729002988805_Maxillary_Occlusal_View.jpg,anonymous_003-008-597-00_1729002988805_Maxillary_Occlusal_View_tooth_007.jpg,0.5947,682,129,933,213,251,84
anonymous_003-008-597-00_1729002988805_Maxillary_Occlusal_View.jpg,anonymous_003-008-597-00_1729002988805_Maxillary_Occlusal_View_tooth_008.jpg,0.351,945,182,1099,262,154,80
anonymous_003-008-597-00_1729002988805_Maxillary_Occlusal_View.jpg,anonymous_003-008-597-00_1729002988805_Maxillary_Occlusal_View_tooth_009.jpg,0.3982,1085,271,1220,391,135,120
anonymous_003-008-597-00_1729002988805_Maxillary_Occlusal_View.jpg,anonymous_003-008-597-00_1729002988805_Maxillary_Occlusal_View_tooth_010.jpg,0.6621,1127,409,1310,530,183,121
anonymous_003-008-597-00_1729002988805_Maxillary_Occlusal_View.jpg,anonymous_003-008-597-00_1729002988805_Maxillary_Occlusal_View_tooth_011.jpg,0.6415,1206,552,1380,664,174,112
anonymous_003-008-597-00_1729002988805_Maxillary_Occlusal_View.jpg,anonymous_003-008-597-00_1729002988805_Maxillary_Occlusal_View_tooth_012.jpg,0.6474,1249,673,1478,801,229,128
anonymous_003-008-597-00_1729002988805_Maxillary_Occlusal_View.jpg,anonymous_003-008-597-00_1729002988805_Maxillary_Occlusal_View_tooth_013.jpg,0.3136,1354,816,1553,946,199,130
anonymous_003-008-598-01_1729004550645_Right_Lateral_View.jpg,anonymous_003-008-598-01_1729004550645_Right_Lateral_View_tooth_000.jpg,0.3854,125,346,212,456,87,110
anonymous_003-008-598-01_1729004550645_Right_Lateral_View.jpg,anonymous_003-008-598-01_1729004550645_Right_Lateral_View_tooth_001.jpg,0.4502,137,466,255,555,118,89
anonymous_003-008-598-01_1729004550645_Right_Lateral_View.jpg,anonymous_003-008-598-01_1729004550645_Right_Lateral_View_tooth_002.jpg,0.5137,214,351,279,478,65,127
anonymous_003-008-598-01_1729004550645_Right_Lateral_View.jpg,anonymous_003-008-598-01_1729004550645_Right_Lateral_View_tooth_003.jpg,0.32,246,492,315,591,69,99
anonymous_003-008-598-01_1729004550645_Right_Lateral_View.jpg,anonymous_003-008-598-01_1729004550645_Right_Lateral_View_tooth_004.jpg,0.7615,286,351,396,495,110,144
anonymous_003-008-598-01_1729004550645_Right_Lateral_View.jpg,anonymous_003-008-598-01_1729004550645_Right_Lateral_View_tooth_005.jpg,0.6266,313,500,432,643,119,143
anonymous_003-008-598-01_1729004550645_Right_Lateral_View.jpg,anonymous_003-008-598-01_1729004550645_Right_Lateral_View_tooth_006.jpg,0.8049,418,289,554,508,136,219
anonymous_003-008-598-01_1729004550645_Right_Lateral_View.jpg,anonymous_003-008-598-01_1729004550645_Right_Lateral_View_tooth_007.jpg,0.6749,448,498,576,635,128,137
anonymous_003-008-598-01_1729004550645_Right_Lateral_View.jpg,anonymous_003-008-598-01_1729004550645_Right_Lateral_View_tooth_008.jpg,0.7308,591,312,749,490,158,178
anonymous_003-008-598-01_1729004550645_Right_Lateral_View.jpg,anonymous_003-008-598-01_1729004550645_Right_Lateral_View_tooth_009.jpg,0.7391,600,482,749,656,149,174
anonymous_003-008-598-01_1729004550645_Right_Lateral_View.jpg,anonymous_003-008-598-01_1729004550645_Right_Lateral_View_tooth_010.jpg,0.6842,770,516,913,668,143,152
anonymous_003-008-598-01_1729004550645_Right_Lateral_View.jpg,anonymous_003-008-598-01_1729004550645_Right_Lateral_View_tooth_011.jpg,0.8572,777,284,1020,532,243,248
anonymous_003-008-598-01_1729004550645_Right_Lateral_View.jpg,anonymous_003-008-598-01_1729004550645_Right_Lateral_View_tooth_012.jpg,0.7509,920,537,1058,685,138,148
anonymous_003-008-598-01_1729004550645_Right_Lateral_View.jpg,anonymous_003-008-598-01_1729004550645_Right_Lateral_View_tooth_013.jpg,0.8133,1027,367,1175,544,148,177
anonymous_003-008-598-01_1729004550645_Right_Lateral_View.jpg,anonymous_003-008-598-01_1729004550645_Right_Lateral_View_tooth_014.jpg,0.4353,1091,555,1175,695,84,140
anonymous_003-008-614-01_1729074200376_Maxillary_Occlusal_View.jpg,anonymous_003-008-614-01_1729074200376_Maxillary_Occlusal_View_tooth_000.jpg,0.4704,68,720,258,862,190,142
anonymous_003-008-614-01_1729074200376_Maxillary_Occlusal_View.jpg,anonymous_003-008-614-01_1729074200376_Maxillary_Occlusal_View_tooth_001.jpg,0.5111,105,557,310,711,205,154
anonymous_003-008-614-01_1729074200376_Maxillary_Occlusal_View.jpg,anonymous_003-008-614-01_1729074200376_Maxillary_Occlusal_View_tooth_002.jpg,0.4665,204,470,351,569,147,99
anonymous_003-008-614-01_1729074200376_Maxillary_Occlusal_View.jpg,anonymous_003-008-614-01_1729074200376_Maxillary_Occlusal_View_tooth_003.jpg,0.5346,282,338,443,462,161,124
anonymous_003-008-614-01_1729074200376_Maxillary_Occlusal_View.jpg,anonymous_003-008-614-01_1729074200376_Maxillary_Occlusal_View_tooth_004.jpg,0.3895,386,1035,508,1085,122,50
anonymous_003-008-614-01_1729074200376_Maxillary_Occlusal_View.jpg,anonymous_003-008-614-01_1729074200376_Maxillary_Occlusal_View_tooth_005.jpg,0.4163,406,216,525,341,119,125
anonymous_003-008-614-01_1729074200376_Maxillary_Occlusal_View.jpg,anonymous_003-008-614-01_1729074200376_Maxillary_Occlusal_View_tooth_006.jpg,0.3316,531,1024,674,1085,143,61
anonymous_003-008-614-01_1729074200376_Maxillary_Occlusal_View.jpg,anonymous_003-008-614-01_1729074200376_Maxillary_Occlusal_View_tooth_007.jpg,0.3749,540,166,654,258,114,92
anonymous_003-008-614-01_1729074200376_Maxillary_Occlusal_View.jpg,anonymous_003-008-614-01_1729074200376_Maxillary_Occlusal_View_tooth_008.jpg,0.3391,673,1034,819,1085,146,51
anonymous_003-008-614-01_1729074200376_Maxillary_Occlusal_View.jpg,anonymous_003-008-614-01_1729074200376_Maxillary_Occlusal_View_tooth_009.jpg,0.4928,692,150,876,222,184,72
anonymous_003-008-614-01_1729074200376_Maxillary_Occlusal_View.jpg,anonymous_003-008-614-01_1729074200376_Maxillary_Occlusal_View_tooth_010.jpg,0.2557,693,159,872,211,179,52
anonymous_003-008-614-01_1729074200376_Maxillary_Occlusal_View.jpg,anonymous_003-008-614-01_1729074200376_Maxillary_Occlusal_View_tooth_011.jpg,0.2502,835,1035,986,1085,151,50
anonymous_003-008-614-01_1729074200376_Maxillary_Occlusal_View.jpg,anonymous_003-008-614-01_1729074200376_Maxillary_Occlusal_View_tooth_012.jpg,0.2956,831,1037,1066,1085,235,48
anonymous_003-008-614-01_1729074200376_Maxillary_Occlusal_View.jpg,anonymous_003-008-614-01_1729074200376_Maxillary_Occlusal_View_tooth_013.jpg,0.5542,885,183,1033,306,148,123
anonymous_003-008-614-01_1729074200376_Maxillary_Occlusal_View.jpg,anonymous_003-008-614-01_1729074200376_Maxillary_Occlusal_View_tooth_014.jpg,0.2975,1110,366,1213,463,103,97
anonymous_003-008-614-01_1729074200376_Maxillary_Occlusal_View.jpg,anonymous_003-008-614-01_1729074200376_Maxillary_Occlusal_View_tooth_015.jpg,0.4641,1111,849,1272,973,161,124
anonymous_003-008-614-01_1729074200376_Maxillary_Occlusal_View.jpg,anonymous_003-008-614-01_1729074200376_Maxillary_Occlusal_View_tooth_016.jpg,0.5962,1113,485,1258,586,145,101
anonymous_003-008-614-01_1729074200376_Maxillary_Occlusal_View.jpg,anonymous_003-008-614-01_1729074200376_Maxillary_Occlusal_View_tooth_017.jpg,0.4718,1127,705,1310,821,183,116
anonymous_003-008-614-01_1729074200376_Maxillary_Occlusal_View.jpg,anonymous_003-008-614-01_1729074200376_Maxillary_Occlusal_View_tooth_018.jpg,0.5701,1151,609,1288,686,137,77
anonymous_003-008-615-00_1729074735259_Maxillary_Occlusal_View.jpg,anonymous_003-008-615-00_1729074735259_Maxillary_Occlusal_View_tooth_000.jpg,0.4898,147,770,393,917,246,147
anonymous_003-008-615-00_1729074735259_Maxillary_Occlusal_View.jpg,anonymous_003-008-615-00_1729074735259_Maxillary_Occlusal_View_tooth_001.jpg,0.5161,159,947,372,1093,213,146
anonymous_003-008-615-00_1729074735259_Maxillary_Occlusal_View.jpg,anonymous_003-008-615-00_1729074735259_Maxillary_Occlusal_View_tooth_002.jpg,0.6933,196,654,375,756,179,102
anonymous_003-008-615-00_1729074735259_Maxillary_Occlusal_View.jpg,anonymous_003-008-615-00_1729074735259_Maxillary_Occlusal_View_tooth_003.jpg,0.6775,226,482,432,620,206,138
anonymous_003-008-615-00_1729074735259_Maxillary_Occlusal_View.jpg,anonymous_003-008-615-00_1729074735259_Maxillary_Occlusal_View_tooth_004.jpg,0.4776,326,335,483,468,157,133
anonymous_003-008-615-00_1729074735259_Maxillary_Occlusal_View.jpg,anonymous_003-008-615-00_1729074735259_Maxillary_Occlusal_View_tooth_005.jpg,0.4648,433,237,594,330,161,93
anonymous_003-008-615-00_1729074735259_Maxillary_Occlusal_View.jpg,anonymous_003-008-615-00_1729074735259_Maxillary_Occlusal_View_tooth_006.jpg,0.5962,605,159,814,248,209,89
anonymous_003-008-615-00_1729074735259_Maxillary_Occlusal_View.jpg,anonymous_003-008-615-00_1729074735259_Maxillary_Occlusal_View_tooth_007.jpg,0.4171,835,163,1039,243,204,80
anonymous_003-008-615-00_1729074735259_Maxillary_Occlusal_View.jpg,anonymous_003-008-615-00_1729074735259_Maxillary_Occlusal_View_tooth_008.jpg,0.4357,1058,237,1208,312,150,75
anonymous_003-008-615-00_1729074735259_Maxillary_Occlusal_View.jpg,anonymous_003-008-615-00_1729074735259_Maxillary_Occlusal_View_tooth_009.jpg,0.4532,1218,297,1337,447,119,150
anonymous_003-008-615-00_1729074735259_Maxillary_Occlusal_View.jpg,anonymous_003-008-615-00_1729074735259_Maxillary_Occlusal_View_tooth_010.jpg,0.6227,1256,460,1441,590,185,130
anonymous_003-008-615-00_1729074735259_Maxillary_Occlusal_View.jpg,anonymous_003-008-615-00_1729074735259_Maxillary_Occlusal_View_tooth_011.jpg,0.4777,1342,608,1513,718,171,110
anonymous_003-008-615-00_1729074735259_Maxillary_Occlusal_View.jpg,anonymous_003-008-615-00_1729074735259_Maxillary_Occlusal_View_tooth_012.jpg,0.3112,1341,606,1561,857,220,251
anonymous_003-008-615-00_1729074735259_Maxillary_Occlusal_View.jpg,anonymous_003-008-615-00_1729074735259_Maxillary_Occlusal_View_tooth_013.jpg,0.3692,1358,637,1597,874,239,237
anonymous_003-008-615-00_1729074735259_Maxillary_Occlusal_View.jpg,anonymous_003-008-615-00_1729074735259_Maxillary_Occlusal_View_tooth_014.jpg,0.349,1364,738,1598,876,234,138
anonymous_003-008-615-00_1729074735259_Maxillary_Occlusal_View.jpg,anonymous_003-008-615-00_1729074735259_Maxillary_Occlusal_View_tooth_015.jpg,0.4697,1401,887,1628,1040,227,153
anonymous_003-008-617-00_1729078067595_Right_Lateral_View.jpg,anonymous_003-008-617-00_1729078067595_Right_Lateral_View_tooth_000.jpg,0.2897,98,140,175,227,77,87
anonymous_003-008-617-00_1729078067595_Right_Lateral_View.jpg,anonymous_003-008-617-00_1729078067595_Right_Lateral_View_tooth_001.jpg,0.4363,120,238,241,314,121,76
anonymous_003-008-617-00_1729078067595_Right_Lateral_View.jpg,anonymous_003-008-617-00_1729078067595_Right_Lateral_View_tooth_002.jpg,0.3088,243,247,338,324,95,77
anonymous_003-008-617-00_1729078067595_Right_Lateral_View.jpg,anonymous_003-008-617-00_1729078067595_Right_Lateral_View_tooth_003.jpg,0.7428,256,90,373,250,117,160
anonymous_003-008-617-00_1729078067595_Right_Lateral_View.jpg,anonymous_003-008-617-00_1729078067595_Right_Lateral_View_tooth_004.jpg,0.6526,336,236,461,341,125,105
anonymous_003-008-617-00_1729078067595_Right_Lateral_View.jpg,anonymous_003-008-617-00_1729078067595_Right_Lateral_View_tooth_005.jpg,0.8768,390,93,523,240,133,147
anonymous_003-008-617-00_1729078067595_Right_Lateral_View.jpg,anonymous_003-008-617-00_1729078067595_Right_Lateral_View_tooth_006.jpg,0.7381,473,222,600,373,127,151
anonymous_003-008-617-00_1729078067595_Right_Lateral_View.jpg,anonymous_003-008-617-00_1729078067595_Right_Lateral_View_tooth_007.jpg,0.7699,539,112,675,234,136,122
anonymous_003-008-617-00_1729078067595_Right_Lateral_View.jpg,anonymous_003-008-617-00_1729078067595_Right_Lateral_View_tooth_008.jpg,0.6341,631,219,754,383,123,164
anonymous_003-008-617-00_1729078067595_Right_Lateral_View.jpg,anonymous_003-008-617-00_1729078067595_Right_Lateral_View_tooth_009.jpg,0.3132,717,146,910,240,193,94
anonymous_003-008-619-00_1729080900725_Maxillary_Occlusal_View.jpg,anonymous_003-008-619-00_1729080900725_Maxillary_Occlusal_View_tooth_000.jpg,0.3524,70,859,280,991,210,132
anonymous_003-008-619-00_1729080900725_Maxillary_Occlusal_View.jpg,anonymous_003-008-619-00_1729080900725_Maxillary_Occlusal_View_tooth_001.jpg,0.4627,145,588,320,696,175,108
anonymous_003-008-619-00_1729080900725_Maxillary_Occlusal_View.jpg,anonymous_003-008-619-00_1729080900725_Maxillary_Occlusal_View_tooth_002.jpg,0.6418,205,425,393,559,188,134
anonymous_003-008-619-00_1729080900725_Maxillary_Occlusal_View.jpg,anonymous_003-008-619-00_1729080900725_Maxillary_Occlusal_View_tooth_003.jpg,0.4684,302,253,444,409,142,156
anonymous_003-008-619-00_1729080900725_Maxillary_Occlusal_View.jpg,anonymous_003-008-619-00_1729080900725_Maxillary_Occlusal_View_tooth_004.jpg,0.4012,434,201,562,269,128,68
anonymous_003-008-619-00_1729080900725_Maxillary_Occlusal_View.jpg,anonymous_003-008-619-00_1729080900725_Maxillary_Occlusal_View_tooth_005.jpg,0.5429,586,180,800,272,214,92
anonymous_003-008-619-00_1729080900725_Maxillary_Occlusal_View.jpg,anonymous_003-008-619-00_1729080900725_Maxillary_Occlusal_View_tooth_006.jpg,0.2942,1106,358,1242,476,136,118
anonymous_003-008-619-00_1729080900725_Maxillary_Occlusal_View.jpg,anonymous_003-008-619-00_1729080900725_Maxillary_Occlusal_View_tooth_007.jpg,0.5196,1135,498,1318,624,183,126
anonymous_003-008-619-00_1729080900725_Maxillary_Occlusal_View.jpg,anonymous_003-008-619-00_1729080900725_Maxillary_Occlusal_View_tooth_008.jpg,0.4564,1185,653,1373,741,188,88
anonymous_003-008-619-00_1729080900725_Maxillary_Occlusal_View.jpg,anonymous_003-008-619-00_1729080900725_Maxillary_Occlusal_View_tooth_009.jpg,0.5857,1200,879,1416,996,216,117
anonymous_003-008-620-01_1729083811620_Maxillary_Occlusal_View.jpg,anonymous_003-008-620-01_1729083811620_Maxillary_Occlusal_View_tooth_000.jpg,0.3639,107,565,353,716,246,151
anonymous_003-008-620-01_1729083811620_Maxillary_Occlusal_View.jpg,anonymous_003-008-620-01_1729083811620_Maxillary_Occlusal_View_tooth_001.jpg,0.5382,144,428,367,572,223,144
anonymous_003-008-620-01_1729083811620_Maxillary_Occlusal_View.jpg,anonymous_003-008-620-01_1729083811620_Maxillary_Occlusal_View_tooth_002.jpg,0.4401,169,1031,247,1062,78,31
anonymous_003-008-620-01_1729083811620_Maxillary_Occlusal_View.jpg,anonymous_003-008-620-01_1729083811620_Maxillary_Occlusal_View_tooth_003.jpg,0.3417,220,343,374,428,154,85
anonymous_003-008-620-01_1729083811620_Maxillary_Occlusal_View.jpg,anonymous_003-008-620-01_1729083811620_Maxillary_Occlusal_View_tooth_004.jpg,0.6257,278,965,379,1062,101,97
anonymous_003-008-620-01_1729083811620_Maxillary_Occlusal_View.jpg,anonymous_003-008-620-01_1729083811620_Maxillary_Occlusal_View_tooth_005.jpg,0.5855,312,179,449,339,137,160
anonymous_003-008-620-01_1729083811620_Maxillary_Occlusal_View.jpg,anonymous_003-008-620-01_1729083811620_Maxillary_Occlusal_View_tooth_006.jpg,0.7291,403,947,541,1062,138,115
anonymous_003-008-620-01_1729083811620_Maxillary_Occlusal_View.jpg,anonymous_003-008-620-01_1729083811620_Maxillary_Occlusal_View_tooth_007.jpg,0.378,459,147,591,260,132,113
anonymous_003-008-620-01_1729083811620_Maxillary_Occlusal_View.jpg,anonymous_003-008-620-01_1729083811620_Maxillary_Occlusal_View_tooth_008.jpg,0.8156,539,928,687,1062,148,134
anonymous_003-008-620-01_1729083811620_Maxillary_Occlusal_View.jpg,anonymous_003-008-620-01_1729083811620_Maxillary_Occlusal_View_tooth_009.jpg,0.6166,607,91,796,203,189,112
anonymous_003-008-620-01_1729083811620_Maxillary_Occlusal_View.jpg,anonymous_003-008-620-01_1729083811620_Maxillary_Occlusal_View_tooth_010.jpg,0.8783,693,938,832,1062,139,124
anonymous_003-008-620-01_1729083811620_Maxillary_Occlusal_View.jpg,anonymous_003-008-620-01_1729083811620_Maxillary_Occlusal_View_tooth_011.jpg,0.6183,829,102,1005,253,176,151
anonymous_003-008-620-01_1729083811620_Maxillary_Occlusal_View.jpg,anonymous_003-008-620-01_1729083811620_Maxillary_Occlusal_View_tooth_012.jpg,0.4616,841,970,973,1062,132,92
anonymous_003-008-620-01_1729083811620_Maxillary_Occlusal_View.jpg,anonymous_003-008-620-01_1729083811620_Maxillary_Occlusal_View_tooth_013.jpg,0.3014,984,251,1101,348,117,97
anonymous_003-008-620-01_1729083811620_Maxillary_Occlusal_View.jpg,anonymous_003-008-620-01_1729083811620_Maxillary_Occlusal_View_tooth_014.jpg,0.4381,1012,1029,1096,1062,84,33
anonymous_003-008-620-01_1729083811620_Maxillary_Occlusal_View.jpg,anonymous_003-008-620-01_1729083811620_Maxillary_Occlusal_View_tooth_015.jpg,0.4868,1114,281,1233,421,119,140
anonymous_003-008-620-01_1729083811620_Maxillary_Occlusal_View.jpg,anonymous_003-008-620-01_1729083811620_Maxillary_Occlusal_View_tooth_016.jpg,0.542,1121,445,1272,536,151,91
anonymous_003-008-620-01_1729083811620_Maxillary_Occlusal_View.jpg,anonymous_003-008-620-01_1729083811620_Maxillary_Occlusal_View_tooth_017.jpg,0.4177,1123,559,1326,683,203,124
anonymous_003-008-620-01_1729083811620_Maxillary_Occlusal_View.jpg,anonymous_003-008-620-01_1729083811620_Maxillary_Occlusal_View_tooth_018.jpg,0.3183,1124,703,1344,828,220,125
anonymous_003-008-621-00_1729084830092_Maxillary_Occlusal_View.jpg,anonymous_003-008-621-00_1729084830092_Maxillary_Occlusal_View_tooth_000.jpg,0.4066,73,534,314,664,241,130
anonymous_003-008-621-00_1729084830092_Maxillary_Occlusal_View.jpg,anonymous_003-008-621-00_1729084830092_Maxillary_Occlusal_View_tooth_001.jpg,0.5935,74,671,337,832,263,161
anonymous_003-008-621-00_1729084830092_Maxillary_Occlusal_View.jpg,anonymous_003-008-621-00_1729084830092_Maxillary_Occlusal_View_tooth_002.jpg,0.4258,84,555,323,671,239,116
anonymous_003-008-621-00_1729084830092_Maxillary_Occlusal_View.jpg,anonymous_003-008-621-00_1729084830092_Maxillary_Occlusal_View_tooth_003.jpg,0.3225,109,437,304,525,195,88
anonymous_003-008-621-00_1729084830092_Maxillary_Occlusal_View.jpg,anonymous_003-008-621-00_1729084830092_Maxillary_Occlusal_View_tooth_004.jpg,0.4136,167,284,359,417,192,133
anonymous_003-008-621-00_1729084830092_Maxillary_Occlusal_View.jpg,anonymous_003-008-621-00_1729084830092_Maxillary_Occlusal_View_tooth_005.jpg,0.6169,443,148,673,234,230,86
anonymous_003-008-621-00_1729084830092_Maxillary_Occlusal_View.jpg,anonymous_003-008-621-00_1729084830092_Maxillary_Occlusal_View_tooth_006.jpg,0.3403,613,1171,775,1211,162,40
anonymous_003-008-621-00_1729084830092_Maxillary_Occlusal_View.jpg,anonymous_003-008-621-00_1729084830092_Maxillary_Occlusal_View_tooth_007.jpg,0.4138,798,1174,897,1211,99,37
anonymous_003-008-621-00_1729084830092_Maxillary_Occlusal_View.jpg,anonymous_003-008-621-00_1729084830092_Maxillary_Occlusal_View_tooth_008.jpg,0.4222,938,224,1068,330,130,106
anonymous_003-008-621-00_1729084830092_Maxillary_Occlusal_View.jpg,anonymous_003-008-621-00_1729084830092_Maxillary_Occlusal_View_tooth_009.jpg,0.309,1090,306,1234,401,144,95
anonymous_003-008-621-00_1729084830092_Maxillary_Occlusal_View.jpg,anonymous_003-008-621-00_1729084830092_Maxillary_Occlusal_View_tooth_010.jpg,0.4747,1152,425,1331,526,179,101
anonymous_003-008-621-00_1729084830092_Maxillary_Occlusal_View.jpg,anonymous_003-008-621-00_1729084830092_Maxillary_Occlusal_View_tooth_011.jpg,0.4315,1190,546,1419,683,229,137
anonymous_003-008-621-00_1729084830092_Maxillary_Occlusal_View.jpg,anonymous_003-008-621-00_1729084830092_Maxillary_Occlusal_View_tooth_012.jpg,0.2543,1204,679,1466,834,262,155
anonymous_003-008-622-01_1729087609045_Maxillary_Occlusal_View.jpg,anonymous_003-008-622-01_1729087609045_Maxillary_Occlusal_View_tooth_000.jpg,0.2764,78,1036,315,1146,237,110
anonymous_003-008-622-01_1729087609045_Maxillary_Occlusal_View.jpg,anonymous_003-008-622-01_1729087609045_Maxillary_Occlusal_View_tooth_001.jpg,0.4549,118,813,414,1151,296,338
anonymous_003-008-622-01_1729087609045_Maxillary_Occlusal_View.jpg,anonymous_003-008-622-01_1729087609045_Maxillary_Occlusal_View_tooth_002.jpg,0.33,131,847,419,1031,288,184
anonymous_003-008-622-01_1729087609045_Maxillary_Occlusal_View.jpg,anonymous_003-008-622-01_1729087609045_Maxillary_Occlusal_View_tooth_003.jpg,0.5964,256,690,490,842,234,152
anonymous_003-008-622-01_1729087609045_Maxillary_Occlusal_View.jpg,anonymous_003-008-622-01_1729087609045_Maxillary_Occlusal_View_tooth_004.jpg,0.5822,319,505,576,667,257,162
anonymous_003-008-622-01_1729087609045_Maxillary_Occlusal_View.jpg,anonymous_003-008-622-01_1729087609045_Maxillary_Occlusal_View_tooth_005.jpg,0.6328,430,284,606,476,176,192
anonymous_003-008-622-01_1729087609045_Maxillary_Occlusal_View.jpg,anonymous_003-008-622-01_1729087609045_Maxillary_Occlusal_View_tooth_006.jpg,0.5628,601,145,738,308,137,163
anonymous_003-008-622-01_1729087609045_Maxillary_Occlusal_View.jpg,anonymous_003-008-622-01_1729087609045_Maxillary_Occlusal_View_tooth_007.jpg,0.6253,780,80,1015,244,235,164
anonymous_003-008-622-01_1729087609045_Maxillary_Occlusal_View.jpg,anonymous_003-008-622-01_1729087609045_Maxillary_Occlusal_View_tooth_008.jpg,0.7064,1058,126,1266,294,208,168
anonymous_003-008-622-01_1729087609045_Maxillary_Occlusal_View.jpg,anonymous_003-008-622-01_1729087609045_Maxillary_Occlusal_View_tooth_009.jpg,0.4275,1277,234,1401,389,124,155
anonymous_003-008-622-01_1729087609045_Maxillary_Occlusal_View.jpg,anonymous_003-008-622-01_1729087609045_Maxillary_Occlusal_View_tooth_010.jpg,0.4846,1368,391,1537,545,169,154
anonymous_003-008-622-01_1729087609045_Maxillary_Occlusal_View.jpg,anonymous_003-008-622-01_1729087609045_Maxillary_Occlusal_View_tooth_011.jpg,0.6403,1385,575,1614,745,229,170
anonymous_003-008-622-01_1729087609045_Maxillary_Occlusal_View.jpg,anonymous_003-008-622-01_1729087609045_Maxillary_Occlusal_View_tooth_012.jpg,0.6013,1428,775,1642,903,214,128
anonymous_003-008-622-01_1729087609045_Maxillary_Occlusal_View.jpg,anonymous_003-008-622-01_1729087609045_Maxillary_Occlusal_View_tooth_013.jpg,0.4212,1459,920,1727,1092,268,172
anonymous_003-008-623-00_1729088109108_Mandibular_View.jpg,anonymous_003-008-623-00_1729088109108_Mandibular_View_tooth_000.jpg,0.6804,44,185,184,309,140,124
anonymous_003-008-623-00_1729088109108_Mandibular_View.jpg,anonymous_003-008-623-00_1729088109108_Mandibular_View_tooth_001.jpg,0.6871,91,315,247,436,156,121
anonymous_003-008-623-00_1729088109108_Mandibular_View.jpg,anonymous_003-008-623-00_1729088109108_Mandibular_View_tooth_002.jpg,0.4568,180,441,290,525,110,84
anonymous_003-008-623-00_1729088109108_Mandibular_View.jpg,anonymous_003-008-623-00_1729088109108_Mandibular_View_tooth_003.jpg,0.4673,208,538,329,637,121,99
anonymous_003-008-623-00_1729088109108_Mandibular_View.jpg,anonymous_003-008-623-00_1729088109108_Mandibular_View_tooth_004.jpg,0.4322,382,665,466,767,84,102
anonymous_003-008-623-00_1729088109108_Mandibular_View.jpg,anonymous_003-008-623-00_1729088109108_Mandibular_View_tooth_005.jpg,0.5807,490,687,580,801,90,114
anonymous_003-008-623-00_1729088109108_Mandibular_View.jpg,anonymous_003-008-623-00_1729088109108_Mandibular_View_tooth_006.jpg,0.5523,590,678,669,790,79,112
anonymous_003-008-623-00_1729088109108_Mandibular_View.jpg,anonymous_003-008-623-00_1729088109108_Mandibular_View_tooth_007.jpg,0.5207,701,671,777,753,76,82
anonymous_003-008-623-00_1729088109108_Mandibular_View.jpg,anonymous_003-008-623-00_1729088109108_Mandibular_View_tooth_008.jpg,0.4558,783,547,913,644,130,97
anonymous_003-008-623-00_1729088109108_Mandibular_View.jpg,anonymous_003-008-623-00_1729088109108_Mandibular_View_tooth_009.jpg,0.4438,806,453,938,537,132,84
anonymous_003-008-623-00_1729088109108_Mandibular_View.jpg,anonymous_003-008-623-00_1729088109108_Mandibular_View_tooth_010.jpg,0.6718,839,320,998,444,159,124
anonymous_003-008-623-00_1729088109108_Mandibular_View.jpg,anonymous_003-008-623-00_1729088109108_Mandibular_View_tooth_011.jpg,0.505,917,206,1052,317,135,111
anonymous_003-008-623-00_1729088109108_Mandibular_View.jpg,anonymous_003-008-623-00_1729088109108_Mandibular_View_tooth_012.jpg,0.407,1064,385,1147,617,83,232
anonymous_003-008-626-01_1729138704180_Frontal_View.jpg,anonymous_003-008-626-01_1729138704180_Frontal_View_tooth_000.jpg,0.3651,40,256,115,344,75,88
anonymous_003-008-626-01_1729138704180_Frontal_View.jpg,anonymous_003-008-626-01_1729138704180_Frontal_View_tooth_001.jpg,0.3024,168,223,228,320,60,97
anonymous_003-008-626-01_1729138704180_Frontal_View.jpg,anonymous_003-008-626-01_1729138704180_Frontal_View_tooth_002.jpg,0.5045,201,387,278,512,77,125
anonymous_003-008-626-01_1729138704180_Frontal_View.jpg,anonymous_003-008-626-01_1729138704180_Frontal_View_tooth_003.jpg,0.5341,242,191,341,383,99,192
anonymous_003-008-626-01_1729138704180_Frontal_View.jpg,anonymous_003-008-626-01_1729138704180_Frontal_View_tooth_004.jpg,0.2819,270,402,354,544,84,142
anonymous_003-008-626-01_1729138704180_Frontal_View.jpg,anonymous_003-008-626-01_1729138704180_Frontal_View_tooth_005.jpg,0.5612,274,384,362,534,88,150
anonymous_003-008-626-01_1729138704180_Frontal_View.jpg,anonymous_003-008-626-01_1729138704180_Frontal_View_tooth_006.jpg,0.8294,357,195,483,371,126,176
anonymous_003-008-626-01_1729138704180_Frontal_View.jpg,anonymous_003-008-626-01_1729138704180_Frontal_View_tooth_007.jpg,0.2842,372,380,472,527,100,147
anonymous_003-008-626-01_1729138704180_Frontal_View.jpg,anonymous_003-008-626-01_1729138704180_Frontal_View_tooth_008.jpg,0.7012,375,375,481,566,106,191
anonymous_003-008-626-01_1729138704180_Frontal_View.jpg,anonymous_003-008-626-01_1729138704180_Frontal_View_tooth_009.jpg,0.6926,489,401,605,565,116,164
anonymous_003-008-626-01_1729138704180_Frontal_View.jpg,anonymous_003-008-626-01_1729138704180_Frontal_View_tooth_010.jpg,0.8388,488,178,710,397,222,219
anonymous_003-008-626-01_1729138704180_Frontal_View.jpg,anonymous_003-008-626-01_1729138704180_Frontal_View_tooth_011.jpg,0.7503,624,382,739,573,115,191
anonymous_003-008-626-01_1729138704180_Frontal_View.jpg,anonymous_003-008-626-01_1729138704180_Frontal_View_tooth_012.jpg,0.85,723,180,929,393,206,213
anonymous_003-008-626-01_1729138704180_Frontal_View.jpg,anonymous_003-008-626-01_1729138704180_Frontal_View_tooth_013.jpg,0.7775,756,386,881,548,125,162
anonymous_003-008-626-01_1729138704180_Frontal_View.jpg,anonymous_003-008-626-01_1729138704180_Frontal_View_tooth_014.jpg,0.7512,889,368,998,545,109,177
anonymous_003-008-626-01_1729138704180_Frontal_View.jpg,anonymous_003-008-626-01_1729138704180_Frontal_View_tooth_015.jpg,0.7073,941,181,1083,354,142,173
anonymous_003-008-626-01_1729138704180_Frontal_View.jpg,anonymous_003-008-626-01_1729138704180_Frontal_View_tooth_016.jpg,0.737,1012,341,1114,543,102,202
anonymous_003-008-626-01_1729138704180_Frontal_View.jpg,anonymous_003-008-626-01_1729138704180_Frontal_View_tooth_017.jpg,0.6178,1097,183,1185,355,88,172
anonymous_003-008-626-01_1729138704180_Frontal_View.jpg,anonymous_003-008-626-01_1729138704180_Frontal_View_tooth_018.jpg,0.2783,1132,386,1207,495,75,109
anonymous_003-008-626-01_1729138704180_Frontal_View.jpg,anonymous_003-008-626-01_1729138704180_Frontal_View_tooth_019.jpg,0.3163,1195,186,1256,300,61,114
anonymous_003-008-626-01_1729138704180_Frontal_View.jpg,anonymous_003-008-626-01_1729138704180_Frontal_View_tooth_020.jpg,0.4274,1199,188,1260,269,61,81
anonymous_003-008-626-01_1729138704180_Frontal_View.jpg,anonymous_003-008-626-01_1729138704180_Frontal_View_tooth_021.jpg,0.3018,1253,201,1300,312,47,111
anonymous_003-008-626-01_1729138704180_Frontal_View.jpg,anonymous_003-008-626-01_1729138704180_Frontal_View_tooth_022.jpg,0.4856,1303,193,1362,289,59,96
anonymous_003-008-645-01_1729160496237_Maxillary_Occlusal_View.jpg,anonymous_003-008-645-01_1729160496237_Maxillary_Occlusal_View_tooth_000.jpg,0.7036,89,816,322,970,233,154
anonymous_003-008-645-01_1729160496237_Maxillary_Occlusal_View.jpg,anonymous_003-008-645-01_1729160496237_Maxillary_Occlusal_View_tooth_001.jpg,0.4036,119,987,345,1099,226,112
anonymous_003-008-645-01_1729160496237_Maxillary_Occlusal_View.jpg,anonymous_003-008-645-01_1729160496237_Maxillary_Occlusal_View_tooth_002.jpg,0.5546,151,694,360,804,209,110
anonymous_003-008-645-01_1729160496237_Maxillary_Occlusal_View.jpg,anonymous_003-008-645-01_1729160496237_Maxillary_Occlusal_View_tooth_003.jpg,0.6752,184,525,387,659,203,134
anonymous_003-008-645-01_1729160496237_Maxillary_Occlusal_View.jpg,anonymous_003-008-645-01_1729160496237_Maxillary_Occlusal_View_tooth_004.jpg,0.5017,258,340,429,494,171,154
anonymous_003-008-645-01_1729160496237_Maxillary_Occlusal_View.jpg,anonymous_003-008-645-01_1729160496237_Maxillary_Occlusal_View_tooth_005.jpg,0.3152,357,219,530,335,173,116
anonymous_003-008-645-01_1729160496237_Maxillary_Occlusal_View.jpg,anonymous_003-008-645-01_1729160496237_Maxillary_Occlusal_View_tooth_006.jpg,0.6709,537,101,778,210,241,109
anonymous_003-008-645-01_1729160496237_Maxillary_Occlusal_View.jpg,anonymous_003-008-645-01_1729160496237_Maxillary_Occlusal_View_tooth_007.jpg,0.7009,799,105,1040,205,241,100
anonymous_003-008-645-01_1729160496237_Maxillary_Occlusal_View.jpg,anonymous_003-008-645-01_1729160496237_Maxillary_Occlusal_View_tooth_008.jpg,0.5542,1086,175,1239,327,153,152
anonymous_003-008-645-01_1729160496237_Maxillary_Occlusal_View.jpg,anonymous_003-008-645-01_1729160496237_Maxillary_Occlusal_View_tooth_009.jpg,0.4598,1231,334,1384,485,153,151
anonymous_003-008-645-01_1729160496237_Maxillary_Occlusal_View.jpg,anonymous_003-008-645-01_1729160496237_Maxillary_Occlusal_View_tooth_010.jpg,0.5453,1286,519,1486,647,200,128
anonymous_003-008-645-01_1729160496237_Maxillary_Occlusal_View.jpg,anonymous_003-008-645-01_1729160496237_Maxillary_Occlusal_View_tooth_011.jpg,0.568,1354,676,1549,782,195,106
anonymous_003-008-645-01_1729160496237_Maxillary_Occlusal_View.jpg,anonymous_003-008-645-01_1729160496237_Maxillary_Occlusal_View_tooth_012.jpg,0.5103,1396,793,1626,950,230,157
anonymous_003-008-645-01_1729160496237_Maxillary_Occlusal_View.jpg,anonymous_003-008-645-01_1729160496237_Maxillary_Occlusal_View_tooth_013.jpg,0.4458,1412,963,1623,1088,211,125
anonymous_003-008-646-00_1729160916094_Maxillary_Occlusal_View.jpg,anonymous_003-008-646-00_1729160916094_Maxillary_Occlusal_View_tooth_000.jpg,0.6863,101,761,319,898,218,137
anonymous_003-008-646-00_1729160916094_Maxillary_Occlusal_View.jpg,anonymous_003-008-646-00_1729160916094_Maxillary_Occlusal_View_tooth_001.jpg,0.3409,115,916,339,1037,224,121
anonymous_003-008-646-00_1729160916094_Maxillary_Occlusal_View.jpg,anonymous_003-008-646-00_1729160916094_Maxillary_Occlusal_View_tooth_002.jpg,0.5091,159,633,352,751,193,118
anonymous_003-008-646-00_1729160916094_Maxillary_Occlusal_View.jpg,anonymous_003-008-646-00_1729160916094_Maxillary_Occlusal_View_tooth_003.jpg,0.5811,202,487,379,609,177,122
anonymous_003-008-646-00_1729160916094_Maxillary_Occlusal_View.jpg,anonymous_003-008-646-00_1729160916094_Maxillary_Occlusal_View_tooth_004.jpg,0.5383,274,316,427,461,153,145
anonymous_003-008-646-00_1729160916094_Maxillary_Occlusal_View.jpg,anonymous_003-008-646-00_1729160916094_Maxillary_Occlusal_View_tooth_005.jpg,0.3689,369,209,535,319,166,110
anonymous_003-008-646-00_1729160916094_Maxillary_Occlusal_View.jpg,anonymous_003-008-646-00_1729160916094_Maxillary_Occlusal_View_tooth_006.jpg,0.5503,535,126,784,213,249,87
anonymous_003-008-646-00_1729160916094_Maxillary_Occlusal_View.jpg,anonymous_003-008-646-00_1729160916094_Maxillary_Occlusal_View_tooth_007.jpg,0.3555,792,132,1024,219,232,87
anonymous_003-008-646-00_1729160916094_Maxillary_Occlusal_View.jpg,anonymous_003-008-646-00_1729160916094_Maxillary_Occlusal_View_tooth_008.jpg,0.3667,1060,214,1191,344,131,130
anonymous_003-008-646-00_1729160916094_Maxillary_Occlusal_View.jpg,anonymous_003-008-646-00_1729160916094_Maxillary_Occlusal_View_tooth_009.jpg,0.5033,1202,345,1317,484,115,139
anonymous_003-008-646-00_1729160916094_Maxillary_Occlusal_View.jpg,anonymous_003-008-646-00_1729160916094_Maxillary_Occlusal_View_tooth_010.jpg,0.6542,1228,526,1415,640,187,114
anonymous_003-008-646-00_1729160916094_Maxillary_Occlusal_View.jpg,anonymous_003-008-646-00_1729160916094_Maxillary_Occlusal_View_tooth_011.jpg,0.6306,1288,666,1475,763,187,97
anonymous_003-008-646-00_1729160916094_Maxillary_Occlusal_View.jpg,anonymous_003-008-646-00_1729160916094_Maxillary_Occlusal_View_tooth_012.jpg,0.5746,1332,783,1528,918,196,135
anonymous_003-008-646-00_1729160916094_Maxillary_Occlusal_View.jpg,anonymous_003-008-646-00_1729160916094_Maxillary_Occlusal_View_tooth_013.jpg,0.4803,1337,936,1528,1051,191,115
anonymous_003-008-647-01_1729163338710_Mandibular_View.jpg,anonymous_003-008-647-01_1729163338710_Mandibular_View_tooth_000.jpg,0.8549,23,223,216,394,193,171
anonymous_003-008-647-01_1729163338710_Mandibular_View.jpg,anonymous_003-008-647-01_1729163338710_Mandibular_View_tooth_001.jpg,0.6853,77,396,274,554,197,158
anonymous_003-008-647-01_1729163338710_Mandibular_View.jpg,anonymous_003-008-647-01_1729163338710_Mandibular_View_tooth_002.jpg,0.3455,159,0,232,94,73,94
anonymous_003-008-647-01_1729163338710_Mandibular_View.jpg,anonymous_003-008-647-01_1729163338710_Mandibular_View_tooth_003.jpg,0.5445,157,571,300,674,143,103
anonymous_003-008-647-01_1729163338710_Mandibular_View.jpg,anonymous_003-008-647-01_1729163338710_Mandibular_View_tooth_004.jpg,0.2772,217,679,364,847,147,168
anonymous_003-008-647-01_1729163338710_Mandibular_View.jpg,anonymous_003-008-647-01_1729163338710_Mandibular_View_tooth_005.jpg,0.4334,219,682,362,798,143,116
anonymous_003-008-647-01_1729163338710_Mandibular_View.jpg,anonymous_003-008-647-01_1729163338710_Mandibular_View_tooth_006.jpg,0.5847,241,0,350,108,109,108
anonymous_003-008-647-01_1729163338710_Mandibular_View.jpg,anonymous_003-008-647-01_1729163338710_Mandibular_View_tooth_007.jpg,0.7507,367,0,532,133,165,133
anonymous_003-008-647-01_1729163338710_Mandibular_View.jpg,anonymous_003-008-647-01_1729163338710_Mandibular_View_tooth_008.jpg,0.4311,448,855,601,935,153,80
anonymous_003-008-647-01_1729163338710_Mandibular_View.jpg,anonymous_003-008-647-01_1729163338710_Mandibular_View_tooth_009.jpg,0.2861,454,848,592,923,138,75
anonymous_003-008-647-01_1729163338710_Mandibular_View.jpg,anonymous_003-008-647-01_1729163338710_Mandibular_View_tooth_010.jpg,0.8282,556,0,798,153,242,153
anonymous_003-008-647-01_1729163338710_Mandibular_View.jpg,anonymous_003-008-647-01_1729163338710_Mandibular_View_tooth_011.jpg,0.577,622,886,753,952,131,66
anonymous_003-008-647-01_1729163338710_Mandibular_View.jpg,anonymous_003-008-647-01_1729163338710_Mandibular_View_tooth_012.jpg,0.4971,772,881,906,981,134,100
anonymous_003-008-647-01_1729163338710_Mandibular_View.jpg,anonymous_003-008-647-01_1729163338710_Mandibular_View_tooth_013.jpg,0.7164,833,0,1076,155,243,155
anonymous_003-008-647-01_1729163338710_Mandibular_View.jpg,anonymous_003-008-647-01_1729163338710_Mandibular_View_tooth_014.jpg,0.3353,923,844,1143,952,220,108
anonymous_003-008-647-01_1729163338710_Mandibular_View.jpg,anonymous_003-008-647-01_1729163338710_Mandibular_View_tooth_015.jpg,0.5219,933,849,1057,955,124,106
anonymous_003-008-647-01_1729163338710_Mandibular_View.jpg,anonymous_003-008-647-01_1729163338710_Mandibular_View_tooth_016.jpg,0.2651,1059,797,1161,936,102,139
anonymous_003-008-647-01_1729163338710_Mandibular_View.jpg,anonymous_003-008-647-01_1729163338710_Mandibular_View_tooth_017.jpg,0.3602,1091,674,1229,781,138,107
anonymous_003-008-647-01_1729163338710_Mandibular_View.jpg,anonymous_003-008-647-01_1729163338710_Mandibular_View_tooth_018.jpg,0.7336,1102,0,1257,134,155,134
anonymous_003-008-647-01_1729163338710_Mandibular_View.jpg,anonymous_003-008-647-01_1729163338710_Mandibular_View_tooth_019.jpg,0.5289,1124,567,1262,666,138,99
anonymous_003-008-647-01_1729163338710_Mandibular_View.jpg,anonymous_003-008-647-01_1729163338710_Mandibular_View_tooth_020.jpg,0.6798,1125,392,1319,552,194,160
anonymous_003-008-647-01_1729163338710_Mandibular_View.jpg,anonymous_003-008-647-01_1729163338710_Mandibular_View_tooth_021.jpg,0.2813,1135,562,1263,650,128,88
anonymous_003-008-647-01_1729163338710_Mandibular_View.jpg,anonymous_003-008-647-01_1729163338710_Mandibular_View_tooth_022.jpg,0.8157,1137,221,1325,384,188,163
anonymous_003-008-647-01_1729163338710_Mandibular_View.jpg,anonymous_003-008-647-01_1729163338710_Mandibular_View_tooth_023.jpg,0.5751,1271,0,1359,112,88,112
anonymous_003-008-648-00_1729163792384_Mandibular_View.jpg,anonymous_003-008-648-00_1729163792384_Mandibular_View_tooth_000.jpg,0.7668,26,140,161,277,135,137
anonymous_003-008-648-00_1729163792384_Mandibular_View.jpg,anonymous_003-008-648-00_1729163792384_Mandibular_View_tooth_001.jpg,0.6783,60,282,211,407,151,125
anonymous_003-008-648-00_1729163792384_Mandibular_View.jpg,anonymous_003-008-648-00_1729163792384_Mandibular_View_tooth_002.jpg,0.5208,114,415,220,495,106,80
anonymous_003-008-648-00_1729163792384_Mandibular_View.jpg,anonymous_003-008-648-00_1729163792384_Mandibular_View_tooth_003.jpg,0.3713,154,501,259,597,105,96
anonymous_003-008-648-00_1729163792384_Mandibular_View.jpg,anonymous_003-008-648-00_1729163792384_Mandibular_View_tooth_004.jpg,0.2811,166,497,256,577,90,80
anonymous_003-008-648-00_1729163792384_Mandibular_View.jpg,anonymous_003-008-648-00_1729163792384_Mandibular_View_tooth_005.jpg,0.4418,320,625,407,750,87,125
anonymous_003-008-648-00_1729163792384_Mandibular_View.jpg,anonymous_003-008-648-00_1729163792384_Mandibular_View_tooth_006.jpg,0.6719,432,650,526,769,94,119
anonymous_003-008-648-00_1729163792384_Mandibular_View.jpg,anonymous_003-008-648-00_1729163792384_Mandibular_View_tooth_007.jpg,0.7659,541,652,639,772,98,120
anonymous_003-008-648-00_1729163792384_Mandibular_View.jpg,anonymous_003-008-648-00_1729163792384_Mandibular_View_tooth_008.jpg,0.5777,652,641,753,760,101,119
anonymous_003-008-648-00_1729163792384_Mandibular_View.jpg,anonymous_003-008-648-00_1729163792384_Mandibular_View_tooth_009.jpg,0.5606,773,601,850,738,77,137
anonymous_003-008-648-00_1729163792384_Mandibular_View.jpg,anonymous_003-008-648-00_1729163792384_Mandibular_View_tooth_010.jpg,0.4969,818,511,921,618,103,107
anonymous_003-008-648-00_1729163792384_Mandibular_View.jpg,anonymous_003-008-648-00_1729163792384_Mandibular_View_tooth_011.jpg,0.5161,856,429,962,509,106,80
anonymous_003-008-648-00_1729163792384_Mandibular_View.jpg,anonymous_003-008-648-00_1729163792384_Mandibular_View_tooth_012.jpg,0.7819,867,297,1017,420,150,123
anonymous_003-008-648-00_1729163792384_Mandibular_View.jpg,anonymous_003-008-648-00_1729163792384_Mandibular_View_tooth_013.jpg,0.7643,903,155,1042,292,139,137
anonymous_003-008-650-00_1729167733200_Mandibular_View.jpg,anonymous_003-008-650-00_1729167733200_Mandibular_View_tooth_000.jpg,0.509,33,209,184,377,151,168
anonymous_003-008-650-00_1729167733200_Mandibular_View.jpg,anonymous_003-008-650-00_1729167733200_Mandibular_View_tooth_001.jpg,0.686,111,379,289,516,178,137
anonymous_003-008-650-00_1729167733200_Mandibular_View.jpg,anonymous_003-008-650-00_1729167733200_Mandibular_View_tooth_002.jpg,0.4804,169,528,307,604,138,76
anonymous_003-008-650-00_1729167733200_Mandibular_View.jpg,anonymous_003-008-650-00_1729167733200_Mandibular_View_tooth_003.jpg,0.3338,232,615,335,710,103,95
anonymous_003-008-650-00_1729167733200_Mandibular_View.jpg,anonymous_003-008-650-00_1729167733200_Mandibular_View_tooth_004.jpg,0.3192,329,670,410,778,81,108
anonymous_003-008-650-00_1729167733200_Mandibular_View.jpg,anonymous_003-008-650-00_1729167733200_Mandibular_View_tooth_005.jpg,0.2674,380,0,467,40,87,40
anonymous_003-008-650-00_1729167733200_Mandibular_View.jpg,anonymous_003-008-650-00_1729167733200_Mandibular_View_tooth_006.jpg,0.3474,440,733,541,830,101,97
anonymous_003-008-650-00_1729167733200_Mandibular_View.jpg,anonymous_003-008-650-00_1729167733200_Mandibular_View_tooth_007.jpg,0.2502,517,0,651,28,134,28
anonymous_003-008-650-00_1729167733200_Mandibular_View.jpg,anonymous_003-008-650-00_1729167733200_Mandibular_View_tooth_008.jpg,0.5109,568,760,670,850,102,90
anonymous_003-008-650-00_1729167733200_Mandibular_View.jpg,anonymous_003-008-650-00_1729167733200_Mandibular_View_tooth_009.jpg,0.4507,677,0,891,60,214,60
anonymous_003-008-650-00_1729167733200_Mandibular_View.jpg,anonymous_003-008-650-00_1729167733200_Mandibular_View_tooth_010.jpg,0.4977,697,780,795,868,98,88
anonymous_003-008-650-00_1729167733200_Mandibular_View.jpg,anonymous_003-008-650-00_1729167733200_Mandibular_View_tooth_011.jpg,0.406,816,773,907,869,91,96
anonymous_003-008-650-00_1729167733200_Mandibular_View.jpg,anonymous_003-008-650-00_1729167733200_Mandibular_View_tooth_012.jpg,0.2546,947,698,1079,813,132,115
anonymous_003-008-650-00_1729167733200_Mandibular_View.jpg,anonymous_003-008-650-00_1729167733200_Mandibular_View_tooth_013.jpg,0.419,987,606,1101,686,114,80
anonymous_003-008-650-00_1729167733200_Mandibular_View.jpg,anonymous_003-008-650-00_1729167733200_Mandibular_View_tooth_014.jpg,0.6672,1010,476,1176,593,166,117
anonymous_003-008-650-00_1729167733200_Mandibular_View.jpg,anonymous_003-008-650-00_1729167733200_Mandibular_View_tooth_015.jpg,0.761,1051,346,1206,467,155,121
anonymous_003-008-651-01_1729169672305_Maxillary_Occlusal_View.jpg,anonymous_003-008-651-01_1729169672305_Maxillary_Occlusal_View_tooth_000.jpg,0.6305,29,567,246,672,217,105
anonymous_003-008-651-01_1729169672305_Maxillary_Occlusal_View.jpg,anonymous_003-008-651-01_1729169672305_Maxillary_Occlusal_View_tooth_001.jpg,0.3606,55,713,240,823,185,110
anonymous_003-008-651-01_1729169672305_Maxillary_Occlusal_View.jpg,anonymous_003-008-651-01_1729169672305_Maxillary_Occlusal_View_tooth_002.jpg,0.3837,72,736,251,825,179,89
anonymous_003-008-651-01_1729169672305_Maxillary_Occlusal_View.jpg,anonymous_003-008-651-01_1729169672305_Maxillary_Occlusal_View_tooth_003.jpg,0.6273,76,438,240,549,164,111
anonymous_003-008-651-01_1729169672305_Maxillary_Occlusal_View.jpg,anonymous_003-008-651-01_1729169672305_Maxillary_Occlusal_View_tooth_004.jpg,0.6065,137,327,303,438,166,111
anonymous_003-008-651-01_1729169672305_Maxillary_Occlusal_View.jpg,anonymous_003-008-651-01_1729169672305_Maxillary_Occlusal_View_tooth_005.jpg,0.4471,218,166,329,323,111,157
anonymous_003-008-651-01_1729169672305_Maxillary_Occlusal_View.jpg,anonymous_003-008-651-01_1729169672305_Maxillary_Occlusal_View_tooth_006.jpg,0.3405,311,106,432,218,121,112
anonymous_003-008-651-01_1729169672305_Maxillary_Occlusal_View.jpg,anonymous_003-008-651-01_1729169672305_Maxillary_Occlusal_View_tooth_007.jpg,0.6175,440,58,624,151,184,93
anonymous_003-008-651-01_1729169672305_Maxillary_Occlusal_View.jpg,anonymous_003-008-651-01_1729169672305_Maxillary_Occlusal_View_tooth_008.jpg,0.4519,643,62,824,151,181,89
anonymous_003-008-651-01_1729169672305_Maxillary_Occlusal_View.jpg,anonymous_003-008-651-01_1729169672305_Maxillary_Occlusal_View_tooth_009.jpg,0.374,934,248,1037,367,103,119
anonymous_003-008-651-01_1729169672305_Maxillary_Occlusal_View.jpg,anonymous_003-008-651-01_1729169672305_Maxillary_Occlusal_View_tooth_010.jpg,0.563,964,379,1113,473,149,94
anonymous_003-008-651-01_1729169672305_Maxillary_Occlusal_View.jpg,anonymous_003-008-651-01_1729169672305_Maxillary_Occlusal_View_tooth_011.jpg,0.5727,1028,494,1169,590,141,96
anonymous_003-008-651-01_1729169672305_Maxillary_Occlusal_View.jpg,anonymous_003-008-651-01_1729169672305_Maxillary_Occlusal_View_tooth_012.jpg,0.4434,1047,744,1216,854,169,110
anonymous_003-008-651-01_1729169672305_Maxillary_Occlusal_View.jpg,anonymous_003-008-651-01_1729169672305_Maxillary_Occlusal_View_tooth_013.jpg,0.5696,1051,604,1223,724,172,120
anonymous_003-008-652-00_1729170164776_Mandibular_View.jpg,anonymous_003-008-652-00_1729170164776_Mandibular_View_tooth_000.jpg,0.8257,80,251,215,384,135,133
anonymous_003-008-652-00_1729170164776_Mandibular_View.jpg,anonymous_003-008-652-00_1729170164776_Mandibular_View_tooth_001.jpg,0.7422,92,388,242,532,150,144
anonymous_003-008-652-00_1729170164776_Mandibular_View.jpg,anonymous_003-008-652-00_1729170164776_Mandibular_View_tooth_002.jpg,0.5529,179,532,276,613,97,81
anonymous_003-008-652-00_1729170164776_Mandibular_View.jpg,anonymous_003-008-652-00_1729170164776_Mandibular_View_tooth_003.jpg,0.4902,249,615,338,699,89,84
anonymous_003-008-652-00_1729170164776_Mandibular_View.jpg,anonymous_003-008-652-00_1729170164776_Mandibular_View_tooth_004.jpg,0.3333,432,728,507,763,75,35
anonymous_003-008-652-00_1729170164776_Mandibular_View.jpg,anonymous_003-008-652-00_1729170164776_Mandibular_View_tooth_005.jpg,0.4375,518,733,608,778,90,45
anonymous_003-008-652-00_1729170164776_Mandibular_View.jpg,anonymous_003-008-652-00_1729170164776_Mandibular_View_tooth_006.jpg,0.3109,618,732,699,785,81,53
anonymous_003-008-652-00_1729170164776_Mandibular_View.jpg,anonymous_003-008-652-00_1729170164776_Mandibular_View_tooth_007.jpg,0.4288,619,738,710,788,91,50
anonymous_003-008-652-00_1729170164776_Mandibular_View.jpg,anonymous_003-008-652-00_1729170164776_Mandibular_View_tooth_008.jpg,0.4498,681,701,786,754,105,53
anonymous_003-008-652-00_1729170164776_Mandibular_View.jpg,anonymous_003-008-652-00_1729170164776_Mandibular_View_tooth_009.jpg,0.3746,838,587,926,660,88,73
anonymous_003-008-652-00_1729170164776_Mandibular_View.jpg,anonymous_003-008-652-00_1729170164776_Mandibular_View_tooth_010.jpg,0.399,866,497,970,571,104,74
anonymous_003-008-652-00_1729170164776_Mandibular_View.jpg,anonymous_003-008-652-00_1729170164776_Mandibular_View_tooth_011.jpg,0.7701,876,340,1041,481,165,141
anonymous_003-008-652-00_1729170164776_Mandibular_View.jpg,anonymous_003-008-652-00_1729170164776_Mandibular_View_tooth_012.jpg,0.723,888,202,1028,339,140,137
anonymous_003-008-679-00_1729249395420_Maxillary_Occlusal_View.jpg,anonymous_003-008-679-00_1729249395420_Maxillary_Occlusal_View_tooth_000.jpg,0.2874,131,992,356,1113,225,121
anonymous_003-008-679-00_1729249395420_Maxillary_Occlusal_View.jpg,anonymous_003-008-679-00_1729249395420_Maxillary_Occlusal_View_tooth_001.jpg,0.5506,156,806,405,963,249,157
anonymous_003-008-679-00_1729249395420_Maxillary_Occlusal_View.jpg,anonymous_003-008-679-00_1729249395420_Maxillary_Occlusal_View_tooth_002.jpg,0.5757,231,696,454,805,223,109
anonymous_003-008-679-00_1729249395420_Maxillary_Occlusal_View.jpg,anonymous_003-008-679-00_1729249395420_Maxillary_Occlusal_View_tooth_003.jpg,0.6707,319,538,540,679,221,141
anonymous_003-008-679-00_1729249395420_Maxillary_Occlusal_View.jpg,anonymous_003-008-679-00_1729249395420_Maxillary_Occlusal_View_tooth_004.jpg,0.348,429,359,614,528,185,169
anonymous_003-008-679-00_1729249395420_Maxillary_Occlusal_View.jpg,anonymous_003-008-679-00_1729249395420_Maxillary_Occlusal_View_tooth_005.jpg,0.3484,560,260,730,374,170,114
anonymous_003-008-679-00_1729249395420_Maxillary_Occlusal_View.jpg,anonymous_003-008-679-00_1729249395420_Maxillary_Occlusal_View_tooth_006.jpg,0.451,731,159,955,277,224,118
anonymous_003-008-679-00_1729249395420_Maxillary_Occlusal_View.jpg,anonymous_003-008-679-00_1729249395420_Maxillary_Occlusal_View_tooth_007.jpg,0.3212,952,1209,1254,1279,302,70
anonymous_003-008-679-00_1729249395420_Maxillary_Occlusal_View.jpg,anonymous_003-008-679-00_1729249395420_Maxillary_Occlusal_View_tooth_008.jpg,0.5357,1276,546,1479,684,203,138
anonymous_003-008-679-00_1729249395420_Maxillary_Occlusal_View.jpg,anonymous_003-008-679-00_1729249395420_Maxillary_Occlusal_View_tooth_009.jpg,0.2761,1327,382,1444,496,117,114
anonymous_003-008-679-00_1729249395420_Maxillary_Occlusal_View.jpg,anonymous_003-008-679-00_1729249395420_Maxillary_Occlusal_View_tooth_010.jpg,0.6407,1339,711,1545,807,206,96
anonymous_003-008-679-00_1729249395420_Maxillary_Occlusal_View.jpg,anonymous_003-008-679-00_1729249395420_Maxillary_Occlusal_View_tooth_011.jpg,0.5463,1390,830,1608,967,218,137
anonymous_003-008-680-01_1729252793946_Mandibular_View.jpg,anonymous_003-008-680-01_1729252793946_Mandibular_View_tooth_000.jpg,0.6843,48,162,204,322,156,160
anonymous_003-008-680-01_1729252793946_Mandibular_View.jpg,anonymous_003-008-680-01_1729252793946_Mandibular_View_tooth_001.jpg,0.5935,104,326,284,497,180,171
anonymous_003-008-680-01_1729252793946_Mandibular_View.jpg,anonymous_003-008-680-01_1729252793946_Mandibular_View_tooth_002.jpg,0.429,177,513,331,669,154,156
anonymous_003-008-680-01_1729252793946_Mandibular_View.jpg,anonymous_003-008-680-01_1729252793946_Mandibular_View_tooth_003.jpg,0.6202,180,512,339,633,159,121
anonymous_003-008-680-01_1729252793946_Mandibular_View.jpg,anonymous_003-008-680-01_1729252793946_Mandibular_View_tooth_004.jpg,0.5667,252,651,386,799,134,148
anonymous_003-008-680-01_1729252793946_Mandibular_View.jpg,anonymous_003-008-680-01_1729252793946_Mandibular_View_tooth_005.jpg,0.3629,253,0,386,55,133,55
anonymous_003-008-680-01_1729252793946_Mandibular_View.jpg,anonymous_003-008-680-01_1729252793946_Mandibular_View_tooth_006.jpg,0.4521,356,763,448,883,92,120
anonymous_003-008-680-01_1729252793946_Mandibular_View.jpg,anonymous_003-008-680-01_1729252793946_Mandibular_View_tooth_007.jpg,0.3897,470,809,572,898,102,89
anonymous_003-008-680-01_1729252793946_Mandibular_View.jpg,anonymous_003-008-680-01_1729252793946_Mandibular_View_tooth_008.jpg,0.5414,595,845,712,924,117,79
anonymous_003-008-680-01_1729252793946_Mandibular_View.jpg,anonymous_003-008-680-01_1729252793946_Mandibular_View_tooth_009.jpg,0.5661,731,822,846,922,115,100
anonymous_003-008-680-01_1729252793946_Mandibular_View.jpg,anonymous_003-008-680-01_1729252793946_Mandibular_View_tooth_010.jpg,0.427,881,786,976,888,95,102
anonymous_003-008-680-01_1729252793946_Mandibular_View.jpg,anonymous_003-008-680-01_1729252793946_Mandibular_View_tooth_011.jpg,0.3601,976,730,1065,858,89,128
anonymous_003-008-680-01_1729252793946_Mandibular_View.jpg,anonymous_003-008-680-01_1729252793946_Mandibular_View_tooth_012.jpg,0.569,1015,602,1145,725,130,123
anonymous_003-008-680-01_1729252793946_Mandibular_View.jpg,anonymous_003-008-680-01_1729252793946_Mandibular_View_tooth_013.jpg,0.6207,1053,470,1204,585,151,115
anonymous_003-008-680-01_1729252793946_Mandibular_View.jpg,anonymous_003-008-680-01_1729252793946_Mandibular_View_tooth_014.jpg,0.6902,1072,274,1252,448,180,174
anonymous_003-008-680-01_1729252793946_Mandibular_View.jpg,anonymous_003-008-680-01_1729252793946_Mandibular_View_tooth_015.jpg,0.7806,1090,97,1258,256,168,159
anonymous_003-008-684-01_1729257374840_Mandibular_View.jpg,anonymous_003-008-684-01_1729257374840_Mandibular_View_tooth_000.jpg,0.8209,156,200,321,343,165,143
anonymous_003-008-684-01_1729257374840_Mandibular_View.jpg,anonymous_003-008-684-01_1729257374840_Mandibular_View_tooth_001.jpg,0.7214,163,350,350,512,187,162
anonymous_003-008-684-01_1729257374840_Mandibular_View.jpg,anonymous_003-008-684-01_1729257374840_Mandibular_View_tooth_002.jpg,0.336,235,9,287,82,52,73
anonymous_003-008-684-01_1729257374840_Mandibular_View.jpg,anonymous_003-008-684-01_1729257374840_Mandibular_View_tooth_003.jpg,0.564,237,518,366,648,129,130
anonymous_003-008-684-01_1729257374840_Mandibular_View.jpg,anonymous_003-008-684-01_1729257374840_Mandibular_View_tooth_004.jpg,0.2625,275,671,377,799,102,128
anonymous_003-008-684-01_1729257374840_Mandibular_View.jpg,anonymous_003-008-684-01_1729257374840_Mandibular_View_tooth_005.jpg,0.3854,273,651,418,796,145,145
anonymous_003-008-684-01_1729257374840_Mandibular_View.jpg,anonymous_003-008-684-01_1729257374840_Mandibular_View_tooth_006.jpg,0.5903,312,0,427,103,115,103
anonymous_003-008-684-01_1729257374840_Mandibular_View.jpg,anonymous_003-008-684-01_1729257374840_Mandibular_View_tooth_007.jpg,0.3913,369,760,464,878,95,118
anonymous_003-008-684-01_1729257374840_Mandibular_View.jpg,anonymous_003-008-684-01_1729257374840_Mandibular_View_tooth_008.jpg,0.6797,442,0,590,142,148,142
anonymous_003-008-684-01_1729257374840_Mandibular_View.jpg,anonymous_003-008-684-01_1729257374840_Mandibular_View_tooth_009.jpg,0.4203,495,805,608,893,113,88
anonymous_003-008-684-01_1729257374840_Mandibular_View.jpg,anonymous_003-008-684-01_1729257374840_Mandibular_View_tooth_010.jpg,0.2625,621,859,730,916,109,57
anonymous_003-008-684-01_1729257374840_Mandibular_View.jpg,anonymous_003-008-684-01_1729257374840_Mandibular_View_tooth_011.jpg,0.8038,615,0,828,199,213,199
anonymous_003-008-684-01_1729257374840_Mandibular_View.jpg,anonymous_003-008-684-01_1729257374840_Mandibular_View_tooth_012.jpg,0.8356,849,0,1042,204,193,204
anonymous_003-008-684-01_1729257374840_Mandibular_View.jpg,anonymous_003-008-684-01_1729257374840_Mandibular_View_tooth_013.jpg,0.4717,986,660,1126,753,140,93
anonymous_003-008-684-01_1729257374840_Mandibular_View.jpg,anonymous_003-008-684-01_1729257374840_Mandibular_View_tooth_014.jpg,0.2557,986,662,1134,803,148,141
anonymous_003-008-684-01_1729257374840_Mandibular_View.jpg,anonymous_003-008-684-01_1729257374840_Mandibular_View_tooth_015.jpg,0.8428,1008,380,1181,533,173,153
anonymous_003-008-684-01_1729257374840_Mandibular_View.jpg,anonymous_003-008-684-01_1729257374840_Mandibular_View_tooth_016.jpg,0.6637,1010,227,1179,369,169,142
anonymous_003-008-684-01_1729257374840_Mandibular_View.jpg,anonymous_003-008-684-01_1729257374840_Mandibular_View_tooth_017.jpg,0.4693,1018,547,1158,642,140,95
anonymous_003-008-684-01_1729257374840_Mandibular_View.jpg,anonymous_003-008-684-01_1729257374840_Mandibular_View_tooth_018.jpg,0.6114,1062,0,1174,193,112,193
anonymous_003-008-684-01_1729257374840_Mandibular_View.jpg,anonymous_003-008-684-01_1729257374840_Mandibular_View_tooth_019.jpg,0.4054,1188,8,1272,163,84,155
anonymous_003-008-686-01_1729259151138_Mandibular_View.jpg,anonymous_003-008-686-01_1729259151138_Mandibular_View_tooth_000.jpg,0.7988,85,210,271,388,186,178
anonymous_003-008-686-01_1729259151138_Mandibular_View.jpg,anonymous_003-008-686-01_1729259151138_Mandibular_View_tooth_001.jpg,0.523,91,66,235,201,144,135
anonymous_003-008-686-01_1729259151138_Mandibular_View.jpg,anonymous_003-008-686-01_1729259151138_Mandibular_View_tooth_002.jpg,0.6177,131,397,291,502,160,105
anonymous_003-008-686-01_1729259151138_Mandibular_View.jpg,anonymous_003-008-686-01_1729259151138_Mandibular_View_tooth_003.jpg,0.6226,186,519,322,643,136,124
anonymous_003-008-686-01_1729259151138_Mandibular_View.jpg,anonymous_003-008-686-01_1729259151138_Mandibular_View_tooth_004.jpg,0.3735,257,647,349,750,92,103
anonymous_003-008-686-01_1729259151138_Mandibular_View.jpg,anonymous_003-008-686-01_1729259151138_Mandibular_View_tooth_005.jpg,0.4201,380,730,508,812,128,82
anonymous_003-008-686-01_1729259151138_Mandibular_View.jpg,anonymous_003-008-686-01_1729259151138_Mandibular_View_tooth_006.jpg,0.4252,460,0,699,47,239,47
anonymous_003-008-686-01_1729259151138_Mandibular_View.jpg,anonymous_003-008-686-01_1729259151138_Mandibular_View_tooth_007.jpg,0.3118,509,763,619,846,110,83
anonymous_003-008-686-01_1729259151138_Mandibular_View.jpg,anonymous_003-008-686-01_1729259151138_Mandibular_View_tooth_008.jpg,0.3898,607,797,736,862,129,65
anonymous_003-008-686-01_1729259151138_Mandibular_View.jpg,anonymous_003-008-686-01_1729259151138_Mandibular_View_tooth_009.jpg,0.3528,709,738,835,817,126,79
anonymous_003-008-686-01_1729259151138_Mandibular_View.jpg,anonymous_003-008-686-01_1729259151138_Mandibular_View_tooth_010.jpg,0.7631,713,0,959,80,246,80
anonymous_003-008-686-01_1729259151138_Mandibular_View.jpg,anonymous_003-008-686-01_1729259151138_Mandibular_View_tooth_011.jpg,0.4045,858,661,934,768,76,107
anonymous_003-008-686-01_1729259151138_Mandibular_View.jpg,anonymous_003-008-686-01_1729259151138_Mandibular_View_tooth_012.jpg,0.4439,885,575,1015,680,130,105
anonymous_003-008-686-01_1729259151138_Mandibular_View.jpg,anonymous_003-008-686-01_1729259151138_Mandibular_View_tooth_013.jpg,0.6462,915,458,1070,565,155,107
anonymous_003-008-686-01_1729259151138_Mandibular_View.jpg,anonymous_003-008-686-01_1729259151138_Mandibular_View_tooth_014.jpg,0.832,951,285,1137,449,186,164
anonymous_003-008-686-01_1729259151138_Mandibular_View.jpg,anonymous_003-008-686-01_1729259151138_Mandibular_View_tooth_015.jpg,0.615,988,131,1139,266,151,135
anonymous_003-008-686-01_1729259151138_Mandibular_View.jpg,anonymous_003-008-686-01_1729259151138_Mandibular_View_tooth_016.jpg,0.3784,1082,0,1186,58,104,58
anonymous_003-008-687-00_1729259500783_Maxillary_Occlusal_View.jpg,anonymous_003-008-687-00_1729259500783_Maxillary_Occlusal_View_tooth_000.jpg,0.4869,73,668,318,849,245,181
anonymous_003-008-687-00_1729259500783_Maxillary_Occlusal_View.jpg,anonymous_003-008-687-00_1729259500783_Maxillary_Occlusal_View_tooth_001.jpg,0.6072,140,554,344,658,204,104
anonymous_003-008-687-00_1729259500783_Maxillary_Occlusal_View.jpg,anonymous_003-008-687-00_1729259500783_Maxillary_Occlusal_View_tooth_002.jpg,0.7316,184,415,370,530,186,115
anonymous_003-008-687-00_1729259500783_Maxillary_Occlusal_View.jpg,anonymous_003-008-687-00_1729259500783_Maxillary_Occlusal_View_tooth_003.jpg,0.3898,252,245,382,390,130,145
anonymous_003-008-687-00_1729259500783_Maxillary_Occlusal_View.jpg,anonymous_003-008-687-00_1729259500783_Maxillary_Occlusal_View_tooth_004.jpg,0.3998,271,1030,360,1062,89,32
anonymous_003-008-687-00_1729259500783_Maxillary_Occlusal_View.jpg,anonymous_003-008-687-00_1729259500783_Maxillary_Occlusal_View_tooth_005.jpg,0.3501,379,182,530,281,151,99
anonymous_003-008-687-00_1729259500783_Maxillary_Occlusal_View.jpg,anonymous_003-008-687-00_1729259500783_Maxillary_Occlusal_View_tooth_006.jpg,0.6166,485,93,722,179,237,86
anonymous_003-008-687-00_1729259500783_Maxillary_Occlusal_View.jpg,anonymous_003-008-687-00_1729259500783_Maxillary_Occlusal_View_tooth_007.jpg,0.2535,687,1019,863,1062,176,43
anonymous_003-008-687-00_1729259500783_Maxillary_Occlusal_View.jpg,anonymous_003-008-687-00_1729259500783_Maxillary_Occlusal_View_tooth_008.jpg,0.6761,728,111,967,191,239,80
anonymous_003-008-687-00_1729259500783_Maxillary_Occlusal_View.jpg,anonymous_003-008-687-00_1729259500783_Maxillary_Occlusal_View_tooth_009.jpg,0.2646,930,198,1062,312,132,114
anonymous_003-008-687-00_1729259500783_Maxillary_Occlusal_View.jpg,anonymous_003-008-687-00_1729259500783_Maxillary_Occlusal_View_tooth_010.jpg,0.5453,1081,441,1258,538,177,97
anonymous_003-008-687-00_1729259500783_Maxillary_Occlusal_View.jpg,anonymous_003-008-687-00_1729259500783_Maxillary_Occlusal_View_tooth_011.jpg,0.6003,1120,571,1290,672,170,101
anonymous_003-008-687-00_1729259500783_Maxillary_Occlusal_View.jpg,anonymous_003-008-687-00_1729259500783_Maxillary_Occlusal_View_tooth_012.jpg,0.3639,1160,690,1360,865,200,175
anonymous_003-008-687-00_1729259500783_Maxillary_Occlusal_View.jpg,anonymous_003-008-687-00_1729259500783_Maxillary_Occlusal_View_tooth_013.jpg,0.4168,1161,690,1364,815,203,125
anonymous_003-008-726-01_1729515883716_Mandibular_View.jpg,anonymous_003-008-726-01_1729515883716_Mandibular_View_tooth_000.jpg,0.7511,37,153,179,283,142,130
anonymous_003-008-726-01_1729515883716_Mandibular_View.jpg,anonymous_003-008-726-01_1729515883716_Mandibular_View_tooth_001.jpg,0.3194,68,440,215,586,147,146
anonymous_003-008-726-01_1729515883716_Mandibular_View.jpg,anonymous_003-008-726-01_1729515883716_Mandibular_View_tooth_002.jpg,0.6074,80,291,190,435,110,144
anonymous_003-008-726-01_1729515883716_Mandibular_View.jpg,anonymous_003-008-726-01_1729515883716_Mandibular_View_tooth_003.jpg,0.2721,184,0,253,42,69,42
anonymous_003-008-726-01_1729515883716_Mandibular_View.jpg,anonymous_003-008-726-01_1729515883716_Mandibular_View_tooth_004.jpg,0.475,220,559,315,638,95,79
anonymous_003-008-726-01_1729515883716_Mandibular_View.jpg,anonymous_003-008-726-01_1729515883716_Mandibular_View_tooth_005.jpg,0.3253,270,0,394,44,124,44
anonymous_003-008-726-01_1729515883716_Mandibular_View.jpg,anonymous_003-008-726-01_1729515883716_Mandibular_View_tooth_006.jpg,0.252,413,0,593,67,180,67
anonymous_003-008-726-01_1729515883716_Mandibular_View.jpg,anonymous_003-008-726-01_1729515883716_Mandibular_View_tooth_007.jpg,0.2741,613,713,718,751,105,38
anonymous_003-008-726-01_1729515883716_Mandibular_View.jpg,anonymous_003-008-726-01_1729515883716_Mandibular_View_tooth_008.jpg,0.5113,842,539,931,640,89,101
anonymous_003-008-726-01_1729515883716_Mandibular_View.jpg,anonymous_003-008-726-01_1729515883716_Mandibular_View_tooth_009.jpg,0.5921,852,435,963,527,111,92
anonymous_003-008-726-01_1729515883716_Mandibular_View.jpg,anonymous_003-008-726-01_1729515883716_Mandibular_View_tooth_010.jpg,0.7462,867,284,1015,428,148,144
anonymous_003-008-726-01_1729515883716_Mandibular_View.jpg,anonymous_003-008-726-01_1729515883716_Mandibular_View_tooth_011.jpg,0.7144,898,151,1042,276,144,125
anonymous_003-008-732-01_1729522210714_Maxillary_Occlusal_View.jpg,anonymous_003-008-732-01_1729522210714_Maxillary_Occlusal_View_tooth_000.jpg,0.3842,56,734,307,1028,251,294
anonymous_003-008-732-01_1729522210714_Maxillary_Occlusal_View.jpg,anonymous_003-008-732-01_1729522210714_Maxillary_Occlusal_View_tooth_001.jpg,0.3282,57,865,298,1055,241,190
anonymous_003-008-732-01_1729522210714_Maxillary_Occlusal_View.jpg,anonymous_003-008-732-01_1729522210714_Maxillary_Occlusal_View_tooth_002.jpg,0.5139,64,741,312,892,248,151
anonymous_003-008-732-01_1729522210714_Maxillary_Occlusal_View.jpg,anonymous_003-008-732-01_1729522210714_Maxillary_Occlusal_View_tooth_003.jpg,0.5812,157,616,366,724,209,108
anonymous_003-008-732-01_1729522210714_Maxillary_Occlusal_View.jpg,anonymous_003-008-732-01_1729522210714_Maxillary_Occlusal_View_tooth_004.jpg,0.6147,207,459,422,589,215,130
anonymous_003-008-732-01_1729522210714_Maxillary_Occlusal_View.jpg,anonymous_003-008-732-01_1729522210714_Maxillary_Occlusal_View_tooth_005.jpg,0.5069,312,251,459,449,147,198
anonymous_003-008-732-01_1729522210714_Maxillary_Occlusal_View.jpg,anonymous_003-008-732-01_1729522210714_Maxillary_Occlusal_View_tooth_006.jpg,0.3206,455,204,586,318,131,114
anonymous_003-008-732-01_1729522210714_Maxillary_Occlusal_View.jpg,anonymous_003-008-732-01_1729522210714_Maxillary_Occlusal_View_tooth_007.jpg,0.5118,613,118,843,272,230,154
anonymous_003-008-732-01_1729522210714_Maxillary_Occlusal_View.jpg,anonymous_003-008-732-01_1729522210714_Maxillary_Occlusal_View_tooth_008.jpg,0.7356,626,124,848,238,222,114
anonymous_003-008-732-01_1729522210714_Maxillary_Occlusal_View.jpg,anonymous_003-008-732-01_1729522210714_Maxillary_Occlusal_View_tooth_009.jpg,0.582,872,121,1074,268,202,147
anonymous_003-008-732-01_1729522210714_Maxillary_Occlusal_View.jpg,anonymous_003-008-732-01_1729522210714_Maxillary_Occlusal_View_tooth_010.jpg,0.4999,1212,537,1401,653,189,116
anonymous_003-008-732-01_1729522210714_Maxillary_Occlusal_View.jpg,anonymous_003-008-732-01_1729522210714_Maxillary_Occlusal_View_tooth_011.jpg,0.6111,1251,689,1443,788,192,99
anonymous_003-008-732-01_1729522210714_Maxillary_Occlusal_View.jpg,anonymous_003-008-732-01_1729522210714_Maxillary_Occlusal_View_tooth_012.jpg,0.5377,1265,806,1511,955,246,149
anonymous_003-008-732-01_1729522210714_Maxillary_Occlusal_View.jpg,anonymous_003-008-732-01_1729522210714_Maxillary_Occlusal_View_tooth_013.jpg,0.3442,1271,804,1517,1045,246,241
anonymous_003-008-740-01_1729594985183_Maxillary_Occlusal_View.jpg,anonymous_003-008-740-01_1729594985183_Maxillary_Occlusal_View_tooth_000.jpg,0.6703,44,793,252,937,208,144
anonymous_003-008-740-01_1729594985183_Maxillary_Occlusal_View.jpg,anonymous_003-008-740-01_1729594985183_Maxillary_Occlusal_View_tooth_001.jpg,0.7092,67,630,284,776,217,146
anonymous_003-008-740-01_1729594985183_Maxillary_Occlusal_View.jpg,anonymous_003-008-740-01_1729594985183_Maxillary_Occlusal_View_tooth_002.jpg,0.4932,149,507,325,622,176,115
anonymous_003-008-740-01_1729594985183_Maxillary_Occlusal_View.jpg,anonymous_003-008-740-01_1729594985183_Maxillary_Occlusal_View_tooth_003.jpg,0.6956,208,360,400,497,192,137
anonymous_003-008-740-01_1729594985183_Maxillary_Occlusal_View.jpg,anonymous_003-008-740-01_1729594985183_Maxillary_Occlusal_View_tooth_004.jpg,0.6135,323,207,474,338,151,131
anonymous_003-008-740-01_1729594985183_Maxillary_Occlusal_View.jpg,anonymous_003-008-740-01_1729594985183_Maxillary_Occlusal_View_tooth_005.jpg,0.4182,414,107,550,200,136,93
anonymous_003-008-740-01_1729594985183_Maxillary_Occlusal_View.jpg,anonymous_003-008-740-01_1729594985183_Maxillary_Occlusal_View_tooth_006.jpg,0.64,569,84,767,173,198,89
anonymous_003-008-740-01_1729594985183_Maxillary_Occlusal_View.jpg,anonymous_003-008-740-01_1729594985183_Maxillary_Occlusal_View_tooth_007.jpg,0.4286,785,91,952,204,167,113
anonymous_003-008-740-01_1729594985183_Maxillary_Occlusal_View.jpg,anonymous_003-008-740-01_1729594985183_Maxillary_Occlusal_View_tooth_008.jpg,0.3135,974,138,1065,254,91,116
anonymous_003-008-740-01_1729594985183_Maxillary_Occlusal_View.jpg,anonymous_003-008-740-01_1729594985183_Maxillary_Occlusal_View_tooth_009.jpg,0.2822,1031,248,1160,369,129,121
anonymous_003-008-740-01_1729594985183_Maxillary_Occlusal_View.jpg,anonymous_003-008-740-01_1729594985183_Maxillary_Occlusal_View_tooth_010.jpg,0.4239,1076,380,1225,498,149,118
anonymous_003-008-740-01_1729594985183_Maxillary_Occlusal_View.jpg,anonymous_003-008-740-01_1729594985183_Maxillary_Occlusal_View_tooth_011.jpg,0.4892,1124,517,1286,611,162,94
anonymous_003-008-740-01_1729594985183_Maxillary_Occlusal_View.jpg,anonymous_003-008-740-01_1729594985183_Maxillary_Occlusal_View_tooth_012.jpg,0.5908,1147,630,1328,757,181,127
anonymous_003-008-740-01_1729594985183_Maxillary_Occlusal_View.jpg,anonymous_003-008-740-01_1729594985183_Maxillary_Occlusal_View_tooth_013.jpg,0.4394,1163,779,1336,896,173,117
anonymous_003-008-741-00_1729595555946_Maxillary_Occlusal_View.jpg,anonymous_003-008-741-00_1729595555946_Maxillary_Occlusal_View_tooth_000.jpg,0.5549,76,843,295,1007,219,164
anonymous_003-008-741-00_1729595555946_Maxillary_Occlusal_View.jpg,anonymous_003-008-741-00_1729595555946_Maxillary_Occlusal_View_tooth_001.jpg,0.638,85,675,326,836,241,161
anonymous_003-008-741-00_1729595555946_Maxillary_Occlusal_View.jpg,anonymous_003-008-741-00_1729595555946_Maxillary_Occlusal_View_tooth_002.jpg,0.5812,159,549,369,666,210,117
anonymous_003-008-741-00_1729595555946_Maxillary_Occlusal_View.jpg,anonymous_003-008-741-00_1729595555946_Maxillary_Occlusal_View_tooth_003.jpg,0.6548,220,375,438,538,218,163
anonymous_003-008-741-00_1729595555946_Maxillary_Occlusal_View.jpg,anonymous_003-008-741-00_1729595555946_Maxillary_Occlusal_View_tooth_004.jpg,0.597,343,209,512,356,169,147
anonymous_003-008-741-00_1729595555946_Maxillary_Occlusal_View.jpg,anonymous_003-008-741-00_1729595555946_Maxillary_Occlusal_View_tooth_005.jpg,0.2966,585,117,853,198,268,81
anonymous_003-008-741-00_1729595555946_Maxillary_Occlusal_View.jpg,anonymous_003-008-741-00_1729595555946_Maxillary_Occlusal_View_tooth_006.jpg,0.2773,1163,309,1314,414,151,105
anonymous_003-008-741-00_1729595555946_Maxillary_Occlusal_View.jpg,anonymous_003-008-741-00_1729595555946_Maxillary_Occlusal_View_tooth_007.jpg,0.544,1223,430,1400,554,177,124
anonymous_003-008-741-00_1729595555946_Maxillary_Occlusal_View.jpg,anonymous_003-008-741-00_1729595555946_Maxillary_Occlusal_View_tooth_008.jpg,0.5374,1284,582,1471,692,187,110
anonymous_003-008-741-00_1729595555946_Maxillary_Occlusal_View.jpg,anonymous_003-008-741-00_1729595555946_Maxillary_Occlusal_View_tooth_009.jpg,0.382,1278,0,1571,280,293,280
anonymous_003-008-741-00_1729595555946_Maxillary_Occlusal_View.jpg,anonymous_003-008-741-00_1729595555946_Maxillary_Occlusal_View_tooth_010.jpg,0.5202,1304,715,1523,847,219,132
anonymous_003-008-741-00_1729595555946_Maxillary_Occlusal_View.jpg,anonymous_003-008-741-00_1729595555946_Maxillary_Occlusal_View_tooth_011.jpg,0.3539,1332,859,1538,1005,206,146
anonymous_003-008-762-01_1729680417375_Maxillary_Occlusal_View.jpg,anonymous_003-008-762-01_1729680417375_Maxillary_Occlusal_View_tooth_000.jpg,0.4573,94,627,321,765,227,138
anonymous_003-008-762-01_1729680417375_Maxillary_Occlusal_View.jpg,anonymous_003-008-762-01_1729680417375_Maxillary_Occlusal_View_tooth_001.jpg,0.5322,185,504,351,628,166,124
anonymous_003-008-762-01_1729680417375_Maxillary_Occlusal_View.jpg,anonymous_003-008-762-01_1729680417375_Maxillary_Occlusal_View_tooth_002.jpg,0.4952,262,385,435,497,173,112
anonymous_003-008-762-01_1729680417375_Maxillary_Occlusal_View.jpg,anonymous_003-008-762-01_1729680417375_Maxillary_Occlusal_View_tooth_003.jpg,0.3959,358,219,510,371,152,152
anonymous_003-008-762-01_1729680417375_Maxillary_Occlusal_View.jpg,anonymous_003-008-762-01_1729680417375_Maxillary_Occlusal_View_tooth_004.jpg,0.3021,483,122,615,239,132,117
anonymous_003-008-762-01_1729680417375_Maxillary_Occlusal_View.jpg,anonymous_003-008-762-01_1729680417375_Maxillary_Occlusal_View_tooth_005.jpg,0.5392,636,57,832,149,196,92
anonymous_003-008-762-01_1729680417375_Maxillary_Occlusal_View.jpg,anonymous_003-008-762-01_1729680417375_Maxillary_Occlusal_View_tooth_006.jpg,0.3706,860,80,1039,213,179,133
anonymous_003-008-762-01_1729680417375_Maxillary_Occlusal_View.jpg,anonymous_003-008-762-01_1729680417375_Maxillary_Occlusal_View_tooth_007.jpg,0.3366,1150,295,1271,421,121,126
anonymous_003-008-762-01_1729680417375_Maxillary_Occlusal_View.jpg,anonymous_003-008-762-01_1729680417375_Maxillary_Occlusal_View_tooth_008.jpg,0.4232,1178,451,1331,561,153,110
anonymous_003-008-762-01_1729680417375_Maxillary_Occlusal_View.jpg,anonymous_003-008-762-01_1729680417375_Maxillary_Occlusal_View_tooth_009.jpg,0.582,1228,596,1375,695,147,99
anonymous_003-008-762-01_1729680417375_Maxillary_Occlusal_View.jpg,anonymous_003-008-762-01_1729680417375_Maxillary_Occlusal_View_tooth_010.jpg,0.4583,1260,705,1456,839,196,134
anonymous_003-008-762-01_1729680417375_Maxillary_Occlusal_View.jpg,anonymous_003-008-762-01_1729680417375_Maxillary_Occlusal_View_tooth_011.jpg,0.4374,1426,298,1495,458,69,160
anonymous_003-008-779-01_1729768960699_Maxillary_Occlusal_View.jpg,anonymous_003-008-779-01_1729768960699_Maxillary_Occlusal_View_tooth_000.jpg,0.4342,37,868,257,1027,220,159
anonymous_003-008-779-01_1729768960699_Maxillary_Occlusal_View.jpg,anonymous_003-008-779-01_1729768960699_Maxillary_Occlusal_View_tooth_001.jpg,0.6101,47,685,257,841,210,156
anonymous_003-008-779-01_1729768960699_Maxillary_Occlusal_View.jpg,anonymous_003-008-779-01_1729768960699_Maxillary_Occlusal_View_tooth_002.jpg,0.3834,134,558,291,672,157,114
anonymous_003-008-779-01_1729768960699_Maxillary_Occlusal_View.jpg,anonymous_003-008-779-01_1729768960699_Maxillary_Occlusal_View_tooth_003.jpg,0.4313,227,429,371,548,144,119
anonymous_003-008-779-01_1729768960699_Maxillary_Occlusal_View.jpg,anonymous_003-008-779-01_1729768960699_Maxillary_Occlusal_View_tooth_004.jpg,0.4894,316,246,460,408,144,162
anonymous_003-008-779-01_1729768960699_Maxillary_Occlusal_View.jpg,anonymous_003-008-779-01_1729768960699_Maxillary_Occlusal_View_tooth_005.jpg,0.3259,459,172,573,273,114,101
anonymous_003-008-779-01_1729768960699_Maxillary_Occlusal_View.jpg,anonymous_003-008-779-01_1729768960699_Maxillary_Occlusal_View_tooth_006.jpg,0.5933,595,124,799,223,204,99
anonymous_003-008-779-01_1729768960699_Maxillary_Occlusal_View.jpg,anonymous_003-008-779-01_1729768960699_Maxillary_Occlusal_View_tooth_007.jpg,0.5319,818,129,1007,224,189,95
anonymous_003-008-779-01_1729768960699_Maxillary_Occlusal_View.jpg,anonymous_003-008-779-01_1729768960699_Maxillary_Occlusal_View_tooth_008.jpg,0.3262,1136,310,1276,429,140,119
anonymous_003-008-779-01_1729768960699_Maxillary_Occlusal_View.jpg,anonymous_003-008-779-01_1729768960699_Maxillary_Occlusal_View_tooth_009.jpg,0.4063,1213,459,1356,566,143,107
anonymous_003-008-779-01_1729768960699_Maxillary_Occlusal_View.jpg,anonymous_003-008-779-01_1729768960699_Maxillary_Occlusal_View_tooth_010.jpg,0.469,1293,599,1441,710,148,111
anonymous_003-008-779-01_1729768960699_Maxillary_Occlusal_View.jpg,anonymous_003-008-779-01_1729768960699_Maxillary_Occlusal_View_tooth_011.jpg,0.5735,1336,725,1527,864,191,139
anonymous_003-008-779-01_1729768960699_Maxillary_Occlusal_View.jpg,anonymous_003-008-779-01_1729768960699_Maxillary_Occlusal_View_tooth_012.jpg,0.4743,1343,918,1529,1036,186,118
anonymous_003-008-790-01_1729849195168_Maxillary_Occlusal_View.jpg,anonymous_003-008-790-01_1729849195168_Maxillary_Occlusal_View_tooth_000.jpg,0.4883,127,964,354,1131,227,167
anonymous_003-008-790-01_1729849195168_Maxillary_Occlusal_View.jpg,anonymous_003-008-790-01_1729849195168_Maxillary_Occlusal_View_tooth_001.jpg,0.7178,157,786,399,940,242,154
anonymous_003-008-790-01_1729849195168_Maxillary_Occlusal_View.jpg,anonymous_003-008-790-01_1729849195168_Maxillary_Occlusal_View_tooth_002.jpg,0.6556,239,655,428,772,189,117
anonymous_003-008-790-01_1729849195168_Maxillary_Occlusal_View.jpg,anonymous_003-008-790-01_1729849195168_Maxillary_Occlusal_View_tooth_003.jpg,0.6208,261,494,463,629,202,135
anonymous_003-008-790-01_1729849195168_Maxillary_Occlusal_View.jpg,anonymous_003-008-790-01_1729849195168_Maxillary_Occlusal_View_tooth_004.jpg,0.5111,326,329,499,471,173,142
anonymous_003-008-790-01_1729849195168_Maxillary_Occlusal_View.jpg,anonymous_003-008-790-01_1729849195168_Maxillary_Occlusal_View_tooth_005.jpg,0.4427,411,162,592,317,181,155
anonymous_003-008-790-01_1729849195168_Maxillary_Occlusal_View.jpg,anonymous_003-008-790-01_1729849195168_Maxillary_Occlusal_View_tooth_006.jpg,0.5492,562,55,798,240,236,185
anonymous_003-008-790-01_1729849195168_Maxillary_Occlusal_View.jpg,anonymous_003-008-790-01_1729849195168_Maxillary_Occlusal_View_tooth_007.jpg,0.4744,824,13,1036,281,212,268
anonymous_003-008-790-01_1729849195168_Maxillary_Occlusal_View.jpg,anonymous_003-008-790-01_1729849195168_Maxillary_Occlusal_View_tooth_008.jpg,0.4765,1043,171,1172,323,129,152
anonymous_003-008-790-01_1729849195168_Maxillary_Occlusal_View.jpg,anonymous_003-008-790-01_1729849195168_Maxillary_Occlusal_View_tooth_009.jpg,0.4357,1140,344,1285,487,145,143
anonymous_003-008-790-01_1729849195168_Maxillary_Occlusal_View.jpg,anonymous_003-008-790-01_1729849195168_Maxillary_Occlusal_View_tooth_010.jpg,0.5506,1168,510,1354,634,186,124
anonymous_003-008-790-01_1729849195168_Maxillary_Occlusal_View.jpg,anonymous_003-008-790-01_1729849195168_Maxillary_Occlusal_View_tooth_011.jpg,0.5134,1226,668,1401,770,175,102
anonymous_003-008-790-01_1729849195168_Maxillary_Occlusal_View.jpg,anonymous_003-008-790-01_1729849195168_Maxillary_Occlusal_View_tooth_012.jpg,0.6159,1278,804,1495,960,217,156
anonymous_003-008-790-01_1729849195168_Maxillary_Occlusal_View.jpg,anonymous_003-008-790-01_1729849195168_Maxillary_Occlusal_View_tooth_013.jpg,0.2759,1330,1012,1523,1159,193,147
anonymous_003-008-791-00_1729849650005_Mandibular_View.jpg,anonymous_003-008-791-00_1729849650005_Mandibular_View_tooth_000.jpg,0.8179,39,178,240,362,201,184
anonymous_003-008-791-00_1729849650005_Mandibular_View.jpg,anonymous_003-008-791-00_1729849650005_Mandibular_View_tooth_001.jpg,0.73,84,360,298,546,214,186
anonymous_003-008-791-00_1729849650005_Mandibular_View.jpg,anonymous_003-008-791-00_1729849650005_Mandibular_View_tooth_002.jpg,0.5423,180,549,344,648,164,99
anonymous_003-008-791-00_1729849650005_Mandibular_View.jpg,anonymous_003-008-791-00_1729849650005_Mandibular_View_tooth_003.jpg,0.3246,366,707,486,846,120,139
anonymous_003-008-791-00_1729849650005_Mandibular_View.jpg,anonymous_003-008-791-00_1729849650005_Mandibular_View_tooth_004.jpg,0.6903,497,775,626,931,129,156
anonymous_003-008-791-00_1729849650005_Mandibular_View.jpg,anonymous_003-008-791-00_1729849650005_Mandibular_View_tooth_005.jpg,0.6459,651,770,782,938,131,168
anonymous_003-008-791-00_1729849650005_Mandibular_View.jpg,anonymous_003-008-791-00_1729849650005_Mandibular_View_tooth_006.jpg,0.5868,793,799,912,940,119,141
anonymous_003-008-791-00_1729849650005_Mandibular_View.jpg,anonymous_003-008-791-00_1729849650005_Mandibular_View_tooth_007.jpg,0.4854,925,753,1037,932,112,179
anonymous_003-008-791-00_1729849650005_Mandibular_View.jpg,anonymous_003-008-791-00_1729849650005_Mandibular_View_tooth_008.jpg,0.4884,1012,612,1178,695,166,83
anonymous_003-008-791-00_1729849650005_Mandibular_View.jpg,anonymous_003-008-791-00_1729849650005_Mandibular_View_tooth_009.jpg,0.501,1082,456,1283,591,201,135
anonymous_003-008-791-00_1729849650005_Mandibular_View.jpg,anonymous_003-008-791-00_1729849650005_Mandibular_View_tooth_010.jpg,0.3174,1089,454,1290,638,201,184
anonymous_003-008-791-00_1729849650005_Mandibular_View.jpg,anonymous_003-008-791-00_1729849650005_Mandibular_View_tooth_011.jpg,0.7998,1139,287,1308,443,169,156
anonymous_003-008-826-00_1729951922030_Mandibular_View.jpg,anonymous_003-008-826-00_1729951922030_Mandibular_View_tooth_000.jpg,0.6804,13,95,167,222,154,127
anonymous_003-008-826-00_1729951922030_Mandibular_View.jpg,anonymous_003-008-826-00_1729951922030_Mandibular_View_tooth_001.jpg,0.8155,62,230,235,362,173,132
anonymous_003-008-826-00_1729951922030_Mandibular_View.jpg,anonymous_003-008-826-00_1729951922030_Mandibular_View_tooth_002.jpg,0.7012,136,376,260,482,124,106
anonymous_003-008-826-00_1729951922030_Mandibular_View.jpg,anonymous_003-008-826-00_1729951922030_Mandibular_View_tooth_003.jpg,0.5838,180,501,271,603,91,102
anonymous_003-008-826-00_1729951922030_Mandibular_View.jpg,anonymous_003-008-826-00_1729951922030_Mandibular_View_tooth_004.jpg,0.6008,247,594,336,731,89,137
anonymous_003-008-826-00_1729951922030_Mandibular_View.jpg,anonymous_003-008-826-00_1729951922030_Mandibular_View_tooth_005.jpg,0.5505,360,662,467,771,107,109
anonymous_003-008-826-00_1729951922030_Mandibular_View.jpg,anonymous_003-008-826-00_1729951922030_Mandibular_View_tooth_006.jpg,0.6512,483,696,585,807,102,111
anonymous_003-008-826-00_1729951922030_Mandibular_View.jpg,anonymous_003-008-826-00_1729951922030_Mandibular_View_tooth_007.jpg,0.5589,604,695,695,812,91,117
anonymous_003-008-826-00_1729951922030_Mandibular_View.jpg,anonymous_003-008-826-00_1729951922030_Mandibular_View_tooth_008.jpg,0.5016,715,687,810,803,95,116
anonymous_003-008-826-00_1729951922030_Mandibular_View.jpg,anonymous_003-008-826-00_1729951922030_Mandibular_View_tooth_009.jpg,0.4169,830,624,905,765,75,141
anonymous_003-008-826-00_1729951922030_Mandibular_View.jpg,anonymous_003-008-826-00_1729951922030_Mandibular_View_tooth_010.jpg,0.4642,866,537,955,620,89,83
anonymous_003-008-826-00_1729951922030_Mandibular_View.jpg,anonymous_003-008-826-00_1729951922030_Mandibular_View_tooth_011.jpg,0.4728,887,431,1004,517,117,86
anonymous_003-008-826-00_1729951922030_Mandibular_View.jpg,anonymous_003-008-826-00_1729951922030_Mandibular_View_tooth_012.jpg,0.7838,890,281,1050,422,160,141
anonymous_003-008-826-00_1729951922030_Mandibular_View.jpg,anonymous_003-008-826-00_1729951922030_Mandibular_View_tooth_013.jpg,0.7394,947,167,1091,278,144,111
anonymous_003-008-842-01_1730112126234_Maxillary_Occlusal_View.jpg,anonymous_003-008-842-01_1730112126234_Maxillary_Occlusal_View_tooth_000.jpg,0.5272,171,851,434,998,263,147
anonymous_003-008-842-01_1730112126234_Maxillary_Occlusal_View.jpg,anonymous_003-008-842-01_1730112126234_Maxillary_Occlusal_View_tooth_001.jpg,0.5923,239,709,431,825,192,116
anonymous_003-008-842-01_1730112126234_Maxillary_Occlusal_View.jpg,anonymous_003-008-842-01_1730112126234_Maxillary_Occlusal_View_tooth_002.jpg,0.6564,290,545,523,698,233,153
anonymous_003-008-842-01_1730112126234_Maxillary_Occlusal_View.jpg,anonymous_003-008-842-01_1730112126234_Maxillary_Occlusal_View_tooth_003.jpg,0.4319,389,349,590,504,201,155
anonymous_003-008-842-01_1730112126234_Maxillary_Occlusal_View.jpg,anonymous_003-008-842-01_1730112126234_Maxillary_Occlusal_View_tooth_004.jpg,0.4204,549,186,678,339,129,153
anonymous_003-008-842-01_1730112126234_Maxillary_Occlusal_View.jpg,anonymous_003-008-842-01_1730112126234_Maxillary_Occlusal_View_tooth_005.jpg,0.5981,709,125,982,259,273,134
anonymous_003-008-842-01_1730112126234_Maxillary_Occlusal_View.jpg,anonymous_003-008-842-01_1730112126234_Maxillary_Occlusal_View_tooth_006.jpg,0.6114,1012,107,1275,259,263,152
anonymous_003-008-842-01_1730112126234_Maxillary_Occlusal_View.jpg,anonymous_003-008-842-01_1730112126234_Maxillary_Occlusal_View_tooth_007.jpg,0.4005,1321,209,1441,362,120,153
anonymous_003-008-842-01_1730112126234_Maxillary_Occlusal_View.jpg,anonymous_003-008-842-01_1730112126234_Maxillary_Occlusal_View_tooth_008.jpg,0.4606,1451,370,1591,512,140,142
anonymous_003-008-842-01_1730112126234_Maxillary_Occlusal_View.jpg,anonymous_003-008-842-01_1730112126234_Maxillary_Occlusal_View_tooth_009.jpg,0.5354,1541,545,1746,681,205,136
anonymous_003-008-842-01_1730112126234_Maxillary_Occlusal_View.jpg,anonymous_003-008-842-01_1730112126234_Maxillary_Occlusal_View_tooth_010.jpg,0.439,1600,729,1781,838,181,109
anonymous_003-008-842-01_1730112126234_Maxillary_Occlusal_View.jpg,anonymous_003-008-842-01_1730112126234_Maxillary_Occlusal_View_tooth_011.jpg,0.4478,1606,849,1852,1006,246,157
anonymous_003-008-856-00_1730197612329_Right_Lateral_View.jpg,anonymous_003-008-856-00_1730197612329_Right_Lateral_View_tooth_000.jpg,0.2969,163,252,241,352,78,100
anonymous_003-008-856-00_1730197612329_Right_Lateral_View.jpg,anonymous_003-008-856-00_1730197612329_Right_Lateral_View_tooth_001.jpg,0.4289,264,282,346,371,82,89
anonymous_003-008-856-00_1730197612329_Right_Lateral_View.jpg,anonymous_003-008-856-00_1730197612329_Right_Lateral_View_tooth_002.jpg,0.2777,301,387,408,437,107,50
anonymous_003-008-856-00_1730197612329_Right_Lateral_View.jpg,anonymous_003-008-856-00_1730197612329_Right_Lateral_View_tooth_003.jpg,0.6196,361,253,454,381,93,128
anonymous_003-008-856-00_1730197612329_Right_Lateral_View.jpg,anonymous_003-008-856-00_1730197612329_Right_Lateral_View_tooth_004.jpg,0.5722,400,400,492,500,92,100
anonymous_003-008-856-00_1730197612329_Right_Lateral_View.jpg,anonymous_003-008-856-00_1730197612329_Right_Lateral_View_tooth_005.jpg,0.7268,462,181,590,375,128,194
anonymous_003-008-856-00_1730197612329_Right_Lateral_View.jpg,anonymous_003-008-856-00_1730197612329_Right_Lateral_View_tooth_006.jpg,0.6372,516,383,641,565,125,182
anonymous_003-008-856-00_1730197612329_Right_Lateral_View.jpg,anonymous_003-008-856-00_1730197612329_Right_Lateral_View_tooth_007.jpg,0.7477,623,240,768,399,145,159
anonymous_003-008-856-00_1730197612329_Right_Lateral_View.jpg,anonymous_003-008-856-00_1730197612329_Right_Lateral_View_tooth_008.jpg,0.7029,674,407,795,546,121,139
anonymous_003-008-856-00_1730197612329_Right_Lateral_View.jpg,anonymous_003-008-856-00_1730197612329_Right_Lateral_View_tooth_009.jpg,0.4442,802,424,923,520,121,96
anonymous_003-008-856-00_1730197612329_Right_Lateral_View.jpg,anonymous_003-008-856-00_1730197612329_Right_Lateral_View_tooth_010.jpg,0.7662,802,207,984,435,182,228
anonymous_003-008-856-00_1730197612329_Right_Lateral_View.jpg,anonymous_003-008-856-00_1730197612329_Right_Lateral_View_tooth_011.jpg,0.3696,941,452,1040,503,99,51
anonymous_003-008-856-00_1730197612329_Right_Lateral_View.jpg,anonymous_003-008-856-00_1730197612329_Right_Lateral_View_tooth_012.jpg,0.7254,1008,265,1156,472,148,207
anonymous_003-008-856-00_1730197612329_Right_Lateral_View.jpg,anonymous_003-008-856-00_1730197612329_Right_Lateral_View_tooth_013.jpg,0.2577,1173,308,1219,463,46,155
anonymous_003-008-858-00_1730200061435_Maxillary_Occlusal_View.jpg,anonymous_003-008-858-00_1730200061435_Maxillary_Occlusal_View_tooth_000.jpg,0.5103,112,987,327,1128,215,141
anonymous_003-008-858-00_1730200061435_Maxillary_Occlusal_View.jpg,anonymous_003-008-858-00_1730200061435_Maxillary_Occlusal_View_tooth_001.jpg,0.5111,125,795,361,949,236,154
anonymous_003-008-858-00_1730200061435_Maxillary_Occlusal_View.jpg,anonymous_003-008-858-00_1730200061435_Maxillary_Occlusal_View_tooth_002.jpg,0.61,190,654,395,780,205,126
anonymous_003-008-858-00_1730200061435_Maxillary_Occlusal_View.jpg,anonymous_003-008-858-00_1730200061435_Maxillary_Occlusal_View_tooth_003.jpg,0.703,252,480,463,623,211,143
anonymous_003-008-858-00_1730200061435_Maxillary_Occlusal_View.jpg,anonymous_003-008-858-00_1730200061435_Maxillary_Occlusal_View_tooth_004.jpg,0.3459,344,295,505,446,161,151
anonymous_003-008-858-00_1730200061435_Maxillary_Occlusal_View.jpg,anonymous_003-008-858-00_1730200061435_Maxillary_Occlusal_View_tooth_005.jpg,0.5088,496,151,633,322,137,171
anonymous_003-008-858-00_1730200061435_Maxillary_Occlusal_View.jpg,anonymous_003-008-858-00_1730200061435_Maxillary_Occlusal_View_tooth_006.jpg,0.4474,658,85,898,201,240,116
anonymous_003-008-858-00_1730200061435_Maxillary_Occlusal_View.jpg,anonymous_003-008-858-00_1730200061435_Maxillary_Occlusal_View_tooth_007.jpg,0.6386,881,133,1112,262,231,129
anonymous_003-008-858-00_1730200061435_Maxillary_Occlusal_View.jpg,anonymous_003-008-858-00_1730200061435_Maxillary_Occlusal_View_tooth_008.jpg,0.4709,1160,185,1279,346,119,161
anonymous_003-008-858-00_1730200061435_Maxillary_Occlusal_View.jpg,anonymous_003-008-858-00_1730200061435_Maxillary_Occlusal_View_tooth_009.jpg,0.5386,1229,356,1405,510,176,154
anonymous_003-008-858-00_1730200061435_Maxillary_Occlusal_View.jpg,anonymous_003-008-858-00_1730200061435_Maxillary_Occlusal_View_tooth_010.jpg,0.5342,1246,540,1485,690,239,150
anonymous_003-008-858-00_1730200061435_Maxillary_Occlusal_View.jpg,anonymous_003-008-858-00_1730200061435_Maxillary_Occlusal_View_tooth_011.jpg,0.3866,1310,714,1537,820,227,106
anonymous_003-008-858-00_1730200061435_Maxillary_Occlusal_View.jpg,anonymous_003-008-858-00_1730200061435_Maxillary_Occlusal_View_tooth_012.jpg,0.4733,1342,841,1574,996,232,155
anonymous_003-008-858-00_1730200061435_Maxillary_Occlusal_View.jpg,anonymous_003-008-858-00_1730200061435_Maxillary_Occlusal_View_tooth_013.jpg,0.3238,1346,1008,1587,1131,241,123
anonymous_003-008-859-01_1730202467399_Mandibular_View.jpg,anonymous_003-008-859-01_1730202467399_Mandibular_View_tooth_000.jpg,0.4926,3,127,158,274,155,147
anonymous_003-008-859-01_1730202467399_Mandibular_View.jpg,anonymous_003-008-859-01_1730202467399_Mandibular_View_tooth_001.jpg,0.3975,59,276,226,413,167,137
anonymous_003-008-859-01_1730202467399_Mandibular_View.jpg,anonymous_003-008-859-01_1730202467399_Mandibular_View_tooth_002.jpg,0.5642,124,432,267,525,143,93
anonymous_003-008-859-01_1730202467399_Mandibular_View.jpg,anonymous_003-008-859-01_1730202467399_Mandibular_View_tooth_003.jpg,0.3412,149,540,306,697,157,157
anonymous_003-008-859-01_1730202467399_Mandibular_View.jpg,anonymous_003-008-859-01_1730202467399_Mandibular_View_tooth_004.jpg,0.2913,152,542,303,615,151,73
anonymous_003-008-859-01_1730202467399_Mandibular_View.jpg,anonymous_003-008-859-01_1730202467399_Mandibular_View_tooth_005.jpg,0.3679,449,731,567,807,118,76
anonymous_003-008-859-01_1730202467399_Mandibular_View.jpg,anonymous_003-008-859-01_1730202467399_Mandibular_View_tooth_006.jpg,0.4294,585,730,717,801,132,71
anonymous_003-008-859-01_1730202467399_Mandibular_View.jpg,anonymous_003-008-859-01_1730202467399_Mandibular_View_tooth_007.jpg,0.3889,743,679,858,754,115,75
anonymous_003-008-859-01_1730202467399_Mandibular_View.jpg,anonymous_003-008-859-01_1730202467399_Mandibular_View_tooth_008.jpg,0.512,867,596,985,709,118,113
anonymous_003-008-859-01_1730202467399_Mandibular_View.jpg,anonymous_003-008-859-01_1730202467399_Mandibular_View_tooth_009.jpg,0.5654,941,497,1075,600,134,103
anonymous_003-008-859-01_1730202467399_Mandibular_View.jpg,anonymous_003-008-859-01_1730202467399_Mandibular_View_tooth_010.jpg,0.5026,1026,363,1149,488,123,125
anonymous_003-008-859-01_1730202467399_Mandibular_View.jpg,anonymous_003-008-859-01_1730202467399_Mandibular_View_tooth_011.jpg,0.531,1063,212,1237,354,174,142
anonymous_003-008-859-01_1730202467399_Mandibular_View.jpg,anonymous_003-008-859-01_1730202467399_Mandibular_View_tooth_012.jpg,0.6762,1123,58,1295,209,172,151
anonymous_003-008-859-01_1730202467399_Mandibular_View.jpg,anonymous_003-008-859-01_1730202467399_Mandibular_View_tooth_013.jpg,0.2757,1138,0,1295,213,157,213
anonymous_003-008-860-00_1730202956330_Mandibular_View.jpg,anonymous_003-008-860-00_1730202956330_Mandibular_View_tooth_000.jpg,0.6951,25,138,178,250,153,112
anonymous_003-008-860-00_1730202956330_Mandibular_View.jpg,anonymous_003-008-860-00_1730202956330_Mandibular_View_tooth_001.jpg,0.5339,66,254,215,376,149,122
anonymous_003-008-860-00_1730202956330_Mandibular_View.jpg,anonymous_003-008-860-00_1730202956330_Mandibular_View_tooth_002.jpg,0.4998,122,382,258,465,136,83
anonymous_003-008-860-00_1730202956330_Mandibular_View.jpg,anonymous_003-008-860-00_1730202956330_Mandibular_View_tooth_003.jpg,0.3917,127,379,255,492,128,113
anonymous_003-008-860-00_1730202956330_Mandibular_View.jpg,anonymous_003-008-860-00_1730202956330_Mandibular_View_tooth_004.jpg,0.4294,174,466,290,596,116,130
anonymous_003-008-860-00_1730202956330_Mandibular_View.jpg,anonymous_003-008-860-00_1730202956330_Mandibular_View_tooth_005.jpg,0.5064,271,520,360,686,89,166
anonymous_003-008-860-00_1730202956330_Mandibular_View.jpg,anonymous_003-008-860-00_1730202956330_Mandibular_View_tooth_006.jpg,0.6297,377,587,478,741,101,154
anonymous_003-008-860-00_1730202956330_Mandibular_View.jpg,anonymous_003-008-860-00_1730202956330_Mandibular_View_tooth_007.jpg,0.6839,484,634,585,769,101,135
anonymous_003-008-860-00_1730202956330_Mandibular_View.jpg,anonymous_003-008-860-00_1730202956330_Mandibular_View_tooth_008.jpg,0.6724,603,648,712,773,109,125
anonymous_003-008-860-00_1730202956330_Mandibular_View.jpg,anonymous_003-008-860-00_1730202956330_Mandibular_View_tooth_009.jpg,0.5525,732,629,824,761,92,132
anonymous_003-008-860-00_1730202956330_Mandibular_View.jpg,anonymous_003-008-860-00_1730202956330_Mandibular_View_tooth_010.jpg,0.4333,832,589,925,736,93,147
anonymous_003-008-860-00_1730202956330_Mandibular_View.jpg,anonymous_003-008-860-00_1730202956330_Mandibular_View_tooth_011.jpg,0.3492,911,433,1038,517,127,84
anonymous_003-008-860-00_1730202956330_Mandibular_View.jpg,anonymous_003-008-860-00_1730202956330_Mandibular_View_tooth_012.jpg,0.3636,952,326,1083,416,131,90
anonymous_003-008-860-00_1730202956330_Mandibular_View.jpg,anonymous_003-008-860-00_1730202956330_Mandibular_View_tooth_013.jpg,0.581,982,215,1141,327,159,112
anonymous_003-008-862-00_1730205438736_Maxillary_Occlusal_View.jpg,anonymous_003-008-862-00_1730205438736_Maxillary_Occlusal_View_tooth_000.jpg,0.6616,60,636,310,808,250,172
anonymous_003-008-862-00_1730205438736_Maxillary_Occlusal_View.jpg,anonymous_003-008-862-00_1730205438736_Maxillary_Occlusal_View_tooth_001.jpg,0.6466,145,363,364,489,219,126
anonymous_003-008-862-00_1730205438736_Maxillary_Occlusal_View.jpg,anonymous_003-008-862-00_1730205438736_Maxillary_Occlusal_View_tooth_002.jpg,0.3583,231,172,395,344,164,172
anonymous_003-008-862-00_1730205438736_Maxillary_Occlusal_View.jpg,anonymous_003-008-862-00_1730205438736_Maxillary_Occlusal_View_tooth_003.jpg,0.3724,236,159,361,339,125,180
anonymous_003-008-862-00_1730205438736_Maxillary_Occlusal_View.jpg,anonymous_003-008-862-00_1730205438736_Maxillary_Occlusal_View_tooth_004.jpg,0.3092,270,958,355,1049,85,91
anonymous_003-008-862-00_1730205438736_Maxillary_Occlusal_View.jpg,anonymous_003-008-862-00_1730205438736_Maxillary_Occlusal_View_tooth_005.jpg,0.5309,360,118,513,223,153,105
anonymous_003-008-862-00_1730205438736_Maxillary_Occlusal_View.jpg,anonymous_003-008-862-00_1730205438736_Maxillary_Occlusal_View_tooth_006.jpg,0.5607,375,923,516,1092,141,169
anonymous_003-008-862-00_1730205438736_Maxillary_Occlusal_View.jpg,anonymous_003-008-862-00_1730205438736_Maxillary_Occlusal_View_tooth_007.jpg,0.5229,544,909,695,1100,151,191
anonymous_003-008-862-00_1730205438736_Maxillary_Occlusal_View.jpg,anonymous_003-008-862-00_1730205438736_Maxillary_Occlusal_View_tooth_008.jpg,0.7846,541,90,785,210,244,120
anonymous_003-008-862-00_1730205438736_Maxillary_Occlusal_View.jpg,anonymous_003-008-862-00_1730205438736_Maxillary_Occlusal_View_tooth_009.jpg,0.6646,723,892,890,1095,167,203
anonymous_003-008-862-00_1730205438736_Maxillary_Occlusal_View.jpg,anonymous_003-008-862-00_1730205438736_Maxillary_Occlusal_View_tooth_010.jpg,0.6123,814,120,1048,223,234,103
anonymous_003-008-862-00_1730205438736_Maxillary_Occlusal_View.jpg,anonymous_003-008-862-00_1730205438736_Maxillary_Occlusal_View_tooth_011.jpg,0.2531,818,143,1058,235,240,92
anonymous_003-008-862-00_1730205438736_Maxillary_Occlusal_View.jpg,anonymous_003-008-862-00_1730205438736_Maxillary_Occlusal_View_tooth_012.jpg,0.6384,911,922,1062,1104,151,182
anonymous_003-008-862-00_1730205438736_Maxillary_Occlusal_View.jpg,anonymous_003-008-862-00_1730205438736_Maxillary_Occlusal_View_tooth_013.jpg,0.6006,1088,958,1193,1137,105,179
anonymous_003-008-862-00_1730205438736_Maxillary_Occlusal_View.jpg,anonymous_003-008-862-00_1730205438736_Maxillary_Occlusal_View_tooth_014.jpg,0.5221,1182,441,1400,578,218,137
anonymous_003-008-862-00_1730205438736_Maxillary_Occlusal_View.jpg,anonymous_003-008-862-00_1730205438736_Maxillary_Occlusal_View_tooth_015.jpg,0.314,1210,1060,1298,1141,88,81
anonymous_003-008-862-00_1730205438736_Maxillary_Occlusal_View.jpg,anonymous_003-008-862-00_1730205438736_Maxillary_Occlusal_View_tooth_016.jpg,0.4472,1237,707,1474,834,237,127
anonymous_003-008-862-00_1730205438736_Maxillary_Occlusal_View.jpg,anonymous_003-008-862-00_1730205438736_Maxillary_Occlusal_View_tooth_017.jpg,0.2566,1274,577,1488,684,214,107
anonymous_003-008-865-01_1730209437683_Mandibular_View.jpg,anonymous_003-008-865-01_1730209437683_Mandibular_View_tooth_000.jpg,0.7672,98,93,258,254,160,161
anonymous_003-008-865-01_1730209437683_Mandibular_View.jpg,anonymous_003-008-865-01_1730209437683_Mandibular_View_tooth_001.jpg,0.7375,117,253,305,421,188,168
anonymous_003-008-865-01_1730209437683_Mandibular_View.jpg,anonymous_003-008-865-01_1730209437683_Mandibular_View_tooth_002.jpg,0.4712,195,424,325,512,130,88
anonymous_003-008-865-01_1730209437683_Mandibular_View.jpg,anonymous_003-008-865-01_1730209437683_Mandibular_View_tooth_003.jpg,0.5833,273,524,389,652,116,128
anonymous_003-008-865-01_1730209437683_Mandibular_View.jpg,anonymous_003-008-865-01_1730209437683_Mandibular_View_tooth_004.jpg,0.4271,374,640,494,746,120,106
anonymous_003-008-865-01_1730209437683_Mandibular_View.jpg,anonymous_003-008-865-01_1730209437683_Mandibular_View_tooth_005.jpg,0.2832,490,735,596,798,106,63
anonymous_003-008-865-01_1730209437683_Mandibular_View.jpg,anonymous_003-008-865-01_1730209437683_Mandibular_View_tooth_006.jpg,0.3208,617,745,732,813,115,68
anonymous_003-008-865-01_1730209437683_Mandibular_View.jpg,anonymous_003-008-865-01_1730209437683_Mandibular_View_tooth_007.jpg,0.2932,641,736,724,811,83,75
anonymous_003-008-865-01_1730209437683_Mandibular_View.jpg,anonymous_003-008-865-01_1730209437683_Mandibular_View_tooth_008.jpg,0.3776,757,738,857,805,100,67
anonymous_003-008-865-01_1730209437683_Mandibular_View.jpg,anonymous_003-008-865-01_1730209437683_Mandibular_View_tooth_009.jpg,0.3686,882,694,999,792,117,98
anonymous_003-008-865-01_1730209437683_Mandibular_View.jpg,anonymous_003-008-865-01_1730209437683_Mandibular_View_tooth_010.jpg,0.4452,1013,598,1103,744,90,146
anonymous_003-008-865-01_1730209437683_Mandibular_View.jpg,anonymous_003-008-865-01_1730209437683_Mandibular_View_tooth_011.jpg,0.5905,1085,491,1189,593,104,102
anonymous_003-008-865-01_1730209437683_Mandibular_View.jpg,anonymous_003-008-865-01_1730209437683_Mandibular_View_tooth_012.jpg,0.3924,1141,369,1236,472,95,103
anonymous_003-008-865-01_1730209437683_Mandibular_View.jpg,anonymous_003-008-865-01_1730209437683_Mandibular_View_tooth_013.jpg,0.274,1147,209,1341,383,194,174
anonymous_003-008-865-01_1730209437683_Mandibular_View.jpg,anonymous_003-008-865-01_1730209437683_Mandibular_View_tooth_014.jpg,0.766,1160,204,1326,358,166,154
anonymous_003-008-865-01_1730209437683_Mandibular_View.jpg,anonymous_003-008-865-01_1730209437683_Mandibular_View_tooth_015.jpg,0.7044,1198,45,1372,198,174,153
anonymous_003-008-908-00_1730368773983_Maxillary_Occlusal_View.jpg,anonymous_003-008-908-00_1730368773983_Maxillary_Occlusal_View_tooth_000.jpg,0.6191,176,867,427,1019,251,152
anonymous_003-008-908-00_1730368773983_Maxillary_Occlusal_View.jpg,anonymous_003-008-908-00_1730368773983_Maxillary_Occlusal_View_tooth_001.jpg,0.6521,249,645,472,832,223,187
anonymous_003-008-908-00_1730368773983_Maxillary_Occlusal_View.jpg,anonymous_003-008-908-00_1730368773983_Maxillary_Occlusal_View_tooth_002.jpg,0.4902,351,471,522,632,171,161
anonymous_003-008-908-00_1730368773983_Maxillary_Occlusal_View.jpg,anonymous_003-008-908-00_1730368773983_Maxillary_Occlusal_View_tooth_003.jpg,0.376,452,327,593,475,141,148
anonymous_003-008-908-00_1730368773983_Maxillary_Occlusal_View.jpg,anonymous_003-008-908-00_1730368773983_Maxillary_Occlusal_View_tooth_004.jpg,0.4382,616,154,761,309,145,155
anonymous_003-008-908-00_1730368773983_Maxillary_Occlusal_View.jpg,anonymous_003-008-908-00_1730368773983_Maxillary_Occlusal_View_tooth_005.jpg,0.3287,808,92,1043,254,235,162
anonymous_003-008-908-00_1730368773983_Maxillary_Occlusal_View.jpg,anonymous_003-008-908-00_1730368773983_Maxillary_Occlusal_View_tooth_006.jpg,0.5445,1103,97,1311,266,208,169
anonymous_003-008-908-00_1730368773983_Maxillary_Occlusal_View.jpg,anonymous_003-008-908-00_1730368773983_Maxillary_Occlusal_View_tooth_007.jpg,0.5398,1345,209,1491,365,146,156
anonymous_003-008-908-00_1730368773983_Maxillary_Occlusal_View.jpg,anonymous_003-008-908-00_1730368773983_Maxillary_Occlusal_View_tooth_008.jpg,0.355,1490,386,1614,529,124,143
anonymous_003-008-908-00_1730368773983_Maxillary_Occlusal_View.jpg,anonymous_003-008-908-00_1730368773983_Maxillary_Occlusal_View_tooth_009.jpg,0.5813,1531,591,1723,723,192,132
anonymous_003-008-908-00_1730368773983_Maxillary_Occlusal_View.jpg,anonymous_003-008-908-00_1730368773983_Maxillary_Occlusal_View_tooth_010.jpg,0.5708,1586,780,1796,908,210,128
anonymous_003-008-908-00_1730368773983_Maxillary_Occlusal_View.jpg,anonymous_003-008-908-00_1730368773983_Maxillary_Occlusal_View_tooth_011.jpg,0.5671,1596,962,1839,1108,243,146
anonymous_003-008-911-00_1730371705980_Maxillary_Occlusal_View.jpg,anonymous_003-008-911-00_1730371705980_Maxillary_Occlusal_View_tooth_000.jpg,0.3362,141,1016,367,1166,226,150
anonymous_003-008-911-00_1730371705980_Maxillary_Occlusal_View.jpg,anonymous_003-008-911-00_1730371705980_Maxillary_Occlusal_View_tooth_001.jpg,0.6205,156,860,405,999,249,139
anonymous_003-008-911-00_1730371705980_Maxillary_Occlusal_View.jpg,anonymous_003-008-911-00_1730371705980_Maxillary_Occlusal_View_tooth_002.jpg,0.4779,197,713,399,824,202,111
anonymous_003-008-911-00_1730371705980_Maxillary_Occlusal_View.jpg,anonymous_003-008-911-00_1730371705980_Maxillary_Occlusal_View_tooth_003.jpg,0.5066,269,541,457,690,188,149
anonymous_003-008-911-00_1730371705980_Maxillary_Occlusal_View.jpg,anonymous_003-008-911-00_1730371705980_Maxillary_Occlusal_View_tooth_004.jpg,0.4759,365,328,527,501,162,173
anonymous_003-008-911-00_1730371705980_Maxillary_Occlusal_View.jpg,anonymous_003-008-911-00_1730371705980_Maxillary_Occlusal_View_tooth_005.jpg,0.4991,511,198,677,345,166,147
anonymous_003-008-911-00_1730371705980_Maxillary_Occlusal_View.jpg,anonymous_003-008-911-00_1730371705980_Maxillary_Occlusal_View_tooth_006.jpg,0.6667,697,106,928,283,231,177
anonymous_003-008-911-00_1730371705980_Maxillary_Occlusal_View.jpg,anonymous_003-008-911-00_1730371705980_Maxillary_Occlusal_View_tooth_007.jpg,0.5148,972,119,1186,308,214,189
anonymous_003-008-911-00_1730371705980_Maxillary_Occlusal_View.jpg,anonymous_003-008-911-00_1730371705980_Maxillary_Occlusal_View_tooth_008.jpg,0.3987,1219,227,1355,364,136,137
anonymous_003-008-911-00_1730371705980_Maxillary_Occlusal_View.jpg,anonymous_003-008-911-00_1730371705980_Maxillary_Occlusal_View_tooth_009.jpg,0.391,1346,391,1494,523,148,132
anonymous_003-008-911-00_1730371705980_Maxillary_Occlusal_View.jpg,anonymous_003-008-911-00_1730371705980_Maxillary_Occlusal_View_tooth_010.jpg,0.5047,1380,570,1579,689,199,119
anonymous_003-008-911-00_1730371705980_Maxillary_Occlusal_View.jpg,anonymous_003-008-911-00_1730371705980_Maxillary_Occlusal_View_tooth_011.jpg,0.5115,1433,724,1634,824,201,100
anonymous_003-008-911-00_1730371705980_Maxillary_Occlusal_View.jpg,anonymous_003-008-911-00_1730371705980_Maxillary_Occlusal_View_tooth_012.jpg,0.4899,1445,857,1675,1033,230,176
anonymous_003-008-912-01_1730374226278_Maxillary_Occlusal_View.jpg,anonymous_003-008-912-01_1730374226278_Maxillary_Occlusal_View_tooth_000.jpg,0.5836,102,664,307,785,205,121
anonymous_003-008-912-01_1730374226278_Maxillary_Occlusal_View.jpg,anonymous_003-008-912-01_1730374226278_Maxillary_Occlusal_View_tooth_001.jpg,0.4586,108,823,283,930,175,107
anonymous_003-008-912-01_1730374226278_Maxillary_Occlusal_View.jpg,anonymous_003-008-912-01_1730374226278_Maxillary_Occlusal_View_tooth_002.jpg,0.3431,134,861,279,924,145,63
anonymous_003-008-912-01_1730374226278_Maxillary_Occlusal_View.jpg,anonymous_003-008-912-01_1730374226278_Maxillary_Occlusal_View_tooth_003.jpg,0.526,167,543,332,646,165,103
anonymous_003-008-912-01_1730374226278_Maxillary_Occlusal_View.jpg,anonymous_003-008-912-01_1730374226278_Maxillary_Occlusal_View_tooth_004.jpg,0.6159,215,411,387,529,172,118
anonymous_003-008-912-01_1730374226278_Maxillary_Occlusal_View.jpg,anonymous_003-008-912-01_1730374226278_Maxillary_Occlusal_View_tooth_005.jpg,0.4336,299,271,413,376,114,105
anonymous_003-008-912-01_1730374226278_Maxillary_Occlusal_View.jpg,anonymous_003-008-912-01_1730374226278_Maxillary_Occlusal_View_tooth_006.jpg,0.49,408,147,559,257,151,110
anonymous_003-008-912-01_1730374226278_Maxillary_Occlusal_View.jpg,anonymous_003-008-912-01_1730374226278_Maxillary_Occlusal_View_tooth_007.jpg,0.4034,565,77,777,151,212,74
anonymous_003-008-912-01_1730374226278_Maxillary_Occlusal_View.jpg,anonymous_003-008-912-01_1730374226278_Maxillary_Occlusal_View_tooth_008.jpg,0.3373,847,92,1055,166,208,74
anonymous_003-008-912-01_1730374226278_Maxillary_Occlusal_View.jpg,anonymous_003-008-912-01_1730374226278_Maxillary_Occlusal_View_tooth_009.jpg,0.4558,1073,162,1224,282,151,120
anonymous_003-008-912-01_1730374226278_Maxillary_Occlusal_View.jpg,anonymous_003-008-912-01_1730374226278_Maxillary_Occlusal_View_tooth_010.jpg,0.4898,1209,282,1347,400,138,118
anonymous_003-008-912-01_1730374226278_Maxillary_Occlusal_View.jpg,anonymous_003-008-912-01_1730374226278_Maxillary_Occlusal_View_tooth_011.jpg,0.4996,1265,424,1433,524,168,100
anonymous_003-008-912-01_1730374226278_Maxillary_Occlusal_View.jpg,anonymous_003-008-912-01_1730374226278_Maxillary_Occlusal_View_tooth_012.jpg,0.4797,1344,542,1506,643,162,101
anonymous_003-008-912-01_1730374226278_Maxillary_Occlusal_View.jpg,anonymous_003-008-912-01_1730374226278_Maxillary_Occlusal_View_tooth_013.jpg,0.5367,1359,647,1565,767,206,120
anonymous_003-008-913-00_1730374663171_Maxillary_Occlusal_View.jpg,anonymous_003-008-913-00_1730374663171_Maxillary_Occlusal_View_tooth_000.jpg,0.4363,191,763,347,879,156,116
anonymous_003-008-913-00_1730374663171_Maxillary_Occlusal_View.jpg,anonymous_003-008-913-00_1730374663171_Maxillary_Occlusal_View_tooth_001.jpg,0.64,189,620,382,744,193,124
anonymous_003-008-913-00_1730374663171_Maxillary_Occlusal_View.jpg,anonymous_003-008-913-00_1730374663171_Maxillary_Occlusal_View_tooth_002.jpg,0.5323,261,487,422,596,161,109
anonymous_003-008-913-00_1730374663171_Maxillary_Occlusal_View.jpg,anonymous_003-008-913-00_1730374663171_Maxillary_Occlusal_View_tooth_003.jpg,0.4488,311,370,477,485,166,115
anonymous_003-008-913-00_1730374663171_Maxillary_Occlusal_View.jpg,anonymous_003-008-913-00_1730374663171_Maxillary_Occlusal_View_tooth_004.jpg,0.4736,396,238,512,342,116,104
anonymous_003-008-913-00_1730374663171_Maxillary_Occlusal_View.jpg,anonymous_003-008-913-00_1730374663171_Maxillary_Occlusal_View_tooth_005.jpg,0.4639,517,119,665,221,148,102
anonymous_003-008-913-00_1730374663171_Maxillary_Occlusal_View.jpg,anonymous_003-008-913-00_1730374663171_Maxillary_Occlusal_View_tooth_006.jpg,0.2953,675,55,883,123,208,68
anonymous_003-008-913-00_1730374663171_Maxillary_Occlusal_View.jpg,anonymous_003-008-913-00_1730374663171_Maxillary_Occlusal_View_tooth_007.jpg,0.3786,961,81,1156,151,195,70
anonymous_003-008-913-00_1730374663171_Maxillary_Occlusal_View.jpg,anonymous_003-008-913-00_1730374663171_Maxillary_Occlusal_View_tooth_008.jpg,0.3836,1180,160,1312,271,132,111
anonymous_003-008-913-00_1730374663171_Maxillary_Occlusal_View.jpg,anonymous_003-008-913-00_1730374663171_Maxillary_Occlusal_View_tooth_009.jpg,0.553,1300,286,1416,396,116,110
anonymous_003-008-913-00_1730374663171_Maxillary_Occlusal_View.jpg,anonymous_003-008-913-00_1730374663171_Maxillary_Occlusal_View_tooth_010.jpg,0.4395,1337,424,1495,519,158,95
anonymous_003-008-913-00_1730374663171_Maxillary_Occlusal_View.jpg,anonymous_003-008-913-00_1730374663171_Maxillary_Occlusal_View_tooth_011.jpg,0.4665,1409,532,1547,622,138,90
anonymous_003-008-913-00_1730374663171_Maxillary_Occlusal_View.jpg,anonymous_003-008-913-00_1730374663171_Maxillary_Occlusal_View_tooth_012.jpg,0.6271,1429,640,1605,757,176,117
anonymous_003-008-913-00_1730374663171_Maxillary_Occlusal_View.jpg,anonymous_003-008-913-00_1730374663171_Maxillary_Occlusal_View_tooth_013.jpg,0.4773,1442,788,1601,882,159,94
anonymous_003-008-931-00_1730717738893_Maxillary_Occlusal_View.jpg,anonymous_003-008-931-00_1730717738893_Maxillary_Occlusal_View_tooth_000.jpg,0.5481,123,568,380,703,257,135
anonymous_003-008-931-00_1730717738893_Maxillary_Occlusal_View.jpg,anonymous_003-008-931-00_1730717738893_Maxillary_Occlusal_View_tooth_001.jpg,0.2542,125,716,369,840,244,124
anonymous_003-008-931-00_1730717738893_Maxillary_Occlusal_View.jpg,anonymous_003-008-931-00_1730717738893_Maxillary_Occlusal_View_tooth_002.jpg,0.4208,190,461,421,555,231,94
anonymous_003-008-931-00_1730717738893_Maxillary_Occlusal_View.jpg,anonymous_003-008-931-00_1730717738893_Maxillary_Occlusal_View_tooth_003.jpg,0.6618,264,315,500,442,236,127
anonymous_003-008-931-00_1730717738893_Maxillary_Occlusal_View.jpg,anonymous_003-008-931-00_1730717738893_Maxillary_Occlusal_View_tooth_004.jpg,0.4077,363,138,500,307,137,169
anonymous_003-008-931-00_1730717738893_Maxillary_Occlusal_View.jpg,anonymous_003-008-931-00_1730717738893_Maxillary_Occlusal_View_tooth_005.jpg,0.5325,513,60,661,180,148,120
anonymous_003-008-931-00_1730717738893_Maxillary_Occlusal_View.jpg,anonymous_003-008-931-00_1730717738893_Maxillary_Occlusal_View_tooth_006.jpg,0.3225,683,64,972,147,289,83
anonymous_003-008-931-00_1730717738893_Maxillary_Occlusal_View.jpg,anonymous_003-008-931-00_1730717738893_Maxillary_Occlusal_View_tooth_007.jpg,0.4325,1249,76,1371,184,122,108
anonymous_003-008-931-00_1730717738893_Maxillary_Occlusal_View.jpg,anonymous_003-008-931-00_1730717738893_Maxillary_Occlusal_View_tooth_008.jpg,0.4787,1357,182,1491,315,134,133
anonymous_003-008-931-00_1730717738893_Maxillary_Occlusal_View.jpg,anonymous_003-008-931-00_1730717738893_Maxillary_Occlusal_View_tooth_009.jpg,0.6494,1366,323,1571,445,205,122
anonymous_003-008-931-00_1730717738893_Maxillary_Occlusal_View.jpg,anonymous_003-008-931-00_1730717738893_Maxillary_Occlusal_View_tooth_010.jpg,0.6691,1417,473,1641,566,224,93
anonymous_003-008-931-00_1730717738893_Maxillary_Occlusal_View.jpg,anonymous_003-008-931-00_1730717738893_Maxillary_Occlusal_View_tooth_011.jpg,0.2891,1447,591,1688,707,241,116
anonymous_003-008-937-00_1730727374307_Right_Lateral_View.jpg,anonymous_003-008-937-00_1730727374307_Right_Lateral_View_tooth_000.jpg,0.5282,150,193,223,272,73,79
anonymous_003-008-937-00_1730727374307_Right_Lateral_View.jpg,anonymous_003-008-937-00_1730727374307_Right_Lateral_View_tooth_001.jpg,0.3669,233,192,295,277,62,85
anonymous_003-008-937-00_1730727374307_Right_Lateral_View.jpg,anonymous_003-008-937-00_1730727374307_Right_Lateral_View_tooth_002.jpg,0.4953,304,149,398,270,94,121
anonymous_003-008-937-00_1730727374307_Right_Lateral_View.jpg,anonymous_003-008-937-00_1730727374307_Right_Lateral_View_tooth_003.jpg,0.483,365,265,459,366,94,101
anonymous_003-008-937-00_1730727374307_Right_Lateral_View.jpg,anonymous_003-008-937-00_1730727374307_Right_Lateral_View_tooth_004.jpg,0.3158,379,265,467,346,88,81
anonymous_003-008-937-00_1730727374307_Right_Lateral_View.jpg,anonymous_003-008-937-00_1730727374307_Right_Lateral_View_tooth_005.jpg,0.7712,410,139,530,247,120,108
anonymous_003-008-937-00_1730727374307_Right_Lateral_View.jpg,anonymous_003-008-937-00_1730727374307_Right_Lateral_View_tooth_006.jpg,0.6187,491,245,577,358,86,113
anonymous_003-008-937-00_1730727374307_Right_Lateral_View.jpg,anonymous_003-008-937-00_1730727374307_Right_Lateral_View_tooth_007.jpg,0.8105,549,131,672,247,123,116
anonymous_003-008-937-00_1730727374307_Right_Lateral_View.jpg,anonymous_003-008-937-00_1730727374307_Right_Lateral_View_tooth_008.jpg,0.4194,605,246,695,338,90,92
anonymous_003-008-937-00_1730727374307_Right_Lateral_View.jpg,anonymous_003-008-937-00_1730727374307_Right_Lateral_View_tooth_009.jpg,0.7259,705,167,852,289,147,122
anonymous_003-008-937-00_1730727374307_Right_Lateral_View.jpg,anonymous_003-008-937-00_1730727374307_Right_Lateral_View_tooth_010.jpg,0.3993,907,220,950,319,43,99
anonymous_003-008-975-00_1730892499976_Mandibular_View.jpg,anonymous_003-008-975-00_1730892499976_Mandibular_View_tooth_000.jpg,0.6506,56,163,227,313,171,150
anonymous_003-008-975-00_1730892499976_Mandibular_View.jpg,anonymous_003-008-975-00_1730892499976_Mandibular_View_tooth_001.jpg,0.6104,114,325,268,459,154,134
anonymous_003-008-975-00_1730892499976_Mandibular_View.jpg,anonymous_003-008-975-00_1730892499976_Mandibular_View_tooth_002.jpg,0.453,180,467,297,588,117,121
anonymous_003-008-975-00_1730892499976_Mandibular_View.jpg,anonymous_003-008-975-00_1730892499976_Mandibular_View_tooth_003.jpg,0.3091,240,586,324,687,84,101
anonymous_003-008-975-00_1730892499976_Mandibular_View.jpg,anonymous_003-008-975-00_1730892499976_Mandibular_View_tooth_004.jpg,0.2612,347,688,457,773,110,85
anonymous_003-008-975-00_1730892499976_Mandibular_View.jpg,anonymous_003-008-975-00_1730892499976_Mandibular_View_tooth_005.jpg,0.5562,508,686,618,789,110,103
anonymous_003-008-975-00_1730892499976_Mandibular_View.jpg,anonymous_003-008-975-00_1730892499976_Mandibular_View_tooth_006.jpg,0.3947,630,694,735,790,105,96
anonymous_003-008-975-00_1730892499976_Mandibular_View.jpg,anonymous_003-008-975-00_1730892499976_Mandibular_View_tooth_007.jpg,0.3654,766,687,890,761,124,74
anonymous_003-008-975-00_1730892499976_Mandibular_View.jpg,anonymous_003-008-975-00_1730892499976_Mandibular_View_tooth_008.jpg,0.3278,894,577,986,673,92,96
anonymous_003-008-975-00_1730892499976_Mandibular_View.jpg,anonymous_003-008-975-00_1730892499976_Mandibular_View_tooth_009.jpg,0.7195,928,338,1078,498,150,160
anonymous_003-008-975-00_1730892499976_Mandibular_View.jpg,anonymous_003-008-975-00_1730892499976_Mandibular_View_tooth_010.jpg,0.3602,979,192,1133,331,154,139
anonymous_003-008-977-00_1730895561784_Right_Lateral_View.jpg,anonymous_003-008-977-00_1730895561784_Right_Lateral_View_tooth_000.jpg,0.3898,40,137,127,222,87,85
anonymous_003-008-977-00_1730895561784_Right_Lateral_View.jpg,anonymous_003-008-977-00_1730895561784_Right_Lateral_View_tooth_001.jpg,0.4486,74,238,182,311,108,73
anonymous_003-008-977-00_1730895561784_Right_Lateral_View.jpg,anonymous_003-008-977-00_1730895561784_Right_Lateral_View_tooth_002.jpg,0.3716,145,175,240,246,95,71
anonymous_003-008-977-00_1730895561784_Right_Lateral_View.jpg,anonymous_003-008-977-00_1730895561784_Right_Lateral_View_tooth_003.jpg,0.4755,212,257,368,322,156,65
anonymous_003-008-977-00_1730895561784_Right_Lateral_View.jpg,anonymous_003-008-977-00_1730895561784_Right_Lateral_View_tooth_004.jpg,0.363,261,181,359,247,98,66
anonymous_003-008-977-00_1730895561784_Right_Lateral_View.jpg,anonymous_003-008-977-00_1730895561784_Right_Lateral_View_tooth_005.jpg,0.663,377,167,483,254,106,87
anonymous_003-008-977-00_1730895561784_Right_Lateral_View.jpg,anonymous_003-008-977-00_1730895561784_Right_Lateral_View_tooth_006.jpg,0.6649,422,264,516,377,94,113
anonymous_003-008-977-00_1730895561784_Right_Lateral_View.jpg,anonymous_003-008-977-00_1730895561784_Right_Lateral_View_tooth_007.jpg,0.7127,502,115,624,217,122,102
anonymous_003-008-977-00_1730895561784_Right_Lateral_View.jpg,anonymous_003-008-977-00_1730895561784_Right_Lateral_View_tooth_008.jpg,0.496,543,274,643,369,100,95
anonymous_003-008-977-00_1730895561784_Right_Lateral_View.jpg,anonymous_003-008-977-00_1730895561784_Right_Lateral_View_tooth_009.jpg,0.8345,643,126,797,244,154,118
anonymous_003-008-977-00_1730895561784_Right_Lateral_View.jpg,anonymous_003-008-977-00_1730895561784_Right_Lateral_View_tooth_010.jpg,0.503,651,275,750,413,99,138
anonymous_003-008-977-00_1730895561784_Right_Lateral_View.jpg,anonymous_003-008-977-00_1730895561784_Right_Lateral_View_tooth_011.jpg,0.5728,760,285,845,393,85,108
anonymous_003-008-977-00_1730895561784_Right_Lateral_View.jpg,anonymous_003-008-977-00_1730895561784_Right_Lateral_View_tooth_012.jpg,0.3871,816,176,875,267,59,91
anonymous_003-008-977-00_1730895561784_Right_Lateral_View.jpg,anonymous_003-008-977-00_1730895561784_Right_Lateral_View_tooth_013.jpg,0.4074,847,296,875,384,28,88
anonymous_003-008-978-01_1730897360301_Mandibular_View.jpg,anonymous_003-008-978-01_1730897360301_Mandibular_View_tooth_000.jpg,0.7597,288,216,482,391,194,175
anonymous_003-008-978-01_1730897360301_Mandibular_View.jpg,anonymous_003-008-978-01_1730897360301_Mandibular_View_tooth_001.jpg,0.3348,310,33,424,193,114,160
anonymous_003-008-978-01_1730897360301_Mandibular_View.jpg,anonymous_003-008-978-01_1730897360301_Mandibular_View_tooth_002.jpg,0.5739,380,433,501,518,121,85
anonymous_003-008-978-01_1730897360301_Mandibular_View.jpg,anonymous_003-008-978-01_1730897360301_Mandibular_View_tooth_003.jpg,0.5584,441,543,550,638,109,95
anonymous_003-008-978-01_1730897360301_Mandibular_View.jpg,anonymous_003-008-978-01_1730897360301_Mandibular_View_tooth_004.jpg,0.4081,478,658,586,759,108,101
anonymous_003-008-978-01_1730897360301_Mandibular_View.jpg,anonymous_003-008-978-01_1730897360301_Mandibular_View_tooth_005.jpg,0.4335,682,789,782,866,100,77
anonymous_003-008-978-01_1730897360301_Mandibular_View.jpg,anonymous_003-008-978-01_1730897360301_Mandibular_View_tooth_006.jpg,0.5486,813,788,897,870,84,82
anonymous_003-008-978-01_1730897360301_Mandibular_View.jpg,anonymous_003-008-978-01_1730897360301_Mandibular_View_tooth_007.jpg,0.3437,920,746,1039,835,119,89
anonymous_003-008-978-01_1730897360301_Mandibular_View.jpg,anonymous_003-008-978-01_1730897360301_Mandibular_View_tooth_008.jpg,0.375,1120,574,1221,681,101,107
anonymous_003-008-978-01_1730897360301_Mandibular_View.jpg,anonymous_003-008-978-01_1730897360301_Mandibular_View_tooth_009.jpg,0.3402,1168,465,1288,556,120,91
anonymous_003-008-978-01_1730897360301_Mandibular_View.jpg,anonymous_003-008-978-01_1730897360301_Mandibular_View_tooth_010.jpg,0.7561,1228,270,1411,458,183,188
anonymous_003-008-978-01_1730897360301_Mandibular_View.jpg,anonymous_003-008-978-01_1730897360301_Mandibular_View_tooth_011.jpg,0.568,1301,112,1458,260,157,148
anonymous_003-008-996-01_1730974775488_Mandibular_View.jpg,anonymous_003-008-996-01_1730974775488_Mandibular_View_tooth_000.jpg,0.5489,105,9,250,148,145,139
anonymous_003-008-996-01_1730974775488_Mandibular_View.jpg,anonymous_003-008-996-01_1730974775488_Mandibular_View_tooth_001.jpg,0.5823,143,163,315,290,172,127
anonymous_003-008-996-01_1730974775488_Mandibular_View.jpg,anonymous_003-008-996-01_1730974775488_Mandibular_View_tooth_002.jpg,0.6542,153,304,368,423,215,119
anonymous_003-008-996-01_1730974775488_Mandibular_View.jpg,anonymous_003-008-996-01_1730974775488_Mandibular_View_tooth_003.jpg,0.49,157,304,360,467,203,163
anonymous_003-008-996-01_1730974775488_Mandibular_View.jpg,anonymous_003-008-996-01_1730974775488_Mandibular_View_tooth_004.jpg,0.2628,259,522,412,676,153,154
anonymous_003-008-996-01_1730974775488_Mandibular_View.jpg,anonymous_003-008-996-01_1730974775488_Mandibular_View_tooth_005.jpg,0.3643,262,523,407,639,145,116
anonymous_003-008-996-01_1730974775488_Mandibular_View.jpg,anonymous_003-008-996-01_1730974775488_Mandibular_View_tooth_006.jpg,0.3912,374,612,467,724,93,112
anonymous_003-008-996-01_1730974775488_Mandibular_View.jpg,anonymous_003-008-996-01_1730974775488_Mandibular_View_tooth_007.jpg,0.5314,493,611,606,753,113,142
anonymous_003-008-996-01_1730974775488_Mandibular_View.jpg,anonymous_003-008-996-01_1730974775488_Mandibular_View_tooth_008.jpg,0.4476,633,677,739,793,106,116
anonymous_003-008-996-01_1730974775488_Mandibular_View.jpg,anonymous_003-008-996-01_1730974775488_Mandibular_View_tooth_009.jpg,0.251,639,695,749,800,110,105
anonymous_003-008-996-01_1730974775488_Mandibular_View.jpg,anonymous_003-008-996-01_1730974775488_Mandibular_View_tooth_010.jpg,0.5547,773,680,890,801,117,121
anonymous_003-008-996-01_1730974775488_Mandibular_View.jpg,anonymous_003-008-996-01_1730974775488_Mandibular_View_tooth_011.jpg,0.5638,921,666,1048,810,127,144
anonymous_003-008-996-01_1730974775488_Mandibular_View.jpg,anonymous_003-008-996-01_1730974775488_Mandibular_View_tooth_012.jpg,0.3435,1066,684,1156,804,90,120
anonymous_003-008-996-01_1730974775488_Mandibular_View.jpg,anonymous_003-008-996-01_1730974775488_Mandibular_View_tooth_013.jpg,0.3985,1094,596,1261,741,167,145
anonymous_003-008-996-01_1730974775488_Mandibular_View.jpg,anonymous_003-008-996-01_1730974775488_Mandibular_View_tooth_014.jpg,0.3531,1141,514,1273,580,132,66
anonymous_003-008-996-01_1730974775488_Mandibular_View.jpg,anonymous_003-008-996-01_1730974775488_Mandibular_View_tooth_015.jpg,0.5739,1159,379,1354,503,195,124
anonymous_003-008-996-01_1730974775488_Mandibular_View.jpg,anonymous_003-008-996-01_1730974775488_Mandibular_View_tooth_016.jpg,0.6828,1211,254,1382,378,171,124
anonymous_003-008-996-01_1730974775488_Mandibular_View.jpg,anonymous_003-008-996-01_1730974775488_Mandibular_View_tooth_017.jpg,0.4946,1279,129,1429,244,150,115
anonymous_003-008-997-00_1730975206077_Mandibular_View.jpg,anonymous_003-008-997-00_1730975206077_Mandibular_View_tooth_000.jpg,0.4398,23,126,142,252,119,126
anonymous_003-008-997-00_1730975206077_Mandibular_View.jpg,anonymous_003-008-997-00_1730975206077_Mandibular_View_tooth_001.jpg,0.5727,60,255,207,368,147,113
anonymous_003-008-997-00_1730975206077_Mandibular_View.jpg,anonymous_003-008-997-00_1730975206077_Mandibular_View_tooth_002.jpg,0.305,86,388,274,529,188,141
anonymous_003-008-997-00_1730975206077_Mandibular_View.jpg,anonymous_003-008-997-00_1730975206077_Mandibular_View_tooth_003.jpg,0.6406,89,387,270,494,181,107
anonymous_003-008-997-00_1730975206077_Mandibular_View.jpg,anonymous_003-008-997-00_1730975206077_Mandibular_View_tooth_004.jpg,0.3428,169,499,292,598,123,99
anonymous_003-008-997-00_1730975206077_Mandibular_View.jpg,anonymous_003-008-997-00_1730975206077_Mandibular_View_tooth_005.jpg,0.4218,223,585,338,681,115,96
anonymous_003-008-997-00_1730975206077_Mandibular_View.jpg,anonymous_003-008-997-00_1730975206077_Mandibular_View_tooth_006.jpg,0.2922,315,650,392,735,77,85
anonymous_003-008-997-00_1730975206077_Mandibular_View.jpg,anonymous_003-008-997-00_1730975206077_Mandibular_View_tooth_007.jpg,0.2998,322,656,401,740,79,84
anonymous_003-008-997-00_1730975206077_Mandibular_View.jpg,anonymous_003-008-997-00_1730975206077_Mandibular_View_tooth_008.jpg,0.3916,346,0,453,79,107,79
anonymous_003-008-997-00_1730975206077_Mandibular_View.jpg,anonymous_003-008-997-00_1730975206077_Mandibular_View_tooth_009.jpg,0.4023,357,11,455,78,98,67
anonymous_003-008-997-00_1730975206077_Mandibular_View.jpg,anonymous_003-008-997-00_1730975206077_Mandibular_View_tooth_010.jpg,0.6012,426,655,526,784,100,129
anonymous_003-008-997-00_1730975206077_Mandibular_View.jpg,anonymous_003-008-997-00_1730975206077_Mandibular_View_tooth_011.jpg,0.4345,476,16,616,91,140,75
anonymous_003-008-997-00_1730975206077_Mandibular_View.jpg,anonymous_003-008-997-00_1730975206077_Mandibular_View_tooth_012.jpg,0.4667,540,715,630,822,90,107
anonymous_003-008-997-00_1730975206077_Mandibular_View.jpg,anonymous_003-008-997-00_1730975206077_Mandibular_View_tooth_013.jpg,0.6418,640,27,851,120,211,93
anonymous_003-008-997-00_1730975206077_Mandibular_View.jpg,anonymous_003-008-997-00_1730975206077_Mandibular_View_tooth_014.jpg,0.5467,657,714,750,836,93,122
anonymous_003-008-997-00_1730975206077_Mandibular_View.jpg,anonymous_003-008-997-00_1730975206077_Mandibular_View_tooth_015.jpg,0.5355,766,701,874,828,108,127
anonymous_003-008-997-00_1730975206077_Mandibular_View.jpg,anonymous_003-008-997-00_1730975206077_Mandibular_View_tooth_016.jpg,0.319,881,710,959,843,78,133
anonymous_003-008-997-00_1730975206077_Mandibular_View.jpg,anonymous_003-008-997-00_1730975206077_Mandibular_View_tooth_017.jpg,0.2887,899,650,1042,772,143,122
anonymous_003-008-997-00_1730975206077_Mandibular_View.jpg,anonymous_003-008-997-00_1730975206077_Mandibular_View_tooth_018.jpg,0.2606,924,564,1092,648,168,84
anonymous_003-008-997-00_1730975206077_Mandibular_View.jpg,anonymous_003-008-997-00_1730975206077_Mandibular_View_tooth_019.jpg,0.4388,936,456,1109,617,173,161
anonymous_003-008-997-00_1730975206077_Mandibular_View.jpg,anonymous_003-008-997-00_1730975206077_Mandibular_View_tooth_020.jpg,0.4715,951,460,1111,573,160,113
anonymous_003-008-997-00_1730975206077_Mandibular_View.jpg,anonymous_003-008-997-00_1730975206077_Mandibular_View_tooth_021.jpg,0.5495,1000,347,1129,455,129,108
anonymous_003-008-997-00_1730975206077_Mandibular_View.jpg,anonymous_003-008-997-00_1730975206077_Mandibular_View_tooth_022.jpg,0.7072,1043,226,1174,343,131,117
anonymous_003-008-998-01_1730980715687_Mandibular_View.jpg,anonymous_003-008-998-01_1730980715687_Mandibular_View_tooth_000.jpg,0.6576,42,158,144,281,102,123
anonymous_003-008-998-01_1730980715687_Mandibular_View.jpg,anonymous_003-008-998-01_1730980715687_Mandibular_View_tooth_001.jpg,0.6025,64,273,208,387,144,114
anonymous_003-008-998-01_1730980715687_Mandibular_View.jpg,anonymous_003-008-998-01_1730980715687_Mandibular_View_tooth_002.jpg,0.2845,101,402,254,538,153,136
anonymous_003-008-998-01_1730980715687_Mandibular_View.jpg,anonymous_003-008-998-01_1730980715687_Mandibular_View_tooth_003.jpg,0.6142,112,387,266,516,154,129
anonymous_003-008-998-01_1730980715687_Mandibular_View.jpg,anonymous_003-008-998-01_1730980715687_Mandibular_View_tooth_004.jpg,0.4833,159,524,295,593,136,69
anonymous_003-008-998-01_1730980715687_Mandibular_View.jpg,anonymous_003-008-998-01_1730980715687_Mandibular_View_tooth_005.jpg,0.3042,232,594,325,703,93,109
anonymous_003-008-998-01_1730980715687_Mandibular_View.jpg,anonymous_003-008-998-01_1730980715687_Mandibular_View_tooth_006.jpg,0.4216,235,25,326,90,91,65
anonymous_003-008-998-01_1730980715687_Mandibular_View.jpg,anonymous_003-008-998-01_1730980715687_Mandibular_View_tooth_007.jpg,0.2983,317,653,414,784,97,131
anonymous_003-008-998-01_1730980715687_Mandibular_View.jpg,anonymous_003-008-998-01_1730980715687_Mandibular_View_tooth_008.jpg,0.359,342,58,445,114,103,56
anonymous_003-008-998-01_1730980715687_Mandibular_View.jpg,anonymous_003-008-998-01_1730980715687_Mandibular_View_tooth_009.jpg,0.6034,424,706,513,804,89,98
anonymous_003-008-998-01_1730980715687_Mandibular_View.jpg,anonymous_003-008-998-01_1730980715687_Mandibular_View_tooth_010.jpg,0.4716,451,88,619,160,168,72
anonymous_003-008-998-01_1730980715687_Mandibular_View.jpg,anonymous_003-008-998-01_1730980715687_Mandibular_View_tooth_011.jpg,0.582,535,733,615,813,80,80
anonymous_003-008-998-01_1730980715687_Mandibular_View.jpg,anonymous_003-008-998-01_1730980715687_Mandibular_View_tooth_012.jpg,0.4603,628,741,702,821,74,80
anonymous_003-008-998-01_1730980715687_Mandibular_View.jpg,anonymous_003-008-998-01_1730980715687_Mandibular_View_tooth_013.jpg,0.566,623,109,798,172,175,63
anonymous_003-008-998-01_1730980715687_Mandibular_View.jpg,anonymous_003-008-998-01_1730980715687_Mandibular_View_tooth_014.jpg,0.4239,723,750,805,817,82,67
anonymous_003-008-998-01_1730980715687_Mandibular_View.jpg,anonymous_003-008-998-01_1730980715687_Mandibular_View_tooth_015.jpg,0.4665,812,700,906,817,94,117
anonymous_003-008-998-01_1730980715687_Mandibular_View.jpg,anonymous_003-008-998-01_1730980715687_Mandibular_View_tooth_016.jpg,0.3712,887,654,983,722,96,68
anonymous_003-008-998-01_1730980715687_Mandibular_View.jpg,anonymous_003-008-998-01_1730980715687_Mandibular_View_tooth_017.jpg,0.2984,888,650,986,773,98,123
anonymous_003-008-998-01_1730980715687_Mandibular_View.jpg,anonymous_003-008-998-01_1730980715687_Mandibular_View_tooth_018.jpg,0.3379,890,650,1001,703,111,53
anonymous_003-008-998-01_1730980715687_Mandibular_View.jpg,anonymous_003-008-998-01_1730980715687_Mandibular_View_tooth_019.jpg,0.4566,900,567,1025,656,125,89
anonymous_003-008-998-01_1730980715687_Mandibular_View.jpg,anonymous_003-008-998-01_1730980715687_Mandibular_View_tooth_020.jpg,0.2909,906,567,1019,634,113,67
anonymous_003-008-998-01_1730980715687_Mandibular_View.jpg,anonymous_003-008-998-01_1730980715687_Mandibular_View_tooth_021.jpg,0.2876,916,651,984,777,68,126
anonymous_003-008-998-01_1730980715687_Mandibular_View.jpg,anonymous_003-008-998-01_1730980715687_Mandibular_View_tooth_022.jpg,0.4786,938,464,1093,562,155,98
anonymous_003-008-998-01_1730980715687_Mandibular_View.jpg,anonymous_003-008-998-01_1730980715687_Mandibular_View_tooth_023.jpg,0.5163,946,466,1097,587,151,121
anonymous_003-008-998-01_1730980715687_Mandibular_View.jpg,anonymous_003-008-998-01_1730980715687_Mandibular_View_tooth_024.jpg,0.5835,1009,352,1143,454,134,102
anonymous_003-008-998-01_1730980715687_Mandibular_View.jpg,anonymous_003-008-998-01_1730980715687_Mandibular_View_tooth_025.jpg,0.5621,1013,350,1151,487,138,137
anonymous_003-008-998-01_1730980715687_Mandibular_View.jpg,anonymous_003-008-998-01_1730980715687_Mandibular_View_tooth_026.jpg,0.3968,1082,244,1164,350,82,106
anonymous_003-008-999-00_1730981358006_Mandibular_View.jpg,anonymous_003-008-999-00_1730981358006_Mandibular_View_tooth_000.jpg,0.4298,25,212,124,329,99,117
anonymous_003-008-999-00_1730981358006_Mandibular_View.jpg,anonymous_003-008-999-00_1730981358006_Mandibular_View_tooth_001.jpg,0.5809,54,318,196,430,142,112
anonymous_003-008-999-00_1730981358006_Mandibular_View.jpg,anonymous_003-008-999-00_1730981358006_Mandibular_View_tooth_002.jpg,0.6578,112,429,276,551,164,122
anonymous_003-008-999-00_1730981358006_Mandibular_View.jpg,anonymous_003-008-999-00_1730981358006_Mandibular_View_tooth_003.jpg,0.3122,175,554,317,644,142,90
anonymous_003-008-999-00_1730981358006_Mandibular_View.jpg,anonymous_003-008-999-00_1730981358006_Mandibular_View_tooth_004.jpg,0.2937,247,619,348,732,101,113
anonymous_003-008-999-00_1730981358006_Mandibular_View.jpg,anonymous_003-008-999-00_1730981358006_Mandibular_View_tooth_005.jpg,0.6242,343,668,452,771,109,103
anonymous_003-008-999-00_1730981358006_Mandibular_View.jpg,anonymous_003-008-999-00_1730981358006_Mandibular_View_tooth_006.jpg,0.5438,463,718,556,797,93,79
anonymous_003-008-999-00_1730981358006_Mandibular_View.jpg,anonymous_003-008-999-00_1730981358006_Mandibular_View_tooth_007.jpg,0.4859,574,734,651,813,77,79
anonymous_003-008-999-00_1730981358006_Mandibular_View.jpg,anonymous_003-008-999-00_1730981358006_Mandibular_View_tooth_008.jpg,0.5905,657,745,732,825,75,80
anonymous_003-008-999-00_1730981358006_Mandibular_View.jpg,anonymous_003-008-999-00_1730981358006_Mandibular_View_tooth_009.jpg,0.6047,751,749,826,822,75,73
anonymous_003-008-999-00_1730981358006_Mandibular_View.jpg,anonymous_003-008-999-00_1730981358006_Mandibular_View_tooth_010.jpg,0.3928,830,702,921,819,91,117
anonymous_003-008-999-00_1730981358006_Mandibular_View.jpg,anonymous_003-008-999-00_1730981358006_Mandibular_View_tooth_011.jpg,0.3523,898,588,1033,652,135,64
anonymous_003-008-999-00_1730981358006_Mandibular_View.jpg,anonymous_003-008-999-00_1730981358006_Mandibular_View_tooth_012.jpg,0.3515,912,494,1067,647,155,153
anonymous_003-008-999-00_1730981358006_Mandibular_View.jpg,anonymous_003-008-999-00_1730981358006_Mandibular_View_tooth_013.jpg,0.4006,923,492,1066,600,143,108
anonymous_003-008-999-00_1730981358006_Mandibular_View.jpg,anonymous_003-008-999-00_1730981358006_Mandibular_View_tooth_014.jpg,0.5265,976,392,1108,511,132,119
anonymous_003-008-999-00_1730981358006_Mandibular_View.jpg,anonymous_003-008-999-00_1730981358006_Mandibular_View_tooth_015.jpg,0.4094,1044,295,1129,387,85,92
anonymous_003-009-1194-00_1732775915152_Right_Lateral_View.jpg,anonymous_003-009-1194-00_1732775915152_Right_Lateral_View_tooth_000.jpg,0.3931,297,510,480,657,183,147
anonymous_003-009-1194-00_1732775915152_Right_Lateral_View.jpg,anonymous_003-009-1194-00_1732775915152_Right_Lateral_View_tooth_001.jpg,0.2674,518,552,662,773,144,221
anonymous_003-009-1194-00_1732775915152_Right_Lateral_View.jpg,anonymous_003-009-1194-00_1732775915152_Right_Lateral_View_tooth_002.jpg,0.7858,519,357,739,545,220,188
anonymous_003-009-1194-00_1732775915152_Right_Lateral_View.jpg,anonymous_003-009-1194-00_1732775915152_Right_Lateral_View_tooth_003.jpg,0.3138,519,555,845,783,326,228
anonymous_003-009-1194-00_1732775915152_Right_Lateral_View.jpg,anonymous_003-009-1194-00_1732775915152_Right_Lateral_View_tooth_004.jpg,0.5938,599,554,846,768,247,214
anonymous_003-009-1194-00_1732775915152_Right_Lateral_View.jpg,anonymous_003-009-1194-00_1732775915152_Right_Lateral_View_tooth_005.jpg,0.8173,763,310,990,548,227,238
anonymous_003-009-1194-00_1732775915152_Right_Lateral_View.jpg,anonymous_003-009-1194-00_1732775915152_Right_Lateral_View_tooth_006.jpg,0.8156,876,554,1135,824,259,270
anonymous_003-009-1194-00_1732775915152_Right_Lateral_View.jpg,anonymous_003-009-1194-00_1732775915152_Right_Lateral_View_tooth_007.jpg,0.7241,1051,266,1289,531,238,265
anonymous_003-009-1194-00_1732775915152_Right_Lateral_View.jpg,anonymous_003-009-1194-00_1732775915152_Right_Lateral_View_tooth_008.jpg,0.7049,1175,565,1487,908,312,343
anonymous_003-009-1194-00_1732775915152_Right_Lateral_View.jpg,anonymous_003-009-1194-00_1732775915152_Right_Lateral_View_tooth_009.jpg,0.6768,1342,133,1529,491,187,358
anonymous_003-009-1198-00_1732783792820_Left_Lateral_View.jpg,anonymous_003-009-1198-00_1732783792820_Left_Lateral_View_tooth_000.jpg,0.8125,0,486,235,937,235,451
anonymous_003-009-1198-00_1732783792820_Left_Lateral_View.jpg,anonymous_003-009-1198-00_1732783792820_Left_Lateral_View_tooth_001.jpg,0.3035,8,937,280,1179,272,242
anonymous_003-009-1198-00_1732783792820_Left_Lateral_View.jpg,anonymous_003-009-1198-00_1732783792820_Left_Lateral_View_tooth_002.jpg,0.7318,258,421,525,796,267,375
anonymous_003-009-1198-00_1732783792820_Left_Lateral_View.jpg,anonymous_003-009-1198-00_1732783792820_Left_Lateral_View_tooth_003.jpg,0.369,332,810,594,1019,262,209
anonymous_003-009-1198-00_1732783792820_Left_Lateral_View.jpg,anonymous_003-009-1198-00_1732783792820_Left_Lateral_View_tooth_004.jpg,0.558,541,636,791,835,250,199
anonymous_003-009-1198-00_1732783792820_Left_Lateral_View.jpg,anonymous_003-009-1198-00_1732783792820_Left_Lateral_View_tooth_005.jpg,0.4801,563,614,799,813,236,199
anonymous_003-009-1198-00_1732783792820_Left_Lateral_View.jpg,anonymous_003-009-1198-00_1732783792820_Left_Lateral_View_tooth_006.jpg,0.4533,871,518,1116,754,245,236
anonymous_003-009-1198-00_1732783792820_Left_Lateral_View.jpg,anonymous_003-009-1198-00_1732783792820_Left_Lateral_View_tooth_007.jpg,0.5326,1148,408,1357,634,209,226
anonymous_003-009-1198-00_1732783792820_Left_Lateral_View.jpg,anonymous_003-009-1198-00_1732783792820_Left_Lateral_View_tooth_008.jpg,0.4706,1151,445,1337,642,186,197
anonymous_003-009-702-01_1729333600227_Maxillary_Occlusal_View.jpg,anonymous_003-009-702-01_1729333600227_Maxillary_Occlusal_View_tooth_000.jpg,0.4558,183,1237,489,1466,306,229
anonymous_003-009-702-01_1729333600227_Maxillary_Occlusal_View.jpg,anonymous_003-009-702-01_1729333600227_Maxillary_Occlusal_View_tooth_001.jpg,0.5994,233,977,550,1214,317,237
anonymous_003-009-702-01_1729333600227_Maxillary_Occlusal_View.jpg,anonymous_003-009-702-01_1729333600227_Maxillary_Occlusal_View_tooth_002.jpg,0.5458,344,803,593,946,249,143
anonymous_003-009-702-01_1729333600227_Maxillary_Occlusal_View.jpg,anonymous_003-009-702-01_1729333600227_Maxillary_Occlusal_View_tooth_003.jpg,0.6063,407,602,674,763,267,161
anonymous_003-009-702-01_1729333600227_Maxillary_Occlusal_View.jpg,anonymous_003-009-702-01_1729333600227_Maxillary_Occlusal_View_tooth_004.jpg,0.4615,495,346,688,565,193,219
anonymous_003-009-702-01_1729333600227_Maxillary_Occlusal_View.jpg,anonymous_003-009-702-01_1729333600227_Maxillary_Occlusal_View_tooth_005.jpg,0.5194,682,168,841,362,159,194
anonymous_003-009-702-01_1729333600227_Maxillary_Occlusal_View.jpg,anonymous_003-009-702-01_1729333600227_Maxillary_Occlusal_View_tooth_006.jpg,0.5392,878,82,1185,272,307,190
anonymous_003-009-702-01_1729333600227_Maxillary_Occlusal_View.jpg,anonymous_003-009-702-01_1729333600227_Maxillary_Occlusal_View_tooth_007.jpg,0.5816,1212,51,1489,191,277,140
anonymous_003-009-702-01_1729333600227_Maxillary_Occlusal_View.jpg,anonymous_003-009-702-01_1729333600227_Maxillary_Occlusal_View_tooth_008.jpg,0.4123,1521,138,1702,298,181,160
anonymous_003-009-702-01_1729333600227_Maxillary_Occlusal_View.jpg,anonymous_003-009-702-01_1729333600227_Maxillary_Occlusal_View_tooth_009.jpg,0.4085,1647,322,1824,474,177,152
anonymous_003-009-702-01_1729333600227_Maxillary_Occlusal_View.jpg,anonymous_003-009-702-01_1729333600227_Maxillary_Occlusal_View_tooth_010.jpg,0.6665,1664,511,1928,650,264,139
anonymous_003-009-702-01_1729333600227_Maxillary_Occlusal_View.jpg,anonymous_003-009-702-01_1729333600227_Maxillary_Occlusal_View_tooth_011.jpg,0.6611,1764,692,1970,835,206,143
anonymous_003-009-702-01_1729333600227_Maxillary_Occlusal_View.jpg,anonymous_003-009-702-01_1729333600227_Maxillary_Occlusal_View_tooth_012.jpg,0.6247,1758,846,2062,1048,304,202
anonymous_003-009-702-01_1729333600227_Maxillary_Occlusal_View.jpg,anonymous_003-009-702-01_1729333600227_Maxillary_Occlusal_View_tooth_013.jpg,0.3876,1817,1065,2057,1268,240,203
anonymous_003-009-703-00_1729334403549_Maxillary_Occlusal_View.jpg,anonymous_003-009-703-00_1729334403549_Maxillary_Occlusal_View_tooth_000.jpg,0.3295,39,838,247,996,208,158
anonymous_003-009-703-00_1729334403549_Maxillary_Occlusal_View.jpg,anonymous_003-009-703-00_1729334403549_Maxillary_Occlusal_View_tooth_001.jpg,0.3322,40,891,242,993,202,102
anonymous_003-009-703-00_1729334403549_Maxillary_Occlusal_View.jpg,anonymous_003-009-703-00_1729334403549_Maxillary_Occlusal_View_tooth_002.jpg,0.7594,128,608,366,799,238,191
anonymous_003-009-703-00_1729334403549_Maxillary_Occlusal_View.jpg,anonymous_003-009-703-00_1729334403549_Maxillary_Occlusal_View_tooth_003.jpg,0.4198,273,499,447,615,174,116
anonymous_003-009-703-00_1729334403549_Maxillary_Occlusal_View.jpg,anonymous_003-009-703-00_1729334403549_Maxillary_Occlusal_View_tooth_004.jpg,0.5101,352,357,545,484,193,127
anonymous_003-009-703-00_1729334403549_Maxillary_Occlusal_View.jpg,anonymous_003-009-703-00_1729334403549_Maxillary_Occlusal_View_tooth_005.jpg,0.3913,471,225,623,345,152,120
anonymous_003-009-703-00_1729334403549_Maxillary_Occlusal_View.jpg,anonymous_003-009-703-00_1729334403549_Maxillary_Occlusal_View_tooth_006.jpg,0.4588,816,89,1058,162,242,73
anonymous_003-009-703-00_1729334403549_Maxillary_Occlusal_View.jpg,anonymous_003-009-703-00_1729334403549_Maxillary_Occlusal_View_tooth_007.jpg,0.2935,1063,114,1268,206,205,92
anonymous_003-009-703-00_1729334403549_Maxillary_Occlusal_View.jpg,anonymous_003-009-703-00_1729334403549_Maxillary_Occlusal_View_tooth_008.jpg,0.6699,1291,747,1527,896,236,149
anonymous_003-009-703-00_1729334403549_Maxillary_Occlusal_View.jpg,anonymous_003-009-703-00_1729334403549_Maxillary_Occlusal_View_tooth_009.jpg,0.4957,1298,927,1493,1041,195,114
anonymous_003-009-703-00_1729334403549_Maxillary_Occlusal_View.jpg,anonymous_003-009-703-00_1729334403549_Maxillary_Occlusal_View_tooth_010.jpg,0.5774,1305,478,1487,593,182,115
anonymous_003-009-703-00_1729334403549_Maxillary_Occlusal_View.jpg,anonymous_003-009-703-00_1729334403549_Maxillary_Occlusal_View_tooth_011.jpg,0.5644,1324,625,1498,722,174,97
anonymous_003-009-703-00_1729334403549_Maxillary_Occlusal_View.jpg,anonymous_003-009-703-00_1729334403549_Maxillary_Occlusal_View_tooth_012.jpg,0.4444,1328,338,1455,441,127,103
anonymous_003-009-704-01_1729339214008_Maxillary_Occlusal_View.jpg,anonymous_003-009-704-01_1729339214008_Maxillary_Occlusal_View_tooth_000.jpg,0.3569,94,791,275,898,181,107
anonymous_003-009-704-01_1729339214008_Maxillary_Occlusal_View.jpg,anonymous_003-009-704-01_1729339214008_Maxillary_Occlusal_View_tooth_001.jpg,0.5419,113,644,293,768,180,124
anonymous_003-009-704-01_1729339214008_Maxillary_Occlusal_View.jpg,anonymous_003-009-704-01_1729339214008_Maxillary_Occlusal_View_tooth_002.jpg,0.4671,191,542,366,634,175,92
anonymous_003-009-704-01_1729339214008_Maxillary_Occlusal_View.jpg,anonymous_003-009-704-01_1729339214008_Maxillary_Occlusal_View_tooth_003.jpg,0.2674,205,563,361,637,156,74
anonymous_003-009-704-01_1729339214008_Maxillary_Occlusal_View.jpg,anonymous_003-009-704-01_1729339214008_Maxillary_Occlusal_View_tooth_004.jpg,0.5014,262,424,439,540,177,116
anonymous_003-009-704-01_1729339214008_Maxillary_Occlusal_View.jpg,anonymous_003-009-704-01_1729339214008_Maxillary_Occlusal_View_tooth_005.jpg,0.5526,352,258,476,407,124,149
anonymous_003-009-704-01_1729339214008_Maxillary_Occlusal_View.jpg,anonymous_003-009-704-01_1729339214008_Maxillary_Occlusal_View_tooth_006.jpg,0.4673,484,186,591,301,107,115
anonymous_003-009-704-01_1729339214008_Maxillary_Occlusal_View.jpg,anonymous_003-009-704-01_1729339214008_Maxillary_Occlusal_View_tooth_007.jpg,0.7553,621,138,822,239,201,101
anonymous_003-009-704-01_1729339214008_Maxillary_Occlusal_View.jpg,anonymous_003-009-704-01_1729339214008_Maxillary_Occlusal_View_tooth_008.jpg,0.534,829,128,1016,239,187,111
anonymous_003-009-704-01_1729339214008_Maxillary_Occlusal_View.jpg,anonymous_003-009-704-01_1729339214008_Maxillary_Occlusal_View_tooth_009.jpg,0.3131,1089,282,1240,409,151,127
anonymous_003-009-704-01_1729339214008_Maxillary_Occlusal_View.jpg,anonymous_003-009-704-01_1729339214008_Maxillary_Occlusal_View_tooth_010.jpg,0.56,1133,429,1305,536,172,107
anonymous_003-009-704-01_1729339214008_Maxillary_Occlusal_View.jpg,anonymous_003-009-704-01_1729339214008_Maxillary_Occlusal_View_tooth_011.jpg,0.438,1195,549,1371,633,176,84
anonymous_003-009-704-01_1729339214008_Maxillary_Occlusal_View.jpg,anonymous_003-009-704-01_1729339214008_Maxillary_Occlusal_View_tooth_012.jpg,0.4556,1215,794,1397,899,182,105
anonymous_003-009-704-01_1729339214008_Maxillary_Occlusal_View.jpg,anonymous_003-009-704-01_1729339214008_Maxillary_Occlusal_View_tooth_013.jpg,0.484,1220,656,1423,773,203,117
anonymous_003-009-707-00_1729343513251_Right_Lateral_View.jpg,anonymous_003-009-707-00_1729343513251_Right_Lateral_View_tooth_000.jpg,0.3731,256,270,410,424,154,154
anonymous_003-009-707-00_1729343513251_Right_Lateral_View.jpg,anonymous_003-009-707-00_1729343513251_Right_Lateral_View_tooth_001.jpg,0.4168,358,447,569,544,211,97
anonymous_003-009-707-00_1729343513251_Right_Lateral_View.jpg,anonymous_003-009-707-00_1729343513251_Right_Lateral_View_tooth_002.jpg,0.5209,422,260,577,441,155,181
anonymous_003-009-707-00_1729343513251_Right_Lateral_View.jpg,anonymous_003-009-707-00_1729343513251_Right_Lateral_View_tooth_003.jpg,0.5052,587,452,772,595,185,143
anonymous_003-009-707-00_1729343513251_Right_Lateral_View.jpg,anonymous_003-009-707-00_1729343513251_Right_Lateral_View_tooth_004.jpg,0.799,599,215,797,455,198,240
anonymous_003-009-707-00_1729343513251_Right_Lateral_View.jpg,anonymous_003-009-707-00_1729343513251_Right_Lateral_View_tooth_005.jpg,0.5539,793,449,957,654,164,205
anonymous_003-009-707-00_1729343513251_Right_Lateral_View.jpg,anonymous_003-009-707-00_1729343513251_Right_Lateral_View_tooth_006.jpg,0.2518,826,83,1061,353,235,270
anonymous_003-009-707-00_1729343513251_Right_Lateral_View.jpg,anonymous_003-009-707-00_1729343513251_Right_Lateral_View_tooth_007.jpg,0.6273,826,86,1093,453,267,367
anonymous_003-009-707-00_1729343513251_Right_Lateral_View.jpg,anonymous_003-009-707-00_1729343513251_Right_Lateral_View_tooth_008.jpg,0.5826,1069,389,1206,679,137,290
anonymous_003-009-707-00_1729343513251_Right_Lateral_View.jpg,anonymous_003-009-707-00_1729343513251_Right_Lateral_View_tooth_009.jpg,0.542,1119,73,1206,386,87,313
anonymous_004-007-1027-01_1731221247182_Frontal_View.jpg,anonymous_004-007-1027-01_1731221247182_Frontal_View_tooth_000.jpg,0.7068,378,251,578,547,200,296
anonymous_004-007-1027-01_1731221247182_Frontal_View.jpg,anonymous_004-007-1027-01_1731221247182_Frontal_View_tooth_001.jpg,0.3804,430,650,600,864,170,214
anonymous_004-007-1027-01_1731221247182_Frontal_View.jpg,anonymous_004-007-1027-01_1731221247182_Frontal_View_tooth_002.jpg,0.492,594,724,732,920,138,196
anonymous_004-007-1027-01_1731221247182_Frontal_View.jpg,anonymous_004-007-1027-01_1731221247182_Frontal_View_tooth_003.jpg,0.2558,617,705,735,908,118,203
anonymous_004-007-1027-01_1731221247182_Frontal_View.jpg,anonymous_004-007-1027-01_1731221247182_Frontal_View_tooth_004.jpg,0.7762,681,353,945,631,264,278
anonymous_004-007-1027-01_1731221247182_Frontal_View.jpg,anonymous_004-007-1027-01_1731221247182_Frontal_View_tooth_005.jpg,0.547,740,642,857,835,117,193
anonymous_004-007-1027-01_1731221247182_Frontal_View.jpg,anonymous_004-007-1027-01_1731221247182_Frontal_View_tooth_006.jpg,0.4542,879,636,1023,851,144,215
anonymous_004-007-1027-01_1731221247182_Frontal_View.jpg,anonymous_004-007-1027-01_1731221247182_Frontal_View_tooth_007.jpg,0.752,884,635,1030,915,146,280
anonymous_004-007-1027-01_1731221247182_Frontal_View.jpg,anonymous_004-007-1027-01_1731221247182_Frontal_View_tooth_008.jpg,0.819,979,357,1244,636,265,279
anonymous_004-007-1027-01_1731221247182_Frontal_View.jpg,anonymous_004-007-1027-01_1731221247182_Frontal_View_tooth_009.jpg,0.7721,1055,641,1221,898,166,257
anonymous_004-007-1027-01_1731221247182_Frontal_View.jpg,anonymous_004-007-1027-01_1731221247182_Frontal_View_tooth_010.jpg,0.7287,1225,639,1400,886,175,247
anonymous_004-007-1027-01_1731221247182_Frontal_View.jpg,anonymous_004-007-1027-01_1731221247182_Frontal_View_tooth_011.jpg,0.5692,1259,387,1420,602,161,215
anonymous_004-007-1027-01_1731221247182_Frontal_View.jpg,anonymous_004-007-1027-01_1731221247182_Frontal_View_tooth_012.jpg,0.3954,1439,333,1557,552,118,219
anonymous_004-007-1028-00_1731221772302_Frontal_View.jpg,anonymous_004-007-1028-00_1731221772302_Frontal_View_tooth_000.jpg,0.2993,265,528,469,768,204,240
anonymous_004-007-1028-00_1731221772302_Frontal_View.jpg,anonymous_004-007-1028-00_1731221772302_Frontal_View_tooth_001.jpg,0.742,271,81,491,399,220,318
anonymous_004-007-1028-00_1731221772302_Frontal_View.jpg,anonymous_004-007-1028-00_1731221772302_Frontal_View_tooth_002.jpg,0.5111,459,592,629,829,170,237
anonymous_004-007-1028-00_1731221772302_Frontal_View.jpg,anonymous_004-007-1028-00_1731221772302_Frontal_View_tooth_003.jpg,0.3395,482,621,623,818,141,197
anonymous_004-007-1028-00_1731221772302_Frontal_View.jpg,anonymous_004-007-1028-00_1731221772302_Frontal_View_tooth_004.jpg,0.7575,604,179,924,502,320,323
anonymous_004-007-1028-00_1731221772302_Frontal_View.jpg,anonymous_004-007-1028-00_1731221772302_Frontal_View_tooth_005.jpg,0.712,628,505,775,759,147,254
anonymous_004-007-1028-00_1731221772302_Frontal_View.jpg,anonymous_004-007-1028-00_1731221772302_Frontal_View_tooth_006.jpg,0.803,788,493,969,839,181,346
anonymous_004-007-1028-00_1731221772302_Frontal_View.jpg,anonymous_004-007-1028-00_1731221772302_Frontal_View_tooth_007.jpg,0.8703,943,198,1224,510,281,312
anonymous_004-007-1028-00_1731221772302_Frontal_View.jpg,anonymous_004-007-1028-00_1731221772302_Frontal_View_tooth_008.jpg,0.8254,985,510,1166,819,181,309
anonymous_004-007-1028-00_1731221772302_Frontal_View.jpg,anonymous_004-007-1028-00_1731221772302_Frontal_View_tooth_009.jpg,0.7019,1170,531,1358,806,188,275
anonymous_004-007-1028-00_1731221772302_Frontal_View.jpg,anonymous_004-007-1028-00_1731221772302_Frontal_View_tooth_010.jpg,0.694,1248,248,1412,474,164,226
anonymous_004-007-1028-00_1731221772302_Frontal_View.jpg,anonymous_004-007-1028-00_1731221772302_Frontal_View_tooth_011.jpg,0.3404,1432,210,1546,435,114,225
anonymous_004-007-1321-00_1733473332768_Right_Lateral_View.jpg,anonymous_004-007-1321-00_1733473332768_Right_Lateral_View_tooth_000.jpg,0.548,308,613,483,744,175,131
anonymous_004-007-1321-00_1733473332768_Right_Lateral_View.jpg,anonymous_004-007-1321-00_1733473332768_Right_Lateral_View_tooth_001.jpg,0.7102,423,740,647,925,224,185
anonymous_004-007-1321-00_1733473332768_Right_Lateral_View.jpg,anonymous_004-007-1321-00_1733473332768_Right_Lateral_View_tooth_002.jpg,0.3954,453,740,646,880,193,140
anonymous_004-007-1321-00_1733473332768_Right_Lateral_View.jpg,anonymous_004-007-1321-00_1733473332768_Right_Lateral_View_tooth_003.jpg,0.6047,520,575,678,729,158,154
anonymous_004-007-1321-00_1733473332768_Right_Lateral_View.jpg,anonymous_004-007-1321-00_1733473332768_Right_Lateral_View_tooth_004.jpg,0.6469,669,728,820,896,151,168
anonymous_004-007-1321-00_1733473332768_Right_Lateral_View.jpg,anonymous_004-007-1321-00_1733473332768_Right_Lateral_View_tooth_005.jpg,0.7571,697,503,865,723,168,220
anonymous_004-007-1321-00_1733473332768_Right_Lateral_View.jpg,anonymous_004-007-1321-00_1733473332768_Right_Lateral_View_tooth_006.jpg,0.6662,850,698,1033,916,183,218
anonymous_004-007-1321-00_1733473332768_Right_Lateral_View.jpg,anonymous_004-007-1321-00_1733473332768_Right_Lateral_View_tooth_007.jpg,0.4857,889,326,1128,697,239,371
anonymous_004-007-1321-00_1733473332768_Right_Lateral_View.jpg,anonymous_004-007-1321-00_1733473332768_Right_Lateral_View_tooth_008.jpg,0.7444,1092,629,1307,984,215,355
anonymous_004-007-1321-00_1733473332768_Right_Lateral_View.jpg,anonymous_004-007-1321-00_1733473332768_Right_Lateral_View_tooth_009.jpg,0.7763,1147,360,1375,618,228,258
anonymous_004-007-1321-00_1733473332768_Right_Lateral_View.jpg,anonymous_004-007-1321-00_1733473332768_Right_Lateral_View_tooth_010.jpg,0.2708,1373,626,1449,726,76,100
anonymous_004-007-924-01_1730701589918_Frontal_View.jpg,anonymous_004-007-924-01_1730701589918_Frontal_View_tooth_000.jpg,0.3716,218,307,282,390,64,83
anonymous_004-007-924-01_1730701589918_Frontal_View.jpg,anonymous_004-007-924-01_1730701589918_Frontal_View_tooth_001.jpg,0.3987,294,458,363,560,69,102
anonymous_004-007-924-01_1730701589918_Frontal_View.jpg,anonymous_004-007-924-01_1730701589918_Frontal_View_tooth_002.jpg,0.4499,300,263,382,380,82,117
anonymous_004-007-924-01_1730701589918_Frontal_View.jpg,anonymous_004-007-924-01_1730701589918_Frontal_View_tooth_003.jpg,0.7277,380,434,488,574,108,140
anonymous_004-007-924-01_1730701589918_Frontal_View.jpg,anonymous_004-007-924-01_1730701589918_Frontal_View_tooth_004.jpg,0.6804,396,230,510,401,114,171
anonymous_004-007-924-01_1730701589918_Frontal_View.jpg,anonymous_004-007-924-01_1730701589918_Frontal_View_tooth_005.jpg,0.8344,504,424,634,635,130,211
anonymous_004-007-924-01_1730701589918_Frontal_View.jpg,anonymous_004-007-924-01_1730701589918_Frontal_View_tooth_006.jpg,0.8437,542,187,767,440,225,253
anonymous_004-007-924-01_1730701589918_Frontal_View.jpg,anonymous_004-007-924-01_1730701589918_Frontal_View_tooth_007.jpg,0.7278,659,422,772,631,113,209
anonymous_004-007-924-01_1730701589918_Frontal_View.jpg,anonymous_004-007-924-01_1730701589918_Frontal_View_tooth_008.jpg,0.7704,797,422,922,621,125,199
anonymous_004-007-924-01_1730701589918_Frontal_View.jpg,anonymous_004-007-924-01_1730701589918_Frontal_View_tooth_009.jpg,0.8253,792,201,1001,434,209,233
anonymous_004-007-924-01_1730701589918_Frontal_View.jpg,anonymous_004-007-924-01_1730701589918_Frontal_View_tooth_010.jpg,0.7202,940,432,1044,601,104,169
anonymous_004-007-924-01_1730701589918_Frontal_View.jpg,anonymous_004-007-924-01_1730701589918_Frontal_View_tooth_011.jpg,0.7685,1035,229,1141,398,106,169
anonymous_004-007-924-01_1730701589918_Frontal_View.jpg,anonymous_004-007-924-01_1730701589918_Frontal_View_tooth_012.jpg,0.5374,1077,444,1162,558,85,114
anonymous_004-007-924-01_1730701589918_Frontal_View.jpg,anonymous_004-007-924-01_1730701589918_Frontal_View_tooth_013.jpg,0.5147,1157,278,1227,386,70,108
anonymous_004-007-924-01_1730701589918_Frontal_View.jpg,anonymous_004-007-924-01_1730701589918_Frontal_View_tooth_014.jpg,0.3254,1241,293,1349,397,108,104
anonymous_004-008-1089-01_1732187905742_Mandibular_View.jpg,anonymous_004-008-1089-01_1732187905742_Mandibular_View_tooth_000.jpg,0.6271,71,238,271,416,200,178
anonymous_004-008-1089-01_1732187905742_Mandibular_View.jpg,anonymous_004-008-1089-01_1732187905742_Mandibular_View_tooth_001.jpg,0.5864,133,424,323,588,190,164
anonymous_004-008-1089-01_1732187905742_Mandibular_View.jpg,anonymous_004-008-1089-01_1732187905742_Mandibular_View_tooth_002.jpg,0.3417,192,0,453,70,261,70
anonymous_004-008-1089-01_1732187905742_Mandibular_View.jpg,anonymous_004-008-1089-01_1732187905742_Mandibular_View_tooth_003.jpg,0.5447,234,610,374,708,140,98
anonymous_004-008-1089-01_1732187905742_Mandibular_View.jpg,anonymous_004-008-1089-01_1732187905742_Mandibular_View_tooth_004.jpg,0.4974,306,724,441,834,135,110
anonymous_004-008-1089-01_1732187905742_Mandibular_View.jpg,anonymous_004-008-1089-01_1732187905742_Mandibular_View_tooth_005.jpg,0.2648,419,829,511,962,92,133
anonymous_004-008-1089-01_1732187905742_Mandibular_View.jpg,anonymous_004-008-1089-01_1732187905742_Mandibular_View_tooth_006.jpg,0.8622,463,0,771,106,308,106
anonymous_004-008-1089-01_1732187905742_Mandibular_View.jpg,anonymous_004-008-1089-01_1732187905742_Mandibular_View_tooth_007.jpg,0.3728,705,915,816,999,111,84
anonymous_004-008-1089-01_1732187905742_Mandibular_View.jpg,anonymous_004-008-1089-01_1732187905742_Mandibular_View_tooth_008.jpg,0.592,800,0,1094,84,294,84
anonymous_004-008-1089-01_1732187905742_Mandibular_View.jpg,anonymous_004-008-1089-01_1732187905742_Mandibular_View_tooth_009.jpg,0.3699,856,911,965,986,109,75
anonymous_004-008-1089-01_1732187905742_Mandibular_View.jpg,anonymous_004-008-1089-01_1732187905742_Mandibular_View_tooth_010.jpg,0.4359,994,893,1104,973,110,80
anonymous_004-008-1089-01_1732187905742_Mandibular_View.jpg,anonymous_004-008-1089-01_1732187905742_Mandibular_View_tooth_011.jpg,0.2545,1118,817,1218,956,100,139
anonymous_004-008-1089-01_1732187905742_Mandibular_View.jpg,anonymous_004-008-1089-01_1732187905742_Mandibular_View_tooth_012.jpg,0.3772,1120,0,1285,78,165,78
anonymous_004-008-1089-01_1732187905742_Mandibular_View.jpg,anonymous_004-008-1089-01_1732187905742_Mandibular_View_tooth_013.jpg,0.4662,1257,628,1381,710,124,82
anonymous_004-008-1089-01_1732187905742_Mandibular_View.jpg,anonymous_004-008-1089-01_1732187905742_Mandibular_View_tooth_014.jpg,0.6643,1290,434,1459,606,169,172
anonymous_004-008-1089-01_1732187905742_Mandibular_View.jpg,anonymous_004-008-1089-01_1732187905742_Mandibular_View_tooth_015.jpg,0.3032,1312,0,1418,112,106,112
anonymous_004-008-1089-01_1732187905742_Mandibular_View.jpg,anonymous_004-008-1089-01_1732187905742_Mandibular_View_tooth_016.jpg,0.7412,1326,246,1498,417,172,171
anonymous_004-008-1330-01_1733492594752_Maxillary_Occlusal_View.jpg,anonymous_004-008-1330-01_1733492594752_Maxillary_Occlusal_View_tooth_000.jpg,0.2984,51,924,279,1080,228,156
anonymous_004-008-1330-01_1733492594752_Maxillary_Occlusal_View.jpg,anonymous_004-008-1330-01_1733492594752_Maxillary_Occlusal_View_tooth_001.jpg,0.4926,84,764,326,916,242,152
anonymous_004-008-1330-01_1733492594752_Maxillary_Occlusal_View.jpg,anonymous_004-008-1330-01_1733492594752_Maxillary_Occlusal_View_tooth_002.jpg,0.6303,142,635,362,760,220,125
anonymous_004-008-1330-01_1733492594752_Maxillary_Occlusal_View.jpg,anonymous_004-008-1330-01_1733492594752_Maxillary_Occlusal_View_tooth_003.jpg,0.6532,179,471,400,624,221,153
anonymous_004-008-1330-01_1733492594752_Maxillary_Occlusal_View.jpg,anonymous_004-008-1330-01_1733492594752_Maxillary_Occlusal_View_tooth_004.jpg,0.2673,259,294,390,446,131,152
anonymous_004-008-1330-01_1733492594752_Maxillary_Occlusal_View.jpg,anonymous_004-008-1330-01_1733492594752_Maxillary_Occlusal_View_tooth_005.jpg,0.515,257,304,422,458,165,154
anonymous_004-008-1330-01_1733492594752_Maxillary_Occlusal_View.jpg,anonymous_004-008-1330-01_1733492594752_Maxillary_Occlusal_View_tooth_006.jpg,0.437,400,208,536,332,136,124
anonymous_004-008-1330-01_1733492594752_Maxillary_Occlusal_View.jpg,anonymous_004-008-1330-01_1733492594752_Maxillary_Occlusal_View_tooth_007.jpg,0.6563,555,155,782,242,227,87
anonymous_004-008-1330-01_1733492594752_Maxillary_Occlusal_View.jpg,anonymous_004-008-1330-01_1733492594752_Maxillary_Occlusal_View_tooth_008.jpg,0.5213,803,137,1020,237,217,100
anonymous_004-008-1330-01_1733492594752_Maxillary_Occlusal_View.jpg,anonymous_004-008-1330-01_1733492594752_Maxillary_Occlusal_View_tooth_009.jpg,0.5098,1047,188,1183,288,136,100
anonymous_004-008-1330-01_1733492594752_Maxillary_Occlusal_View.jpg,anonymous_004-008-1330-01_1733492594752_Maxillary_Occlusal_View_tooth_010.jpg,0.6072,1176,264,1339,429,163,165
anonymous_004-008-1330-01_1733492594752_Maxillary_Occlusal_View.jpg,anonymous_004-008-1330-01_1733492594752_Maxillary_Occlusal_View_tooth_011.jpg,0.7116,1211,446,1445,595,234,149
anonymous_004-008-1330-01_1733492594752_Maxillary_Occlusal_View.jpg,anonymous_004-008-1330-01_1733492594752_Maxillary_Occlusal_View_tooth_012.jpg,0.6394,1290,610,1495,733,205,123
anonymous_004-008-1330-01_1733492594752_Maxillary_Occlusal_View.jpg,anonymous_004-008-1330-01_1733492594752_Maxillary_Occlusal_View_tooth_013.jpg,0.4876,1353,749,1613,884,260,135
anonymous_004-008-1331-00_1733493131375_Mandibular_View.jpg,anonymous_004-008-1331-00_1733493131375_Mandibular_View_tooth_000.jpg,0.6604,60,210,219,365,159,155
anonymous_004-008-1331-00_1733493131375_Mandibular_View.jpg,anonymous_004-008-1331-00_1733493131375_Mandibular_View_tooth_001.jpg,0.6004,105,367,248,510,143,143
anonymous_004-008-1331-00_1733493131375_Mandibular_View.jpg,anonymous_004-008-1331-00_1733493131375_Mandibular_View_tooth_002.jpg,0.644,164,505,293,602,129,97
anonymous_004-008-1331-00_1733493131375_Mandibular_View.jpg,anonymous_004-008-1331-00_1733493131375_Mandibular_View_tooth_003.jpg,0.5998,218,611,321,721,103,110
anonymous_004-008-1331-00_1733493131375_Mandibular_View.jpg,anonymous_004-008-1331-00_1733493131375_Mandibular_View_tooth_004.jpg,0.3559,307,684,387,806,80,122
anonymous_004-008-1331-00_1733493131375_Mandibular_View.jpg,anonymous_004-008-1331-00_1733493131375_Mandibular_View_tooth_005.jpg,0.3966,419,733,507,823,88,90
anonymous_004-008-1331-00_1733493131375_Mandibular_View.jpg,anonymous_004-008-1331-00_1733493131375_Mandibular_View_tooth_006.jpg,0.5731,528,763,624,866,96,103
anonymous_004-008-1331-00_1733493131375_Mandibular_View.jpg,anonymous_004-008-1331-00_1733493131375_Mandibular_View_tooth_007.jpg,0.5441,638,767,730,858,92,91
anonymous_004-008-1331-00_1733493131375_Mandibular_View.jpg,anonymous_004-008-1331-00_1733493131375_Mandibular_View_tooth_008.jpg,0.4029,749,737,837,828,88,91
anonymous_004-008-1331-00_1733493131375_Mandibular_View.jpg,anonymous_004-008-1331-00_1733493131375_Mandibular_View_tooth_009.jpg,0.352,853,697,935,816,82,119
anonymous_004-008-1331-00_1733493131375_Mandibular_View.jpg,anonymous_004-008-1331-00_1733493131375_Mandibular_View_tooth_010.jpg,0.4294,902,609,1032,752,130,143
anonymous_004-008-1331-00_1733493131375_Mandibular_View.jpg,anonymous_004-008-1331-00_1733493131375_Mandibular_View_tooth_011.jpg,0.3261,903,613,1031,695,128,82
anonymous_004-008-1331-00_1733493131375_Mandibular_View.jpg,anonymous_004-008-1331-00_1733493131375_Mandibular_View_tooth_012.jpg,0.3256,906,611,1023,671,117,60
anonymous_004-008-1331-00_1733493131375_Mandibular_View.jpg,anonymous_004-008-1331-00_1733493131375_Mandibular_View_tooth_013.jpg,0.4852,941,512,1061,602,120,90
anonymous_004-008-1331-00_1733493131375_Mandibular_View.jpg,anonymous_004-008-1331-00_1733493131375_Mandibular_View_tooth_014.jpg,0.6168,981,382,1128,503,147,121
anonymous_004-008-1331-00_1733493131375_Mandibular_View.jpg,anonymous_004-008-1331-00_1733493131375_Mandibular_View_tooth_015.jpg,0.3841,1024,234,1158,369,134,135
anonymous_004-008-1460-00_1734088283907_Right_Lateral_View.jpg,anonymous_004-008-1460-00_1734088283907_Right_Lateral_View_tooth_000.jpg,0.5184,68,173,124,262,56,89
anonymous_004-008-1460-00_1734088283907_Right_Lateral_View.jpg,anonymous_004-008-1460-00_1734088283907_Right_Lateral_View_tooth_001.jpg,0.6838,131,169,209,276,78,107
anonymous_004-008-1460-00_1734088283907_Right_Lateral_View.jpg,anonymous_004-008-1460-00_1734088283907_Right_Lateral_View_tooth_002.jpg,0.266,144,172,197,270,53,98
anonymous_004-008-1460-00_1734088283907_Right_Lateral_View.jpg,anonymous_004-008-1460-00_1734088283907_Right_Lateral_View_tooth_003.jpg,0.7347,210,152,285,269,75,117
anonymous_004-008-1460-00_1734088283907_Right_Lateral_View.jpg,anonymous_004-008-1460-00_1734088283907_Right_Lateral_View_tooth_004.jpg,0.6199,245,276,329,372,84,96
anonymous_004-008-1460-00_1734088283907_Right_Lateral_View.jpg,anonymous_004-008-1460-00_1734088283907_Right_Lateral_View_tooth_005.jpg,0.693,292,156,367,270,75,114
anonymous_004-008-1460-00_1734088283907_Right_Lateral_View.jpg,anonymous_004-008-1460-00_1734088283907_Right_Lateral_View_tooth_006.jpg,0.717,332,276,418,389,86,113
anonymous_004-008-1460-00_1734088283907_Right_Lateral_View.jpg,anonymous_004-008-1460-00_1734088283907_Right_Lateral_View_tooth_007.jpg,0.6356,368,100,465,276,97,176
anonymous_004-008-1460-00_1734088283907_Right_Lateral_View.jpg,anonymous_004-008-1460-00_1734088283907_Right_Lateral_View_tooth_008.jpg,0.6174,434,253,522,374,88,121
anonymous_004-008-1460-00_1734088283907_Right_Lateral_View.jpg,anonymous_004-008-1460-00_1734088283907_Right_Lateral_View_tooth_009.jpg,0.7094,483,104,590,265,107,161
anonymous_004-008-1460-00_1734088283907_Right_Lateral_View.jpg,anonymous_004-008-1460-00_1734088283907_Right_Lateral_View_tooth_010.jpg,0.4862,534,265,610,354,76,89
anonymous_004-008-1460-00_1734088283907_Right_Lateral_View.jpg,anonymous_004-008-1460-00_1734088283907_Right_Lateral_View_tooth_011.jpg,0.8101,608,118,752,296,144,178
anonymous_004-008-1460-00_1734088283907_Right_Lateral_View.jpg,anonymous_004-008-1460-00_1734088283907_Right_Lateral_View_tooth_012.jpg,0.4782,759,154,815,288,56,134
anonymous_004-008-1461-01_1734090409186_Mandibular_View.jpg,anonymous_004-008-1461-01_1734090409186_Mandibular_View_tooth_000.jpg,0.7113,103,202,242,332,139,130
anonymous_004-008-1461-01_1734090409186_Mandibular_View.jpg,anonymous_004-008-1461-01_1734090409186_Mandibular_View_tooth_001.jpg,0.7558,134,343,303,500,169,157
anonymous_004-008-1461-01_1734090409186_Mandibular_View.jpg,anonymous_004-008-1461-01_1734090409186_Mandibular_View_tooth_002.jpg,0.514,219,494,332,573,113,79
anonymous_004-008-1461-01_1734090409186_Mandibular_View.jpg,anonymous_004-008-1461-01_1734090409186_Mandibular_View_tooth_003.jpg,0.4297,272,590,371,670,99,80
anonymous_004-008-1461-01_1734090409186_Mandibular_View.jpg,anonymous_004-008-1461-01_1734090409186_Mandibular_View_tooth_004.jpg,0.4284,545,763,636,849,91,86
anonymous_004-008-1461-01_1734090409186_Mandibular_View.jpg,anonymous_004-008-1461-01_1734090409186_Mandibular_View_tooth_005.jpg,0.2845,539,29,722,108,183,79
anonymous_004-008-1461-01_1734090409186_Mandibular_View.jpg,anonymous_004-008-1461-01_1734090409186_Mandibular_View_tooth_006.jpg,0.4676,660,755,751,845,91,90
anonymous_004-008-1461-01_1734090409186_Mandibular_View.jpg,anonymous_004-008-1461-01_1734090409186_Mandibular_View_tooth_007.jpg,0.5988,765,719,861,818,96,99
anonymous_004-008-1461-01_1734090409186_Mandibular_View.jpg,anonymous_004-008-1461-01_1734090409186_Mandibular_View_tooth_008.jpg,0.3542,879,653,954,791,75,138
anonymous_004-008-1461-01_1734090409186_Mandibular_View.jpg,anonymous_004-008-1461-01_1734090409186_Mandibular_View_tooth_009.jpg,0.4238,918,555,1013,644,95,89
anonymous_004-008-1461-01_1734090409186_Mandibular_View.jpg,anonymous_004-008-1461-01_1734090409186_Mandibular_View_tooth_010.jpg,0.443,947,456,1065,541,118,85
anonymous_004-008-1461-01_1734090409186_Mandibular_View.jpg,anonymous_004-008-1461-01_1734090409186_Mandibular_View_tooth_011.jpg,0.7425,970,303,1136,443,166,140
anonymous_004-008-1461-01_1734090409186_Mandibular_View.jpg,anonymous_004-008-1461-01_1734090409186_Mandibular_View_tooth_012.jpg,0.7172,999,148,1157,292,158,144
anonymous_004-008-1462-00_1734090737557_Maxillary_Occlusal_View.jpg,anonymous_004-008-1462-00_1734090737557_Maxillary_Occlusal_View_tooth_000.jpg,0.3712,65,946,263,1103,198,157
anonymous_004-008-1462-00_1734090737557_Maxillary_Occlusal_View.jpg,anonymous_004-008-1462-00_1734090737557_Maxillary_Occlusal_View_tooth_001.jpg,0.6793,86,777,294,919,208,142
anonymous_004-008-1462-00_1734090737557_Maxillary_Occlusal_View.jpg,anonymous_004-008-1462-00_1734090737557_Maxillary_Occlusal_View_tooth_002.jpg,0.5523,178,636,340,753,162,117
anonymous_004-008-1462-00_1734090737557_Maxillary_Occlusal_View.jpg,anonymous_004-008-1462-00_1734090737557_Maxillary_Occlusal_View_tooth_003.jpg,0.5422,241,494,401,616,160,122
anonymous_004-008-1462-00_1734090737557_Maxillary_Occlusal_View.jpg,anonymous_004-008-1462-00_1734090737557_Maxillary_Occlusal_View_tooth_004.jpg,0.4805,294,323,448,465,154,142
anonymous_004-008-1462-00_1734090737557_Maxillary_Occlusal_View.jpg,anonymous_004-008-1462-00_1734090737557_Maxillary_Occlusal_View_tooth_005.jpg,0.4168,531,121,734,208,203,87
anonymous_004-008-1462-00_1734090737557_Maxillary_Occlusal_View.jpg,anonymous_004-008-1462-00_1734090737557_Maxillary_Occlusal_View_tooth_006.jpg,0.5502,760,107,956,192,196,85
anonymous_004-008-1462-00_1734090737557_Maxillary_Occlusal_View.jpg,anonymous_004-008-1462-00_1734090737557_Maxillary_Occlusal_View_tooth_007.jpg,0.4749,980,161,1101,276,121,115
anonymous_004-008-1462-00_1734090737557_Maxillary_Occlusal_View.jpg,anonymous_004-008-1462-00_1734090737557_Maxillary_Occlusal_View_tooth_008.jpg,0.5837,1100,253,1255,405,155,152
anonymous_004-008-1462-00_1734090737557_Maxillary_Occlusal_View.jpg,anonymous_004-008-1462-00_1734090737557_Maxillary_Occlusal_View_tooth_009.jpg,0.4786,1164,446,1332,558,168,112
anonymous_004-008-1462-00_1734090737557_Maxillary_Occlusal_View.jpg,anonymous_004-008-1462-00_1734090737557_Maxillary_Occlusal_View_tooth_010.jpg,0.6304,1227,598,1386,709,159,111
anonymous_004-008-1462-00_1734090737557_Maxillary_Occlusal_View.jpg,anonymous_004-008-1462-00_1734090737557_Maxillary_Occlusal_View_tooth_011.jpg,0.614,1282,731,1490,873,208,142
anonymous_004-008-1462-00_1734090737557_Maxillary_Occlusal_View.jpg,anonymous_004-008-1462-00_1734090737557_Maxillary_Occlusal_View_tooth_012.jpg,0.5629,1327,927,1536,1052,209,125
anonymous_004-008-1463-01_1734099079076_Maxillary_Occlusal_View.jpg,anonymous_004-008-1463-01_1734099079076_Maxillary_Occlusal_View_tooth_000.jpg,0.575,240,838,446,958,206,120
anonymous_004-008-1463-01_1734099079076_Maxillary_Occlusal_View.jpg,anonymous_004-008-1463-01_1734099079076_Maxillary_Occlusal_View_tooth_001.jpg,0.6621,248,693,456,817,208,124
anonymous_004-008-1463-01_1734099079076_Maxillary_Occlusal_View.jpg,anonymous_004-008-1463-01_1734099079076_Maxillary_Occlusal_View_tooth_002.jpg,0.6494,300,557,481,666,181,109
anonymous_004-008-1463-01_1734099079076_Maxillary_Occlusal_View.jpg,anonymous_004-008-1463-01_1734099079076_Maxillary_Occlusal_View_tooth_003.jpg,0.6155,342,417,529,528,187,111
anonymous_004-008-1463-01_1734099079076_Maxillary_Occlusal_View.jpg,anonymous_004-008-1463-01_1734099079076_Maxillary_Occlusal_View_tooth_004.jpg,0.4724,407,270,562,387,155,117
anonymous_004-008-1463-01_1734099079076_Maxillary_Occlusal_View.jpg,anonymous_004-008-1463-01_1734099079076_Maxillary_Occlusal_View_tooth_005.jpg,0.3238,515,154,649,265,134,111
anonymous_004-008-1463-01_1734099079076_Maxillary_Occlusal_View.jpg,anonymous_004-008-1463-01_1734099079076_Maxillary_Occlusal_View_tooth_006.jpg,0.5608,661,85,852,187,191,102
anonymous_004-008-1463-01_1734099079076_Maxillary_Occlusal_View.jpg,anonymous_004-008-1463-01_1734099079076_Maxillary_Occlusal_View_tooth_007.jpg,0.5007,870,81,1059,171,189,90
anonymous_004-008-1463-01_1734099079076_Maxillary_Occlusal_View.jpg,anonymous_004-008-1463-01_1734099079076_Maxillary_Occlusal_View_tooth_008.jpg,0.3702,1095,150,1234,262,139,112
anonymous_004-008-1463-01_1734099079076_Maxillary_Occlusal_View.jpg,anonymous_004-008-1463-01_1734099079076_Maxillary_Occlusal_View_tooth_009.jpg,0.4523,1232,285,1388,424,156,139
anonymous_004-008-1463-01_1734099079076_Maxillary_Occlusal_View.jpg,anonymous_004-008-1463-01_1734099079076_Maxillary_Occlusal_View_tooth_010.jpg,0.6296,1309,460,1475,563,166,103
anonymous_004-008-1463-01_1734099079076_Maxillary_Occlusal_View.jpg,anonymous_004-008-1463-01_1734099079076_Maxillary_Occlusal_View_tooth_011.jpg,0.5826,1367,600,1538,701,171,101
anonymous_004-008-1463-01_1734099079076_Maxillary_Occlusal_View.jpg,anonymous_004-008-1463-01_1734099079076_Maxillary_Occlusal_View_tooth_012.jpg,0.5053,1402,728,1618,862,216,134
anonymous_004-008-1463-01_1734099079076_Maxillary_Occlusal_View.jpg,anonymous_004-008-1463-01_1734099079076_Maxillary_Occlusal_View_tooth_013.jpg,0.6174,1426,887,1633,1004,207,117
anonymous_004-008-1465-01_1734100929758_Mandibular_View.jpg,anonymous_004-008-1465-01_1734100929758_Mandibular_View_tooth_000.jpg,0.6907,151,128,273,272,122,144
anonymous_004-008-1465-01_1734100929758_Mandibular_View.jpg,anonymous_004-008-1465-01_1734100929758_Mandibular_View_tooth_001.jpg,0.7402,178,277,342,440,164,163
anonymous_004-008-1465-01_1734100929758_Mandibular_View.jpg,anonymous_004-008-1465-01_1734100929758_Mandibular_View_tooth_002.jpg,0.6055,264,450,397,543,133,93
anonymous_004-008-1465-01_1734100929758_Mandibular_View.jpg,anonymous_004-008-1465-01_1734100929758_Mandibular_View_tooth_003.jpg,0.3907,316,556,435,675,119,119
anonymous_004-008-1465-01_1734100929758_Mandibular_View.jpg,anonymous_004-008-1465-01_1734100929758_Mandibular_View_tooth_004.jpg,0.7151,472,601,586,744,114,143
anonymous_004-008-1465-01_1734100929758_Mandibular_View.jpg,anonymous_004-008-1465-01_1734100929758_Mandibular_View_tooth_005.jpg,0.7371,604,586,694,725,90,139
anonymous_004-008-1465-01_1734100929758_Mandibular_View.jpg,anonymous_004-008-1465-01_1734100929758_Mandibular_View_tooth_006.jpg,0.6413,715,593,801,728,86,135
anonymous_004-008-1465-01_1734100929758_Mandibular_View.jpg,anonymous_004-008-1465-01_1734100929758_Mandibular_View_tooth_007.jpg,0.7409,817,560,918,710,101,150
anonymous_004-008-1465-01_1734100929758_Mandibular_View.jpg,anonymous_004-008-1465-01_1734100929758_Mandibular_View_tooth_008.jpg,0.5939,935,548,1032,716,97,168
anonymous_004-008-1465-01_1734100929758_Mandibular_View.jpg,anonymous_004-008-1465-01_1734100929758_Mandibular_View_tooth_009.jpg,0.5208,1049,523,1144,652,95,129
anonymous_004-008-1465-01_1734100929758_Mandibular_View.jpg,anonymous_004-008-1465-01_1734100929758_Mandibular_View_tooth_010.jpg,0.273,1057,540,1147,661,90,121
anonymous_004-008-1465-01_1734100929758_Mandibular_View.jpg,anonymous_004-008-1465-01_1734100929758_Mandibular_View_tooth_011.jpg,0.5868,1060,399,1182,512,122,113
anonymous_004-008-1465-01_1734100929758_Mandibular_View.jpg,anonymous_004-008-1465-01_1734100929758_Mandibular_View_tooth_012.jpg,0.7202,1115,238,1272,397,157,159
anonymous_004-008-1465-01_1734100929758_Mandibular_View.jpg,anonymous_004-008-1465-01_1734100929758_Mandibular_View_tooth_013.jpg,0.673,1171,91,1318,232,147,141
anonymous_004-008-1466-00_1734101348857_Maxillary_Occlusal_View.jpg,anonymous_004-008-1466-00_1734101348857_Maxillary_Occlusal_View_tooth_000.jpg,0.4371,34,695,197,821,163,126
anonymous_004-008-1466-00_1734101348857_Maxillary_Occlusal_View.jpg,anonymous_004-008-1466-00_1734101348857_Maxillary_Occlusal_View_tooth_001.jpg,0.7205,65,571,233,693,168,122
anonymous_004-008-1466-00_1734101348857_Maxillary_Occlusal_View.jpg,anonymous_004-008-1466-00_1734101348857_Maxillary_Occlusal_View_tooth_002.jpg,0.4869,130,481,275,570,145,89
anonymous_004-008-1466-00_1734101348857_Maxillary_Occlusal_View.jpg,anonymous_004-008-1466-00_1734101348857_Maxillary_Occlusal_View_tooth_003.jpg,0.5904,183,372,341,473,158,101
anonymous_004-008-1466-00_1734101348857_Maxillary_Occlusal_View.jpg,anonymous_004-008-1466-00_1734101348857_Maxillary_Occlusal_View_tooth_004.jpg,0.2557,204,386,341,463,137,77
anonymous_004-008-1466-00_1734101348857_Maxillary_Occlusal_View.jpg,anonymous_004-008-1466-00_1734101348857_Maxillary_Occlusal_View_tooth_005.jpg,0.5295,253,240,338,370,85,130
anonymous_004-008-1466-00_1734101348857_Maxillary_Occlusal_View.jpg,anonymous_004-008-1466-00_1734101348857_Maxillary_Occlusal_View_tooth_006.jpg,0.4953,353,205,474,288,121,83
anonymous_004-008-1466-00_1734101348857_Maxillary_Occlusal_View.jpg,anonymous_004-008-1466-00_1734101348857_Maxillary_Occlusal_View_tooth_007.jpg,0.8004,495,174,675,312,180,138
anonymous_004-008-1466-00_1734101348857_Maxillary_Occlusal_View.jpg,anonymous_004-008-1466-00_1734101348857_Maxillary_Occlusal_View_tooth_008.jpg,0.767,695,150,863,315,168,165
anonymous_004-008-1466-00_1734101348857_Maxillary_Occlusal_View.jpg,anonymous_004-008-1466-00_1734101348857_Maxillary_Occlusal_View_tooth_009.jpg,0.7104,885,162,994,315,109,153
anonymous_004-008-1466-00_1734101348857_Maxillary_Occlusal_View.jpg,anonymous_004-008-1466-00_1734101348857_Maxillary_Occlusal_View_tooth_010.jpg,0.5911,1000,376,1162,474,162,98
anonymous_004-008-1466-00_1734101348857_Maxillary_Occlusal_View.jpg,anonymous_004-008-1466-00_1734101348857_Maxillary_Occlusal_View_tooth_011.jpg,0.4707,1015,200,1119,373,104,173
anonymous_004-008-1466-00_1734101348857_Maxillary_Occlusal_View.jpg,anonymous_004-008-1466-00_1734101348857_Maxillary_Occlusal_View_tooth_012.jpg,0.6571,1053,497,1196,572,143,75
anonymous_004-008-1466-00_1734101348857_Maxillary_Occlusal_View.jpg,anonymous_004-008-1466-00_1734101348857_Maxillary_Occlusal_View_tooth_013.jpg,0.535,1096,583,1263,708,167,125
anonymous_004-008-1466-00_1734101348857_Maxillary_Occlusal_View.jpg,anonymous_004-008-1466-00_1734101348857_Maxillary_Occlusal_View_tooth_014.jpg,0.3984,1123,716,1278,817,155,101
anonymous_004-008-916-01_1730381009839_Mandibular_View.jpg,anonymous_004-008-916-01_1730381009839_Mandibular_View_tooth_000.jpg,0.2506,0,0,71,121,71,121
anonymous_004-008-916-01_1730381009839_Mandibular_View.jpg,anonymous_004-008-916-01_1730381009839_Mandibular_View_tooth_001.jpg,0.2878,97,0,242,131,145,131
anonymous_004-008-916-01_1730381009839_Mandibular_View.jpg,anonymous_004-008-916-01_1730381009839_Mandibular_View_tooth_002.jpg,0.5853,104,268,227,406,123,138
anonymous_004-008-916-01_1730381009839_Mandibular_View.jpg,anonymous_004-008-916-01_1730381009839_Mandibular_View_tooth_003.jpg,0.5846,141,418,278,544,137,126
anonymous_004-008-916-01_1730381009839_Mandibular_View.jpg,anonymous_004-008-916-01_1730381009839_Mandibular_View_tooth_004.jpg,0.5917,164,534,331,673,167,139
anonymous_004-008-916-01_1730381009839_Mandibular_View.jpg,anonymous_004-008-916-01_1730381009839_Mandibular_View_tooth_005.jpg,0.3286,192,689,353,760,161,71
anonymous_004-008-916-01_1730381009839_Mandibular_View.jpg,anonymous_004-008-916-01_1730381009839_Mandibular_View_tooth_006.jpg,0.3854,274,40,490,161,216,121
anonymous_004-008-916-01_1730381009839_Mandibular_View.jpg,anonymous_004-008-916-01_1730381009839_Mandibular_View_tooth_007.jpg,0.2818,310,795,461,957,151,162
anonymous_004-008-916-01_1730381009839_Mandibular_View.jpg,anonymous_004-008-916-01_1730381009839_Mandibular_View_tooth_008.jpg,0.4638,345,805,460,955,115,150
anonymous_004-008-916-01_1730381009839_Mandibular_View.jpg,anonymous_004-008-916-01_1730381009839_Mandibular_View_tooth_009.jpg,0.436,468,849,576,959,108,110
anonymous_004-008-916-01_1730381009839_Mandibular_View.jpg,anonymous_004-008-916-01_1730381009839_Mandibular_View_tooth_010.jpg,0.6027,509,6,733,145,224,139
anonymous_004-008-916-01_1730381009839_Mandibular_View.jpg,anonymous_004-008-916-01_1730381009839_Mandibular_View_tooth_011.jpg,0.5367,599,870,702,954,103,84
anonymous_004-008-916-01_1730381009839_Mandibular_View.jpg,anonymous_004-008-916-01_1730381009839_Mandibular_View_tooth_012.jpg,0.4286,723,859,826,937,103,78
anonymous_004-008-916-01_1730381009839_Mandibular_View.jpg,anonymous_004-008-916-01_1730381009839_Mandibular_View_tooth_013.jpg,0.3639,776,0,897,73,121,73
anonymous_004-008-916-01_1730381009839_Mandibular_View.jpg,anonymous_004-008-916-01_1730381009839_Mandibular_View_tooth_014.jpg,0.5572,843,797,946,922,103,125
anonymous_004-008-916-01_1730381009839_Mandibular_View.jpg,anonymous_004-008-916-01_1730381009839_Mandibular_View_tooth_015.jpg,0.5536,957,725,1067,900,110,175
anonymous_004-008-916-01_1730381009839_Mandibular_View.jpg,anonymous_004-008-916-01_1730381009839_Mandibular_View_tooth_016.jpg,0.4429,1082,604,1216,679,134,75
anonymous_004-008-916-01_1730381009839_Mandibular_View.jpg,anonymous_004-008-916-01_1730381009839_Mandibular_View_tooth_017.jpg,0.6101,1095,444,1255,583,160,139
anonymous_004-008-916-01_1730381009839_Mandibular_View.jpg,anonymous_004-008-916-01_1730381009839_Mandibular_View_tooth_018.jpg,0.5675,1164,337,1319,454,155,117
anonymous_004-008-917-00_1730381332501_Maxillary_Occlusal_View.jpg,anonymous_004-008-917-00_1730381332501_Maxillary_Occlusal_View_tooth_000.jpg,0.5017,86,901,291,1041,205,140
anonymous_004-008-917-00_1730381332501_Maxillary_Occlusal_View.jpg,anonymous_004-008-917-00_1730381332501_Maxillary_Occlusal_View_tooth_001.jpg,0.6513,95,713,330,883,235,170
anonymous_004-008-917-00_1730381332501_Maxillary_Occlusal_View.jpg,anonymous_004-008-917-00_1730381332501_Maxillary_Occlusal_View_tooth_002.jpg,0.6069,117,591,295,689,178,98
anonymous_004-008-917-00_1730381332501_Maxillary_Occlusal_View.jpg,anonymous_004-008-917-00_1730381332501_Maxillary_Occlusal_View_tooth_003.jpg,0.689,141,433,341,559,200,126
anonymous_004-008-917-00_1730381332501_Maxillary_Occlusal_View.jpg,anonymous_004-008-917-00_1730381332501_Maxillary_Occlusal_View_tooth_004.jpg,0.5709,189,250,364,398,175,148
anonymous_004-008-917-00_1730381332501_Maxillary_Occlusal_View.jpg,anonymous_004-008-917-00_1730381332501_Maxillary_Occlusal_View_tooth_005.jpg,0.3462,344,141,489,261,145,120
anonymous_004-008-917-00_1730381332501_Maxillary_Occlusal_View.jpg,anonymous_004-008-917-00_1730381332501_Maxillary_Occlusal_View_tooth_006.jpg,0.637,509,99,723,184,214,85
anonymous_004-008-917-00_1730381332501_Maxillary_Occlusal_View.jpg,anonymous_004-008-917-00_1730381332501_Maxillary_Occlusal_View_tooth_007.jpg,0.5288,738,107,946,186,208,79
anonymous_004-008-917-00_1730381332501_Maxillary_Occlusal_View.jpg,anonymous_004-008-917-00_1730381332501_Maxillary_Occlusal_View_tooth_008.jpg,0.258,986,148,1083,230,97,82
anonymous_004-008-917-00_1730381332501_Maxillary_Occlusal_View.jpg,anonymous_004-008-917-00_1730381332501_Maxillary_Occlusal_View_tooth_009.jpg,0.3586,1097,232,1240,350,143,118
anonymous_004-008-917-00_1730381332501_Maxillary_Occlusal_View.jpg,anonymous_004-008-917-00_1730381332501_Maxillary_Occlusal_View_tooth_010.jpg,0.615,1174,393,1357,511,183,118
anonymous_004-008-917-00_1730381332501_Maxillary_Occlusal_View.jpg,anonymous_004-008-917-00_1730381332501_Maxillary_Occlusal_View_tooth_011.jpg,0.6584,1224,551,1400,657,176,106
anonymous_004-008-917-00_1730381332501_Maxillary_Occlusal_View.jpg,anonymous_004-008-917-00_1730381332501_Maxillary_Occlusal_View_tooth_012.jpg,0.6565,1254,677,1455,827,201,150
anonymous_004-008-917-00_1730381332501_Maxillary_Occlusal_View.jpg,anonymous_004-008-917-00_1730381332501_Maxillary_Occlusal_View_tooth_013.jpg,0.3206,1325,845,1518,992,193,147
