split,name,source_stem,is_representative,class,class_reason,n_boxes,near_gray,style_tags
train,OHI_dataset_MG_3837_JPG.rf.18d7bbe8ea46ea9f1cb8e2ecdbfe5967.jpg,OHI_dataset_MG_3837_JPG,True,KEEP,color_clinical_like,14,False,photo_like
train,OHI_dataset_MG_3837_JPG.rf.3faea53ecb8bdee0ed881ae319c7dba3.jpg,OHI_dataset_MG_3837_JPG,False,EXCLUDE,roboflow_augmentation_duplicate,14,False,photo_like
train,OHI_dataset_MG_3837_JPG.rf.811946790dd4715c32f9ae13f199cbfe.jpg,OHI_dataset_MG_3837_JPG,False,EXCLUDE,roboflow_augmentation_duplicate,14,False,photo_like
train,OHI_dataset_MG_3838_JPG.rf.1c0713948ca7437e367d958a86d176c3.jpg,OHI_dataset_MG_3838_JPG,True,KEEP,color_clinical_like,15,False,photo_like
train,OHI_dataset_MG_3838_JPG.rf.a3fb33f528f45d88e76ee65746e08b89.jpg,OHI_dataset_MG_3838_JPG,False,EXCLUDE,roboflow_augmentation_duplicate,15,False,photo_like
train,OHI_dataset_MG_3838_JPG.rf.b73f0ef74581cb4275a017aa6b910dce.jpg,OHI_dataset_MG_3838_JPG,False,EXCLUDE,roboflow_augmentation_duplicate,15,False,photo_like
train,OHI_dataset_MG_3852_JPG.rf.2d94f42f28f1452dc8f4033c9ad58563.jpg,OHI_dataset_MG_3852_JPG,True,KEEP,color_clinical_like,26,False,photo_like
train,OHI_dataset_MG_3852_JPG.rf.343fc396a5c167df7e5ef3130bc02ec4.jpg,OHI_dataset_MG_3852_JPG,False,EXCLUDE,roboflow_augmentation_duplicate,26,False,photo_like
train,OHI_dataset_MG_3852_JPG.rf.523fcc664f46b9a4b38a10f72cfd9c7f.jpg,OHI_dataset_MG_3852_JPG,False,EXCLUDE,roboflow_augmentation_duplicate,26,False,photo_like
train,OHI_dataset_MG_3889_JPG.rf.1e21792e6e4a29ef6d3f5596f5591a22.jpg,OHI_dataset_MG_3889_JPG,True,KEEP,color_clinical_like,27,False,photo_like
train,OHI_dataset_MG_3889_JPG.rf.bf0412bec550359937b027a1f4b74e6b.jpg,OHI_dataset_MG_3889_JPG,False,EXCLUDE,roboflow_augmentation_duplicate,27,False,photo_like
train,OHI_dataset_MG_3889_JPG.rf.ce98d0cfc8b9c3ff4514334192205695.jpg,OHI_dataset_MG_3889_JPG,False,EXCLUDE,roboflow_augmentation_duplicate,27,False,photo_like
train,OHI_dataset_MG_3890_JPG.rf.3f96635a21fb2e2cd94a0aad3133c6fc.jpg,OHI_dataset_MG_3890_JPG,True,KEEP,color_clinical_like,12,False,photo_like
train,OHI_dataset_MG_3890_JPG.rf.688a107c2c2fd5b859351914f84ee042.jpg,OHI_dataset_MG_3890_JPG,False,EXCLUDE,roboflow_augmentation_duplicate,12,False,photo_like
train,OHI_dataset_MG_3890_JPG.rf.c13e341e4e8b8c8edc941fc4de6cb9fa.jpg,OHI_dataset_MG_3890_JPG,False,EXCLUDE,roboflow_augmentation_duplicate,12,False,photo_like
train,OHI_dataset_MG_4552_JPG.rf.5df945f617d260e89f7ec678e6cf67e6.jpg,OHI_dataset_MG_4552_JPG,True,KEEP,color_clinical_like,27,False,photo_like
train,OHI_dataset_MG_4552_JPG.rf.758bb3576d5c44ed4a063421b71d2b44.jpg,OHI_dataset_MG_4552_JPG,False,EXCLUDE,roboflow_augmentation_duplicate,27,False,photo_like
train,OHI_dataset_MG_4552_JPG.rf.f6c68e7cff16d8b8c11255d4b721c9a9.jpg,OHI_dataset_MG_4552_JPG,False,EXCLUDE,roboflow_augmentation_duplicate,27,False,photo_like
train,OHI_dataset_MG_4765_JPG.rf.856662d380002ab196e4491f8488fe42.jpg,OHI_dataset_MG_4765_JPG,True,KEEP,color_clinical_like,27,False,photo_like
train,OHI_dataset_MG_4765_JPG.rf.9b9fbcc798c72daa9ffb863be668c9e3.jpg,OHI_dataset_MG_4765_JPG,False,EXCLUDE,roboflow_augmentation_duplicate,27,False,photo_like
train,OHI_dataset_MG_4765_JPG.rf.da8858108cfaf529036cf85d160f0d67.jpg,OHI_dataset_MG_4765_JPG,False,EXCLUDE,roboflow_augmentation_duplicate,27,False,photo_like
train,OHI_dataset_MG_4767_JPG.rf.111bd1fcb0abc4b86d8319bf87dd73c2.jpg,OHI_dataset_MG_4767_JPG,True,KEEP,color_clinical_like,12,False,photo_like
train,OHI_dataset_MG_4767_JPG.rf.448d267bbb97e844b21f649095702341.jpg,OHI_dataset_MG_4767_JPG,False,EXCLUDE,roboflow_augmentation_duplicate,12,False,photo_like
train,OHI_dataset_MG_4767_JPG.rf.d8cac7760a624641a40394b31116ef33.jpg,OHI_dataset_MG_4767_JPG,False,EXCLUDE,roboflow_augmentation_duplicate,12,False,photo_like
train,OHI_datasetcrop_open_jpg.rf.2a01a46fb015a4d8f1626af2fad8b137.jpg,OHI_datasetcrop_open_jpg,True,KEEP,color_clinical_like,28,False,photo_like
train,OHI_datasetcrop_open_jpg.rf.332c3392c5c3afd525f45d49fff7c27e.jpg,OHI_datasetcrop_open_jpg,False,EXCLUDE,roboflow_augmentation_duplicate,28,False,photo_like
train,OHI_datasetcrop_open_jpg.rf.3bc0973b5616d860acebcb4625070dfc.jpg,OHI_datasetcrop_open_jpg,False,EXCLUDE,roboflow_augmentation_duplicate,28,False,photo_like
train,OHI_datasetcrop_smile3_jpg.rf.042234afbffcb7c22456a94778d6e9a6.jpg,OHI_datasetcrop_smile3_jpg,True,KEEP,color_clinical_like,28,False,photo_like
train,OHI_datasetcrop_smile3_jpg.rf.5d3e5a22003658f455f62c875c6436af.jpg,OHI_datasetcrop_smile3_jpg,False,EXCLUDE,roboflow_augmentation_duplicate,28,True,photo_like
train,OHI_datasetcrop_smile3_jpg.rf.ec97b1e42eb1777246f764bb036b6960.jpg,OHI_datasetcrop_smile3_jpg,False,EXCLUDE,roboflow_augmentation_duplicate,28,False,photo_like
train,OHI_datasetcrop_upper_jpg.rf.6e3d40054706d11a67724da9ae76db45.jpg,OHI_datasetcrop_upper_jpg,True,KEEP,color_clinical_like,14,False,photo_like
train,OHI_datasetcrop_upper_jpg.rf.9c6a73197bacb930f65543f1ca531a5e.jpg,OHI_datasetcrop_upper_jpg,False,EXCLUDE,roboflow_augmentation_duplicate,14,False,photo_like
train,OHI_datasetcrop_upper_jpg.rf.d39810d5d388e893d4c3528794a97812.jpg,OHI_datasetcrop_upper_jpg,False,EXCLUDE,roboflow_augmentation_duplicate,14,False,photo_like
train,OHI_datasetflip_IMG_2188_jpg.rf.6c9a71c0e9aaf424c68bb7addc2af3c8.jpg,OHI_datasetflip_IMG_2188_jpg,True,KEEP,color_clinical_like,13,False,photo_like
train,OHI_datasetflip_IMG_2188_jpg.rf.802fb17698010a7c013bb8b83728e192.jpg,OHI_datasetflip_IMG_2188_jpg,False,EXCLUDE,roboflow_augmentation_duplicate,13,False,photo_like
train,OHI_datasetflip_IMG_2188_jpg.rf.d79a12b0b873ca86717924c45c7eb897.jpg,OHI_datasetflip_IMG_2188_jpg,False,EXCLUDE,roboflow_augmentation_duplicate,13,True,photo_like
train,OHI_datasetgallery_-100616823_penta_front_m_jpg.rf.07be330cdc9bb9e4856f78810eeebd0d.jpg,OHI_datasetgallery_-100616823_penta_front_m_jpg,True,REVIEW,gallery_or_3d_like_filename,26,False,gallery_3d_like
train,OHI_datasetgallery_-100616823_penta_front_m_jpg.rf.470ec75cc3ace0a925008016b35af445.jpg,OHI_datasetgallery_-100616823_penta_front_m_jpg,False,EXCLUDE,roboflow_augmentation_duplicate,26,False,gallery_3d_like
train,OHI_datasetgallery_-100616823_penta_front_m_jpg.rf.edf6b7b996896515d455bd0f4e12b069.jpg,OHI_datasetgallery_-100616823_penta_front_m_jpg,False,EXCLUDE,roboflow_augmentation_duplicate,26,False,gallery_3d_like
train,OHI_datasetgallery_-100616823_penta_lower_m_jpg.rf.05a056d47b23bb0a9b403d07677e9673.jpg,OHI_datasetgallery_-100616823_penta_lower_m_jpg,True,REVIEW,gallery_or_3d_like_filename,13,False,gallery_3d_like
train,OHI_datasetgallery_-100616823_penta_lower_m_jpg.rf.3846498da85c8d680fb0627bce7b46bc.jpg,OHI_datasetgallery_-100616823_penta_lower_m_jpg,False,EXCLUDE,roboflow_augmentation_duplicate,13,True,gallery_3d_like
train,OHI_datasetgallery_-100616823_penta_lower_m_jpg.rf.8056fa19f22ea84d419c3175df13cf8b.jpg,OHI_datasetgallery_-100616823_penta_lower_m_jpg,False,EXCLUDE,roboflow_augmentation_duplicate,13,False,gallery_3d_like
train,OHI_datasetgallery_-100616823_penta_upper_m_jpg.rf.1025024391fc21d64baca23376ac286c.jpg,OHI_datasetgallery_-100616823_penta_upper_m_jpg,True,REVIEW,gallery_or_3d_like_filename,13,False,gallery_3d_like
train,OHI_datasetgallery_-100616823_penta_upper_m_jpg.rf.d3196c122127bd6e129bd950b81ccedb.jpg,OHI_datasetgallery_-100616823_penta_upper_m_jpg,False,EXCLUDE,roboflow_augmentation_duplicate,13,False,gallery_3d_like
train,OHI_datasetgallery_-100616823_penta_upper_m_jpg.rf.f96a1a7cea446486353cdb5dfa5caf2a.jpg,OHI_datasetgallery_-100616823_penta_upper_m_jpg,False,EXCLUDE,roboflow_augmentation_duplicate,13,False,gallery_3d_like
train,OHI_datasetgallery_-106765536_penta_front_m_jpg.rf.1ce49204af07c4e16fa75e6a9f26a1e8.jpg,OHI_datasetgallery_-106765536_penta_front_m_jpg,True,REVIEW,gallery_or_3d_like_filename,25,False,gallery_3d_like
train,OHI_datasetgallery_-106765536_penta_front_m_jpg.rf.2f3bdff401aaff1f3397615632b636c7.jpg,OHI_datasetgallery_-106765536_penta_front_m_jpg,False,EXCLUDE,roboflow_augmentation_duplicate,25,False,gallery_3d_like
train,OHI_datasetgallery_-106765536_penta_front_m_jpg.rf.b5e5f7eaa6810b5b72c054029905fd9d.jpg,OHI_datasetgallery_-106765536_penta_front_m_jpg,False,EXCLUDE,roboflow_augmentation_duplicate,25,False,gallery_3d_like
train,OHI_datasetgallery_-106765536_penta_lower_m_jpg.rf.62bca471605bb2859d3459f98ed645e9.jpg,OHI_datasetgallery_-106765536_penta_lower_m_jpg,True,REVIEW,gallery_or_3d_like_filename,11,True,gallery_3d_like
train,OHI_datasetgallery_-106765536_penta_lower_m_jpg.rf.780132f6cb3f7baaf611468ee076176a.jpg,OHI_datasetgallery_-106765536_penta_lower_m_jpg,False,EXCLUDE,roboflow_augmentation_duplicate,11,False,gallery_3d_like
train,OHI_datasetgallery_-106765536_penta_lower_m_jpg.rf.a77225f7ca184e30b89f7c4ee510635b.jpg,OHI_datasetgallery_-106765536_penta_lower_m_jpg,False,EXCLUDE,roboflow_augmentation_duplicate,11,False,gallery_3d_like
train,OHI_datasetgallery_-106765536_penta_upper_m_jpg.rf.39c7bd00f585c71069770864860da7cd.jpg,OHI_datasetgallery_-106765536_penta_upper_m_jpg,True,REVIEW,gallery_or_3d_like_filename,14,True,gallery_3d_like
train,OHI_datasetgallery_-106765536_penta_upper_m_jpg.rf.ed53f0667e4c26f856d238f026104003.jpg,OHI_datasetgallery_-106765536_penta_upper_m_jpg,False,EXCLUDE,roboflow_augmentation_duplicate,14,False,gallery_3d_like
train,OHI_datasetgallery_-106765536_penta_upper_m_jpg.rf.fb7998f585b4bd6ae818ec62bc20fcee.jpg,OHI_datasetgallery_-106765536_penta_upper_m_jpg,False,EXCLUDE,roboflow_augmentation_duplicate,14,False,gallery_3d_like
train,OHI_datasetgallery_-112247038_penta_upper_m_jpg.rf.137d6f6df5d86433ce42461d3fe347da.jpg,OHI_datasetgallery_-112247038_penta_upper_m_jpg,True,REVIEW,gallery_or_3d_like_filename,15,False,gallery_3d_like
train,OHI_datasetgallery_-112247038_penta_upper_m_jpg.rf.482ba6167c2373e85ea9137edd38371a.jpg,OHI_datasetgallery_-112247038_penta_upper_m_jpg,False,EXCLUDE,roboflow_augmentation_duplicate,15,False,gallery_3d_like
train,OHI_datasetgallery_-112247038_penta_upper_m_jpg.rf.5ca9683bf43b1af1b653a56a86c3f403.jpg,OHI_datasetgallery_-112247038_penta_upper_m_jpg,False,EXCLUDE,roboflow_augmentation_duplicate,15,False,gallery_3d_like
train,OHI_datasetgallery_-118450926_penta_front_m_jpg.rf.2d8f8f11750b9bac0bc45902ebede9ef.jpg,OHI_datasetgallery_-118450926_penta_front_m_jpg,True,REVIEW,gallery_or_3d_like_filename,31,False,gallery_3d_like
train,OHI_datasetgallery_-118450926_penta_front_m_jpg.rf.b6766f225c45c18d7ae7c8d500aaf298.jpg,OHI_datasetgallery_-118450926_penta_front_m_jpg,False,EXCLUDE,roboflow_augmentation_duplicate,31,False,gallery_3d_like
train,OHI_datasetgallery_-118450926_penta_front_m_jpg.rf.c664ae05df3c6263f38d92c7942e4561.jpg,OHI_datasetgallery_-118450926_penta_front_m_jpg,False,EXCLUDE,roboflow_augmentation_duplicate,31,False,gallery_3d_like
train,OHI_datasetgallery_-118450926_penta_lower_m_jpg.rf.3c37b3d4d4613bc6091e6118ccbbe812.jpg,OHI_datasetgallery_-118450926_penta_lower_m_jpg,True,REVIEW,gallery_or_3d_like_filename,16,False,gallery_3d_like
train,OHI_datasetgallery_-118450926_penta_lower_m_jpg.rf.85db4aabce5aa9ed43ff26e5c9d0d7ca.jpg,OHI_datasetgallery_-118450926_penta_lower_m_jpg,False,EXCLUDE,roboflow_augmentation_duplicate,16,True,gallery_3d_like
train,OHI_datasetgallery_-118450926_penta_lower_m_jpg.rf.d3df7f0a7a3d100a154af5770ee9f9dc.jpg,OHI_datasetgallery_-118450926_penta_lower_m_jpg,False,EXCLUDE,roboflow_augmentation_duplicate,16,False,gallery_3d_like
train,OHI_datasetgallery_-118450926_penta_upper_m_jpg.rf.1de58afe503f2c6cc503f227cb26e23b.jpg,OHI_datasetgallery_-118450926_penta_upper_m_jpg,True,REVIEW,gallery_or_3d_like_filename,16,False,gallery_3d_like
train,OHI_datasetgallery_-118450926_penta_upper_m_jpg.rf.4bdc2d13e9fea51f8294c297940d93e1.jpg,OHI_datasetgallery_-118450926_penta_upper_m_jpg,False,EXCLUDE,roboflow_augmentation_duplicate,16,False,gallery_3d_like
train,OHI_datasetgallery_-118450926_penta_upper_m_jpg.rf.5f19d3ff27fed8c478a1834f397b55c9.jpg,OHI_datasetgallery_-118450926_penta_upper_m_jpg,False,EXCLUDE,roboflow_augmentation_duplicate,16,False,gallery_3d_like
train,OHI_datasetgallery_-127342845_penta_front_m_jpg.rf.0a5e43b34dc912a7a5cab793d1b8cf9d.jpg,OHI_datasetgallery_-127342845_penta_front_m_jpg,True,REVIEW,gallery_or_3d_like_filename,23,False,gallery_3d_like
train,OHI_datasetgallery_-127342845_penta_front_m_jpg.rf.9ca4bb34b8038a86647662291b403b32.jpg,OHI_datasetgallery_-127342845_penta_front_m_jpg,False,EXCLUDE,roboflow_augmentation_duplicate,23,False,gallery_3d_like
train,OHI_datasetgallery_-127342845_penta_front_m_jpg.rf.b5abd3898b6c4a65dd6d9ca7f967df2d.jpg,OHI_datasetgallery_-127342845_penta_front_m_jpg,False,EXCLUDE,roboflow_augmentation_duplicate,23,False,gallery_3d_like
train,OHI_datasetgallery_-127342845_penta_lower_m_jpg.rf.176a9135a370ce09650752de946e44bb.jpg,OHI_datasetgallery_-127342845_penta_lower_m_jpg,True,REVIEW,gallery_or_3d_like_filename,10,False,gallery_3d_like
train,OHI_datasetgallery_-127342845_penta_lower_m_jpg.rf.4f201df4ef7979aa2824c2696829ab4a.jpg,OHI_datasetgallery_-127342845_penta_lower_m_jpg,False,EXCLUDE,roboflow_augmentation_duplicate,10,False,gallery_3d_like
train,OHI_datasetgallery_-127342845_penta_lower_m_jpg.rf.f0b2b445bca8b114a422d2277466d959.jpg,OHI_datasetgallery_-127342845_penta_lower_m_jpg,False,EXCLUDE,roboflow_augmentation_duplicate,10,False,gallery_3d_like
train,OHI_datasetgallery_-130264893_penta_front_m_jpg.rf.090c485e1df07d55bec6954f5d288b62.jpg,OHI_datasetgallery_-130264893_penta_front_m_jpg,True,REVIEW,gallery_or_3d_like_filename,27,False,gallery_3d_like
train,OHI_datasetgallery_-130264893_penta_front_m_jpg.rf.45267ea67e1a3210665af051ba0b7a3e.jpg,OHI_datasetgallery_-130264893_penta_front_m_jpg,False,EXCLUDE,roboflow_augmentation_duplicate,27,False,gallery_3d_like
train,OHI_datasetgallery_-130264893_penta_front_m_jpg.rf.7f67eaf5f70191d5367cf18447d3a122.jpg,OHI_datasetgallery_-130264893_penta_front_m_jpg,False,EXCLUDE,roboflow_augmentation_duplicate,27,False,gallery_3d_like
train,OHI_datasetgallery_-130264893_penta_lower_m_jpg.rf.168d2c15bae84554167c13690fd973f0.jpg,OHI_datasetgallery_-130264893_penta_lower_m_jpg,True,REVIEW,gallery_or_3d_like_filename,13,False,gallery_3d_like
train,OHI_datasetgallery_-130264893_penta_lower_m_jpg.rf.24f810bf3dc6399de14a9d50aa0e9298.jpg,OHI_datasetgallery_-130264893_penta_lower_m_jpg,False,EXCLUDE,roboflow_augmentation_duplicate,13,False,gallery_3d_like
train,OHI_datasetgallery_-130264893_penta_lower_m_jpg.rf.97e0c01b2c76455c86c2ea2d00f12b9a.jpg,OHI_datasetgallery_-130264893_penta_lower_m_jpg,False,EXCLUDE,roboflow_augmentation_duplicate,13,False,gallery_3d_like
train,OHI_datasetgallery_-137391181_penta_upper_m_jpg.rf.0a86b03f0a3d81aac6d4e21ba111d625.jpg,OHI_datasetgallery_-137391181_penta_upper_m_jpg,True,REVIEW,gallery_or_3d_like_filename,12,False,gallery_3d_like
train,OHI_datasetgallery_-137391181_penta_upper_m_jpg.rf.144ba236ddf6b98cfa4da68dc55576c3.jpg,OHI_datasetgallery_-137391181_penta_upper_m_jpg,False,EXCLUDE,roboflow_augmentation_duplicate,12,False,gallery_3d_like
train,OHI_datasetgallery_-137391181_penta_upper_m_jpg.rf.ed8367e7b2751954b5abed93478ae57d.jpg,OHI_datasetgallery_-137391181_penta_upper_m_jpg,False,EXCLUDE,roboflow_augmentation_duplicate,12,False,gallery_3d_like
train,OHI_datasetgallery_-138079231_penta_front_m_jpg.rf.0117b7b966b977630b44606a906f691c.jpg,OHI_datasetgallery_-138079231_penta_front_m_jpg,True,REVIEW,gallery_or_3d_like_filename,27,False,gallery_3d_like
train,OHI_datasetgallery_-138079231_penta_front_m_jpg.rf.09e7f8decda5f850015966d17e1be477.jpg,OHI_datasetgallery_-138079231_penta_front_m_jpg,False,EXCLUDE,roboflow_augmentation_duplicate,27,False,gallery_3d_like
train,OHI_datasetgallery_-138079231_penta_front_m_jpg.rf.fc58426fc2041c14211e671299661cbb.jpg,OHI_datasetgallery_-138079231_penta_front_m_jpg,False,EXCLUDE,roboflow_augmentation_duplicate,27,False,gallery_3d_like
train,OHI_datasetgallery_-138079231_penta_lower_m_jpg.rf.5d0304b3d9caac892258b1787bae59be.jpg,OHI_datasetgallery_-138079231_penta_lower_m_jpg,True,REVIEW,gallery_or_3d_like_filename,13,False,gallery_3d_like
train,OHI_datasetgallery_-138079231_penta_lower_m_jpg.rf.87bc1cb29a4e2ca46c13e9bfc73d54c5.jpg,OHI_datasetgallery_-138079231_penta_lower_m_jpg,False,EXCLUDE,roboflow_augmentation_duplicate,13,False,gallery_3d_like
train,OHI_datasetgallery_-138079231_penta_lower_m_jpg.rf.95b50a472df7a790806091ef3a2c9773.jpg,OHI_datasetgallery_-138079231_penta_lower_m_jpg,False,EXCLUDE,roboflow_augmentation_duplicate,13,False,gallery_3d_like
train,OHI_datasetgallery_-138079231_penta_upper_m_jpg.rf.386f872dce11f07b40090bdf7e5939ae.jpg,OHI_datasetgallery_-138079231_penta_upper_m_jpg,True,REVIEW,gallery_or_3d_like_filename,14,False,gallery_3d_like
train,OHI_datasetgallery_-138079231_penta_upper_m_jpg.rf.8c25b8c56dd549766a5cc7a92fe0f3c8.jpg,OHI_datasetgallery_-138079231_penta_upper_m_jpg,False,EXCLUDE,roboflow_augmentation_duplicate,14,False,gallery_3d_like
train,OHI_datasetgallery_-138079231_penta_upper_m_jpg.rf.fbd3c07d39c138b632e598a52fa14c5c.jpg,OHI_datasetgallery_-138079231_penta_upper_m_jpg,False,EXCLUDE,roboflow_augmentation_duplicate,14,False,gallery_3d_like
train,OHI_datasetgallery_-144445605_penta_lower_m_jpg.rf.2a05d7ba51d40da832d2cd1acc159d16.jpg,OHI_datasetgallery_-144445605_penta_lower_m_jpg,True,REVIEW,gallery_or_3d_like_filename,7,False,gallery_3d_like
train,OHI_datasetgallery_-144445605_penta_lower_m_jpg.rf.782c3f229f25ec2e9b4f72aadb6a0893.jpg,OHI_datasetgallery_-144445605_penta_lower_m_jpg,False,EXCLUDE,roboflow_augmentation_duplicate,7,False,gallery_3d_like
train,OHI_datasetgallery_-144445605_penta_lower_m_jpg.rf.d8f012e1c2a97084c0a1019c1c4c018f.jpg,OHI_datasetgallery_-144445605_penta_lower_m_jpg,False,EXCLUDE,roboflow_augmentation_duplicate,7,False,gallery_3d_like
train,OHI_datasetgallery_-144445605_penta_upper_m_jpg.rf.a22becc7d56c31ec19263d79694ba8ef.jpg,OHI_datasetgallery_-144445605_penta_upper_m_jpg,True,REVIEW,gallery_or_3d_like_filename,11,False,gallery_3d_like
train,OHI_datasetgallery_-144445605_penta_upper_m_jpg.rf.a6e5c2ea24d61d62244829c8059ed556.jpg,OHI_datasetgallery_-144445605_penta_upper_m_jpg,False,EXCLUDE,roboflow_augmentation_duplicate,11,True,gallery_3d_like
train,OHI_datasetgallery_-144445605_penta_upper_m_jpg.rf.af5dd318482e1c39ff20d0c1af7c634e.jpg,OHI_datasetgallery_-144445605_penta_upper_m_jpg,False,EXCLUDE,roboflow_augmentation_duplicate,11,False,gallery_3d_like
train,OHI_datasetgallery_-150342966_penta_front_m_jpg.rf.06e5d5648d16ac29adaf577ba0487d08.jpg,OHI_datasetgallery_-150342966_penta_front_m_jpg,True,REVIEW,gallery_or_3d_like_filename,27,False,gallery_3d_like
train,OHI_datasetgallery_-150342966_penta_front_m_jpg.rf.18ecd43d4f6561d2a9f395691d4bda48.jpg,OHI_datasetgallery_-150342966_penta_front_m_jpg,False,EXCLUDE,roboflow_augmentation_duplicate,27,False,gallery_3d_like
train,OHI_datasetgallery_-150342966_penta_front_m_jpg.rf.7088499bc4b529b666f2c88b6750f265.jpg,OHI_datasetgallery_-150342966_penta_front_m_jpg,False,EXCLUDE,roboflow_augmentation_duplicate,27,False,gallery_3d_like
train,OHI_datasetgallery_-150342966_penta_lower_m_jpg.rf.150d55e936b02b860b2f675182d4d291.jpg,OHI_datasetgallery_-150342966_penta_lower_m_jpg,True,REVIEW,gallery_or_3d_like_filename,14,False,gallery_3d_like
train,OHI_datasetgallery_-150342966_penta_lower_m_jpg.rf.47399804c16a7574adef790df68b1c2a.jpg,OHI_datasetgallery_-150342966_penta_lower_m_jpg,False,EXCLUDE,roboflow_augmentation_duplicate,14,True,gallery_3d_like
train,OHI_datasetgallery_-150342966_penta_lower_m_jpg.rf.b4c33109c549ed92de621059729ffcf5.jpg,OHI_datasetgallery_-150342966_penta_lower_m_jpg,False,EXCLUDE,roboflow_augmentation_duplicate,14,False,gallery_3d_like
train,OHI_datasetgallery_-150342966_penta_upper_m_jpg.rf.252350aa4c1a44e14f3455979f64b91a.jpg,OHI_datasetgallery_-150342966_penta_upper_m_jpg,True,REVIEW,gallery_or_3d_like_filename,13,False,gallery_3d_like
train,OHI_datasetgallery_-150342966_penta_upper_m_jpg.rf.334b04fd1832467b759e306904bbe773.jpg,OHI_datasetgallery_-150342966_penta_upper_m_jpg,False,EXCLUDE,roboflow_augmentation_duplicate,13,False,gallery_3d_like
train,OHI_datasetgallery_-150342966_penta_upper_m_jpg.rf.67a582d6a36bcc3358358ec27c97fb6f.jpg,OHI_datasetgallery_-150342966_penta_upper_m_jpg,False,EXCLUDE,roboflow_augmentation_duplicate,13,False,gallery_3d_like
train,OHI_datasetgallery_-159699942_penta_lower_m_jpg.rf.408fe017caeeac8c9a0bec01b7c99bc6.jpg,OHI_datasetgallery_-159699942_penta_lower_m_jpg,True,REVIEW,gallery_or_3d_like_filename,10,False,gallery_3d_like
train,OHI_datasetgallery_-159699942_penta_lower_m_jpg.rf.6d48b94e73235140809dd50118f999bd.jpg,OHI_datasetgallery_-159699942_penta_lower_m_jpg,False,EXCLUDE,roboflow_augmentation_duplicate,10,False,gallery_3d_like
train,OHI_datasetgallery_-159699942_penta_lower_m_jpg.rf.c445305924b6b66518fac6360b192ca0.jpg,OHI_datasetgallery_-159699942_penta_lower_m_jpg,False,EXCLUDE,roboflow_augmentation_duplicate,10,False,gallery_3d_like
train,OHI_datasetgallery_-160158513_penta_front_m_jpg.rf.4e283a0741035d6b01c407b571bfcbec.jpg,OHI_datasetgallery_-160158513_penta_front_m_jpg,True,REVIEW,gallery_or_3d_like_filename,15,False,gallery_3d_like
train,OHI_datasetgallery_-160158513_penta_front_m_jpg.rf.972c79c408048090bad7ca4043552ab0.jpg,OHI_datasetgallery_-160158513_penta_front_m_jpg,False,EXCLUDE,roboflow_augmentation_duplicate,15,False,gallery_3d_like
train,OHI_datasetgallery_-160158513_penta_front_m_jpg.rf.c9613e4f40922d11b2e91c320ff77d3c.jpg,OHI_datasetgallery_-160158513_penta_front_m_jpg,False,EXCLUDE,roboflow_augmentation_duplicate,15,False,gallery_3d_like
train,OHI_datasetgallery_-160158513_penta_upper_m_jpg.rf.94402935138df09467891d753e7924df.jpg,OHI_datasetgallery_-160158513_penta_upper_m_jpg,True,REVIEW,gallery_or_3d_like_filename,13,False,gallery_3d_like
train,OHI_datasetgallery_-160158513_penta_upper_m_jpg.rf.97bde5cc7a8e5ed8d4fb27ae9c2f5633.jpg,OHI_datasetgallery_-160158513_penta_upper_m_jpg,False,EXCLUDE,roboflow_augmentation_duplicate,13,False,gallery_3d_like
train,OHI_datasetgallery_-160158513_penta_upper_m_jpg.rf.bad30191a29c655b088ac8a3ae0fb18a.jpg,OHI_datasetgallery_-160158513_penta_upper_m_jpg,False,EXCLUDE,roboflow_augmentation_duplicate,13,False,gallery_3d_like
train,OHI_datasetgallery_-40032188_penta_front_m_jpg.rf.197363c338ddb3da3a5ac335fc700311.jpg,OHI_datasetgallery_-40032188_penta_front_m_jpg,True,REVIEW,gallery_or_3d_like_filename,23,False,gallery_3d_like
train,OHI_datasetgallery_-40032188_penta_front_m_jpg.rf.dd16bfb9362109cb6a8cdc6d7842e21a.jpg,OHI_datasetgallery_-40032188_penta_front_m_jpg,False,EXCLUDE,roboflow_augmentation_duplicate,23,False,gallery_3d_like
train,OHI_datasetgallery_-40032188_penta_front_m_jpg.rf.fa21a400cecd5e4ca43c73037d173357.jpg,OHI_datasetgallery_-40032188_penta_front_m_jpg,False,EXCLUDE,roboflow_augmentation_duplicate,23,False,gallery_3d_like
train,OHI_datasetgallery_-40032188_penta_lower_m_jpg.rf.187eb51a23b4dc24a6d7029f07db1e7e.jpg,OHI_datasetgallery_-40032188_penta_lower_m_jpg,True,REVIEW,gallery_or_3d_like_filename,13,False,gallery_3d_like
train,OHI_datasetgallery_-40032188_penta_lower_m_jpg.rf.9389a0b3e5b8791325aac2caa97c5f8e.jpg,OHI_datasetgallery_-40032188_penta_lower_m_jpg,False,EXCLUDE,roboflow_augmentation_duplicate,13,False,gallery_3d_like
train,OHI_datasetgallery_-40032188_penta_lower_m_jpg.rf.bf5f97e74469408332a716c3db7af40d.jpg,OHI_datasetgallery_-40032188_penta_lower_m_jpg,False,EXCLUDE,roboflow_augmentation_duplicate,13,False,gallery_3d_like
train,OHI_datasetgallery_-40032188_penta_upper_m_jpg.rf.bd8bb22bc0f06d435a28a6117d8c4f0d.jpg,OHI_datasetgallery_-40032188_penta_upper_m_jpg,True,REVIEW,gallery_or_3d_like_filename,11,False,gallery_3d_like
train,OHI_datasetgallery_-40032188_penta_upper_m_jpg.rf.c54a598cdf9305f24d05c6c8bd4cd214.jpg,OHI_datasetgallery_-40032188_penta_upper_m_jpg,False,EXCLUDE,roboflow_augmentation_duplicate,11,False,gallery_3d_like
train,OHI_datasetgallery_-40032188_penta_upper_m_jpg.rf.d88e5a299bbbcde68ebc9aabd9074cf0.jpg,OHI_datasetgallery_-40032188_penta_upper_m_jpg,False,EXCLUDE,roboflow_augmentation_duplicate,11,False,gallery_3d_like
train,OHI_datasetgallery_-40615633_penta_lower_m_jpg.rf.2c1f3e0751db242e1e4e5ef2d6b21442.jpg,OHI_datasetgallery_-40615633_penta_lower_m_jpg,True,REVIEW,gallery_or_3d_like_filename,13,True,gallery_3d_like
train,OHI_datasetgallery_-40615633_penta_lower_m_jpg.rf.5b471ec3bba8dfb241185a633a3e99cb.jpg,OHI_datasetgallery_-40615633_penta_lower_m_jpg,False,EXCLUDE,roboflow_augmentation_duplicate,13,False,gallery_3d_like
train,OHI_datasetgallery_-40615633_penta_lower_m_jpg.rf.6c02c1241a409a72024a6e67e588d3fb.jpg,OHI_datasetgallery_-40615633_penta_lower_m_jpg,False,EXCLUDE,roboflow_augmentation_duplicate,13,False,gallery_3d_like
train,OHI_datasetgallery_-40615633_penta_upper_m_jpg.rf.a39afeba7bc12c931a34ed5ee5db5a81.jpg,OHI_datasetgallery_-40615633_penta_upper_m_jpg,True,REVIEW,gallery_or_3d_like_filename,11,False,gallery_3d_like
train,OHI_datasetgallery_-40615633_penta_upper_m_jpg.rf.ab3fd2ab180f69028d46c28f8e078ec3.jpg,OHI_datasetgallery_-40615633_penta_upper_m_jpg,False,EXCLUDE,roboflow_augmentation_duplicate,11,False,gallery_3d_like
train,OHI_datasetgallery_-40615633_penta_upper_m_jpg.rf.ea74bf74cfe8e510b37f94f054dcee41.jpg,OHI_datasetgallery_-40615633_penta_upper_m_jpg,False,EXCLUDE,roboflow_augmentation_duplicate,11,False,gallery_3d_like
train,OHI_datasetgallery_-42318742_penta_front_m_jpg.rf.8e6e5f541bd78c864e29b2e26cec54f6.jpg,OHI_datasetgallery_-42318742_penta_front_m_jpg,True,REVIEW,gallery_or_3d_like_filename,27,False,gallery_3d_like
train,OHI_datasetgallery_-42318742_penta_front_m_jpg.rf.c3ec733daeb6bbadfb761feb9c4db419.jpg,OHI_datasetgallery_-42318742_penta_front_m_jpg,False,EXCLUDE,roboflow_augmentation_duplicate,27,False,gallery_3d_like
train,OHI_datasetgallery_-42318742_penta_front_m_jpg.rf.dc06fb389945ce7b5165c9c8fc4e8013.jpg,OHI_datasetgallery_-42318742_penta_front_m_jpg,False,EXCLUDE,roboflow_augmentation_duplicate,27,False,gallery_3d_like
train,OHI_datasetgallery_-42318742_penta_lower_m_jpg.rf.3457bbf57ed8d0bf511eafc50a2720f7.jpg,OHI_datasetgallery_-42318742_penta_lower_m_jpg,True,REVIEW,gallery_or_3d_like_filename,14,False,gallery_3d_like
train,OHI_datasetgallery_-42318742_penta_lower_m_jpg.rf.b36faf21b0e2b209123f1c28de45b66e.jpg,OHI_datasetgallery_-42318742_penta_lower_m_jpg,False,EXCLUDE,roboflow_augmentation_duplicate,14,False,gallery_3d_like
train,OHI_datasetgallery_-42318742_penta_lower_m_jpg.rf.d6a907c4213a9d01f936db5c6a6d12f6.jpg,OHI_datasetgallery_-42318742_penta_lower_m_jpg,False,EXCLUDE,roboflow_augmentation_duplicate,14,False,gallery_3d_like
train,OHI_datasetgallery_-48450823_penta_front_m1_jpg.rf.961f206f0277f4a139589042e66212f5.jpg,OHI_datasetgallery_-48450823_penta_front_m1_jpg,True,REVIEW,gallery_or_3d_like_filename,24,False,gallery_3d_like
train,OHI_datasetgallery_-48450823_penta_front_m1_jpg.rf.a824a18f301deeefe33c4b4da4c14004.jpg,OHI_datasetgallery_-48450823_penta_front_m1_jpg,False,EXCLUDE,roboflow_augmentation_duplicate,24,False,gallery_3d_like
train,OHI_datasetgallery_-48450823_penta_front_m1_jpg.rf.fcad0654b6b668b71e86d1ed71dec4ea.jpg,OHI_datasetgallery_-48450823_penta_front_m1_jpg,False,EXCLUDE,roboflow_augmentation_duplicate,24,False,gallery_3d_like
train,OHI_datasetgallery_-48450823_penta_upper_m1_jpg.rf.038e59df9d48bb06fce863768ced4203.jpg,OHI_datasetgallery_-48450823_penta_upper_m1_jpg,True,REVIEW,gallery_or_3d_like_filename,12,False,gallery_3d_like
train,OHI_datasetgallery_-48450823_penta_upper_m1_jpg.rf.03a976741748bf8f9d0373cf293fc215.jpg,OHI_datasetgallery_-48450823_penta_upper_m1_jpg,False,EXCLUDE,roboflow_augmentation_duplicate,12,False,gallery_3d_like
train,OHI_datasetgallery_-48450823_penta_upper_m1_jpg.rf.e7848fe182c4c111e3ff3eed672d85f9.jpg,OHI_datasetgallery_-48450823_penta_upper_m1_jpg,False,EXCLUDE,roboflow_augmentation_duplicate,12,False,gallery_3d_like
train,OHI_datasetgallery_-48450823_penta_upper_m_jpg.rf.c0b91ce631a4abae8af1cd2280e5a4ae.jpg,OHI_datasetgallery_-48450823_penta_upper_m_jpg,True,REVIEW,gallery_or_3d_like_filename,12,False,gallery_3d_like
train,OHI_datasetgallery_-48450823_penta_upper_m_jpg.rf.c82fdcbe8f5829bed1016e3e3f18b8c7.jpg,OHI_datasetgallery_-48450823_penta_upper_m_jpg,False,EXCLUDE,roboflow_augmentation_duplicate,12,False,gallery_3d_like
train,OHI_datasetgallery_-48450823_penta_upper_m_jpg.rf.f400e043f2b5640b2d47b1504eacc7ff.jpg,OHI_datasetgallery_-48450823_penta_upper_m_jpg,False,EXCLUDE,roboflow_augmentation_duplicate,12,False,gallery_3d_like
train,OHI_datasetgallery_-50885731_penta_front_m_jpg.rf.14500bab75acb4df001732ada5e993de.jpg,OHI_datasetgallery_-50885731_penta_front_m_jpg,True,REVIEW,gallery_or_3d_like_filename,24,False,gallery_3d_like
train,OHI_datasetgallery_-50885731_penta_front_m_jpg.rf.2340d8c1739fcb0b31b7ee1ed51ffa68.jpg,OHI_datasetgallery_-50885731_penta_front_m_jpg,False,EXCLUDE,roboflow_augmentation_duplicate,24,False,gallery_3d_like
train,OHI_datasetgallery_-50885731_penta_front_m_jpg.rf.c958758c915c4160663d2de99e4abdef.jpg,OHI_datasetgallery_-50885731_penta_front_m_jpg,False,EXCLUDE,roboflow_augmentation_duplicate,24,False,gallery_3d_like
train,OHI_datasetgallery_-50885731_penta_lower_m_jpg.rf.8542a74e14cda00e6af355f32fa8d652.jpg,OHI_datasetgallery_-50885731_penta_lower_m_jpg,True,REVIEW,gallery_or_3d_like_filename,13,False,gallery_3d_like
train,OHI_datasetgallery_-50885731_penta_lower_m_jpg.rf.e43a62aa6f370c2d2b602e6868cc8e6b.jpg,OHI_datasetgallery_-50885731_penta_lower_m_jpg,False,EXCLUDE,roboflow_augmentation_duplicate,13,False,gallery_3d_like
train,OHI_datasetgallery_-50885731_penta_lower_m_jpg.rf.fafbcf03278ad683f41a466307e43765.jpg,OHI_datasetgallery_-50885731_penta_lower_m_jpg,False,EXCLUDE,roboflow_augmentation_duplicate,13,False,gallery_3d_like
train,OHI_datasetgallery_-58038273_penta_lower_m_jpg.rf.5d5eaa07132c81b7c579b3e56f02a570.jpg,OHI_datasetgallery_-58038273_penta_lower_m_jpg,True,REVIEW,gallery_or_3d_like_filename,11,True,gallery_3d_like
train,OHI_datasetgallery_-58038273_penta_lower_m_jpg.rf.8f7965b7625a8a2f14242a23d3e52ddf.jpg,OHI_datasetgallery_-58038273_penta_lower_m_jpg,False,EXCLUDE,roboflow_augmentation_duplicate,11,False,gallery_3d_like
train,OHI_datasetgallery_-58038273_penta_lower_m_jpg.rf.cb5ff28b4d881cd902b86749fbcbed2c.jpg,OHI_datasetgallery_-58038273_penta_lower_m_jpg,False,EXCLUDE,roboflow_augmentation_duplicate,11,False,gallery_3d_like
train,OHI_datasetgallery_-58038273_penta_upper_m_jpg.rf.785144d4ae855ba0264c2631eeebc42a.jpg,OHI_datasetgallery_-58038273_penta_upper_m_jpg,True,REVIEW,gallery_or_3d_like_filename,10,False,gallery_3d_like
train,OHI_datasetgallery_-58038273_penta_upper_m_jpg.rf.7b7bbf00e0af96a08fb6f9547dad37ac.jpg,OHI_datasetgallery_-58038273_penta_upper_m_jpg,False,EXCLUDE,roboflow_augmentation_duplicate,10,True,gallery_3d_like
train,OHI_datasetgallery_-58038273_penta_upper_m_jpg.rf.f0e838655830d12647bdbfae847e703e.jpg,OHI_datasetgallery_-58038273_penta_upper_m_jpg,False,EXCLUDE,roboflow_augmentation_duplicate,10,False,gallery_3d_like
train,OHI_datasetgallery_-76089144_penta_front_m_jpg.rf.60536b1a36578731491c4f77276610b9.jpg,OHI_datasetgallery_-76089144_penta_front_m_jpg,True,REVIEW,gallery_or_3d_like_filename,22,False,gallery_3d_like
train,OHI_datasetgallery_-76089144_penta_front_m_jpg.rf.7983b9c33106fad839a0425b29bdb4cc.jpg,OHI_datasetgallery_-76089144_penta_front_m_jpg,False,EXCLUDE,roboflow_augmentation_duplicate,22,False,gallery_3d_like
train,OHI_datasetgallery_-76089144_penta_front_m_jpg.rf.b3ac96094df4cca5323200e52428ae68.jpg,OHI_datasetgallery_-76089144_penta_front_m_jpg,False,EXCLUDE,roboflow_augmentation_duplicate,22,False,gallery_3d_like
train,OHI_datasetgallery_-76089144_penta_lower_m_jpg.rf.5df52af2dafb90840a5b443d2fe4c348.jpg,OHI_datasetgallery_-76089144_penta_lower_m_jpg,True,REVIEW,gallery_or_3d_like_filename,11,False,gallery_3d_like
train,OHI_datasetgallery_-76089144_penta_lower_m_jpg.rf.65f1e1b55c2cac38ec7f0e1710aad432.jpg,OHI_datasetgallery_-76089144_penta_lower_m_jpg,False,EXCLUDE,roboflow_augmentation_duplicate,11,False,gallery_3d_like
train,OHI_datasetgallery_-76089144_penta_lower_m_jpg.rf.8b403f1fab29a51b5523447104254b09.jpg,OHI_datasetgallery_-76089144_penta_lower_m_jpg,False,EXCLUDE,roboflow_augmentation_duplicate,11,False,gallery_3d_like
train,OHI_datasetgallery_-76089144_penta_upper_m_jpg.rf.3e13135c94788145e11588adeb303e98.jpg,OHI_datasetgallery_-76089144_penta_upper_m_jpg,True,REVIEW,gallery_or_3d_like_filename,11,False,gallery_3d_like
train,OHI_datasetgallery_-76089144_penta_upper_m_jpg.rf.cc93a0569e8663387c8c449a1fca8cce.jpg,OHI_datasetgallery_-76089144_penta_upper_m_jpg,False,EXCLUDE,roboflow_augmentation_duplicate,11,False,gallery_3d_like
train,OHI_datasetgallery_-76089144_penta_upper_m_jpg.rf.f8d2ae41a91617349285e5854262d083.jpg,OHI_datasetgallery_-76089144_penta_upper_m_jpg,False,EXCLUDE,roboflow_augmentation_duplicate,11,False,gallery_3d_like
train,OHI_datasetIMG_0002_jpg.rf.2118d10a37162d20e35560fd54240746.jpg,OHI_datasetIMG_0002_jpg,True,KEEP,color_clinical_like,15,False,photo_like
train,OHI_datasetIMG_0002_jpg.rf.2ac26de4da6057f018d6d399c14feff9.jpg,OHI_datasetIMG_0002_jpg,False,EXCLUDE,roboflow_augmentation_duplicate,15,True,photo_like
train,OHI_datasetIMG_0002_jpg.rf.7b11ef446cbd37dc8f401fd014e0c02c.jpg,OHI_datasetIMG_0002_jpg,False,EXCLUDE,roboflow_augmentation_duplicate,15,False,photo_like
train,OHI_datasetIMG_0101_JPG.rf.3e3f25096d850ff6175ec237dd33fb85.jpg,OHI_datasetIMG_0101_JPG,True,REVIEW,near_grayscale_color_stats,12,True,photo_like
train,OHI_datasetIMG_0101_JPG.rf.61fc725f113e55ae1551693d5db1978e.jpg,OHI_datasetIMG_0101_JPG,False,EXCLUDE,roboflow_augmentation_duplicate,12,False,photo_like
train,OHI_datasetIMG_0101_JPG.rf.ba292b2c45578e4d5b43880a067b6014.jpg,OHI_datasetIMG_0101_JPG,False,EXCLUDE,roboflow_augmentation_duplicate,12,False,photo_like
train,OHI_datasetIMG_0102_JPG.rf.3c6bfb24f01a33b83395148961445748.jpg,OHI_datasetIMG_0102_JPG,True,KEEP,color_clinical_like,14,False,photo_like
train,OHI_datasetIMG_0102_JPG.rf.92d035195d63aa92e9ebcd628041cc18.jpg,OHI_datasetIMG_0102_JPG,False,EXCLUDE,roboflow_augmentation_duplicate,14,False,photo_like
train,OHI_datasetIMG_0102_JPG.rf.9b345b203d20183d3d45c2fa817190cc.jpg,OHI_datasetIMG_0102_JPG,False,EXCLUDE,roboflow_augmentation_duplicate,14,False,photo_like
train,OHI_datasetIMG_01421_jpg.rf.5c7c7a8db8c7c504384541de0340a530.jpg,OHI_datasetIMG_01421_jpg,True,KEEP,color_clinical_like,26,False,photo_like
train,OHI_datasetIMG_01421_jpg.rf.c57da06b9aba489c55b96d2d17c852df.jpg,OHI_datasetIMG_01421_jpg,False,EXCLUDE,roboflow_augmentation_duplicate,26,False,photo_like
train,OHI_datasetIMG_01421_jpg.rf.eae440bf494af66dca0f82f3657135ed.jpg,OHI_datasetIMG_01421_jpg,False,EXCLUDE,roboflow_augmentation_duplicate,26,False,photo_like
train,OHI_datasetIMG_0213_JPG.rf.1d11bafeea226b67ef4d757070a85f5b.jpg,OHI_datasetIMG_0213_JPG,True,REVIEW,near_grayscale_color_stats,23,True,photo_like
train,OHI_datasetIMG_0213_JPG.rf.332b1a65a300820b50c954dc4a464c70.jpg,OHI_datasetIMG_0213_JPG,False,EXCLUDE,roboflow_augmentation_duplicate,23,True,photo_like
train,OHI_datasetIMG_0213_JPG.rf.6291693a1de4f1f93bf4ec40a8f25b58.jpg,OHI_datasetIMG_0213_JPG,False,EXCLUDE,roboflow_augmentation_duplicate,23,False,photo_like
train,OHI_datasetIMG_0216_JPG.rf.1771d30121ec99a29790e71625d5bae0.jpg,OHI_datasetIMG_0216_JPG,True,KEEP,color_clinical_like,12,False,photo_like
train,OHI_datasetIMG_0216_JPG.rf.8993a37f229965014a19908b14dfd10d.jpg,OHI_datasetIMG_0216_JPG,False,EXCLUDE,roboflow_augmentation_duplicate,12,False,photo_like
train,OHI_datasetIMG_0216_JPG.rf.e97b1b3e81a0fb0dd57452606b6f2b49.jpg,OHI_datasetIMG_0216_JPG,False,EXCLUDE,roboflow_augmentation_duplicate,12,False,photo_like
train,OHI_datasetIMG_0218_JPG.rf.367ec62756e055f56869775a2b8b414c.jpg,OHI_datasetIMG_0218_JPG,True,KEEP,color_clinical_like,12,False,photo_like
train,OHI_datasetIMG_0218_JPG.rf.7ac59a75dfcc95c2589feca9f00edda6.jpg,OHI_datasetIMG_0218_JPG,False,EXCLUDE,roboflow_augmentation_duplicate,12,False,photo_like
train,OHI_datasetIMG_0218_JPG.rf.a2fb06858a8ae0b78ec49488899d7e07.jpg,OHI_datasetIMG_0218_JPG,False,EXCLUDE,roboflow_augmentation_duplicate,12,False,photo_like
train,OHI_datasetIMG_0253_JPG.rf.59e4d64f98aac690705729cbaadc11c5.jpg,OHI_datasetIMG_0253_JPG,True,KEEP,color_clinical_like,12,False,photo_like
train,OHI_datasetIMG_0253_JPG.rf.6041ccfa45cb92d18e07607b6f9b519d.jpg,OHI_datasetIMG_0253_JPG,False,EXCLUDE,roboflow_augmentation_duplicate,12,False,photo_like
train,OHI_datasetIMG_0253_JPG.rf.995840375bfc7b3952ef4b0735b4f4df.jpg,OHI_datasetIMG_0253_JPG,False,EXCLUDE,roboflow_augmentation_duplicate,12,False,photo_like
train,OHI_datasetIMG_0254_JPG.rf.03effb0b3c5256a372cacc32e43b8806.jpg,OHI_datasetIMG_0254_JPG,True,KEEP,color_clinical_like,14,False,photo_like
train,OHI_datasetIMG_0254_JPG.rf.198e7aa293774fd7991e9890ceaaf214.jpg,OHI_datasetIMG_0254_JPG,False,EXCLUDE,roboflow_augmentation_duplicate,14,False,photo_like
train,OHI_datasetIMG_0254_JPG.rf.e75f1c558797165e5bc8c6af667487bc.jpg,OHI_datasetIMG_0254_JPG,False,EXCLUDE,roboflow_augmentation_duplicate,14,True,photo_like
train,OHI_datasetIMG_0263_JPG.rf.2fff2f3677f22f78120323636d1eec90.jpg,OHI_datasetIMG_0263_JPG,True,KEEP,color_clinical_like,26,False,photo_like
train,OHI_datasetIMG_0263_JPG.rf.7c43aeb6efc697053eae7aab19ac4e26.jpg,OHI_datasetIMG_0263_JPG,False,EXCLUDE,roboflow_augmentation_duplicate,26,True,photo_like
train,OHI_datasetIMG_0263_JPG.rf.fe4bb923422fa01463d1672f8aaf185b.jpg,OHI_datasetIMG_0263_JPG,False,EXCLUDE,roboflow_augmentation_duplicate,26,False,photo_like
train,OHI_datasetIMG_0264_JPG.rf.042b23a8a72d863bda0f93cb1569b5f7.jpg,OHI_datasetIMG_0264_JPG,True,KEEP,color_clinical_like,12,False,photo_like
train,OHI_datasetIMG_0264_JPG.rf.268c6ff2acae6dd11bf55aa5e1b7c324.jpg,OHI_datasetIMG_0264_JPG,False,EXCLUDE,roboflow_augmentation_duplicate,12,False,photo_like
train,OHI_datasetIMG_0264_JPG.rf.268f682c583cee8d4dabf0c9255505fa.jpg,OHI_datasetIMG_0264_JPG,False,EXCLUDE,roboflow_augmentation_duplicate,12,False,photo_like
train,OHI_datasetIMG_0282_JPG.rf.0e61518f2e19b75dcb677f20b21561d0.jpg,OHI_datasetIMG_0282_JPG,True,REVIEW,near_grayscale_color_stats,13,True,photo_like
train,OHI_datasetIMG_0282_JPG.rf.2d7768fbcabd23945c2bfa23d2b72e1b.jpg,OHI_datasetIMG_0282_JPG,False,EXCLUDE,roboflow_augmentation_duplicate,13,True,photo_like
train,OHI_datasetIMG_0282_JPG.rf.c4d15281804b56167cc54a9aa00b037d.jpg,OHI_datasetIMG_0282_JPG,False,EXCLUDE,roboflow_augmentation_duplicate,13,False,photo_like
train,OHI_datasetIMG_0285_JPG.rf.02823546419f4215db111782323571dc.jpg,OHI_datasetIMG_0285_JPG,True,KEEP,color_clinical_like,12,False,photo_like
train,OHI_datasetIMG_0285_JPG.rf.351177234c7e288c4cc5ceb9403a8b06.jpg,OHI_datasetIMG_0285_JPG,False,EXCLUDE,roboflow_augmentation_duplicate,12,True,photo_like
train,OHI_datasetIMG_0285_JPG.rf.f8c422132373a3344653a305f3f001c1.jpg,OHI_datasetIMG_0285_JPG,False,EXCLUDE,roboflow_augmentation_duplicate,12,False,photo_like
train,OHI_datasetIMG_0367_jpg.rf.9454c58da71514046aa7e6f3c83e4bb6.jpg,OHI_datasetIMG_0367_jpg,True,KEEP,color_clinical_like,24,False,photo_like
train,OHI_datasetIMG_0367_jpg.rf.c7dbb4160d7aee0127be5074f849c800.jpg,OHI_datasetIMG_0367_jpg,False,EXCLUDE,roboflow_augmentation_duplicate,24,False,photo_like
train,OHI_datasetIMG_0367_jpg.rf.d2f75a96c8a5f929ff4cbf3d6a002c7b.jpg,OHI_datasetIMG_0367_jpg,False,EXCLUDE,roboflow_augmentation_duplicate,24,False,photo_like
train,OHI_datasetIMG_0368_JPG.rf.5efa21e8ca32a8298b550b86a714a43c.jpg,OHI_datasetIMG_0368_JPG,True,KEEP,color_clinical_like,13,False,photo_like
train,OHI_datasetIMG_0368_JPG.rf.6d11b93c5808e48c490ac9807a82a76b.jpg,OHI_datasetIMG_0368_JPG,False,EXCLUDE,roboflow_augmentation_duplicate,13,False,photo_like
train,OHI_datasetIMG_0368_JPG.rf.dcf6df3bbebe48cf8a2e278f51b5c6e7.jpg,OHI_datasetIMG_0368_JPG,False,EXCLUDE,roboflow_augmentation_duplicate,13,False,photo_like
train,OHI_datasetIMG_0375_jpg.rf.649480e633682f6dc3dc52273cd046b1.jpg,OHI_datasetIMG_0375_jpg,True,KEEP,color_clinical_like,14,False,photo_like
train,OHI_datasetIMG_0375_jpg.rf.88d1b5af0920e9736715589063a7771d.jpg,OHI_datasetIMG_0375_jpg,False,EXCLUDE,roboflow_augmentation_duplicate,14,False,photo_like
train,OHI_datasetIMG_0375_jpg.rf.e1f0808607950044fd77e45eebccf052.jpg,OHI_datasetIMG_0375_jpg,False,EXCLUDE,roboflow_augmentation_duplicate,14,False,photo_like
train,OHI_datasetIMG_0410_JPG.rf.35212f524cceec0de84afbb1708070d8.jpg,OHI_datasetIMG_0410_JPG,True,KEEP,color_clinical_like,28,False,photo_like
train,OHI_datasetIMG_0410_JPG.rf.4f82ef52f4c433f825e51a894bfffa07.jpg,OHI_datasetIMG_0410_JPG,False,EXCLUDE,roboflow_augmentation_duplicate,28,False,photo_like
train,OHI_datasetIMG_0410_JPG.rf.ecfd57593810f09571abbbbbfda6b3fb.jpg,OHI_datasetIMG_0410_JPG,False,EXCLUDE,roboflow_augmentation_duplicate,28,False,photo_like
train,OHI_datasetIMG_0411_JPG.rf.0fce08dd49a0331889edb92bc19fb8f2.jpg,OHI_datasetIMG_0411_JPG,True,KEEP,color_clinical_like,13,False,photo_like
train,OHI_datasetIMG_0411_JPG.rf.d48fdfae3f225355bc08ff1beef4d8da.jpg,OHI_datasetIMG_0411_JPG,False,EXCLUDE,roboflow_augmentation_duplicate,13,False,photo_like
train,OHI_datasetIMG_0411_JPG.rf.fe2619b572e988d4af3a561301f9bd9c.jpg,OHI_datasetIMG_0411_JPG,False,EXCLUDE,roboflow_augmentation_duplicate,13,False,photo_like
train,OHI_datasetIMG_0412_JPG.rf.188bb2bc0a5f21e6f68da7454dcecc5c.jpg,OHI_datasetIMG_0412_JPG,True,REVIEW,near_grayscale_color_stats,12,True,photo_like
train,OHI_datasetIMG_0412_JPG.rf.2ae9401c61d2d50e689674145ecafa08.jpg,OHI_datasetIMG_0412_JPG,False,EXCLUDE,roboflow_augmentation_duplicate,12,False,photo_like
train,OHI_datasetIMG_0412_JPG.rf.984bc835e4a1372f6382f88fc88e94b1.jpg,OHI_datasetIMG_0412_JPG,False,EXCLUDE,roboflow_augmentation_duplicate,12,False,photo_like
train,OHI_datasetIMG_0603_JPG.rf.b0876f59b827fd00b9b014ddb3574185.jpg,OHI_datasetIMG_0603_JPG,True,KEEP,color_clinical_like,14,False,photo_like
train,OHI_datasetIMG_0603_JPG.rf.f812e212dfba2a6921d5f1d05aea4f25.jpg,OHI_datasetIMG_0603_JPG,False,EXCLUDE,roboflow_augmentation_duplicate,14,False,photo_like
train,OHI_datasetIMG_0603_JPG.rf.fbaf7d4ca3698ae5c4822b44acb5a382.jpg,OHI_datasetIMG_0603_JPG,False,EXCLUDE,roboflow_augmentation_duplicate,14,False,photo_like
train,OHI_datasetIMG_0665_JPG.rf.037ed6675d7e35d9214568affda3a24a.jpg,OHI_datasetIMG_0665_JPG,True,KEEP,color_clinical_like,27,False,photo_like
train,OHI_datasetIMG_0665_JPG.rf.7bacdbce450830e609bfc5c5aa0b25a9.jpg,OHI_datasetIMG_0665_JPG,False,EXCLUDE,roboflow_augmentation_duplicate,27,False,photo_like
train,OHI_datasetIMG_0665_JPG.rf.b903fecc9cb8c3d85ea5331f7f0b4956.jpg,OHI_datasetIMG_0665_JPG,False,EXCLUDE,roboflow_augmentation_duplicate,27,False,photo_like
train,OHI_datasetIMG_0667_JPG.rf.2490a816a632f7bacfceb202065397ee.jpg,OHI_datasetIMG_0667_JPG,True,KEEP,color_clinical_like,12,False,photo_like
train,OHI_datasetIMG_0667_JPG.rf.7acf4b2a1c50fbe25fae5f3a25017475.jpg,OHI_datasetIMG_0667_JPG,False,EXCLUDE,roboflow_augmentation_duplicate,12,False,photo_like
train,OHI_datasetIMG_0667_JPG.rf.ec43c2cbc765697099ac31149aae1979.jpg,OHI_datasetIMG_0667_JPG,False,EXCLUDE,roboflow_augmentation_duplicate,12,False,photo_like
train,OHI_datasetIMG_0688_JPG.rf.2e6cedabb9497cc579509ce19cd7e99a.jpg,OHI_datasetIMG_0688_JPG,True,KEEP,color_clinical_like,27,False,photo_like
train,OHI_datasetIMG_0688_JPG.rf.605c5b2841c018c273a37428822857d0.jpg,OHI_datasetIMG_0688_JPG,False,EXCLUDE,roboflow_augmentation_duplicate,27,False,photo_like
train,OHI_datasetIMG_0688_JPG.rf.66b8edd4c3b5554115880e4069176739.jpg,OHI_datasetIMG_0688_JPG,False,EXCLUDE,roboflow_augmentation_duplicate,27,False,photo_like
train,OHI_datasetIMG_0689_JPG.rf.3ab5bf7db3c9094fbb3e99e1779b0f18.jpg,OHI_datasetIMG_0689_JPG,True,KEEP,color_clinical_like,14,False,photo_like
train,OHI_datasetIMG_0689_JPG.rf.69a6ea8f1a6666abd6689f54b1651ef1.jpg,OHI_datasetIMG_0689_JPG,False,EXCLUDE,roboflow_augmentation_duplicate,14,True,photo_like
train,OHI_datasetIMG_0689_JPG.rf.da5d409a8d58ad8952d2b1776de4e320.jpg,OHI_datasetIMG_0689_JPG,False,EXCLUDE,roboflow_augmentation_duplicate,14,False,photo_like
train,OHI_datasetIMG_0690_JPG.rf.15e46b0b46186158da152cb9190c9f12.jpg,OHI_datasetIMG_0690_JPG,True,KEEP,color_clinical_like,13,False,photo_like
train,OHI_datasetIMG_0690_JPG.rf.a4126ea55ea71942aefc20ab50a69174.jpg,OHI_datasetIMG_0690_JPG,False,EXCLUDE,roboflow_augmentation_duplicate,13,False,photo_like
train,OHI_datasetIMG_0690_JPG.rf.dc069dc7fcde9d6a65e804f7cb1e4a72.jpg,OHI_datasetIMG_0690_JPG,False,EXCLUDE,roboflow_augmentation_duplicate,13,False,photo_like
train,OHI_datasetIMG_1114_JPG.rf.2a0aa7f4fd8d58a75e3d4a06b6fb3270.jpg,OHI_datasetIMG_1114_JPG,True,REVIEW,near_grayscale_color_stats,15,True,photo_like
train,OHI_datasetIMG_1114_JPG.rf.ad8be28d7ab9cb43798b2b763fe8a8fe.jpg,OHI_datasetIMG_1114_JPG,False,EXCLUDE,roboflow_augmentation_duplicate,15,True,photo_like
train,OHI_datasetIMG_1114_JPG.rf.cd89ee5577e34ea4647c1a3b7d5ab4e6.jpg,OHI_datasetIMG_1114_JPG,False,EXCLUDE,roboflow_augmentation_duplicate,15,False,photo_like
train,OHI_datasetIMG_1123_JPG.rf.0b907a505bccd3eea7891158dfd2680d.jpg,OHI_datasetIMG_1123_JPG,True,KEEP,color_clinical_like,14,False,photo_like
train,OHI_datasetIMG_1123_JPG.rf.0bd17b6c403b520d0b6e3d2cea11038b.jpg,OHI_datasetIMG_1123_JPG,False,EXCLUDE,roboflow_augmentation_duplicate,14,False,photo_like
train,OHI_datasetIMG_1123_JPG.rf.d6587708556e2aafb6d95f5976cf566c.jpg,OHI_datasetIMG_1123_JPG,False,EXCLUDE,roboflow_augmentation_duplicate,14,False,photo_like
train,OHI_datasetIMG_1124_JPG.rf.3b29673668edc9422c613b0e53cd16ce.jpg,OHI_datasetIMG_1124_JPG,True,KEEP,color_clinical_like,13,False,photo_like
train,OHI_datasetIMG_1124_JPG.rf.4edfae2c2057dd15ca12f31835b950e9.jpg,OHI_datasetIMG_1124_JPG,False,EXCLUDE,roboflow_augmentation_duplicate,13,False,photo_like
train,OHI_datasetIMG_1124_JPG.rf.7f03ff1028511a4a5f952e022c0f3022.jpg,OHI_datasetIMG_1124_JPG,False,EXCLUDE,roboflow_augmentation_duplicate,13,False,photo_like
train,OHI_datasetIMG_1179_JPG.rf.1d0494ddce3ed02ad30400fbb2f56228.jpg,OHI_datasetIMG_1179_JPG,True,KEEP,color_clinical_like,14,False,photo_like
train,OHI_datasetIMG_1179_JPG.rf.226ef7e8b2c6c543b92622d333c291f8.jpg,OHI_datasetIMG_1179_JPG,False,EXCLUDE,roboflow_augmentation_duplicate,14,False,photo_like
train,OHI_datasetIMG_1179_JPG.rf.81550ff9ca06828e6e3c90e78d04a433.jpg,OHI_datasetIMG_1179_JPG,False,EXCLUDE,roboflow_augmentation_duplicate,14,False,photo_like
train,OHI_datasetIMG_1217_JPG.rf.8201917ab8329b3ea95fa19a686cc8b5.jpg,OHI_datasetIMG_1217_JPG,False,EXCLUDE,roboflow_augmentation_duplicate,14,False,photo_like
train,OHI_datasetIMG_1217_JPG.rf.8b211fac6058f379559d1e8efb177384.jpg,OHI_datasetIMG_1217_JPG,True,KEEP,color_clinical_like,13,False,photo_like
train,OHI_datasetIMG_1217_JPG.rf.ba85b02284f1a84ae753ce02b2f0dcbf.jpg,OHI_datasetIMG_1217_JPG,False,EXCLUDE,roboflow_augmentation_duplicate,12,True,photo_like
train,OHI_datasetIMG_1222_JPG.rf.0e0d318cb60b1dcf663cc334e0aaf1fe.jpg,OHI_datasetIMG_1222_JPG,True,KEEP,color_clinical_like,29,False,photo_like
train,OHI_datasetIMG_1222_JPG.rf.201389dd3f2073c5ba475e69e40cd979.jpg,OHI_datasetIMG_1222_JPG,False,EXCLUDE,roboflow_augmentation_duplicate,29,False,photo_like
train,OHI_datasetIMG_1222_JPG.rf.7ab9045fd1f486038b25dc9913062b4b.jpg,OHI_datasetIMG_1222_JPG,False,EXCLUDE,roboflow_augmentation_duplicate,29,False,photo_like
train,OHI_datasetIMG_1283_JPG.rf.1a1898504bc3d87bd5910ce335d57958.jpg,OHI_datasetIMG_1283_JPG,True,KEEP,color_clinical_like,20,False,photo_like
train,OHI_datasetIMG_1283_JPG.rf.8a0837cc8f25301767dc12c7b06d8296.jpg,OHI_datasetIMG_1283_JPG,False,EXCLUDE,roboflow_augmentation_duplicate,20,True,photo_like
train,OHI_datasetIMG_1283_JPG.rf.8db0da39c90320228e51feb40f6d9a07.jpg,OHI_datasetIMG_1283_JPG,False,EXCLUDE,roboflow_augmentation_duplicate,20,False,photo_like
train,OHI_datasetIMG_1286_JPG.rf.4030d4919322d70a147434d02d445560.jpg,OHI_datasetIMG_1286_JPG,True,KEEP,color_clinical_like,10,False,photo_like
train,OHI_datasetIMG_1286_JPG.rf.5a0236016a54f661493178dcd78bce75.jpg,OHI_datasetIMG_1286_JPG,False,EXCLUDE,roboflow_augmentation_duplicate,10,False,photo_like
train,OHI_datasetIMG_1286_JPG.rf.d7bd528771a6fd3e1d26ba93d0be9886.jpg,OHI_datasetIMG_1286_JPG,False,EXCLUDE,roboflow_augmentation_duplicate,10,True,photo_like
train,OHI_datasetIMG_1453a_jpg.rf.27d3e277fc657c6f3630590ce6fc4288.jpg,OHI_datasetIMG_1453a_jpg,True,KEEP,color_clinical_like,27,False,photo_like
train,OHI_datasetIMG_1453a_jpg.rf.b3b683523f8809f63a9c47ffb64f38d9.jpg,OHI_datasetIMG_1453a_jpg,False,EXCLUDE,roboflow_augmentation_duplicate,27,False,photo_like
train,OHI_datasetIMG_1453a_jpg.rf.f2a2b78963d1bf198da7b74c738784a6.jpg,OHI_datasetIMG_1453a_jpg,False,EXCLUDE,roboflow_augmentation_duplicate,27,False,photo_like
train,OHI_datasetIMG_1454a_jpg.rf.02dedbe7abd248477a25132a785b897f.jpg,OHI_datasetIMG_1454a_jpg,True,KEEP,color_clinical_like,13,False,photo_like
train,OHI_datasetIMG_1454a_jpg.rf.2cb53ac29d2dad7fb94d5019565c10b6.jpg,OHI_datasetIMG_1454a_jpg,False,EXCLUDE,roboflow_augmentation_duplicate,13,False,photo_like
train,OHI_datasetIMG_1454a_jpg.rf.9cf75318edd89efd95933042dfed9c27.jpg,OHI_datasetIMG_1454a_jpg,False,EXCLUDE,roboflow_augmentation_duplicate,13,True,photo_like
train,OHI_datasetIMG_1455a_jpg.rf.43efc7d13d2bf66a70ac39040b177b6e.jpg,OHI_datasetIMG_1455a_jpg,True,KEEP,color_clinical_like,14,False,photo_like
train,OHI_datasetIMG_1455a_jpg.rf.a3cb4cf48798a242be2b4e8f3660eefd.jpg,OHI_datasetIMG_1455a_jpg,False,EXCLUDE,roboflow_augmentation_duplicate,14,False,photo_like
train,OHI_datasetIMG_1455a_jpg.rf.b1ac66cdcce31ee2206a53000b52d8f8.jpg,OHI_datasetIMG_1455a_jpg,False,EXCLUDE,roboflow_augmentation_duplicate,14,False,photo_like
train,OHI_datasetIMG_1462_JPG.rf.183035ccf02e668bff8fd45d06192069.jpg,OHI_datasetIMG_1462_JPG,True,REVIEW,near_grayscale_color_stats,24,True,photo_like
train,OHI_datasetIMG_1462_JPG.rf.66b237b2e79c730ead2c267b66d911cf.jpg,OHI_datasetIMG_1462_JPG,False,EXCLUDE,roboflow_augmentation_duplicate,24,False,photo_like
train,OHI_datasetIMG_1462_JPG.rf.ed8da0205ecca97b1fbd46509f1b68c2.jpg,OHI_datasetIMG_1462_JPG,False,EXCLUDE,roboflow_augmentation_duplicate,24,False,photo_like
train,OHI_datasetIMG_1463_JPG.rf.08a56bcebcce2b8e68d2ee7c9eadfc2e.jpg,OHI_datasetIMG_1463_JPG,True,KEEP,color_clinical_like,14,False,photo_like
train,OHI_datasetIMG_1463_JPG.rf.cb6f2987c6eff86473dbd223bb05e9cb.jpg,OHI_datasetIMG_1463_JPG,False,EXCLUDE,roboflow_augmentation_duplicate,14,False,photo_like
train,OHI_datasetIMG_1463_JPG.rf.f10be624b6e2b9e6104d2d8b9f17ee72.jpg,OHI_datasetIMG_1463_JPG,False,EXCLUDE,roboflow_augmentation_duplicate,14,False,photo_like
train,OHI_datasetIMG_1464_JPG.rf.1ae30e3a6b4aa9e4aec0ab25bdc35a71.jpg,OHI_datasetIMG_1464_JPG,True,KEEP,color_clinical_like,9,False,photo_like
train,OHI_datasetIMG_1464_JPG.rf.a22d9be5a9d1e4e9a110fcd186f2c86a.jpg,OHI_datasetIMG_1464_JPG,False,EXCLUDE,roboflow_augmentation_duplicate,9,False,photo_like
train,OHI_datasetIMG_1464_JPG.rf.c7e6777307a229fea6de72e715d3b6ba.jpg,OHI_datasetIMG_1464_JPG,False,EXCLUDE,roboflow_augmentation_duplicate,9,False,photo_like
train,OHI_datasetIMG_1489_JPG.rf.15d42a34c702dfec0a77587095a34c56.jpg,OHI_datasetIMG_1489_JPG,True,KEEP,color_clinical_like,8,False,photo_like
train,OHI_datasetIMG_1489_JPG.rf.1e176b1647a03dcc1f736d2fd2b7fa5d.jpg,OHI_datasetIMG_1489_JPG,False,EXCLUDE,roboflow_augmentation_duplicate,8,False,photo_like
train,OHI_datasetIMG_1489_JPG.rf.43abdceab499272de68b23b7a281fb37.jpg,OHI_datasetIMG_1489_JPG,False,EXCLUDE,roboflow_augmentation_duplicate,8,False,photo_like
train,OHI_datasetIMG_1498_JPG.rf.3d609d133770e66f52d1d3f991f8fad1.jpg,OHI_datasetIMG_1498_JPG,True,KEEP,color_clinical_like,25,False,photo_like
train,OHI_datasetIMG_1498_JPG.rf.837d9f1cd5a63acad2e4d72f3d01c136.jpg,OHI_datasetIMG_1498_JPG,False,EXCLUDE,roboflow_augmentation_duplicate,25,False,photo_like
train,OHI_datasetIMG_1498_JPG.rf.a53afe9ec0274a4b552b4647e67f1f09.jpg,OHI_datasetIMG_1498_JPG,False,EXCLUDE,roboflow_augmentation_duplicate,25,False,photo_like
train,OHI_datasetIMG_1499_crop_jpg.rf.1444e454bb58227508dfdf9158115a5a.jpg,OHI_datasetIMG_1499_crop_jpg,True,KEEP,color_clinical_like,13,False,photo_like
train,OHI_datasetIMG_1499_crop_jpg.rf.1bac8403b5e72b965649932cf2a6bcfd.jpg,OHI_datasetIMG_1499_crop_jpg,False,EXCLUDE,roboflow_augmentation_duplicate,13,False,photo_like
train,OHI_datasetIMG_1499_crop_jpg.rf.57b6c74594c81b73e232a154db9753db.jpg,OHI_datasetIMG_1499_crop_jpg,False,EXCLUDE,roboflow_augmentation_duplicate,13,False,photo_like
train,OHI_datasetIMG_1500_JPG.rf.1fe4edded7a02b9caab59d4c9080c395.jpg,OHI_datasetIMG_1500_JPG,True,KEEP,color_clinical_like,14,False,photo_like
train,OHI_datasetIMG_1500_JPG.rf.200f7776f4fee213d74f68a687d51ae8.jpg,OHI_datasetIMG_1500_JPG,False,EXCLUDE,roboflow_augmentation_duplicate,14,False,photo_like
train,OHI_datasetIMG_1500_JPG.rf.c9b84f3654075dba8d0eb455ec58ea9d.jpg,OHI_datasetIMG_1500_JPG,False,EXCLUDE,roboflow_augmentation_duplicate,14,False,photo_like
train,OHI_datasetIMG_1518_JPG.rf.16a3482cd27073c1cfec6eacf9f86a79.jpg,OHI_datasetIMG_1518_JPG,True,KEEP,color_clinical_like,26,False,photo_like
train,OHI_datasetIMG_1518_JPG.rf.991c951aaa1fa647e40834fb81a727dc.jpg,OHI_datasetIMG_1518_JPG,False,EXCLUDE,roboflow_augmentation_duplicate,26,False,photo_like
train,OHI_datasetIMG_1518_JPG.rf.a99cfe87f90c3aa85a54c0a3c5313029.jpg,OHI_datasetIMG_1518_JPG,False,EXCLUDE,roboflow_augmentation_duplicate,26,True,photo_like
train,OHI_datasetIMG_1522_JPG.rf.45150488e89cf62bf63b7cac29a37c34.jpg,OHI_datasetIMG_1522_JPG,True,KEEP,color_clinical_like,12,False,photo_like
train,OHI_datasetIMG_1522_JPG.rf.59b99914c5691ba23740ed530921ff0f.jpg,OHI_datasetIMG_1522_JPG,False,EXCLUDE,roboflow_augmentation_duplicate,12,True,photo_like
train,OHI_datasetIMG_1522_JPG.rf.7aaabe926de7a8489243afcd70622a78.jpg,OHI_datasetIMG_1522_JPG,False,EXCLUDE,roboflow_augmentation_duplicate,12,False,photo_like
train,OHI_datasetIMG_1551_JPG.rf.03a0e820b18fe4becf3f4982eea50681.jpg,OHI_datasetIMG_1551_JPG,True,KEEP,color_clinical_like,14,False,photo_like
train,OHI_datasetIMG_1551_JPG.rf.17c292e6e457f185cbfb36975ba70585.jpg,OHI_datasetIMG_1551_JPG,False,EXCLUDE,roboflow_augmentation_duplicate,14,False,photo_like
train,OHI_datasetIMG_1551_JPG.rf.c55e693180a3945613f8f55f75c7f016.jpg,OHI_datasetIMG_1551_JPG,False,EXCLUDE,roboflow_augmentation_duplicate,14,False,photo_like
train,OHI_datasetIMG_1553_JPG.rf.0109ee33adcf5decfc5cf27a8517419a.jpg,OHI_datasetIMG_1553_JPG,True,KEEP,color_clinical_like,28,False,photo_like
train,OHI_datasetIMG_1553_JPG.rf.129826a1b7fd58dd6cf3e8d4270ff2c5.jpg,OHI_datasetIMG_1553_JPG,False,EXCLUDE,roboflow_augmentation_duplicate,28,False,photo_like
train,OHI_datasetIMG_1553_JPG.rf.3d7c595ce43e3a00523c5f9bd343ec4f.jpg,OHI_datasetIMG_1553_JPG,False,EXCLUDE,roboflow_augmentation_duplicate,28,False,photo_like
train,OHI_datasetIMG_1556_JPG.rf.025d48d12dfba1c4087615fcaf12fc32.jpg,OHI_datasetIMG_1556_JPG,True,KEEP,color_clinical_like,25,False,photo_like
train,OHI_datasetIMG_1556_JPG.rf.1f258e13e436a4a488f55de413d4d033.jpg,OHI_datasetIMG_1556_JPG,False,EXCLUDE,roboflow_augmentation_duplicate,25,False,photo_like
train,OHI_datasetIMG_1556_JPG.rf.59ea4d35d34bf1e9e42fe6c7228683ed.jpg,OHI_datasetIMG_1556_JPG,False,EXCLUDE,roboflow_augmentation_duplicate,24,False,photo_like
train,OHI_datasetIMG_1558_JPG.rf.169be4ad5eb90876803245fec261e1e9.jpg,OHI_datasetIMG_1558_JPG,True,KEEP,color_clinical_like,13,False,photo_like
train,OHI_datasetIMG_1558_JPG.rf.4dff9dc11a8236b70e6b2bad8c5450ff.jpg,OHI_datasetIMG_1558_JPG,False,EXCLUDE,roboflow_augmentation_duplicate,13,False,photo_like
train,OHI_datasetIMG_1558_JPG.rf.8c6b19da027269ddae85de89ca4b9616.jpg,OHI_datasetIMG_1558_JPG,False,EXCLUDE,roboflow_augmentation_duplicate,13,True,photo_like
train,OHI_datasetIMG_1581_JPG.rf.6088fcc7cb8319f42fa36dc764bc592b.jpg,OHI_datasetIMG_1581_JPG,True,KEEP,color_clinical_like,20,False,photo_like
train,OHI_datasetIMG_1581_JPG.rf.77f6dcbc16b6b47f29ced7062f342ccf.jpg,OHI_datasetIMG_1581_JPG,False,EXCLUDE,roboflow_augmentation_duplicate,20,False,photo_like
train,OHI_datasetIMG_1581_JPG.rf.805c694f19489f454799bb8d2ac18134.jpg,OHI_datasetIMG_1581_JPG,False,EXCLUDE,roboflow_augmentation_duplicate,20,False,photo_like
train,OHI_datasetIMG_1583_JPG.rf.68f28c02ee10f98cd3087b143df84159.jpg,OHI_datasetIMG_1583_JPG,True,KEEP,color_clinical_like,12,False,photo_like
train,OHI_datasetIMG_1583_JPG.rf.95a577919c15dbf4bf45798b5779a88a.jpg,OHI_datasetIMG_1583_JPG,False,EXCLUDE,roboflow_augmentation_duplicate,12,False,photo_like
train,OHI_datasetIMG_1583_JPG.rf.cb9ffc6291bc6cf7d1b734eb572a7273.jpg,OHI_datasetIMG_1583_JPG,False,EXCLUDE,roboflow_augmentation_duplicate,12,False,photo_like
train,OHI_datasetIMG_1629_JPG.rf.7ec22447e807d961234bffbdd13a0157.jpg,OHI_datasetIMG_1629_JPG,True,KEEP,color_clinical_like,14,False,photo_like
train,OHI_datasetIMG_1629_JPG.rf.8a93e21396fb9378f821c1e15083475b.jpg,OHI_datasetIMG_1629_JPG,False,EXCLUDE,roboflow_augmentation_duplicate,14,False,photo_like
train,OHI_datasetIMG_1629_JPG.rf.b10e15cfe890fae1ffe07d9d02f15eec.jpg,OHI_datasetIMG_1629_JPG,False,EXCLUDE,roboflow_augmentation_duplicate,14,False,photo_like
train,OHI_datasetIMG_1661_JPG.rf.5b1cd8a1292a72a5b12b26693c697739.jpg,OHI_datasetIMG_1661_JPG,True,KEEP,color_clinical_like,14,False,photo_like
train,OHI_datasetIMG_1661_JPG.rf.75e75beb9daf4507a6b32a5ac85fb5c4.jpg,OHI_datasetIMG_1661_JPG,False,EXCLUDE,roboflow_augmentation_duplicate,14,False,photo_like
train,OHI_datasetIMG_1661_JPG.rf.811675dbe6e2bf14d5ab9870a5c1f453.jpg,OHI_datasetIMG_1661_JPG,False,EXCLUDE,roboflow_augmentation_duplicate,14,False,photo_like
train,OHI_datasetIMG_1690_JPG.rf.0ac580b9c1aa5f3dc288021b6aae1847.jpg,OHI_datasetIMG_1690_JPG,True,KEEP,color_clinical_like,14,False,photo_like
train,OHI_datasetIMG_1690_JPG.rf.7be67a1959575bc6dd4cb10c7d0990bc.jpg,OHI_datasetIMG_1690_JPG,False,EXCLUDE,roboflow_augmentation_duplicate,14,False,photo_like
train,OHI_datasetIMG_1690_JPG.rf.f8d62ecbf0970cf0ea9e49a293e7b4ac.jpg,OHI_datasetIMG_1690_JPG,False,EXCLUDE,roboflow_augmentation_duplicate,14,True,photo_like
train,OHI_datasetIMG_1691_JPG.rf.7b1548dbd1c64ab2c8ae90dc1bcf040a.jpg,OHI_datasetIMG_1691_JPG,True,KEEP,color_clinical_like,14,False,photo_like
train,OHI_datasetIMG_1691_JPG.rf.bb1160401a047eedd2f6e9b0e0f7bdea.jpg,OHI_datasetIMG_1691_JPG,False,EXCLUDE,roboflow_augmentation_duplicate,14,False,photo_like
train,OHI_datasetIMG_1691_JPG.rf.f2f157b5cc94f5488dbf27fd5505e9aa.jpg,OHI_datasetIMG_1691_JPG,False,EXCLUDE,roboflow_augmentation_duplicate,14,True,photo_like
train,OHI_datasetIMG_1716_JPG.rf.1fbdba8fc9a195e4c2518875a0cf6176.jpg,OHI_datasetIMG_1716_JPG,True,KEEP,color_clinical_like,28,False,photo_like
train,OHI_datasetIMG_1716_JPG.rf.50f14d4922efa9ae332706709f888f61.jpg,OHI_datasetIMG_1716_JPG,False,EXCLUDE,roboflow_augmentation_duplicate,28,False,photo_like
train,OHI_datasetIMG_1716_JPG.rf.7d18ecd3f1d8d91df665265e3ecd74ab.jpg,OHI_datasetIMG_1716_JPG,False,EXCLUDE,roboflow_augmentation_duplicate,28,True,photo_like
train,OHI_datasetIMG_1722_JPG.rf.71b7b05058728187afc9deb9d6909909.jpg,OHI_datasetIMG_1722_JPG,True,KEEP,color_clinical_like,12,False,photo_like
train,OHI_datasetIMG_1722_JPG.rf.7a98d0165ecb144e592ac2ab6ab6e726.jpg,OHI_datasetIMG_1722_JPG,False,EXCLUDE,roboflow_augmentation_duplicate,12,False,photo_like
train,OHI_datasetIMG_1722_JPG.rf.9db535c084d2d8b3423b8a01607ab55c.jpg,OHI_datasetIMG_1722_JPG,False,EXCLUDE,roboflow_augmentation_duplicate,12,False,photo_like
train,OHI_datasetIMG_1724_JPG.rf.68201c6067425fc8a0358940628078d9.jpg,OHI_datasetIMG_1724_JPG,True,KEEP,color_clinical_like,14,False,photo_like
train,OHI_datasetIMG_1724_JPG.rf.bd89e41f14f1e381bfe2c994b72d20c5.jpg,OHI_datasetIMG_1724_JPG,False,EXCLUDE,roboflow_augmentation_duplicate,14,False,photo_like
train,OHI_datasetIMG_1724_JPG.rf.c3d8d8091f6688149191000574b98ffe.jpg,OHI_datasetIMG_1724_JPG,False,EXCLUDE,roboflow_augmentation_duplicate,14,False,photo_like
train,OHI_datasetIMG_1737_JPG.rf.7146ee590587014f6d2797df04ed5328.jpg,OHI_datasetIMG_1737_JPG,True,KEEP,color_clinical_like,14,False,photo_like
train,OHI_datasetIMG_1737_JPG.rf.ac36d0184cf7b77cb385f3140376e068.jpg,OHI_datasetIMG_1737_JPG,False,EXCLUDE,roboflow_augmentation_duplicate,14,False,photo_like
train,OHI_datasetIMG_1737_JPG.rf.ccc57e9accdfac0d217c869a77f6182e.jpg,OHI_datasetIMG_1737_JPG,False,EXCLUDE,roboflow_augmentation_duplicate,14,False,photo_like
train,OHI_datasetIMG_1748_JPG.rf.19adc1235e4a297cdfb3c3392714454f.jpg,OHI_datasetIMG_1748_JPG,True,KEEP,color_clinical_like,13,False,photo_like
train,OHI_datasetIMG_1748_JPG.rf.ed6ad6edfe081ce99e38a1555c18b806.jpg,OHI_datasetIMG_1748_JPG,False,EXCLUDE,roboflow_augmentation_duplicate,13,False,photo_like
train,OHI_datasetIMG_1748_JPG.rf.faa560d2ea2b62b755b7d4af8f408787.jpg,OHI_datasetIMG_1748_JPG,False,EXCLUDE,roboflow_augmentation_duplicate,13,True,photo_like
train,OHI_datasetIMG_1771_JPG.rf.348aea523c987ae759539a3062ade4bf.jpg,OHI_datasetIMG_1771_JPG,True,KEEP,color_clinical_like,28,False,photo_like
train,OHI_datasetIMG_1771_JPG.rf.9203aada9459df5ada051060c8485d08.jpg,OHI_datasetIMG_1771_JPG,False,EXCLUDE,roboflow_augmentation_duplicate,28,False,photo_like
train,OHI_datasetIMG_1771_JPG.rf.fb8f2a0d41ee95f27ea19512e395f317.jpg,OHI_datasetIMG_1771_JPG,False,EXCLUDE,roboflow_augmentation_duplicate,28,False,photo_like
train,OHI_datasetIMG_1774_JPG.rf.5d0cd558acd90b0f8f48e586a297ac5f.jpg,OHI_datasetIMG_1774_JPG,True,KEEP,color_clinical_like,14,False,photo_like
train,OHI_datasetIMG_1774_JPG.rf.79df1305cf7cfb949ef6525a798771e3.jpg,OHI_datasetIMG_1774_JPG,False,EXCLUDE,roboflow_augmentation_duplicate,14,False,photo_like
train,OHI_datasetIMG_1774_JPG.rf.9fd2285662d3d7e2abee5035db0f6caf.jpg,OHI_datasetIMG_1774_JPG,False,EXCLUDE,roboflow_augmentation_duplicate,14,False,photo_like
train,OHI_datasetIMG_1779_JPG.rf.08d7685e3c45f8ff003fdc2ed0d78bf7.jpg,OHI_datasetIMG_1779_JPG,True,KEEP,color_clinical_like,14,False,photo_like
train,OHI_datasetIMG_1779_JPG.rf.853021296ed4ce2f2498a696c0ffc63b.jpg,OHI_datasetIMG_1779_JPG,False,EXCLUDE,roboflow_augmentation_duplicate,14,True,photo_like
train,OHI_datasetIMG_1779_JPG.rf.dfa2193af44038a892f99473d032d8eb.jpg,OHI_datasetIMG_1779_JPG,False,EXCLUDE,roboflow_augmentation_duplicate,14,False,photo_like
train,OHI_datasetIMG_1845_JPG.rf.25750cf398d9b2588d8be216571aaaec.jpg,OHI_datasetIMG_1845_JPG,True,KEEP,color_clinical_like,27,False,photo_like
train,OHI_datasetIMG_1845_JPG.rf.35cb1cbc371cfc09ea54a2abe45bb03a.jpg,OHI_datasetIMG_1845_JPG,False,EXCLUDE,roboflow_augmentation_duplicate,27,False,photo_like
train,OHI_datasetIMG_1845_JPG.rf.bd7b700420ebd19eed94902c34bea78f.jpg,OHI_datasetIMG_1845_JPG,False,EXCLUDE,roboflow_augmentation_duplicate,27,False,photo_like
train,OHI_datasetIMG_1849_JPG.rf.6110a388dee4ff2ac5e826c3c66fc3fd.jpg,OHI_datasetIMG_1849_JPG,True,KEEP,color_clinical_like,13,False,photo_like
train,OHI_datasetIMG_1849_JPG.rf.abaab1e676c8a5e50b0ba92c4bd4a436.jpg,OHI_datasetIMG_1849_JPG,False,EXCLUDE,roboflow_augmentation_duplicate,13,False,photo_like
train,OHI_datasetIMG_1849_JPG.rf.ef68b8ebdd278364e792a6c9aea27e17.jpg,OHI_datasetIMG_1849_JPG,False,EXCLUDE,roboflow_augmentation_duplicate,13,True,photo_like
train,OHI_datasetIMG_1850_JPG.rf.5638818c75f929adfaa764b75df8d97b.jpg,OHI_datasetIMG_1850_JPG,True,KEEP,color_clinical_like,13,False,photo_like
train,OHI_datasetIMG_1850_JPG.rf.d21eeee2b6e0c4a2c918757cd0c57fe4.jpg,OHI_datasetIMG_1850_JPG,False,EXCLUDE,roboflow_augmentation_duplicate,13,False,photo_like
train,OHI_datasetIMG_1850_JPG.rf.d85e033a23ca86c42ce0157b69a617a8.jpg,OHI_datasetIMG_1850_JPG,False,EXCLUDE,roboflow_augmentation_duplicate,13,False,photo_like
train,OHI_datasetIMG_1967_JPG.rf.0f35bce05721c2c1175d31ab7497f71a.jpg,OHI_datasetIMG_1967_JPG,True,KEEP,color_clinical_like,23,False,photo_like
train,OHI_datasetIMG_1967_JPG.rf.688e5253984d7e66232f21f987320979.jpg,OHI_datasetIMG_1967_JPG,False,EXCLUDE,roboflow_augmentation_duplicate,23,False,photo_like
train,OHI_datasetIMG_1967_JPG.rf.b00cfd76b295efc3b351ad24a51ab08d.jpg,OHI_datasetIMG_1967_JPG,False,EXCLUDE,roboflow_augmentation_duplicate,23,False,photo_like
train,OHI_datasetIMG_1976_JPG.rf.4a6022b88b51ab8a00f28e5ad8514a67.jpg,OHI_datasetIMG_1976_JPG,True,KEEP,color_clinical_like,13,False,photo_like
train,OHI_datasetIMG_1976_JPG.rf.9ba856e533ebe903f603baeeb4f135ee.jpg,OHI_datasetIMG_1976_JPG,False,EXCLUDE,roboflow_augmentation_duplicate,13,False,photo_like
train,OHI_datasetIMG_1976_JPG.rf.d32a0c9a21d5522aaf3a84d92f431c7d.jpg,OHI_datasetIMG_1976_JPG,False,EXCLUDE,roboflow_augmentation_duplicate,13,False,photo_like
train,OHI_datasetIMG_1978_JPG.rf.79680b63b800f10d0b5f1751df690974.jpg,OHI_datasetIMG_1978_JPG,True,KEEP,color_clinical_like,25,False,photo_like
train,OHI_datasetIMG_1978_JPG.rf.7e3dd113bafe071f9aacfcbd802a3ce9.jpg,OHI_datasetIMG_1978_JPG,False,EXCLUDE,roboflow_augmentation_duplicate,25,False,photo_like
train,OHI_datasetIMG_1978_JPG.rf.e1dbc0e639299d60b245fea90688aa5b.jpg,OHI_datasetIMG_1978_JPG,False,EXCLUDE,roboflow_augmentation_duplicate,25,False,photo_like
train,OHI_datasetIMG_1980_JPG.rf.5e53bc1c1593c3d08dff3fd8f7d7d376.jpg,OHI_datasetIMG_1980_JPG,True,KEEP,color_clinical_like,12,False,photo_like
train,OHI_datasetIMG_1980_JPG.rf.c03ae90f4c911c39319891bb45a7f30c.jpg,OHI_datasetIMG_1980_JPG,False,EXCLUDE,roboflow_augmentation_duplicate,12,False,photo_like
train,OHI_datasetIMG_1980_JPG.rf.d9346c154e3fb6cd3ff9df21c7ad679f.jpg,OHI_datasetIMG_1980_JPG,False,EXCLUDE,roboflow_augmentation_duplicate,12,False,photo_like
train,OHI_datasetIMG_1981_JPG.rf.2f420b09c5257fe30f897e6261a1facf.jpg,OHI_datasetIMG_1981_JPG,True,KEEP,color_clinical_like,11,False,photo_like
train,OHI_datasetIMG_1981_JPG.rf.741fa9780ee46a54a7c0aa4a4b0c812e.jpg,OHI_datasetIMG_1981_JPG,False,EXCLUDE,roboflow_augmentation_duplicate,11,True,photo_like
train,OHI_datasetIMG_1981_JPG.rf.bf8b1a11a999d0d719d9918ec0a4770f.jpg,OHI_datasetIMG_1981_JPG,False,EXCLUDE,roboflow_augmentation_duplicate,11,False,photo_like
train,OHI_datasetIMG_2042_jpg.rf.7f1703851d109e11196257b03acd9245.jpg,OHI_datasetIMG_2042_jpg,True,KEEP,color_clinical_like,25,False,photo_like
train,OHI_datasetIMG_2042_jpg.rf.f3df26b66f13f723f4768c5ba2b6939b.jpg,OHI_datasetIMG_2042_jpg,False,EXCLUDE,roboflow_augmentation_duplicate,25,False,photo_like
train,OHI_datasetIMG_2042_jpg.rf.fb61df1510b230b4b008b2147ff41d29.jpg,OHI_datasetIMG_2042_jpg,False,EXCLUDE,roboflow_augmentation_duplicate,25,False,photo_like
train,OHI_datasetIMG_2043_JPG.rf.123444e478d30c8266f3734b6d080fe4.jpg,OHI_datasetIMG_2043_JPG,True,KEEP,color_clinical_like,25,False,photo_like
train,OHI_datasetIMG_2043_JPG.rf.a30b0bbeb97e02f082bd37aecb5af0ce.jpg,OHI_datasetIMG_2043_JPG,False,EXCLUDE,roboflow_augmentation_duplicate,25,True,photo_like
train,OHI_datasetIMG_2043_JPG.rf.c97411ed52b5ffc223db68ddf40de947.jpg,OHI_datasetIMG_2043_JPG,False,EXCLUDE,roboflow_augmentation_duplicate,25,False,photo_like
train,OHI_datasetIMG_2046_jpg.rf.10a73406991892cc35520145b5403ddc.jpg,OHI_datasetIMG_2046_jpg,True,KEEP,color_clinical_like,13,False,photo_like
train,OHI_datasetIMG_2046_jpg.rf.47f92e1ac35b8ba3971ba4ba9e4ac499.jpg,OHI_datasetIMG_2046_jpg,False,EXCLUDE,roboflow_augmentation_duplicate,13,False,photo_like
train,OHI_datasetIMG_2046_jpg.rf.d1a2510aa839065444f4195124cc7299.jpg,OHI_datasetIMG_2046_jpg,False,EXCLUDE,roboflow_augmentation_duplicate,13,False,photo_like
train,OHI_datasetIMG_2053_jpg.rf.13fd29ef82825f3ee3f1c2c10cc51d7e.jpg,OHI_datasetIMG_2053_jpg,True,KEEP,color_clinical_like,26,False,photo_like
train,OHI_datasetIMG_2053_jpg.rf.6f2bda540e6482e21f9da9dbf068c1a7.jpg,OHI_datasetIMG_2053_jpg,False,EXCLUDE,roboflow_augmentation_duplicate,26,False,photo_like
train,OHI_datasetIMG_2053_jpg.rf.d0d9fa47e260e0db4c89dc6558709b20.jpg,OHI_datasetIMG_2053_jpg,False,EXCLUDE,roboflow_augmentation_duplicate,26,True,photo_like
train,OHI_datasetIMG_2055_jpg.rf.a810fb3a82c967c38fda89d272aba957.jpg,OHI_datasetIMG_2055_jpg,True,KEEP,color_clinical_like,14,False,photo_like
train,OHI_datasetIMG_2055_jpg.rf.ddf9f285c18251ad9b9d762d19512234.jpg,OHI_datasetIMG_2055_jpg,False,EXCLUDE,roboflow_augmentation_duplicate,14,False,photo_like
train,OHI_datasetIMG_2055_jpg.rf.de729246962520b6ac89d89e3c88a661.jpg,OHI_datasetIMG_2055_jpg,False,EXCLUDE,roboflow_augmentation_duplicate,14,False,photo_like
train,OHI_datasetIMG_2058_jpg.rf.7d99bd269ae71d72873b11f6a5258ea0.jpg,OHI_datasetIMG_2058_jpg,True,KEEP,color_clinical_like,12,False,photo_like
train,OHI_datasetIMG_2058_jpg.rf.8136bae2f936ab1713068ec4a3b96f2c.jpg,OHI_datasetIMG_2058_jpg,False,EXCLUDE,roboflow_augmentation_duplicate,12,False,photo_like
train,OHI_datasetIMG_2058_jpg.rf.edfbb4440ba5b5c6454deffae28a8398.jpg,OHI_datasetIMG_2058_jpg,False,EXCLUDE,roboflow_augmentation_duplicate,12,False,photo_like
train,OHI_datasetIMG_2069_JPG.rf.878c02b10164267cda64aa4a3dcba614.jpg,OHI_datasetIMG_2069_JPG,True,KEEP,color_clinical_like,13,False,photo_like
train,OHI_datasetIMG_2069_JPG.rf.93f324e385e41147e86d3e198ab3e800.jpg,OHI_datasetIMG_2069_JPG,False,EXCLUDE,roboflow_augmentation_duplicate,13,True,photo_like
train,OHI_datasetIMG_2069_JPG.rf.ac01e1fdce14d9f6209bb6ed4292c95e.jpg,OHI_datasetIMG_2069_JPG,False,EXCLUDE,roboflow_augmentation_duplicate,13,True,photo_like
train,OHI_datasetIMG_2153_JPG.rf.51008cd750f787077ff2ff1be90f774e.jpg,OHI_datasetIMG_2153_JPG,True,KEEP,color_clinical_like,13,False,photo_like
train,OHI_datasetIMG_2153_JPG.rf.86314fab6ff809f6cad52ede97544610.jpg,OHI_datasetIMG_2153_JPG,False,EXCLUDE,roboflow_augmentation_duplicate,13,True,photo_like
train,OHI_datasetIMG_2153_JPG.rf.964d92fe60f634cf08f20523dad2b356.jpg,OHI_datasetIMG_2153_JPG,False,EXCLUDE,roboflow_augmentation_duplicate,13,False,photo_like
train,OHI_datasetIMG_2155_JPG.rf.3a7b797e515b3d1cec3d7596e0143e05.jpg,OHI_datasetIMG_2155_JPG,True,KEEP,color_clinical_like,24,False,photo_like
train,OHI_datasetIMG_2155_JPG.rf.7b93f737061566e52ae9e3577d1ac219.jpg,OHI_datasetIMG_2155_JPG,False,EXCLUDE,roboflow_augmentation_duplicate,24,False,photo_like
train,OHI_datasetIMG_2155_JPG.rf.a9ca68df2dd3533e46e23848c847e26e.jpg,OHI_datasetIMG_2155_JPG,False,EXCLUDE,roboflow_augmentation_duplicate,24,False,photo_like
train,OHI_datasetIMG_2178_JPG.rf.4b69a96fac15a8e80f06ce32bfa41c58.jpg,OHI_datasetIMG_2178_JPG,True,KEEP,color_clinical_like,12,False,photo_like
train,OHI_datasetIMG_2178_JPG.rf.843e35773cfbe72f01d6a83c577047aa.jpg,OHI_datasetIMG_2178_JPG,False,EXCLUDE,roboflow_augmentation_duplicate,12,False,photo_like
train,OHI_datasetIMG_2178_JPG.rf.892ea389e7ff233b6e2753d5c192223c.jpg,OHI_datasetIMG_2178_JPG,False,EXCLUDE,roboflow_augmentation_duplicate,12,False,photo_like
train,OHI_datasetIMG_2179_JPG.rf.382afecded95cbbe3f0c3c0ea72159da.jpg,OHI_datasetIMG_2179_JPG,True,KEEP,color_clinical_like,9,False,photo_like
train,OHI_datasetIMG_2179_JPG.rf.67bda0162a7bbaa29efb73e1057271d6.jpg,OHI_datasetIMG_2179_JPG,False,EXCLUDE,roboflow_augmentation_duplicate,9,False,photo_like
train,OHI_datasetIMG_2179_JPG.rf.de9ca34e478f29c25c73de6e3bac2edf.jpg,OHI_datasetIMG_2179_JPG,False,EXCLUDE,roboflow_augmentation_duplicate,9,True,photo_like
train,OHI_datasetIMG_2207_JPG.rf.e1850a33e66a6267f7624b20534e3450.jpg,OHI_datasetIMG_2207_JPG,True,KEEP,color_clinical_like,26,False,photo_like
train,OHI_datasetIMG_2207_JPG.rf.ea1ca51a92eb630d7d87d8ed811c3df9.jpg,OHI_datasetIMG_2207_JPG,False,EXCLUDE,roboflow_augmentation_duplicate,26,False,photo_like
train,OHI_datasetIMG_2207_JPG.rf.f51383818b125bcd6479e5cfdfa055c1.jpg,OHI_datasetIMG_2207_JPG,False,EXCLUDE,roboflow_augmentation_duplicate,26,False,photo_like
train,OHI_datasetIMG_2233_JPG.rf.6110d987a09d081f026681bce8fb5894.jpg,OHI_datasetIMG_2233_JPG,True,KEEP,color_clinical_like,7,False,photo_like
train,OHI_datasetIMG_2233_JPG.rf.99b3aa2a9354a3b0484a8b7634a3959e.jpg,OHI_datasetIMG_2233_JPG,False,EXCLUDE,roboflow_augmentation_duplicate,7,False,photo_like
train,OHI_datasetIMG_2233_JPG.rf.cde47dfae98cb900fa18cc2e12e69a16.jpg,OHI_datasetIMG_2233_JPG,False,EXCLUDE,roboflow_augmentation_duplicate,7,False,photo_like
train,OHI_datasetIMG_2234_JPG.rf.48ad0cb6a8c432011eecdf2cc103c997.jpg,OHI_datasetIMG_2234_JPG,True,KEEP,color_clinical_like,5,False,photo_like
train,OHI_datasetIMG_2234_JPG.rf.4c8423d361bca6026175e1de1f73764a.jpg,OHI_datasetIMG_2234_JPG,False,EXCLUDE,roboflow_augmentation_duplicate,5,False,photo_like
train,OHI_datasetIMG_2234_JPG.rf.ff60adba472b13d267227de9cfdc82a4.jpg,OHI_datasetIMG_2234_JPG,False,EXCLUDE,roboflow_augmentation_duplicate,5,False,photo_like
train,OHI_datasetIMG_2235_JPG.rf.381f842772fe0262fa2cb80856bbaca6.jpg,OHI_datasetIMG_2235_JPG,True,KEEP,color_clinical_like,12,False,photo_like
train,OHI_datasetIMG_2235_JPG.rf.9948a05d9578d3ca2b01408a5ec067e7.jpg,OHI_datasetIMG_2235_JPG,False,EXCLUDE,roboflow_augmentation_duplicate,12,False,photo_like
train,OHI_datasetIMG_2235_JPG.rf.c7b4549205e757fd88b82e6365d8dcda.jpg,OHI_datasetIMG_2235_JPG,False,EXCLUDE,roboflow_augmentation_duplicate,12,True,photo_like
train,OHI_datasetIMG_23351_jpg.rf.778fd3654d07738fb96338d8f69d9230.jpg,OHI_datasetIMG_23351_jpg,True,KEEP,color_clinical_like,26,False,photo_like
train,OHI_datasetIMG_23351_jpg.rf.9e56f4e5747f10607836cf3752e376f4.jpg,OHI_datasetIMG_23351_jpg,False,EXCLUDE,roboflow_augmentation_duplicate,26,False,photo_like
train,OHI_datasetIMG_23351_jpg.rf.e24ed0bb7f0aa80e3ec41f88381f0d3d.jpg,OHI_datasetIMG_23351_jpg,False,EXCLUDE,roboflow_augmentation_duplicate,26,False,photo_like
train,OHI_datasetIMG_2335_JPG.rf.05072b41528cfa37c9fb8e61dafdf36e.jpg,OHI_datasetIMG_2335_JPG,True,KEEP,color_clinical_like,25,False,photo_like
train,OHI_datasetIMG_2335_JPG.rf.83ffa6d0051bd44179dc56144595617d.jpg,OHI_datasetIMG_2335_JPG,False,EXCLUDE,roboflow_augmentation_duplicate,25,False,photo_like
train,OHI_datasetIMG_2335_JPG.rf.932ec948765745ac0f243b2b6f2a1848.jpg,OHI_datasetIMG_2335_JPG,False,EXCLUDE,roboflow_augmentation_duplicate,25,False,photo_like
train,OHI_datasetIMG_2336_JPG.rf.31bfabf917332a27e8361d6a5ca859d7.jpg,OHI_datasetIMG_2336_JPG,True,REVIEW,near_grayscale_color_stats,22,True,photo_like
train,OHI_datasetIMG_2336_JPG.rf.f442416c97a28c871d8f91313b472d79.jpg,OHI_datasetIMG_2336_JPG,False,EXCLUDE,roboflow_augmentation_duplicate,22,False,photo_like
train,OHI_datasetIMG_2336_JPG.rf.f78de639434b23abc9928564718349fe.jpg,OHI_datasetIMG_2336_JPG,False,EXCLUDE,roboflow_augmentation_duplicate,22,False,photo_like
train,OHI_datasetIMG_2338_jpg.rf.ab786d5e167a1e849111b82d11130201.jpg,OHI_datasetIMG_2338_jpg,True,KEEP,color_clinical_like,8,False,photo_like
train,OHI_datasetIMG_2338_jpg.rf.bb277b6958ed9589dd0221aa26513c56.jpg,OHI_datasetIMG_2338_jpg,False,EXCLUDE,roboflow_augmentation_duplicate,8,False,photo_like
train,OHI_datasetIMG_2338_jpg.rf.cbcae56ff60b4f8d713c9b2511e920bd.jpg,OHI_datasetIMG_2338_jpg,False,EXCLUDE,roboflow_augmentation_duplicate,8,False,photo_like
train,OHI_datasetIMG_23421_jpg.rf.8d887d37923df6950eba53bba6a8fbbe.jpg,OHI_datasetIMG_23421_jpg,True,KEEP,color_clinical_like,12,False,photo_like
train,OHI_datasetIMG_23421_jpg.rf.b7360f2edcaca9b0ae28ddf32c3c1242.jpg,OHI_datasetIMG_23421_jpg,False,EXCLUDE,roboflow_augmentation_duplicate,12,False,photo_like
train,OHI_datasetIMG_23421_jpg.rf.c4e1bbf256fa546f75430ed6fe4038d0.jpg,OHI_datasetIMG_23421_jpg,False,EXCLUDE,roboflow_augmentation_duplicate,12,False,photo_like
train,OHI_datasetIMG_2342_JPG.rf.06b4d06fa3cdf3f9f37ce58576051271.jpg,OHI_datasetIMG_2342_JPG,True,KEEP,color_clinical_like,12,False,photo_like
train,OHI_datasetIMG_2342_JPG.rf.21fa1f7361df5ad38c1a7444b51951ee.jpg,OHI_datasetIMG_2342_JPG,False,EXCLUDE,roboflow_augmentation_duplicate,12,False,photo_like
train,OHI_datasetIMG_2342_JPG.rf.f8b1757a8bc776b0ade3f0687a3b0c94.jpg,OHI_datasetIMG_2342_JPG,False,EXCLUDE,roboflow_augmentation_duplicate,12,False,photo_like
train,OHI_datasetIMG_2347_jpg.rf.52fd84be01eaad771a7ac86e71b62902.jpg,OHI_datasetIMG_2347_jpg,True,KEEP,color_clinical_like,28,False,photo_like
train,OHI_datasetIMG_2347_jpg.rf.542e006e7a27ef2ee7b87dd71c4a62cd.jpg,OHI_datasetIMG_2347_jpg,False,EXCLUDE,roboflow_augmentation_duplicate,27,True,photo_like
train,OHI_datasetIMG_2347_jpg.rf.67cb7eebc2e35313898b61a302aded26.jpg,OHI_datasetIMG_2347_jpg,False,EXCLUDE,roboflow_augmentation_duplicate,28,True,photo_like
train,OHI_datasetIMG_2348_jpg.rf.2dd6533a7fd7a78dedb8ce68db10ed24.jpg,OHI_datasetIMG_2348_jpg,True,KEEP,color_clinical_like,14,False,photo_like
train,OHI_datasetIMG_2348_jpg.rf.30c3cb4ce822230ddb0a465ce080b3e2.jpg,OHI_datasetIMG_2348_jpg,False,EXCLUDE,roboflow_augmentation_duplicate,14,False,photo_like
train,OHI_datasetIMG_2348_jpg.rf.c2bab6b9d83d3d7c0a1b87ec179d22a9.jpg,OHI_datasetIMG_2348_jpg,False,EXCLUDE,roboflow_augmentation_duplicate,14,False,photo_like
train,OHI_datasetIMG_2350_JPG.rf.34248a50fd1ff311f022c6e49105b7b9.jpg,OHI_datasetIMG_2350_JPG,True,REVIEW,near_grayscale_color_stats,28,True,photo_like
train,OHI_datasetIMG_2350_JPG.rf.78d82600f9d5b4cb1d6cdfcdcb01fc6d.jpg,OHI_datasetIMG_2350_JPG,False,EXCLUDE,roboflow_augmentation_duplicate,28,False,photo_like
train,OHI_datasetIMG_2350_JPG.rf.8c3218febdd1726a807cbaf8c5f381ed.jpg,OHI_datasetIMG_2350_JPG,False,EXCLUDE,roboflow_augmentation_duplicate,28,False,photo_like
train,OHI_datasetIMG_2353_JPG.rf.2c257d10361a2e9bd99f74c7d8e154ed.jpg,OHI_datasetIMG_2353_JPG,True,KEEP,color_clinical_like,23,False,photo_like
train,OHI_datasetIMG_2353_JPG.rf.337837f314641df8c214260e1f85cae2.jpg,OHI_datasetIMG_2353_JPG,False,EXCLUDE,roboflow_augmentation_duplicate,23,False,photo_like
train,OHI_datasetIMG_2353_JPG.rf.e34ad4b8b94b135af16a793e13c886a0.jpg,OHI_datasetIMG_2353_JPG,False,EXCLUDE,roboflow_augmentation_duplicate,23,False,photo_like
train,OHI_datasetIMG_2359_JPG.rf.611fbd0719b71583b502557a41ab2cfa.jpg,OHI_datasetIMG_2359_JPG,True,KEEP,color_clinical_like,23,False,photo_like
train,OHI_datasetIMG_2359_JPG.rf.d7dac2648b4a9ef5f2365656b362dba0.jpg,OHI_datasetIMG_2359_JPG,False,EXCLUDE,roboflow_augmentation_duplicate,23,False,photo_like
train,OHI_datasetIMG_2359_JPG.rf.fadbcff7c75f642ee0dedaf06d63f679.jpg,OHI_datasetIMG_2359_JPG,False,EXCLUDE,roboflow_augmentation_duplicate,23,False,photo_like
train,OHI_datasetIMG_2362_JPG.rf.159459286c51e31c2e0d82be1dd1ebd9.jpg,OHI_datasetIMG_2362_JPG,True,KEEP,color_clinical_like,12,False,photo_like
train,OHI_datasetIMG_2362_JPG.rf.240074151bcd5022e76dcd2461d17acc.jpg,OHI_datasetIMG_2362_JPG,False,EXCLUDE,roboflow_augmentation_duplicate,12,False,photo_like
train,OHI_datasetIMG_2362_JPG.rf.ab88cbb9fd8c2e0708bb95beeebb8cf5.jpg,OHI_datasetIMG_2362_JPG,False,EXCLUDE,roboflow_augmentation_duplicate,12,True,photo_like
train,OHI_datasetIMG_2363_JPG.rf.219d33f017fecf8fccecba3d19f12c6f.jpg,OHI_datasetIMG_2363_JPG,True,KEEP,color_clinical_like,11,False,photo_like
train,OHI_datasetIMG_2363_JPG.rf.6bbbccf67893c3454de2667a736fad5b.jpg,OHI_datasetIMG_2363_JPG,False,EXCLUDE,roboflow_augmentation_duplicate,11,False,photo_like
train,OHI_datasetIMG_2363_JPG.rf.be6ed874a2966f32fce9fbbbbbfa0ebf.jpg,OHI_datasetIMG_2363_JPG,False,EXCLUDE,roboflow_augmentation_duplicate,11,False,photo_like
train,OHI_datasetIMG_2375_JPG.rf.86972979788984fd05ccc2b9f47ff04a.jpg,OHI_datasetIMG_2375_JPG,True,KEEP,color_clinical_like,16,False,photo_like
train,OHI_datasetIMG_2375_JPG.rf.9a168f77f1488608dff37b3b0097f759.jpg,OHI_datasetIMG_2375_JPG,False,EXCLUDE,roboflow_augmentation_duplicate,16,True,photo_like
train,OHI_datasetIMG_2375_JPG.rf.aefe7a640c4a13635ba931927e6682bf.jpg,OHI_datasetIMG_2375_JPG,False,EXCLUDE,roboflow_augmentation_duplicate,16,False,photo_like
train,OHI_datasetIMG_2377_JPG.rf.5cfc81a24d227c31262aadc157cbf710.jpg,OHI_datasetIMG_2377_JPG,True,KEEP,color_clinical_like,15,False,photo_like
train,OHI_datasetIMG_2377_JPG.rf.6aa59af3a4c1f31ea6abd33cbc6cf415.jpg,OHI_datasetIMG_2377_JPG,False,EXCLUDE,roboflow_augmentation_duplicate,15,False,photo_like
train,OHI_datasetIMG_2377_JPG.rf.d611fce4f9e1c668818c007fa88541ff.jpg,OHI_datasetIMG_2377_JPG,False,EXCLUDE,roboflow_augmentation_duplicate,15,False,photo_like
train,OHI_datasetIMG_2393_JPG.rf.303ce57e03447a0039f278f7b59d78e9.jpg,OHI_datasetIMG_2393_JPG,True,KEEP,color_clinical_like,25,False,photo_like
train,OHI_datasetIMG_2393_JPG.rf.337ac428ea19d13673da093d2b2becdf.jpg,OHI_datasetIMG_2393_JPG,False,EXCLUDE,roboflow_augmentation_duplicate,25,False,photo_like
train,OHI_datasetIMG_2393_JPG.rf.fec524da3b0135724ad145f4b997d152.jpg,OHI_datasetIMG_2393_JPG,False,EXCLUDE,roboflow_augmentation_duplicate,25,False,photo_like
train,OHI_datasetIMG_2399_JPG.rf.69bcfff66d4c7019220cf81a0cbf655f.jpg,OHI_datasetIMG_2399_JPG,True,KEEP,color_clinical_like,12,False,photo_like
train,OHI_datasetIMG_2399_JPG.rf.c593a1aead2b8700ab23d71565eb3f30.jpg,OHI_datasetIMG_2399_JPG,False,EXCLUDE,roboflow_augmentation_duplicate,12,False,photo_like
train,OHI_datasetIMG_2399_JPG.rf.e8c704f2455709be874114b7f188ca0d.jpg,OHI_datasetIMG_2399_JPG,False,EXCLUDE,roboflow_augmentation_duplicate,12,False,photo_like
train,OHI_datasetIMG_2418_jpg.rf.36ea3595f11dad94ce2875e67c22165d.jpg,OHI_datasetIMG_2418_jpg,True,REVIEW,near_grayscale_color_stats,20,True,photo_like
train,OHI_datasetIMG_2418_jpg.rf.86e0822dff8d731d5a1310953b7cbe56.jpg,OHI_datasetIMG_2418_jpg,False,EXCLUDE,roboflow_augmentation_duplicate,20,False,photo_like
train,OHI_datasetIMG_2418_jpg.rf.c747d39c4d0c8a7fdf180642cc79929d.jpg,OHI_datasetIMG_2418_jpg,False,EXCLUDE,roboflow_augmentation_duplicate,20,True,photo_like
train,OHI_datasetIMG_2420_jpg.rf.aae85fde9ed46d369f6270b396424174.jpg,OHI_datasetIMG_2420_jpg,True,KEEP,color_clinical_like,12,False,photo_like
train,OHI_datasetIMG_2420_jpg.rf.af228edd3527814645f74e1764f80f3e.jpg,OHI_datasetIMG_2420_jpg,False,EXCLUDE,roboflow_augmentation_duplicate,12,False,photo_like
train,OHI_datasetIMG_2420_jpg.rf.e9f59a499199e347b42d8d6335d3f8f3.jpg,OHI_datasetIMG_2420_jpg,False,EXCLUDE,roboflow_augmentation_duplicate,12,False,photo_like
train,OHI_datasetIMG_2422_jpg.rf.1969f0228e57c02ebd438beb76ee29cf.jpg,OHI_datasetIMG_2422_jpg,True,KEEP,color_clinical_like,8,False,photo_like
train,OHI_datasetIMG_2422_jpg.rf.412e060918eeedd57773abb2e3456082.jpg,OHI_datasetIMG_2422_jpg,False,EXCLUDE,roboflow_augmentation_duplicate,8,False,photo_like
train,OHI_datasetIMG_2422_jpg.rf.ce8b5000a82603622f9deaae86fb0499.jpg,OHI_datasetIMG_2422_jpg,False,EXCLUDE,roboflow_augmentation_duplicate,8,False,photo_like
train,OHI_datasetIMG_2447_jpg.rf.229b11399da8820fcfe6a1d0b1950dcb.jpg,OHI_datasetIMG_2447_jpg,True,KEEP,color_clinical_like,27,False,photo_like
train,OHI_datasetIMG_2447_jpg.rf.9eaa6b0e7f861069c0da70a2a5c1e795.jpg,OHI_datasetIMG_2447_jpg,False,EXCLUDE,roboflow_augmentation_duplicate,27,False,photo_like
train,OHI_datasetIMG_2447_jpg.rf.b7fa08bc4a9580669026762deb3728b8.jpg,OHI_datasetIMG_2447_jpg,False,EXCLUDE,roboflow_augmentation_duplicate,27,False,photo_like
train,OHI_datasetIMG_2450_jpg.rf.0d42bedbbf3d62c6dee281ae5be52852.jpg,OHI_datasetIMG_2450_jpg,True,KEEP,color_clinical_like,14,False,photo_like
train,OHI_datasetIMG_2450_jpg.rf.5b22c569c288d2599deeef75fb18ed1b.jpg,OHI_datasetIMG_2450_jpg,False,EXCLUDE,roboflow_augmentation_duplicate,14,False,photo_like
train,OHI_datasetIMG_2450_jpg.rf.ea8173c82f3ca3fdf4f4c3a45fcc59ab.jpg,OHI_datasetIMG_2450_jpg,False,EXCLUDE,roboflow_augmentation_duplicate,14,False,photo_like
train,OHI_datasetIMG_2451_jpg.rf.3adb9d1b4a44b1779bee73bc666f7f6c.jpg,OHI_datasetIMG_2451_jpg,True,REVIEW,near_grayscale_color_stats,15,True,photo_like
train,OHI_datasetIMG_2451_jpg.rf.6060517bbdc8f3e571e4ac2453576257.jpg,OHI_datasetIMG_2451_jpg,False,EXCLUDE,roboflow_augmentation_duplicate,15,False,photo_like
train,OHI_datasetIMG_2451_jpg.rf.ea9789f071cc710b9eac0299c2860749.jpg,OHI_datasetIMG_2451_jpg,False,EXCLUDE,roboflow_augmentation_duplicate,15,False,photo_like
train,OHI_datasetIMG_2455_JPG.rf.07def7f4973124de390726d73e55b2c3.jpg,OHI_datasetIMG_2455_JPG,True,KEEP,color_clinical_like,22,False,photo_like
train,OHI_datasetIMG_2455_JPG.rf.832c9c3b301b4569328e29f3c6783ccf.jpg,OHI_datasetIMG_2455_JPG,False,EXCLUDE,roboflow_augmentation_duplicate,22,False,photo_like
train,OHI_datasetIMG_2455_JPG.rf.eae92c2ea0191900f9aefed4942abddf.jpg,OHI_datasetIMG_2455_JPG,False,EXCLUDE,roboflow_augmentation_duplicate,22,False,photo_like
train,OHI_datasetIMG_2458_JPG.rf.a35da86d47838ae337b5626ce9781cb6.jpg,OHI_datasetIMG_2458_JPG,True,KEEP,color_clinical_like,12,False,photo_like
train,OHI_datasetIMG_2458_JPG.rf.bcac2b052a8c6f6d7934b10bf26c4ad3.jpg,OHI_datasetIMG_2458_JPG,False,EXCLUDE,roboflow_augmentation_duplicate,12,False,photo_like
train,OHI_datasetIMG_2458_JPG.rf.bec077173df5aca6d35269f4bc9aa5fd.jpg,OHI_datasetIMG_2458_JPG,False,EXCLUDE,roboflow_augmentation_duplicate,12,False,photo_like
train,OHI_datasetIMG_2466_JPG.rf.16622d436b8dad167b5572afc9075498.jpg,OHI_datasetIMG_2466_JPG,True,KEEP,color_clinical_like,15,False,photo_like
train,OHI_datasetIMG_2466_JPG.rf.237754024be7d31d51bb37bb876ed2d6.jpg,OHI_datasetIMG_2466_JPG,False,EXCLUDE,roboflow_augmentation_duplicate,15,False,photo_like
train,OHI_datasetIMG_2466_JPG.rf.f74d1a91c9c0f7f6ac8734fb9195acd9.jpg,OHI_datasetIMG_2466_JPG,False,EXCLUDE,roboflow_augmentation_duplicate,15,False,photo_like
train,OHI_datasetIMG_2467_JPG.rf.1e0ae7df379b7ca5b63420bd1169e34d.jpg,OHI_datasetIMG_2467_JPG,True,KEEP,color_clinical_like,8,False,photo_like
train,OHI_datasetIMG_2467_JPG.rf.913694e92837ff65929bebb9dfc10085.jpg,OHI_datasetIMG_2467_JPG,False,EXCLUDE,roboflow_augmentation_duplicate,8,False,photo_like
train,OHI_datasetIMG_2467_JPG.rf.d8e7093c5d6a930f774ca61b06933784.jpg,OHI_datasetIMG_2467_JPG,False,EXCLUDE,roboflow_augmentation_duplicate,8,False,photo_like
train,OHI_datasetIMG_2468_JPG.rf.4c480a60367c4f6ea57156e2f0633876.jpg,OHI_datasetIMG_2468_JPG,True,KEEP,color_clinical_like,9,False,photo_like
train,OHI_datasetIMG_2468_JPG.rf.bf4e1a116ccf7fc0e5b8c7c515889d9c.jpg,OHI_datasetIMG_2468_JPG,False,EXCLUDE,roboflow_augmentation_duplicate,9,False,photo_like
train,OHI_datasetIMG_2468_JPG.rf.edd5cbc3d1594eac3f4da36e1bdb81e9.jpg,OHI_datasetIMG_2468_JPG,False,EXCLUDE,roboflow_augmentation_duplicate,9,False,photo_like
train,OHI_datasetIMG_2481_JPG.rf.07214f38f17fc6384832d1a178baa259.jpg,OHI_datasetIMG_2481_JPG,True,KEEP,color_clinical_like,28,False,photo_like
train,OHI_datasetIMG_2481_JPG.rf.63a5704bbcd24f29333bd21e009735a2.jpg,OHI_datasetIMG_2481_JPG,False,EXCLUDE,roboflow_augmentation_duplicate,28,False,photo_like
train,OHI_datasetIMG_2481_JPG.rf.f8eabc4f224b7d25cedadc9e81a6fd41.jpg,OHI_datasetIMG_2481_JPG,False,EXCLUDE,roboflow_augmentation_duplicate,28,False,photo_like
train,OHI_datasetIMG_2488_JPG.rf.43b7a0d25dfabdf84958dd0cc7ab7253.jpg,OHI_datasetIMG_2488_JPG,True,KEEP,color_clinical_like,14,False,photo_like
train,OHI_datasetIMG_2488_JPG.rf.8d3c7113fe5938acc1bc303378033267.jpg,OHI_datasetIMG_2488_JPG,False,EXCLUDE,roboflow_augmentation_duplicate,14,False,photo_like
train,OHI_datasetIMG_2488_JPG.rf.93c1da3a8df15dab5ff290d11d547643.jpg,OHI_datasetIMG_2488_JPG,False,EXCLUDE,roboflow_augmentation_duplicate,14,False,photo_like
train,OHI_datasetIMG_2489_JPG.rf.9796a5fc984c18a33d21c471c2a14e9a.jpg,OHI_datasetIMG_2489_JPG,True,KEEP,color_clinical_like,14,False,photo_like
train,OHI_datasetIMG_2489_JPG.rf.cd7719002647b3d52a2324aaac4cb4cd.jpg,OHI_datasetIMG_2489_JPG,False,EXCLUDE,roboflow_augmentation_duplicate,14,False,photo_like
train,OHI_datasetIMG_2489_JPG.rf.fb1cef2068fbe09866a9474ded4292d8.jpg,OHI_datasetIMG_2489_JPG,False,EXCLUDE,roboflow_augmentation_duplicate,14,False,photo_like
train,OHI_datasetIMG_2493_JPG.rf.129942024559016717f74909772bc8ef.jpg,OHI_datasetIMG_2493_JPG,True,KEEP,color_clinical_like,28,False,photo_like
train,OHI_datasetIMG_2493_JPG.rf.379a2bfc86bde826c1f9f4cab737028a.jpg,OHI_datasetIMG_2493_JPG,False,EXCLUDE,roboflow_augmentation_duplicate,28,False,photo_like
train,OHI_datasetIMG_2493_JPG.rf.ee8a728b14d596228224f19b3753e422.jpg,OHI_datasetIMG_2493_JPG,False,EXCLUDE,roboflow_augmentation_duplicate,28,False,photo_like
train,OHI_datasetIMG_2498_jpg.rf.1edb943a6615daa7df94954b5a59de30.jpg,OHI_datasetIMG_2498_jpg,True,KEEP,color_clinical_like,15,False,photo_like
train,OHI_datasetIMG_2498_jpg.rf.7e7cd0709aa5f4c59c818d32f2ce985e.jpg,OHI_datasetIMG_2498_jpg,False,EXCLUDE,roboflow_augmentation_duplicate,15,False,photo_like
train,OHI_datasetIMG_2498_jpg.rf.9691eadfa8620d919fa8e4443f55d417.jpg,OHI_datasetIMG_2498_jpg,False,EXCLUDE,roboflow_augmentation_duplicate,15,False,photo_like
train,OHI_datasetIMG_2499_jpg.rf.3b4e86e57852e01408929e1e3686f2d6.jpg,OHI_datasetIMG_2499_jpg,True,KEEP,color_clinical_like,16,False,photo_like
train,OHI_datasetIMG_2499_jpg.rf.b0436a0fcdb1ba29c6b7d81ba9f0a865.jpg,OHI_datasetIMG_2499_jpg,False,EXCLUDE,roboflow_augmentation_duplicate,16,False,photo_like
train,OHI_datasetIMG_2499_jpg.rf.d67234fe77c00af894002f64deee7cbc.jpg,OHI_datasetIMG_2499_jpg,False,EXCLUDE,roboflow_augmentation_duplicate,16,False,photo_like
train,OHI_datasetIMG_2501_jpg.rf.1985858634267898b05c67d25291f4a0.jpg,OHI_datasetIMG_2501_jpg,True,KEEP,color_clinical_like,29,False,photo_like
train,OHI_datasetIMG_2501_jpg.rf.47a29fff6e0bb7967d8cc4e3c796f8dd.jpg,OHI_datasetIMG_2501_jpg,False,EXCLUDE,roboflow_augmentation_duplicate,29,False,photo_like
train,OHI_datasetIMG_2501_jpg.rf.91cda67b6f05b5489e8e628f9318b324.jpg,OHI_datasetIMG_2501_jpg,False,EXCLUDE,roboflow_augmentation_duplicate,29,False,photo_like
train,OHI_datasetIMG_2507_JPG.rf.373e796edec9827e66f8e581ecab71cf.jpg,OHI_datasetIMG_2507_JPG,True,KEEP,color_clinical_like,25,False,photo_like
train,OHI_datasetIMG_2507_JPG.rf.b219edfbe64c17d3706afdb57314adbc.jpg,OHI_datasetIMG_2507_JPG,False,EXCLUDE,roboflow_augmentation_duplicate,25,True,photo_like
train,OHI_datasetIMG_2507_JPG.rf.d0a70985081d86b32bde11215c7167af.jpg,OHI_datasetIMG_2507_JPG,False,EXCLUDE,roboflow_augmentation_duplicate,25,False,photo_like
train,OHI_datasetIMG_2511_JPG.rf.12c791ad090b2fff2f81d0a33df03fdb.jpg,OHI_datasetIMG_2511_JPG,True,KEEP,color_clinical_like,12,False,photo_like
train,OHI_datasetIMG_2511_JPG.rf.c5e975abf0ebebd599ba94b5b64fba23.jpg,OHI_datasetIMG_2511_JPG,False,EXCLUDE,roboflow_augmentation_duplicate,12,False,photo_like
train,OHI_datasetIMG_2511_JPG.rf.c958a63678cb1d853cbcfe71136ac894.jpg,OHI_datasetIMG_2511_JPG,False,EXCLUDE,roboflow_augmentation_duplicate,12,False,photo_like
train,OHI_datasetIMG_2513_JPG.rf.19fb7457f903f525175d5ade22f186da.jpg,OHI_datasetIMG_2513_JPG,True,KEEP,color_clinical_like,13,False,photo_like
train,OHI_datasetIMG_2513_JPG.rf.32a3f06da7628336c575b4e7d05b5e5a.jpg,OHI_datasetIMG_2513_JPG,False,EXCLUDE,roboflow_augmentation_duplicate,13,False,photo_like
train,OHI_datasetIMG_2513_JPG.rf.908226baa7d0f1d9cda73da39499512e.jpg,OHI_datasetIMG_2513_JPG,False,EXCLUDE,roboflow_augmentation_duplicate,13,False,photo_like
train,OHI_datasetIMG_2550_JPG.rf.77b2b17b1238eff8bac185e8df2a0310.jpg,OHI_datasetIMG_2550_JPG,True,KEEP,color_clinical_like,26,False,photo_like
train,OHI_datasetIMG_2550_JPG.rf.8566f53433f64aec26c98bbaa8c6c420.jpg,OHI_datasetIMG_2550_JPG,False,EXCLUDE,roboflow_augmentation_duplicate,26,False,photo_like
train,OHI_datasetIMG_2550_JPG.rf.d62f233bfc8576ddfaa627d8c5a1ace2.jpg,OHI_datasetIMG_2550_JPG,False,EXCLUDE,roboflow_augmentation_duplicate,26,False,photo_like
train,OHI_datasetIMG_2553_JPG.rf.46a586e3f41203c89d542261326f402a.jpg,OHI_datasetIMG_2553_JPG,True,KEEP,color_clinical_like,14,False,photo_like
train,OHI_datasetIMG_2553_JPG.rf.ec4baa35bf43a6c888ed5acd0706319d.jpg,OHI_datasetIMG_2553_JPG,False,EXCLUDE,roboflow_augmentation_duplicate,14,False,photo_like
train,OHI_datasetIMG_2553_JPG.rf.f005fd685c4042e6e7625d55733e88e6.jpg,OHI_datasetIMG_2553_JPG,False,EXCLUDE,roboflow_augmentation_duplicate,14,False,photo_like
train,OHI_datasetIMG_2558_JPG.rf.3295b6932a43d74eb766d9f48fbda38e.jpg,OHI_datasetIMG_2558_JPG,True,KEEP,color_clinical_like,11,False,photo_like
train,OHI_datasetIMG_2558_JPG.rf.58af5c21d85feab6d398b3be9cf5ca24.jpg,OHI_datasetIMG_2558_JPG,False,EXCLUDE,roboflow_augmentation_duplicate,11,False,photo_like
train,OHI_datasetIMG_2558_JPG.rf.a7e7f583218c0e57d22a424d69254873.jpg,OHI_datasetIMG_2558_JPG,False,EXCLUDE,roboflow_augmentation_duplicate,11,False,photo_like
train,OHI_datasetIMG_2559_JPG.rf.0943d14eb2b5645dd210ead612397d00.jpg,OHI_datasetIMG_2559_JPG,True,KEEP,color_clinical_like,12,False,photo_like
train,OHI_datasetIMG_2559_JPG.rf.42ddb72359b457251c43d32e48e1f8e4.jpg,OHI_datasetIMG_2559_JPG,False,EXCLUDE,roboflow_augmentation_duplicate,12,False,photo_like
train,OHI_datasetIMG_2559_JPG.rf.b60b082cee0d786989b6450f8317dbd4.jpg,OHI_datasetIMG_2559_JPG,False,EXCLUDE,roboflow_augmentation_duplicate,12,False,photo_like
train,OHI_datasetIMG_2588_jpg.rf.1ffcb950eacbf11bc023b0a53cde0e2a.jpg,OHI_datasetIMG_2588_jpg,True,KEEP,color_clinical_like,23,False,photo_like
train,OHI_datasetIMG_2588_jpg.rf.6392e0447bd2db91bb6e419df22b3fb7.jpg,OHI_datasetIMG_2588_jpg,False,EXCLUDE,roboflow_augmentation_duplicate,23,True,photo_like
train,OHI_datasetIMG_2588_jpg.rf.6aa5c4d692ec6a5165535743585b06da.jpg,OHI_datasetIMG_2588_jpg,False,EXCLUDE,roboflow_augmentation_duplicate,23,False,photo_like
train,OHI_datasetIMG_2592_jpg.rf.5085985a927f456aef8222e1645d2f12.jpg,OHI_datasetIMG_2592_jpg,True,REVIEW,near_grayscale_color_stats,12,True,photo_like
train,OHI_datasetIMG_2592_jpg.rf.b7f343c47cb4943ad5db76e2805c6f7e.jpg,OHI_datasetIMG_2592_jpg,False,EXCLUDE,roboflow_augmentation_duplicate,12,False,photo_like
train,OHI_datasetIMG_2592_jpg.rf.b8f3c0776b9eebdab26e3492411048fd.jpg,OHI_datasetIMG_2592_jpg,False,EXCLUDE,roboflow_augmentation_duplicate,12,False,photo_like
train,OHI_datasetIMG_2593_jpg.rf.62b50992f22a3c500b736e51c5ffed4e.jpg,OHI_datasetIMG_2593_jpg,True,KEEP,color_clinical_like,13,False,photo_like
train,OHI_datasetIMG_2593_jpg.rf.7439fdd5e59e9642e3cd29efcc752ba1.jpg,OHI_datasetIMG_2593_jpg,False,EXCLUDE,roboflow_augmentation_duplicate,13,False,photo_like
train,OHI_datasetIMG_2593_jpg.rf.b7b2761b258595f2af495935c3e438f2.jpg,OHI_datasetIMG_2593_jpg,False,EXCLUDE,roboflow_augmentation_duplicate,13,False,photo_like
train,OHI_datasetIMG_2598_jpg.rf.4582d49d3810f0e629278f4d7bbb43ae.jpg,OHI_datasetIMG_2598_jpg,True,KEEP,color_clinical_like,26,False,photo_like
train,OHI_datasetIMG_2598_jpg.rf.7d80aa543ccb140d1db374b923987f6b.jpg,OHI_datasetIMG_2598_jpg,False,EXCLUDE,roboflow_augmentation_duplicate,26,False,photo_like
train,OHI_datasetIMG_2598_jpg.rf.b7c66f0db9304fac20ada435cdce176c.jpg,OHI_datasetIMG_2598_jpg,False,EXCLUDE,roboflow_augmentation_duplicate,26,False,photo_like
train,OHI_datasetIMG_2599_jpg.rf.061931cfe2ac0ca37510bad1bf830df7.jpg,OHI_datasetIMG_2599_jpg,True,KEEP,color_clinical_like,12,False,photo_like
train,OHI_datasetIMG_2599_jpg.rf.594012e384f597f76f47d0831af73fc9.jpg,OHI_datasetIMG_2599_jpg,False,EXCLUDE,roboflow_augmentation_duplicate,12,False,photo_like
train,OHI_datasetIMG_2599_jpg.rf.6b8c5a0165685c392734be439e945654.jpg,OHI_datasetIMG_2599_jpg,False,EXCLUDE,roboflow_augmentation_duplicate,12,True,photo_like
train,OHI_datasetIMG_2600_jpg.rf.291c5a5a93ab3ef5112d03ca82284c73.jpg,OHI_datasetIMG_2600_jpg,True,KEEP,color_clinical_like,15,False,photo_like
train,OHI_datasetIMG_2600_jpg.rf.3e36069c240d119bfda54db7829e5fae.jpg,OHI_datasetIMG_2600_jpg,False,EXCLUDE,roboflow_augmentation_duplicate,15,False,photo_like
train,OHI_datasetIMG_2600_jpg.rf.b8d680046a0d4301ec6524a90af0b8ff.jpg,OHI_datasetIMG_2600_jpg,False,EXCLUDE,roboflow_augmentation_duplicate,15,False,photo_like
train,OHI_datasetIMG_2634_JPG.rf.2f8e3b49bd61e1cabe065f72c4981e9b.jpg,OHI_datasetIMG_2634_JPG,True,KEEP,color_clinical_like,22,False,photo_like
train,OHI_datasetIMG_2634_JPG.rf.e5cf9e7e59aea7861880d6a34c7cb574.jpg,OHI_datasetIMG_2634_JPG,False,EXCLUDE,roboflow_augmentation_duplicate,22,False,photo_like
train,OHI_datasetIMG_2634_JPG.rf.edb223d62c91f13f0883f67b1393c942.jpg,OHI_datasetIMG_2634_JPG,False,EXCLUDE,roboflow_augmentation_duplicate,22,False,photo_like
train,OHI_datasetIMG_2638_JPG.rf.41f2e1179c778cb4fdc25d3148bee0e2.jpg,OHI_datasetIMG_2638_JPG,True,KEEP,color_clinical_like,10,False,photo_like
train,OHI_datasetIMG_2638_JPG.rf.591a48230de0c40a161d317cb391ff37.jpg,OHI_datasetIMG_2638_JPG,False,EXCLUDE,roboflow_augmentation_duplicate,10,False,photo_like
train,OHI_datasetIMG_2638_JPG.rf.8777a1d66d181e55cece0778b89312be.jpg,OHI_datasetIMG_2638_JPG,False,EXCLUDE,roboflow_augmentation_duplicate,10,False,photo_like
train,OHI_datasetIMG_2665_JPG.rf.0c0307f8e5ab97535299aa4c483c2dfe.jpg,OHI_datasetIMG_2665_JPG,True,KEEP,color_clinical_like,23,False,photo_like
train,OHI_datasetIMG_2665_JPG.rf.af87884db172fa210c09186614ce5bde.jpg,OHI_datasetIMG_2665_JPG,False,EXCLUDE,roboflow_augmentation_duplicate,23,False,photo_like
train,OHI_datasetIMG_2665_JPG.rf.b997f94afa424592cb9c8a3498665333.jpg,OHI_datasetIMG_2665_JPG,False,EXCLUDE,roboflow_augmentation_duplicate,23,False,photo_like
train,OHI_datasetIMG_2666_JPG.rf.2ea3f43f720ae847ab7a5481ede80dc7.jpg,OHI_datasetIMG_2666_JPG,True,KEEP,color_clinical_like,12,False,photo_like
train,OHI_datasetIMG_2666_JPG.rf.6ed8ed27bcf0f215b7553374d43d9d5f.jpg,OHI_datasetIMG_2666_JPG,False,EXCLUDE,roboflow_augmentation_duplicate,12,False,photo_like
train,OHI_datasetIMG_2666_JPG.rf.c81a60ed339abea0822082ea9b79f49d.jpg,OHI_datasetIMG_2666_JPG,False,EXCLUDE,roboflow_augmentation_duplicate,12,False,photo_like
train,OHI_datasetIMG_2685_JPG.rf.2b28ad4546a436f6c5f517f02a478053.jpg,OHI_datasetIMG_2685_JPG,True,KEEP,color_clinical_like,26,False,photo_like
train,OHI_datasetIMG_2685_JPG.rf.3f2854f0a43e1c5e661c6a4976479960.jpg,OHI_datasetIMG_2685_JPG,False,EXCLUDE,roboflow_augmentation_duplicate,26,False,photo_like
train,OHI_datasetIMG_2685_JPG.rf.f081b9fd1c2d8de023b8633237402f19.jpg,OHI_datasetIMG_2685_JPG,False,EXCLUDE,roboflow_augmentation_duplicate,26,False,photo_like
train,OHI_datasetIMG_2707_JPG.rf.7bd92610e482df4aff1e278668f65921.jpg,OHI_datasetIMG_2707_JPG,True,KEEP,color_clinical_like,13,False,photo_like
train,OHI_datasetIMG_2707_JPG.rf.7bdc2d8581def50b1e82fec45a02c128.jpg,OHI_datasetIMG_2707_JPG,False,EXCLUDE,roboflow_augmentation_duplicate,13,False,photo_like
train,OHI_datasetIMG_2707_JPG.rf.fea48afc7870bd5cff277ee30c014bff.jpg,OHI_datasetIMG_2707_JPG,False,EXCLUDE,roboflow_augmentation_duplicate,13,False,photo_like
train,OHI_datasetIMG_2716_JPG.rf.4225d7ccc1062c1aa6fccd022d8ef4e6.jpg,OHI_datasetIMG_2716_JPG,True,KEEP,color_clinical_like,14,False,photo_like
train,OHI_datasetIMG_2716_JPG.rf.56c9bc7adf882a3e9873275bed0ff57f.jpg,OHI_datasetIMG_2716_JPG,False,EXCLUDE,roboflow_augmentation_duplicate,14,False,photo_like
train,OHI_datasetIMG_2716_JPG.rf.a2b8f9bdbaf91e2f052d33fb22985447.jpg,OHI_datasetIMG_2716_JPG,False,EXCLUDE,roboflow_augmentation_duplicate,14,False,photo_like
train,OHI_datasetIMG_2718_JPG.rf.46f61e1c867679f6b9c2e5e8195e0f19.jpg,OHI_datasetIMG_2718_JPG,True,KEEP,color_clinical_like,14,False,photo_like
train,OHI_datasetIMG_2718_JPG.rf.610803dea5ec611b3f2df4c92dc05bde.jpg,OHI_datasetIMG_2718_JPG,False,EXCLUDE,roboflow_augmentation_duplicate,14,False,photo_like
train,OHI_datasetIMG_2718_JPG.rf.6874bf5f6f62e9dd93c7192a24542051.jpg,OHI_datasetIMG_2718_JPG,False,EXCLUDE,roboflow_augmentation_duplicate,14,False,photo_like
train,OHI_datasetIMG_2744_JPG.rf.30669fd8b506c785637d75f7e1593f36.jpg,OHI_datasetIMG_2744_JPG,True,KEEP,color_clinical_like,15,False,photo_like
train,OHI_datasetIMG_2744_JPG.rf.4fa5a4cb5ced93c518bfe783f0541fe5.jpg,OHI_datasetIMG_2744_JPG,False,EXCLUDE,roboflow_augmentation_duplicate,15,True,photo_like
train,OHI_datasetIMG_2744_JPG.rf.96f55f10d9d3f982e05b5aa5cf7685bc.jpg,OHI_datasetIMG_2744_JPG,False,EXCLUDE,roboflow_augmentation_duplicate,15,True,photo_like
train,OHI_datasetIMG_2745_JPG.rf.455181a7c9be511d523cfcfabb0831c5.jpg,OHI_datasetIMG_2745_JPG,True,KEEP,color_clinical_like,16,False,photo_like
train,OHI_datasetIMG_2745_JPG.rf.7f8e7b05a0ddd694db7e1ff0b277e9d4.jpg,OHI_datasetIMG_2745_JPG,False,EXCLUDE,roboflow_augmentation_duplicate,16,False,photo_like
train,OHI_datasetIMG_2745_JPG.rf.cf7e9137dc5443108161fb6c20250128.jpg,OHI_datasetIMG_2745_JPG,False,EXCLUDE,roboflow_augmentation_duplicate,16,False,photo_like
train,OHI_datasetIMG_2775_JPG.rf.5d0b903296bde88a697e03fc1069f354.jpg,OHI_datasetIMG_2775_JPG,True,KEEP,color_clinical_like,28,False,photo_like
train,OHI_datasetIMG_2775_JPG.rf.5fe4fc45b51959a626f76fe9af4c4313.jpg,OHI_datasetIMG_2775_JPG,False,EXCLUDE,roboflow_augmentation_duplicate,28,False,photo_like
train,OHI_datasetIMG_2775_JPG.rf.e4d3f85fd5d7916cea25c34aa40367f3.jpg,OHI_datasetIMG_2775_JPG,False,EXCLUDE,roboflow_augmentation_duplicate,28,False,photo_like
train,OHI_datasetIMG_2776_JPG.rf.0e26c83ee4a538bb607cfa06f31a7e42.jpg,OHI_datasetIMG_2776_JPG,True,KEEP,color_clinical_like,14,False,photo_like
train,OHI_datasetIMG_2776_JPG.rf.510e446c3db9142fe6c3e4553eb87c4d.jpg,OHI_datasetIMG_2776_JPG,False,EXCLUDE,roboflow_augmentation_duplicate,14,False,photo_like
train,OHI_datasetIMG_2776_JPG.rf.843e906f26de77ea4752865df402892f.jpg,OHI_datasetIMG_2776_JPG,False,EXCLUDE,roboflow_augmentation_duplicate,14,False,photo_like
train,OHI_datasetIMG_2787_JPG.rf.22da2c7fc885f3e786068803565477a2.jpg,OHI_datasetIMG_2787_JPG,True,REVIEW,near_grayscale_color_stats,25,True,photo_like
train,OHI_datasetIMG_2787_JPG.rf.4f87f18594441e2ef850517ebf38630d.jpg,OHI_datasetIMG_2787_JPG,False,EXCLUDE,roboflow_augmentation_duplicate,25,False,photo_like
train,OHI_datasetIMG_2787_JPG.rf.7183576983c4425203c46d4b8ac4ca28.jpg,OHI_datasetIMG_2787_JPG,False,EXCLUDE,roboflow_augmentation_duplicate,25,False,photo_like
train,OHI_datasetIMG_2797_jpeg.rf.175e541304e09cacbc0614ed643c2b68.jpg,OHI_datasetIMG_2797_jpeg,True,KEEP,color_clinical_like,25,False,photo_like
train,OHI_datasetIMG_2797_jpeg.rf.5339e60e2896d04eb13015c651494a24.jpg,OHI_datasetIMG_2797_jpeg,False,EXCLUDE,roboflow_augmentation_duplicate,25,False,photo_like
train,OHI_datasetIMG_2797_jpeg.rf.ca5aca4177f1850ead122c5d14bd90b0.jpg,OHI_datasetIMG_2797_jpeg,False,EXCLUDE,roboflow_augmentation_duplicate,25,False,photo_like
train,OHI_datasetIMG_2802_jpeg.rf.8f0b75cce1a32e1f45e330e11ebc29e6.jpg,OHI_datasetIMG_2802_jpeg,True,KEEP,color_clinical_like,14,False,photo_like
train,OHI_datasetIMG_2802_jpeg.rf.a6f41104285c4e0fd5825a2da65c87c9.jpg,OHI_datasetIMG_2802_jpeg,False,EXCLUDE,roboflow_augmentation_duplicate,14,True,photo_like
train,OHI_datasetIMG_2802_jpeg.rf.f2dcc1d15aef5aba29632ae1af90345d.jpg,OHI_datasetIMG_2802_jpeg,False,EXCLUDE,roboflow_augmentation_duplicate,14,False,photo_like
train,OHI_datasetIMG_2803_jpeg.rf.0ee697f851f40781cd3445167a8fe01b.jpg,OHI_datasetIMG_2803_jpeg,True,KEEP,color_clinical_like,14,False,photo_like
train,OHI_datasetIMG_2803_jpeg.rf.c512cf9ed942301c3fac8c67e075cd25.jpg,OHI_datasetIMG_2803_jpeg,False,EXCLUDE,roboflow_augmentation_duplicate,14,False,photo_like
train,OHI_datasetIMG_2803_jpeg.rf.f0f2bd8270ba018109c69083e55088ef.jpg,OHI_datasetIMG_2803_jpeg,False,EXCLUDE,roboflow_augmentation_duplicate,14,False,photo_like
train,OHI_datasetIMG_2890_JPG.rf.350e7495e8c1390195c313eceb7e128c.jpg,OHI_datasetIMG_2890_JPG,True,KEEP,color_clinical_like,28,False,photo_like
train,OHI_datasetIMG_2890_JPG.rf.4558efcb23675c835919ecf7d6d7c90a.jpg,OHI_datasetIMG_2890_JPG,False,EXCLUDE,roboflow_augmentation_duplicate,28,False,photo_like
train,OHI_datasetIMG_2890_JPG.rf.a3f366329fde57c86c77333224889e3b.jpg,OHI_datasetIMG_2890_JPG,False,EXCLUDE,roboflow_augmentation_duplicate,28,True,photo_like
train,OHI_datasetIMG_2899_JPG.rf.5255fe8ae4f429ab7f7ec85828f140f2.jpg,OHI_datasetIMG_2899_JPG,True,KEEP,color_clinical_like,14,False,photo_like
train,OHI_datasetIMG_2899_JPG.rf.744d220c2fbce9f9d4089f1e8a320a8b.jpg,OHI_datasetIMG_2899_JPG,False,EXCLUDE,roboflow_augmentation_duplicate,14,False,photo_like
train,OHI_datasetIMG_2899_JPG.rf.90477785f24c6bb237c97c5e4484f04f.jpg,OHI_datasetIMG_2899_JPG,False,EXCLUDE,roboflow_augmentation_duplicate,14,False,photo_like
train,OHI_datasetIMG_2905_JPG.rf.23cf3f42767cc87792c2b54a320a0016.jpg,OHI_datasetIMG_2905_JPG,True,KEEP,color_clinical_like,11,False,photo_like
train,OHI_datasetIMG_2905_JPG.rf.85f63e0a26bf5cf357a46e964a8ff583.jpg,OHI_datasetIMG_2905_JPG,False,EXCLUDE,roboflow_augmentation_duplicate,11,False,photo_like
train,OHI_datasetIMG_2905_JPG.rf.b1a98678c8ecf447337f63170610723b.jpg,OHI_datasetIMG_2905_JPG,False,EXCLUDE,roboflow_augmentation_duplicate,11,False,photo_like
train,OHI_datasetIMG_2906_JPG.rf.2b1133ed282945b9a4a7424ad0ab5fe8.jpg,OHI_datasetIMG_2906_JPG,True,KEEP,color_clinical_like,13,False,photo_like
train,OHI_datasetIMG_2906_JPG.rf.c514d5492549c573ba4d7a55db32aa52.jpg,OHI_datasetIMG_2906_JPG,False,EXCLUDE,roboflow_augmentation_duplicate,13,False,photo_like
train,OHI_datasetIMG_2906_JPG.rf.da22e0b26c6f071f45fe9165b6e9f3f6.jpg,OHI_datasetIMG_2906_JPG,False,EXCLUDE,roboflow_augmentation_duplicate,13,False,photo_like
train,OHI_datasetIMG_2924_jpg.rf.a19769c307abf4cce81ea74eb5793d08.jpg,OHI_datasetIMG_2924_jpg,True,KEEP,color_clinical_like,22,False,photo_like
train,OHI_datasetIMG_2924_jpg.rf.e9033b87bfdbc9929f7b4706f25b6c4e.jpg,OHI_datasetIMG_2924_jpg,False,EXCLUDE,roboflow_augmentation_duplicate,22,False,photo_like
train,OHI_datasetIMG_2924_jpg.rf.f6cdbde75faa3d2c91a1d71c4305f64e.jpg,OHI_datasetIMG_2924_jpg,False,EXCLUDE,roboflow_augmentation_duplicate,22,False,photo_like
train,OHI_datasetIMG_2957_jpg.rf.1d202ba74d87a2db59d2d83b29dde43a.jpg,OHI_datasetIMG_2957_jpg,True,KEEP,color_clinical_like,12,False,photo_like
train,OHI_datasetIMG_2957_jpg.rf.1f6aa098c07acdaae1c3c742ed709859.jpg,OHI_datasetIMG_2957_jpg,False,EXCLUDE,roboflow_augmentation_duplicate,12,True,photo_like
train,OHI_datasetIMG_2957_jpg.rf.54fed14f6caad80a825b4e163ff967ab.jpg,OHI_datasetIMG_2957_jpg,False,EXCLUDE,roboflow_augmentation_duplicate,12,False,photo_like
train,OHI_datasetIMG_3048_JPG.rf.7b9f3c892b6240761127e844e35719ad.jpg,OHI_datasetIMG_3048_JPG,True,KEEP,color_clinical_like,23,False,photo_like
train,OHI_datasetIMG_3048_JPG.rf.a0944fa347adc854d1a1f4658ed224f9.jpg,OHI_datasetIMG_3048_JPG,False,EXCLUDE,roboflow_augmentation_duplicate,23,False,photo_like
train,OHI_datasetIMG_3048_JPG.rf.cc1b3e6358f683f4ab4a3a543e7ea0dc.jpg,OHI_datasetIMG_3048_JPG,False,EXCLUDE,roboflow_augmentation_duplicate,23,False,photo_like
train,OHI_datasetIMG_3049_JPG.rf.23dcd74b4dcb34f536d95f6930889fde.jpg,OHI_datasetIMG_3049_JPG,True,KEEP,color_clinical_like,12,False,photo_like
train,OHI_datasetIMG_3049_JPG.rf.52cf9c60f2e46c1f4a2d82e4d4035aff.jpg,OHI_datasetIMG_3049_JPG,False,EXCLUDE,roboflow_augmentation_duplicate,12,False,photo_like
train,OHI_datasetIMG_3049_JPG.rf.6af87a7082894a50b59bc3d4b625de9b.jpg,OHI_datasetIMG_3049_JPG,False,EXCLUDE,roboflow_augmentation_duplicate,12,False,photo_like
train,OHI_datasetIMG_3050_JPG.rf.313c6daf4afcee1d32a2d5c13b8209d7.jpg,OHI_datasetIMG_3050_JPG,True,KEEP,color_clinical_like,12,False,photo_like
train,OHI_datasetIMG_3050_JPG.rf.cbeb70474b909bf83e6f6886e1a48db2.jpg,OHI_datasetIMG_3050_JPG,False,EXCLUDE,roboflow_augmentation_duplicate,12,False,photo_like
train,OHI_datasetIMG_3050_JPG.rf.f3df4ccda4d991640224d0a0ce986da2.jpg,OHI_datasetIMG_3050_JPG,False,EXCLUDE,roboflow_augmentation_duplicate,12,False,photo_like
train,OHI_datasetIMG_3060_jpg.rf.319e541315192afcf63d64e74437953b.jpg,OHI_datasetIMG_3060_jpg,True,KEEP,color_clinical_like,21,False,photo_like
train,OHI_datasetIMG_3060_jpg.rf.424cd6b9657da7d748f31c67163fbb21.jpg,OHI_datasetIMG_3060_jpg,False,EXCLUDE,roboflow_augmentation_duplicate,21,False,photo_like
train,OHI_datasetIMG_3060_jpg.rf.9cafa925c3e945295874c9bf0fe3221c.jpg,OHI_datasetIMG_3060_jpg,False,EXCLUDE,roboflow_augmentation_duplicate,21,False,photo_like
train,OHI_datasetIMG_3098_JPG.rf.22421cbfb09f512558a9d502a01e6e70.jpg,OHI_datasetIMG_3098_JPG,True,KEEP,color_clinical_like,26,False,photo_like
train,OHI_datasetIMG_3098_JPG.rf.b7db9b30ebca56dff7f7063b453bd5c2.jpg,OHI_datasetIMG_3098_JPG,False,EXCLUDE,roboflow_augmentation_duplicate,26,False,photo_like
train,OHI_datasetIMG_3098_JPG.rf.c2bd2160f149055db6e517fb047d6fc1.jpg,OHI_datasetIMG_3098_JPG,False,EXCLUDE,roboflow_augmentation_duplicate,26,False,photo_like
train,OHI_datasetIMG_3100_JPG.rf.15ff36dee47554b2c324ac078ee04618.jpg,OHI_datasetIMG_3100_JPG,True,KEEP,color_clinical_like,13,False,photo_like
train,OHI_datasetIMG_3100_JPG.rf.86e164a295dc2912a8d11ed8b26080c1.jpg,OHI_datasetIMG_3100_JPG,False,EXCLUDE,roboflow_augmentation_duplicate,13,False,photo_like
train,OHI_datasetIMG_3100_JPG.rf.c22e7c94c2c76935289c27218b07072e.jpg,OHI_datasetIMG_3100_JPG,False,EXCLUDE,roboflow_augmentation_duplicate,13,False,photo_like
train,OHI_datasetIMG_3101_JPG.rf.39e652e7049e59610f3068c5d80dea5a.jpg,OHI_datasetIMG_3101_JPG,True,KEEP,color_clinical_like,12,False,photo_like
train,OHI_datasetIMG_3101_JPG.rf.ac0e239ff14527d994daedee4976579a.jpg,OHI_datasetIMG_3101_JPG,False,EXCLUDE,roboflow_augmentation_duplicate,12,False,photo_like
train,OHI_datasetIMG_3101_JPG.rf.f0575e0d42a1e0fc739d28c0e96cdf7a.jpg,OHI_datasetIMG_3101_JPG,False,EXCLUDE,roboflow_augmentation_duplicate,12,False,photo_like
train,OHI_datasetIMG_3103_JPG.rf.5a75b8c86f3731c1e22d75ee55df2500.jpg,OHI_datasetIMG_3103_JPG,True,KEEP,color_clinical_like,15,False,photo_like
train,OHI_datasetIMG_3103_JPG.rf.8fe94156b0358de1a00d2f5b8d9aae9d.jpg,OHI_datasetIMG_3103_JPG,False,EXCLUDE,roboflow_augmentation_duplicate,15,False,photo_like
train,OHI_datasetIMG_3103_JPG.rf.eb8e048736040f55a3b8c597dfcbb153.jpg,OHI_datasetIMG_3103_JPG,False,EXCLUDE,roboflow_augmentation_duplicate,15,False,photo_like
train,OHI_datasetIMG_3107_JPG.rf.5d1f9fdb564db6027a0c802fbc959037.jpg,OHI_datasetIMG_3107_JPG,True,KEEP,color_clinical_like,12,False,photo_like
train,OHI_datasetIMG_3107_JPG.rf.63afcf72bab612563812f45db5b9b969.jpg,OHI_datasetIMG_3107_JPG,False,EXCLUDE,roboflow_augmentation_duplicate,12,True,photo_like
train,OHI_datasetIMG_3107_JPG.rf.641c0bd3d85dc604e393ae44ee295c3f.jpg,OHI_datasetIMG_3107_JPG,False,EXCLUDE,roboflow_augmentation_duplicate,12,False,photo_like
train,OHI_datasetIMG_3125_JPG.rf.5a5c9ca318847b8a5bd5a1b147dbd6d0.jpg,OHI_datasetIMG_3125_JPG,True,KEEP,color_clinical_like,21,False,photo_like
train,OHI_datasetIMG_3125_JPG.rf.634d5019b47d9345e1138de48e60af0f.jpg,OHI_datasetIMG_3125_JPG,False,EXCLUDE,roboflow_augmentation_duplicate,21,False,photo_like
train,OHI_datasetIMG_3125_JPG.rf.dac7a6d8bd4862b600cf4fb911e37196.jpg,OHI_datasetIMG_3125_JPG,False,EXCLUDE,roboflow_augmentation_duplicate,21,False,photo_like
train,OHI_datasetIMG_3130_JPG.rf.42676bf38a8f95294f988cd1965cbeee.jpg,OHI_datasetIMG_3130_JPG,True,KEEP,color_clinical_like,11,False,photo_like
train,OHI_datasetIMG_3130_JPG.rf.6954153bfc9c14fdd14f88dcd5394f7a.jpg,OHI_datasetIMG_3130_JPG,False,EXCLUDE,roboflow_augmentation_duplicate,11,True,photo_like
train,OHI_datasetIMG_3130_JPG.rf.8a99c8a01dd86465aea68578f9456175.jpg,OHI_datasetIMG_3130_JPG,False,EXCLUDE,roboflow_augmentation_duplicate,11,False,photo_like
train,OHI_datasetIMG_3131_JPG.rf.125dc3548f629d163c07441d33da6c7a.jpg,OHI_datasetIMG_3131_JPG,True,KEEP,color_clinical_like,24,False,photo_like
train,OHI_datasetIMG_3131_JPG.rf.6db7001fc9a7414a92dde72b828f6ad0.jpg,OHI_datasetIMG_3131_JPG,False,EXCLUDE,roboflow_augmentation_duplicate,24,False,photo_like
train,OHI_datasetIMG_3131_JPG.rf.6ef047ab5bd1fda14d66298b41057f84.jpg,OHI_datasetIMG_3131_JPG,False,EXCLUDE,roboflow_augmentation_duplicate,24,False,photo_like
train,OHI_datasetIMG_3134_JPG.rf.c48b7212ce6bb274d89d95aee9dfae64.jpg,OHI_datasetIMG_3134_JPG,True,KEEP,color_clinical_like,13,False,photo_like
train,OHI_datasetIMG_3134_JPG.rf.f0a70d0bf6d216a1040237bfc4d22dd3.jpg,OHI_datasetIMG_3134_JPG,False,EXCLUDE,roboflow_augmentation_duplicate,13,False,photo_like
train,OHI_datasetIMG_3134_JPG.rf.f6de7eb41aef4a2fc04844ce68507800.jpg,OHI_datasetIMG_3134_JPG,False,EXCLUDE,roboflow_augmentation_duplicate,13,False,photo_like
train,OHI_datasetIMG_3135_JPG.rf.53d407eb2917d740cc63034306b888e1.jpg,OHI_datasetIMG_3135_JPG,True,KEEP,color_clinical_like,11,False,photo_like
train,OHI_datasetIMG_3135_JPG.rf.701fe70230d5394400a706ce409347df.jpg,OHI_datasetIMG_3135_JPG,False,EXCLUDE,roboflow_augmentation_duplicate,11,False,photo_like
train,OHI_datasetIMG_3135_JPG.rf.a53c907d3e9a3f4964a2a489dc45a70c.jpg,OHI_datasetIMG_3135_JPG,False,EXCLUDE,roboflow_augmentation_duplicate,11,False,photo_like
train,OHI_datasetIMG_3139_JPG.rf.235cdc9650975d4523f3f8f652032f0d.jpg,OHI_datasetIMG_3139_JPG,True,KEEP,color_clinical_like,21,False,photo_like
train,OHI_datasetIMG_3139_JPG.rf.352f828e0abce90161c9d83e8539a512.jpg,OHI_datasetIMG_3139_JPG,False,EXCLUDE,roboflow_augmentation_duplicate,21,False,photo_like
train,OHI_datasetIMG_3139_JPG.rf.d0f75753a3108ff1085f9ef3f62bb24a.jpg,OHI_datasetIMG_3139_JPG,False,EXCLUDE,roboflow_augmentation_duplicate,21,False,photo_like
train,OHI_datasetIMG_3140_JPG.rf.748e2470db1b6fed764bbb137e60aef5.jpg,OHI_datasetIMG_3140_JPG,True,REVIEW,near_grayscale_color_stats,11,True,photo_like
train,OHI_datasetIMG_3140_JPG.rf.adc0ed4308eb841f6c032f2f3debd3cc.jpg,OHI_datasetIMG_3140_JPG,False,EXCLUDE,roboflow_augmentation_duplicate,11,False,photo_like
train,OHI_datasetIMG_3140_JPG.rf.af3f43bcbc2711a5fe645359e801589d.jpg,OHI_datasetIMG_3140_JPG,False,EXCLUDE,roboflow_augmentation_duplicate,11,False,photo_like
train,OHI_datasetIMG_3141_JPG.rf.c08cc9c67b81f365888fe0dd32052f73.jpg,OHI_datasetIMG_3141_JPG,True,KEEP,color_clinical_like,9,False,photo_like
train,OHI_datasetIMG_3141_JPG.rf.dd80d05718aed065c1294c7a2f80c0d8.jpg,OHI_datasetIMG_3141_JPG,False,EXCLUDE,roboflow_augmentation_duplicate,9,False,photo_like
train,OHI_datasetIMG_3141_JPG.rf.e735d72c2433d8d88e4ee7494152ebee.jpg,OHI_datasetIMG_3141_JPG,False,EXCLUDE,roboflow_augmentation_duplicate,9,False,photo_like
train,OHI_datasetIMG_3146_JPG.rf.1f20cd371f0c4f3dafef9b61c1964e94.jpg,OHI_datasetIMG_3146_JPG,True,KEEP,color_clinical_like,23,False,photo_like
train,OHI_datasetIMG_3146_JPG.rf.327aa2724c4d824300adac54a03e26bc.jpg,OHI_datasetIMG_3146_JPG,False,EXCLUDE,roboflow_augmentation_duplicate,23,False,photo_like
train,OHI_datasetIMG_3146_JPG.rf.f837d4e42bea7f2cf741a17fa0e74356.jpg,OHI_datasetIMG_3146_JPG,False,EXCLUDE,roboflow_augmentation_duplicate,23,False,photo_like
train,OHI_datasetIMG_3156_JPG.rf.0b01b2855380fe6a2d23d1d8f8870f07.jpg,OHI_datasetIMG_3156_JPG,True,REVIEW,near_grayscale_color_stats,26,True,photo_like
train,OHI_datasetIMG_3156_JPG.rf.0ba41438e5ceb87f8afc4139aae8e32b.jpg,OHI_datasetIMG_3156_JPG,False,EXCLUDE,roboflow_augmentation_duplicate,26,False,photo_like
train,OHI_datasetIMG_3156_JPG.rf.6ed9ccfcdda424af27cf3add9583070d.jpg,OHI_datasetIMG_3156_JPG,False,EXCLUDE,roboflow_augmentation_duplicate,26,False,photo_like
train,OHI_datasetIMG_3160_JPG.rf.099523d38be18cc1fa91d8bd0f0e51d3.jpg,OHI_datasetIMG_3160_JPG,True,KEEP,color_clinical_like,15,False,photo_like
train,OHI_datasetIMG_3160_JPG.rf.f0dc93ce26d2669c3f8279184b9bdbe8.jpg,OHI_datasetIMG_3160_JPG,False,EXCLUDE,roboflow_augmentation_duplicate,15,False,photo_like
train,OHI_datasetIMG_3160_JPG.rf.f3593322ff090062444bc6aeff21cbbd.jpg,OHI_datasetIMG_3160_JPG,False,EXCLUDE,roboflow_augmentation_duplicate,15,False,photo_like
train,OHI_datasetIMG_3209_JPG.rf.31d5cb328efb7e2b5671ea3b2d89c36d.jpg,OHI_datasetIMG_3209_JPG,True,KEEP,color_clinical_like,21,False,photo_like
train,OHI_datasetIMG_3209_JPG.rf.764b66a529bfe760d561623253965690.jpg,OHI_datasetIMG_3209_JPG,False,EXCLUDE,roboflow_augmentation_duplicate,21,False,photo_like
train,OHI_datasetIMG_3209_JPG.rf.fc7b2af3a764087e187d4af1e70771c1.jpg,OHI_datasetIMG_3209_JPG,False,EXCLUDE,roboflow_augmentation_duplicate,21,False,photo_like
train,OHI_datasetIMG_3239_JPG.rf.12128f91e1d35616d864193826d6a74c.jpg,OHI_datasetIMG_3239_JPG,True,KEEP,color_clinical_like,12,False,photo_like
train,OHI_datasetIMG_3239_JPG.rf.1355c022e5a442e5edb2dd5004f10eba.jpg,OHI_datasetIMG_3239_JPG,False,EXCLUDE,roboflow_augmentation_duplicate,12,False,photo_like
train,OHI_datasetIMG_3239_JPG.rf.d6d48157251cdaaabce9a349a992daf6.jpg,OHI_datasetIMG_3239_JPG,False,EXCLUDE,roboflow_augmentation_duplicate,12,False,photo_like
train,OHI_datasetIMG_3260_JPG.rf.becae5dfd375a30680c8c768cfea8f56.jpg,OHI_datasetIMG_3260_JPG,True,KEEP,color_clinical_like,24,False,photo_like
train,OHI_datasetIMG_3260_JPG.rf.e0b7573d2366cd3dd65322f435df99e0.jpg,OHI_datasetIMG_3260_JPG,False,EXCLUDE,roboflow_augmentation_duplicate,24,False,photo_like
train,OHI_datasetIMG_3260_JPG.rf.f3eeeac1509e87995ef1e3b481d85887.jpg,OHI_datasetIMG_3260_JPG,False,EXCLUDE,roboflow_augmentation_duplicate,24,True,photo_like
train,OHI_datasetIMG_3272_JPG.rf.1630bfe5e9422268a0ea3262dcec1d5d.jpg,OHI_datasetIMG_3272_JPG,True,KEEP,color_clinical_like,24,False,photo_like
train,OHI_datasetIMG_3272_JPG.rf.93c33dce67377d87f81d9be2d22e3b78.jpg,OHI_datasetIMG_3272_JPG,False,EXCLUDE,roboflow_augmentation_duplicate,24,False,photo_like
train,OHI_datasetIMG_3272_JPG.rf.dfbdfce2846a2a24d6e5bc5465ffc301.jpg,OHI_datasetIMG_3272_JPG,False,EXCLUDE,roboflow_augmentation_duplicate,24,False,photo_like
train,OHI_datasetIMG_3273_JPG.rf.617ca259b545fb0aa784f5f064b7c5f9.jpg,OHI_datasetIMG_3273_JPG,True,KEEP,color_clinical_like,25,False,photo_like
train,OHI_datasetIMG_3273_JPG.rf.662412852546b5503f4702426b78789c.jpg,OHI_datasetIMG_3273_JPG,False,EXCLUDE,roboflow_augmentation_duplicate,25,False,photo_like
train,OHI_datasetIMG_3273_JPG.rf.9cd9eb1c1eafd780c1c018b438f177c2.jpg,OHI_datasetIMG_3273_JPG,False,EXCLUDE,roboflow_augmentation_duplicate,25,False,photo_like
train,OHI_datasetIMG_3276_JPG.rf.7c9d9cf0519c20f71c46ed909f6ed7e1.jpg,OHI_datasetIMG_3276_JPG,True,KEEP,color_clinical_like,10,False,photo_like
train,OHI_datasetIMG_3276_JPG.rf.b7a803996bacee40bc1371934a6f9e62.jpg,OHI_datasetIMG_3276_JPG,False,EXCLUDE,roboflow_augmentation_duplicate,10,True,photo_like
train,OHI_datasetIMG_3276_JPG.rf.f0b181c94f99234e5c57c4a4cd8d9674.jpg,OHI_datasetIMG_3276_JPG,False,EXCLUDE,roboflow_augmentation_duplicate,10,False,photo_like
train,OHI_datasetIMG_3277_JPG.rf.0b4cc592c634c993be18da91d609e356.jpg,OHI_datasetIMG_3277_JPG,True,KEEP,color_clinical_like,1,False,photo_like
train,OHI_datasetIMG_3277_JPG.rf.475f0b6d364d0ecd5302ea90a6b7c765.jpg,OHI_datasetIMG_3277_JPG,False,EXCLUDE,roboflow_augmentation_duplicate,1,False,photo_like
train,OHI_datasetIMG_3277_JPG.rf.c9e6d20cb90fea8bdb078ea46c29f3d5.jpg,OHI_datasetIMG_3277_JPG,False,EXCLUDE,roboflow_augmentation_duplicate,1,False,photo_like
train,OHI_datasetIMG_3304_JPG.rf.354ccd2fa24042b4549d1d6c57146a1a.jpg,OHI_datasetIMG_3304_JPG,True,KEEP,color_clinical_like,25,False,photo_like
train,OHI_datasetIMG_3304_JPG.rf.9b3dbde7f2e7eb04375efb204843e7a9.jpg,OHI_datasetIMG_3304_JPG,False,EXCLUDE,roboflow_augmentation_duplicate,25,False,photo_like
train,OHI_datasetIMG_3304_JPG.rf.ceb84f64bc0f436e05a4a044d7b88f16.jpg,OHI_datasetIMG_3304_JPG,False,EXCLUDE,roboflow_augmentation_duplicate,25,False,photo_like
train,OHI_datasetIMG_3311_JPG.rf.68bc33d8195995fbe696940af90ac098.jpg,OHI_datasetIMG_3311_JPG,True,KEEP,color_clinical_like,12,False,photo_like
train,OHI_datasetIMG_3311_JPG.rf.8e61eb5a81a9523e92bc77ce59d8e5b7.jpg,OHI_datasetIMG_3311_JPG,False,EXCLUDE,roboflow_augmentation_duplicate,12,False,photo_like
train,OHI_datasetIMG_3311_JPG.rf.ea333bf2edd3af6ae2fbc4693c8c1bd4.jpg,OHI_datasetIMG_3311_JPG,False,EXCLUDE,roboflow_augmentation_duplicate,12,False,photo_like
train,OHI_datasetIMG_3356_JPG.rf.0ff994126a108b62497f17cd2f568669.jpg,OHI_datasetIMG_3356_JPG,True,REVIEW,near_grayscale_color_stats,16,True,photo_like
train,OHI_datasetIMG_3356_JPG.rf.144d6547344192effc4d86bd6af0ee51.jpg,OHI_datasetIMG_3356_JPG,False,EXCLUDE,roboflow_augmentation_duplicate,16,False,photo_like
train,OHI_datasetIMG_3356_JPG.rf.faed34d7cb81909e6587830333434946.jpg,OHI_datasetIMG_3356_JPG,False,EXCLUDE,roboflow_augmentation_duplicate,16,False,photo_like
train,OHI_datasetIMG_3357_JPG.rf.5b31dedc46b8401e621e0b82d6e8c853.jpg,OHI_datasetIMG_3357_JPG,True,KEEP,color_clinical_like,7,False,photo_like
train,OHI_datasetIMG_3357_JPG.rf.837ed8eb37e29d4bca35459c48219f34.jpg,OHI_datasetIMG_3357_JPG,False,EXCLUDE,roboflow_augmentation_duplicate,7,False,photo_like
train,OHI_datasetIMG_3357_JPG.rf.f9a3eb6826b726a09b34e7e2137ec2d3.jpg,OHI_datasetIMG_3357_JPG,False,EXCLUDE,roboflow_augmentation_duplicate,7,False,photo_like
train,OHI_datasetIMG_3359_JPG.rf.3f78b976d41c991b3a5944d723c87f2c.jpg,OHI_datasetIMG_3359_JPG,True,KEEP,color_clinical_like,8,False,photo_like
train,OHI_datasetIMG_3359_JPG.rf.6696a4fc6c25a8cfad8faa2fcc3d1f30.jpg,OHI_datasetIMG_3359_JPG,False,EXCLUDE,roboflow_augmentation_duplicate,8,False,photo_like
train,OHI_datasetIMG_3359_JPG.rf.8d9b4f9ee15a087841de49a771a0742a.jpg,OHI_datasetIMG_3359_JPG,False,EXCLUDE,roboflow_augmentation_duplicate,8,False,photo_like
train,OHI_datasetIMG_3398_JPG.rf.43fc6e278b5d1f503041a71fb726e433.jpg,OHI_datasetIMG_3398_JPG,True,KEEP,color_clinical_like,24,False,photo_like
train,OHI_datasetIMG_3398_JPG.rf.7f8d359cef9129b8c6e11f97676bc732.jpg,OHI_datasetIMG_3398_JPG,False,EXCLUDE,roboflow_augmentation_duplicate,24,False,photo_like
train,OHI_datasetIMG_3398_JPG.rf.a18bd35b86de121ab6e72a1b172895eb.jpg,OHI_datasetIMG_3398_JPG,False,EXCLUDE,roboflow_augmentation_duplicate,24,False,photo_like
train,OHI_datasetIMG_3400_JPG.rf.1e3930e2946f55768da1d48ed45822f6.jpg,OHI_datasetIMG_3400_JPG,True,KEEP,color_clinical_like,11,False,photo_like
train,OHI_datasetIMG_3400_JPG.rf.4cc80f5e396ac2717f1f198d3f64b924.jpg,OHI_datasetIMG_3400_JPG,False,EXCLUDE,roboflow_augmentation_duplicate,11,False,photo_like
train,OHI_datasetIMG_3400_JPG.rf.961814dc7a8af3c1290e5b2043db9be9.jpg,OHI_datasetIMG_3400_JPG,False,EXCLUDE,roboflow_augmentation_duplicate,11,False,photo_like
train,OHI_datasetIMG_3402_JPG.rf.6764fbac8a90555069c3f5ec56351070.jpg,OHI_datasetIMG_3402_JPG,True,KEEP,color_clinical_like,16,False,photo_like
train,OHI_datasetIMG_3402_JPG.rf.e6d2503b7c85e3675d9c5e6c9bf30816.jpg,OHI_datasetIMG_3402_JPG,False,EXCLUDE,roboflow_augmentation_duplicate,16,True,photo_like
train,OHI_datasetIMG_3402_JPG.rf.edfec3d0a26c28b6d94a39f352477572.jpg,OHI_datasetIMG_3402_JPG,False,EXCLUDE,roboflow_augmentation_duplicate,16,False,photo_like
train,OHI_datasetIMG_3404_JPG.rf.1eb389dee00236ba67b93c544a5eaff8.jpg,OHI_datasetIMG_3404_JPG,True,KEEP,color_clinical_like,9,False,photo_like
train,OHI_datasetIMG_3404_JPG.rf.dbec8b7bb29ae2a106d2f683e9da1d55.jpg,OHI_datasetIMG_3404_JPG,False,EXCLUDE,roboflow_augmentation_duplicate,9,False,photo_like
train,OHI_datasetIMG_3404_JPG.rf.ecc034d299f6148be253a09990449c1a.jpg,OHI_datasetIMG_3404_JPG,False,EXCLUDE,roboflow_augmentation_duplicate,9,True,photo_like
train,OHI_datasetIMG_3418_JPG.rf.2bbf466dc745e047d1b7afe8005541da.jpg,OHI_datasetIMG_3418_JPG,True,REVIEW,near_grayscale_color_stats,12,True,photo_like
train,OHI_datasetIMG_3418_JPG.rf.b536ffa4d10be6c074ae2c3e7061c7e3.jpg,OHI_datasetIMG_3418_JPG,False,EXCLUDE,roboflow_augmentation_duplicate,12,False,photo_like
train,OHI_datasetIMG_3418_JPG.rf.bfb651920fc78a9ef5b239d84c53aa31.jpg,OHI_datasetIMG_3418_JPG,False,EXCLUDE,roboflow_augmentation_duplicate,12,False,photo_like
train,OHI_datasetIMG_3419_JPG.rf.672ceeba140fa169423ec43315280d0f.jpg,OHI_datasetIMG_3419_JPG,True,KEEP,color_clinical_like,14,False,photo_like
train,OHI_datasetIMG_3419_JPG.rf.8135822314f270462745e009248b91ff.jpg,OHI_datasetIMG_3419_JPG,False,EXCLUDE,roboflow_augmentation_duplicate,14,False,photo_like
train,OHI_datasetIMG_3419_JPG.rf.b970e91a7a3f6b90b11c023749935a46.jpg,OHI_datasetIMG_3419_JPG,False,EXCLUDE,roboflow_augmentation_duplicate,14,False,photo_like
train,OHI_datasetIMG_3448_jpg.rf.4d43e9bf5dbeaae842ed22062ce0a15c.jpg,OHI_datasetIMG_3448_jpg,True,KEEP,color_clinical_like,13,False,photo_like
train,OHI_datasetIMG_3448_jpg.rf.91da17451f0a48969c47883f726e9405.jpg,OHI_datasetIMG_3448_jpg,False,EXCLUDE,roboflow_augmentation_duplicate,13,False,photo_like
train,OHI_datasetIMG_3448_jpg.rf.92a279805f7e18a1eb75b556454512c9.jpg,OHI_datasetIMG_3448_jpg,False,EXCLUDE,roboflow_augmentation_duplicate,13,False,photo_like
train,OHI_datasetIMG_3451_jpg.rf.23987b4ebf9072188b6b0e406f9696a5.jpg,OHI_datasetIMG_3451_jpg,True,KEEP,color_clinical_like,13,False,photo_like
train,OHI_datasetIMG_3451_jpg.rf.9ff393f76f191709807a5ddff28c4e67.jpg,OHI_datasetIMG_3451_jpg,False,EXCLUDE,roboflow_augmentation_duplicate,13,False,photo_like
train,OHI_datasetIMG_3451_jpg.rf.d1e1a1ca22c34242911e780d46846b17.jpg,OHI_datasetIMG_3451_jpg,False,EXCLUDE,roboflow_augmentation_duplicate,13,False,photo_like
train,OHI_datasetIMG_3453_jpg.rf.72a018c003a84fecf8162fdb667a9e61.jpg,OHI_datasetIMG_3453_jpg,True,REVIEW,near_grayscale_color_stats,26,True,photo_like
train,OHI_datasetIMG_3453_jpg.rf.79d270a9082e487868f00446a9692712.jpg,OHI_datasetIMG_3453_jpg,False,EXCLUDE,roboflow_augmentation_duplicate,26,False,photo_like
train,OHI_datasetIMG_3453_jpg.rf.fee6c27dd970c15adeb1ac9f88b27703.jpg,OHI_datasetIMG_3453_jpg,False,EXCLUDE,roboflow_augmentation_duplicate,26,False,photo_like
train,OHI_datasetIMG_3458_JPG.rf.bb3461451409e29b9b4ebbabc615143c.jpg,OHI_datasetIMG_3458_JPG,True,KEEP,color_clinical_like,18,False,photo_like
train,OHI_datasetIMG_3458_JPG.rf.d361f41ec895a63488dc55f36292218c.jpg,OHI_datasetIMG_3458_JPG,False,EXCLUDE,roboflow_augmentation_duplicate,18,False,photo_like
train,OHI_datasetIMG_3458_JPG.rf.fafe04c32e3e824f835b558f491e2a40.jpg,OHI_datasetIMG_3458_JPG,False,EXCLUDE,roboflow_augmentation_duplicate,18,False,photo_like
train,OHI_datasetIMG_3474_JPG.rf.116819ff72045a58df9167d93dfab3a2.jpg,OHI_datasetIMG_3474_JPG,True,KEEP,color_clinical_like,23,False,photo_like
train,OHI_datasetIMG_3474_JPG.rf.d5a5f0e3e2666116b7e469a3df5fa9d5.jpg,OHI_datasetIMG_3474_JPG,False,EXCLUDE,roboflow_augmentation_duplicate,23,False,photo_like
train,OHI_datasetIMG_3474_JPG.rf.ed1f7f3458832cf06ca0d900ec53db2f.jpg,OHI_datasetIMG_3474_JPG,False,EXCLUDE,roboflow_augmentation_duplicate,23,False,photo_like
train,OHI_datasetIMG_34771_jpg.rf.83aad477180cafd6db39658228dde6e0.jpg,OHI_datasetIMG_34771_jpg,True,KEEP,color_clinical_like,12,False,photo_like
train,OHI_datasetIMG_34771_jpg.rf.b66b90308e59ff240e195962cc6cc004.jpg,OHI_datasetIMG_34771_jpg,False,EXCLUDE,roboflow_augmentation_duplicate,12,False,photo_like
train,OHI_datasetIMG_34771_jpg.rf.f45f0a9c380fc6cf19049358d90a7b92.jpg,OHI_datasetIMG_34771_jpg,False,EXCLUDE,roboflow_augmentation_duplicate,12,False,photo_like
train,OHI_datasetIMG_3477_JPG.rf.657a2cf21f3706bc31e6b62222ac018f.jpg,OHI_datasetIMG_3477_JPG,True,KEEP,color_clinical_like,12,False,photo_like
train,OHI_datasetIMG_3477_JPG.rf.8454ad30696d04307754b7e7fffe7aa5.jpg,OHI_datasetIMG_3477_JPG,False,EXCLUDE,roboflow_augmentation_duplicate,12,False,photo_like
train,OHI_datasetIMG_3477_JPG.rf.a69f15591b6d7062567f9ff92459cd1a.jpg,OHI_datasetIMG_3477_JPG,False,EXCLUDE,roboflow_augmentation_duplicate,12,False,photo_like
train,OHI_datasetIMG_34791_jpg.rf.afd84a0dc0a785a3cc5955107718a9b0.jpg,OHI_datasetIMG_34791_jpg,True,REVIEW,near_grayscale_color_stats,13,True,photo_like
train,OHI_datasetIMG_34791_jpg.rf.ca6636085794a8855d38e6bea8ca4eb0.jpg,OHI_datasetIMG_34791_jpg,False,EXCLUDE,roboflow_augmentation_duplicate,13,False,photo_like
train,OHI_datasetIMG_34791_jpg.rf.f63f874b582f4cafa23a17163f93cae6.jpg,OHI_datasetIMG_34791_jpg,False,EXCLUDE,roboflow_augmentation_duplicate,13,False,photo_like
train,OHI_datasetIMG_3488_JPG.rf.764afd187cd73bc4ad1b8525f51f1cec.jpg,OHI_datasetIMG_3488_JPG,True,REVIEW,near_grayscale_color_stats,29,True,photo_like
train,OHI_datasetIMG_3488_JPG.rf.88a4a6627e80ee2e09cc9c21776c346b.jpg,OHI_datasetIMG_3488_JPG,False,EXCLUDE,roboflow_augmentation_duplicate,29,False,photo_like
train,OHI_datasetIMG_3488_JPG.rf.e204886b88bf3d056f75f682d81384c7.jpg,OHI_datasetIMG_3488_JPG,False,EXCLUDE,roboflow_augmentation_duplicate,29,False,photo_like
train,OHI_datasetIMG_3490_JPG.rf.165697fe96f9e73e9a88e9c18af4c515.jpg,OHI_datasetIMG_3490_JPG,True,KEEP,color_clinical_like,15,False,photo_like
train,OHI_datasetIMG_3490_JPG.rf.bc668eb60a9194898253e1cee67d5cf6.jpg,OHI_datasetIMG_3490_JPG,False,EXCLUDE,roboflow_augmentation_duplicate,15,True,photo_like
train,OHI_datasetIMG_3490_JPG.rf.f95c4f00bdb751d5d5385adef212548a.jpg,OHI_datasetIMG_3490_JPG,False,EXCLUDE,roboflow_augmentation_duplicate,15,False,photo_like
train,OHI_datasetIMG_3493_JPG.rf.1b210b2c7e96ace93a38df8c5273073f.jpg,OHI_datasetIMG_3493_JPG,True,REVIEW,near_grayscale_color_stats,15,True,photo_like
train,OHI_datasetIMG_3493_JPG.rf.8139b240fea1d76001e3e4f95cd87664.jpg,OHI_datasetIMG_3493_JPG,False,EXCLUDE,roboflow_augmentation_duplicate,15,False,photo_like
train,OHI_datasetIMG_3493_JPG.rf.c24b48ece75daacd6d5c63d48b441151.jpg,OHI_datasetIMG_3493_JPG,False,EXCLUDE,roboflow_augmentation_duplicate,15,False,photo_like
train,OHI_datasetIMG_3495_JPG.rf.64b271054ca9444d94823e991d5d9705.jpg,OHI_datasetIMG_3495_JPG,True,KEEP,color_clinical_like,22,False,photo_like
train,OHI_datasetIMG_3495_JPG.rf.7dbd6c4680459c9118de4d7ac3f9fcec.jpg,OHI_datasetIMG_3495_JPG,False,EXCLUDE,roboflow_augmentation_duplicate,22,False,photo_like
train,OHI_datasetIMG_3495_JPG.rf.bb086603c96512a9bad51fb700866dc8.jpg,OHI_datasetIMG_3495_JPG,False,EXCLUDE,roboflow_augmentation_duplicate,22,False,photo_like
train,OHI_datasetIMG_3497_JPG.rf.875ac9581b6f15d13ce22f4e454694d1.jpg,OHI_datasetIMG_3497_JPG,True,KEEP,color_clinical_like,11,False,photo_like
train,OHI_datasetIMG_3497_JPG.rf.be5b96d9f58589c06fde9c69f6588f66.jpg,OHI_datasetIMG_3497_JPG,False,EXCLUDE,roboflow_augmentation_duplicate,12,False,photo_like
train,OHI_datasetIMG_3497_JPG.rf.cd78ccec7bd94aadcf6263063ad2640d.jpg,OHI_datasetIMG_3497_JPG,False,EXCLUDE,roboflow_augmentation_duplicate,11,False,photo_like
train,OHI_datasetIMG_3498_JPG.rf.0ea9ded1a7dcec52d3dc90cabc31ac49.jpg,OHI_datasetIMG_3498_JPG,True,KEEP,color_clinical_like,13,False,photo_like
train,OHI_datasetIMG_3498_JPG.rf.7799eb1b698d4b41e88d6c80c9e51c5f.jpg,OHI_datasetIMG_3498_JPG,False,EXCLUDE,roboflow_augmentation_duplicate,13,False,photo_like
train,OHI_datasetIMG_3498_JPG.rf.ad7af3bb8bb575b4279e8e3ee155bf2e.jpg,OHI_datasetIMG_3498_JPG,False,EXCLUDE,roboflow_augmentation_duplicate,13,True,photo_like
train,OHI_datasetIMG_3499_JPG.rf.52409ccca446b0cda3ef87222682b2f2.jpg,OHI_datasetIMG_3499_JPG,True,KEEP,color_clinical_like,12,False,photo_like
train,OHI_datasetIMG_3499_JPG.rf.6ec5a0d5b2dccfdd69290ade1158befb.jpg,OHI_datasetIMG_3499_JPG,False,EXCLUDE,roboflow_augmentation_duplicate,12,False,photo_like
train,OHI_datasetIMG_3499_JPG.rf.884124fdfdabf3c30fa15b82e3ec1cfb.jpg,OHI_datasetIMG_3499_JPG,False,EXCLUDE,roboflow_augmentation_duplicate,12,True,photo_like
train,OHI_datasetIMG_3520_JPG.rf.bb964ec3deea97d0cca7c4f93e60ff9e.jpg,OHI_datasetIMG_3520_JPG,True,REVIEW,near_grayscale_color_stats,5,True,photo_like
train,OHI_datasetIMG_3520_JPG.rf.da4067c9004a87a03807328db722089b.jpg,OHI_datasetIMG_3520_JPG,False,EXCLUDE,roboflow_augmentation_duplicate,5,False,photo_like
train,OHI_datasetIMG_3520_JPG.rf.f8f106480ac1373eeca4154e4520150f.jpg,OHI_datasetIMG_3520_JPG,False,EXCLUDE,roboflow_augmentation_duplicate,5,False,photo_like
train,OHI_datasetIMG_35351_jpg.rf.0d4e01de634d0347079a974ae5f1180a.jpg,OHI_datasetIMG_35351_jpg,True,KEEP,color_clinical_like,12,False,photo_like
train,OHI_datasetIMG_35351_jpg.rf.11365bdd898c4a163243ada0e0a539ea.jpg,OHI_datasetIMG_35351_jpg,False,EXCLUDE,roboflow_augmentation_duplicate,12,False,photo_like
train,OHI_datasetIMG_35351_jpg.rf.cb9ca04bf06230fa05ec569272164999.jpg,OHI_datasetIMG_35351_jpg,False,EXCLUDE,roboflow_augmentation_duplicate,12,False,photo_like
train,OHI_datasetIMG_3536_JPG.rf.44e192a62cd2d3c4e71d17f5f9b4eee4.jpg,OHI_datasetIMG_3536_JPG,True,KEEP,color_clinical_like,13,False,photo_like
train,OHI_datasetIMG_3536_JPG.rf.a64a3378155cdad1a38e3cc8a555c570.jpg,OHI_datasetIMG_3536_JPG,False,EXCLUDE,roboflow_augmentation_duplicate,13,False,photo_like
train,OHI_datasetIMG_3536_JPG.rf.d3c688b8153c0eb608bc85bfabfdab68.jpg,OHI_datasetIMG_3536_JPG,False,EXCLUDE,roboflow_augmentation_duplicate,13,False,photo_like
train,OHI_datasetIMG_3537_JPG.rf.4cd9042c431481d4baa99ecca6f72e84.jpg,OHI_datasetIMG_3537_JPG,True,KEEP,color_clinical_like,13,False,photo_like
train,OHI_datasetIMG_3537_JPG.rf.58dbde6ea21a8b1f5292126d91edcd44.jpg,OHI_datasetIMG_3537_JPG,False,EXCLUDE,roboflow_augmentation_duplicate,13,False,photo_like
train,OHI_datasetIMG_3537_JPG.rf.763815c9b9b1ae9b5a54787292b0b461.jpg,OHI_datasetIMG_3537_JPG,False,EXCLUDE,roboflow_augmentation_duplicate,13,False,photo_like
train,OHI_datasetIMG_3539_JPG.rf.27167f3a665e6f4232e9c87e5a0bcbc7.jpg,OHI_datasetIMG_3539_JPG,True,KEEP,color_clinical_like,13,False,photo_like
train,OHI_datasetIMG_3539_JPG.rf.3eca8565f6262ce2612e4ab86d516c79.jpg,OHI_datasetIMG_3539_JPG,False,EXCLUDE,roboflow_augmentation_duplicate,13,True,photo_like
train,OHI_datasetIMG_3539_JPG.rf.b22184195fafde0ddfffdfe67fc24c0a.jpg,OHI_datasetIMG_3539_JPG,False,EXCLUDE,roboflow_augmentation_duplicate,13,False,photo_like
train,OHI_datasetIMG_35421_jpg.rf.17aff997e829bf2ac7502ba08674a340.jpg,OHI_datasetIMG_35421_jpg,True,KEEP,color_clinical_like,24,False,photo_like
train,OHI_datasetIMG_35421_jpg.rf.5911aa5909b563f1de9a2f7ad3279cfc.jpg,OHI_datasetIMG_35421_jpg,False,EXCLUDE,roboflow_augmentation_duplicate,24,False,photo_like
train,OHI_datasetIMG_35421_jpg.rf.b66fc8fd73ea53ecf896d522c0066993.jpg,OHI_datasetIMG_35421_jpg,False,EXCLUDE,roboflow_augmentation_duplicate,24,False,photo_like
train,OHI_datasetIMG_3542_jpg.rf.171eeea429785b1497aba5eec2c9f3cf.jpg,OHI_datasetIMG_3542_jpg,True,KEEP,color_clinical_like,26,False,photo_like
train,OHI_datasetIMG_3542_jpg.rf.68943a37300ff29fb7b07739dc144643.jpg,OHI_datasetIMG_3542_jpg,False,EXCLUDE,roboflow_augmentation_duplicate,26,False,photo_like
train,OHI_datasetIMG_3542_jpg.rf.74119ae0a01dbeb7362ff1e6d583e013.jpg,OHI_datasetIMG_3542_jpg,False,EXCLUDE,roboflow_augmentation_duplicate,26,False,photo_like
train,OHI_datasetIMG_3550_JPG.rf.05cba32705f8422d57f01aa195a52a92.jpg,OHI_datasetIMG_3550_JPG,True,KEEP,color_clinical_like,14,False,photo_like
train,OHI_datasetIMG_3550_JPG.rf.06549fd29ad2f032e8d7fb68e492d8a1.jpg,OHI_datasetIMG_3550_JPG,False,EXCLUDE,roboflow_augmentation_duplicate,14,True,photo_like
train,OHI_datasetIMG_3550_JPG.rf.756e3aa077cebeb0f4f7056a784d59d7.jpg,OHI_datasetIMG_3550_JPG,False,EXCLUDE,roboflow_augmentation_duplicate,14,False,photo_like
train,OHI_datasetIMG_3551_JPG.rf.0c2a601c3ea26ab046ba2cd65ccc9e82.jpg,OHI_datasetIMG_3551_JPG,True,KEEP,color_clinical_like,14,False,photo_like
train,OHI_datasetIMG_3551_JPG.rf.8974d3250e76bb20fc8bb11556e10bf1.jpg,OHI_datasetIMG_3551_JPG,False,EXCLUDE,roboflow_augmentation_duplicate,14,False,photo_like
train,OHI_datasetIMG_3551_JPG.rf.941530abe069c8c902070bca80b84af8.jpg,OHI_datasetIMG_3551_JPG,False,EXCLUDE,roboflow_augmentation_duplicate,14,True,photo_like
train,OHI_datasetIMG_3554_JPG.rf.029baa566098d14191f712404c0befb1.jpg,OHI_datasetIMG_3554_JPG,True,KEEP,color_clinical_like,28,False,photo_like
train,OHI_datasetIMG_3554_JPG.rf.4b510c5bd9568d6d59a2312478f8f38c.jpg,OHI_datasetIMG_3554_JPG,False,EXCLUDE,roboflow_augmentation_duplicate,28,False,photo_like
train,OHI_datasetIMG_3554_JPG.rf.b2051dd878981095205e95c0afd2498a.jpg,OHI_datasetIMG_3554_JPG,False,EXCLUDE,roboflow_augmentation_duplicate,28,False,photo_like
train,OHI_datasetIMG_3572_JPG.rf.4d9a2cc2672abb9c6fc02e7c7778753c.jpg,OHI_datasetIMG_3572_JPG,True,REVIEW,near_grayscale_color_stats,14,True,photo_like
train,OHI_datasetIMG_3572_JPG.rf.5fa5e7553eb479b1ded38b06e0b5bd01.jpg,OHI_datasetIMG_3572_JPG,False,EXCLUDE,roboflow_augmentation_duplicate,14,False,photo_like
train,OHI_datasetIMG_3572_JPG.rf.f17d57b069837709f1c302f7d4c77875.jpg,OHI_datasetIMG_3572_JPG,False,EXCLUDE,roboflow_augmentation_duplicate,14,False,photo_like
train,OHI_datasetIMG_3574_JPG.rf.709c083e77e82ee132e60bc9b89e92c7.jpg,OHI_datasetIMG_3574_JPG,True,KEEP,color_clinical_like,14,False,photo_like
train,OHI_datasetIMG_3574_JPG.rf.94a47bf187c778f86755bdcc5c5bd6d9.jpg,OHI_datasetIMG_3574_JPG,False,EXCLUDE,roboflow_augmentation_duplicate,14,False,photo_like
train,OHI_datasetIMG_3574_JPG.rf.d22801794d7977a49e2a97303bababa0.jpg,OHI_datasetIMG_3574_JPG,False,EXCLUDE,roboflow_augmentation_duplicate,14,False,photo_like
train,OHI_datasetIMG_3628_JPG.rf.60dd1c7298be62d4991b99a659480220.jpg,OHI_datasetIMG_3628_JPG,True,KEEP,color_clinical_like,12,False,photo_like
train,OHI_datasetIMG_3628_JPG.rf.97faccc28b644418f438247ffcee1eb0.jpg,OHI_datasetIMG_3628_JPG,False,EXCLUDE,roboflow_augmentation_duplicate,12,False,photo_like
train,OHI_datasetIMG_3628_JPG.rf.bf46f1632b7f3c42aac0b25cec6d4703.jpg,OHI_datasetIMG_3628_JPG,False,EXCLUDE,roboflow_augmentation_duplicate,12,False,photo_like
train,OHI_datasetIMG_3635_JPG.rf.4cb53362a045ca5ce999f68711c92ff3.jpg,OHI_datasetIMG_3635_JPG,True,KEEP,color_clinical_like,30,False,photo_like
train,OHI_datasetIMG_3635_JPG.rf.9825836a18289c2facf998061b2f6b92.jpg,OHI_datasetIMG_3635_JPG,False,EXCLUDE,roboflow_augmentation_duplicate,30,False,photo_like
train,OHI_datasetIMG_3635_JPG.rf.a53a947b38bb655a938228ef93c3bce2.jpg,OHI_datasetIMG_3635_JPG,False,EXCLUDE,roboflow_augmentation_duplicate,30,False,photo_like
train,OHI_datasetIMG_3640_JPG.rf.13dd3bc4e45eff7b769ed002877658de.jpg,OHI_datasetIMG_3640_JPG,True,KEEP,color_clinical_like,16,False,photo_like
train,OHI_datasetIMG_3640_JPG.rf.71d9da95bf9b3053ae5989cc1dc8ff95.jpg,OHI_datasetIMG_3640_JPG,False,EXCLUDE,roboflow_augmentation_duplicate,16,False,photo_like
train,OHI_datasetIMG_3640_JPG.rf.ce1842a1dfb66760c243a354724fc826.jpg,OHI_datasetIMG_3640_JPG,False,EXCLUDE,roboflow_augmentation_duplicate,16,False,photo_like
train,OHI_datasetIMG_3643_JPG.rf.b662b3d313159a24623fbbc3d1f79086.jpg,OHI_datasetIMG_3643_JPG,True,KEEP,color_clinical_like,30,False,photo_like
train,OHI_datasetIMG_3643_JPG.rf.bcdfdce2e7f1d7cf0260efd1f504257c.jpg,OHI_datasetIMG_3643_JPG,False,EXCLUDE,roboflow_augmentation_duplicate,30,True,photo_like
train,OHI_datasetIMG_3643_JPG.rf.e83317e2be5ca5f0e04a8000370d386a.jpg,OHI_datasetIMG_3643_JPG,False,EXCLUDE,roboflow_augmentation_duplicate,30,False,photo_like
train,OHI_datasetIMG_3646_JPG.rf.0799aa93e1ecb1eb973e336294d98c04.jpg,OHI_datasetIMG_3646_JPG,True,KEEP,color_clinical_like,15,False,photo_like
train,OHI_datasetIMG_3646_JPG.rf.396babe66e0609034e1241ee508fb9fd.jpg,OHI_datasetIMG_3646_JPG,False,EXCLUDE,roboflow_augmentation_duplicate,15,False,photo_like
train,OHI_datasetIMG_3646_JPG.rf.422212c8bef15a210f7eec7729b15153.jpg,OHI_datasetIMG_3646_JPG,False,EXCLUDE,roboflow_augmentation_duplicate,15,False,photo_like
train,OHI_datasetIMG_3668_JPG.rf.070374529219b799ceacda835262fc5e.jpg,OHI_datasetIMG_3668_JPG,True,REVIEW,near_grayscale_color_stats,14,True,photo_like
train,OHI_datasetIMG_3668_JPG.rf.76dc72cc2b959c8e0301a130c77c657a.jpg,OHI_datasetIMG_3668_JPG,False,EXCLUDE,roboflow_augmentation_duplicate,14,False,photo_like
train,OHI_datasetIMG_3668_JPG.rf.9631f6b9b874b42e99a86cadc4e3065e.jpg,OHI_datasetIMG_3668_JPG,False,EXCLUDE,roboflow_augmentation_duplicate,14,False,photo_like
train,OHI_datasetIMG_3669_JPG.rf.25c5507efc81856798bd73a71bf5a7c9.jpg,OHI_datasetIMG_3669_JPG,True,KEEP,color_clinical_like,14,False,photo_like
train,OHI_datasetIMG_3669_JPG.rf.366e4cd4cf233de55da9bcfe2414550a.jpg,OHI_datasetIMG_3669_JPG,False,EXCLUDE,roboflow_augmentation_duplicate,14,False,photo_like
train,OHI_datasetIMG_3669_JPG.rf.a6b1a7f96e0f16b05a449d917a962095.jpg,OHI_datasetIMG_3669_JPG,False,EXCLUDE,roboflow_augmentation_duplicate,14,False,photo_like
train,OHI_datasetIMG_3690_JPG.rf.24a6e9c93e60e6d2ef0d6424aede2019.jpg,OHI_datasetIMG_3690_JPG,True,KEEP,color_clinical_like,28,False,photo_like
train,OHI_datasetIMG_3690_JPG.rf.353c98efb135266740d8f6c62498122f.jpg,OHI_datasetIMG_3690_JPG,False,EXCLUDE,roboflow_augmentation_duplicate,28,False,photo_like
train,OHI_datasetIMG_3690_JPG.rf.d454c22cebd7ad493159960e27b8d42f.jpg,OHI_datasetIMG_3690_JPG,False,EXCLUDE,roboflow_augmentation_duplicate,28,False,photo_like
train,OHI_datasetIMG_3693_JPG.rf.21ff87195d632a81553a4fc08c47d157.jpg,OHI_datasetIMG_3693_JPG,True,KEEP,color_clinical_like,14,False,photo_like
train,OHI_datasetIMG_3693_JPG.rf.49ab04be43314dc415d5ccb3b581ebb2.jpg,OHI_datasetIMG_3693_JPG,False,EXCLUDE,roboflow_augmentation_duplicate,14,False,photo_like
train,OHI_datasetIMG_3693_JPG.rf.e5ff4ac0deda3721318b3440e0bf1547.jpg,OHI_datasetIMG_3693_JPG,False,EXCLUDE,roboflow_augmentation_duplicate,14,False,photo_like
train,OHI_datasetIMG_3700_JPG.rf.64b911156a4dbd20e028f098cdccac31.jpg,OHI_datasetIMG_3700_JPG,True,KEEP,color_clinical_like,14,False,photo_like
train,OHI_datasetIMG_3700_JPG.rf.81a786e73af814463a426d7d95244503.jpg,OHI_datasetIMG_3700_JPG,False,EXCLUDE,roboflow_augmentation_duplicate,14,False,photo_like
train,OHI_datasetIMG_3700_JPG.rf.9ff2d5986335a317fa57bea5cf79fab7.jpg,OHI_datasetIMG_3700_JPG,False,EXCLUDE,roboflow_augmentation_duplicate,14,False,photo_like
train,OHI_datasetIMG_3703_JPG.rf.0197d41224069382d6eea5c984e14030.jpg,OHI_datasetIMG_3703_JPG,True,KEEP,color_clinical_like,12,False,photo_like
train,OHI_datasetIMG_3703_JPG.rf.195507f656dab8f2cf01a675e94a3c8a.jpg,OHI_datasetIMG_3703_JPG,False,EXCLUDE,roboflow_augmentation_duplicate,12,False,photo_like
train,OHI_datasetIMG_3703_JPG.rf.5f03646f8483e463d3f1f4f57b26b5bc.jpg,OHI_datasetIMG_3703_JPG,False,EXCLUDE,roboflow_augmentation_duplicate,12,False,photo_like
train,OHI_datasetIMG_3708_JPG.rf.10038afed99e1ddf7acb559a85f989ce.jpg,OHI_datasetIMG_3708_JPG,True,KEEP,color_clinical_like,21,False,photo_like
train,OHI_datasetIMG_3708_JPG.rf.a726625719eebbd2f003a5a8ce4b7602.jpg,OHI_datasetIMG_3708_JPG,False,EXCLUDE,roboflow_augmentation_duplicate,21,False,photo_like
train,OHI_datasetIMG_3708_JPG.rf.ba7ba81f556dbc943f2d56a638707b8c.jpg,OHI_datasetIMG_3708_JPG,False,EXCLUDE,roboflow_augmentation_duplicate,21,True,photo_like
train,OHI_datasetIMG_3715_JPG.rf.203ac04333795ec228bbe8d5bde33594.jpg,OHI_datasetIMG_3715_JPG,True,KEEP,color_clinical_like,10,False,photo_like
train,OHI_datasetIMG_3715_JPG.rf.79e127f99dd8a37569196296bc21437d.jpg,OHI_datasetIMG_3715_JPG,False,EXCLUDE,roboflow_augmentation_duplicate,10,False,photo_like
train,OHI_datasetIMG_3715_JPG.rf.9fcaaa9682ed65d7b5c4928f421f080d.jpg,OHI_datasetIMG_3715_JPG,False,EXCLUDE,roboflow_augmentation_duplicate,10,False,photo_like
train,OHI_datasetIMG_3773_jpg.rf.2d6bb88efe9142daecc81253e57392b7.jpg,OHI_datasetIMG_3773_jpg,True,KEEP,color_clinical_like,22,False,photo_like
train,OHI_datasetIMG_3773_jpg.rf.4bfee775507d62672db8d64209cd778e.jpg,OHI_datasetIMG_3773_jpg,False,EXCLUDE,roboflow_augmentation_duplicate,22,False,photo_like
train,OHI_datasetIMG_3773_jpg.rf.c041a9c4c7217b136f3cdc34d71d5f20.jpg,OHI_datasetIMG_3773_jpg,False,EXCLUDE,roboflow_augmentation_duplicate,22,False,photo_like
train,OHI_datasetIMG_3787_JPG.rf.81aa887e52d4dd1d66f21ba7b0d60953.jpg,OHI_datasetIMG_3787_JPG,True,KEEP,color_clinical_like,27,False,photo_like
train,OHI_datasetIMG_3787_JPG.rf.c10b02f37598dbbc81c403972bd7b5ed.jpg,OHI_datasetIMG_3787_JPG,False,EXCLUDE,roboflow_augmentation_duplicate,27,False,photo_like
train,OHI_datasetIMG_3787_JPG.rf.d02cfd3f9a702efbc3fe8531b22bbcf2.jpg,OHI_datasetIMG_3787_JPG,False,EXCLUDE,roboflow_augmentation_duplicate,27,False,photo_like
train,OHI_datasetIMG_3790_JPG.rf.5b97e520fe4cadda768c36faae64ceb6.jpg,OHI_datasetIMG_3790_JPG,True,KEEP,color_clinical_like,13,False,photo_like
train,OHI_datasetIMG_3790_JPG.rf.746d57feb4229413f7875797679f9c12.jpg,OHI_datasetIMG_3790_JPG,False,EXCLUDE,roboflow_augmentation_duplicate,13,False,photo_like
train,OHI_datasetIMG_3790_JPG.rf.a06a20530802eccd2d9e6d7fd07259f5.jpg,OHI_datasetIMG_3790_JPG,False,EXCLUDE,roboflow_augmentation_duplicate,13,False,photo_like
train,OHI_datasetIMG_3791_JPG.rf.1e05f39d165cf8b3bc48ebcf64e0326d.jpg,OHI_datasetIMG_3791_JPG,True,REVIEW,near_grayscale_color_stats,14,True,photo_like
train,OHI_datasetIMG_3791_JPG.rf.73b70cd5af8e1e328c6730579451598f.jpg,OHI_datasetIMG_3791_JPG,False,EXCLUDE,roboflow_augmentation_duplicate,14,False,photo_like
train,OHI_datasetIMG_3791_JPG.rf.ca1ebc5428b6f94fe3478f0b80886855.jpg,OHI_datasetIMG_3791_JPG,False,EXCLUDE,roboflow_augmentation_duplicate,14,False,photo_like
train,OHI_datasetIMG_3793_jpg.rf.251feb537b91b79fcd1fc54660cde7da.jpg,OHI_datasetIMG_3793_jpg,True,KEEP,color_clinical_like,10,False,photo_like
train,OHI_datasetIMG_3793_jpg.rf.2e97bd0c2031082af5b227a276cc716a.jpg,OHI_datasetIMG_3793_jpg,False,EXCLUDE,roboflow_augmentation_duplicate,10,False,photo_like
train,OHI_datasetIMG_3793_jpg.rf.d6359bf8b467e05ffa06d12a19846fc7.jpg,OHI_datasetIMG_3793_jpg,False,EXCLUDE,roboflow_augmentation_duplicate,10,False,photo_like
train,OHI_datasetIMG_3801_JPG.rf.954141b499241eab57c690c60fd5da30.jpg,OHI_datasetIMG_3801_JPG,True,KEEP,color_clinical_like,26,False,photo_like
train,OHI_datasetIMG_3801_JPG.rf.a55abb8bafe385316433e36d8e8abd62.jpg,OHI_datasetIMG_3801_JPG,False,EXCLUDE,roboflow_augmentation_duplicate,26,False,photo_like
train,OHI_datasetIMG_3801_JPG.rf.c317ab913ed57905a11960ca0d6a21cc.jpg,OHI_datasetIMG_3801_JPG,False,EXCLUDE,roboflow_augmentation_duplicate,26,False,photo_like
train,OHI_datasetIMG_3805_JPG.rf.35c808072dd696b4e95538da67d4c387.jpg,OHI_datasetIMG_3805_JPG,True,KEEP,color_clinical_like,12,False,photo_like
train,OHI_datasetIMG_3805_JPG.rf.d2b5b600c800245c03a9d95562f651bb.jpg,OHI_datasetIMG_3805_JPG,False,EXCLUDE,roboflow_augmentation_duplicate,12,False,photo_like
train,OHI_datasetIMG_3805_JPG.rf.f10a919d10916f0cdddc6d12feb2f83b.jpg,OHI_datasetIMG_3805_JPG,False,EXCLUDE,roboflow_augmentation_duplicate,12,False,photo_like
train,OHI_datasetIMG_3811_JPG.rf.2bf916a991535503361ab2a53651f92e.jpg,OHI_datasetIMG_3811_JPG,True,KEEP,color_clinical_like,19,False,photo_like
train,OHI_datasetIMG_3811_JPG.rf.478a1c913e5f2b0ba5efcebc65d8d34b.jpg,OHI_datasetIMG_3811_JPG,False,EXCLUDE,roboflow_augmentation_duplicate,19,False,photo_like
train,OHI_datasetIMG_3811_JPG.rf.ca8b26510c7d9a526b56c761b86aaaa9.jpg,OHI_datasetIMG_3811_JPG,False,EXCLUDE,roboflow_augmentation_duplicate,19,False,photo_like
train,OHI_datasetIMG_3815_JPG.rf.1d5fe88224bc16ffd4a71a28b4a265ec.jpg,OHI_datasetIMG_3815_JPG,True,KEEP,color_clinical_like,10,False,photo_like
train,OHI_datasetIMG_3815_JPG.rf.adbb1ca2a59744abfd09763312873b8d.jpg,OHI_datasetIMG_3815_JPG,False,EXCLUDE,roboflow_augmentation_duplicate,10,False,photo_like
train,OHI_datasetIMG_3815_JPG.rf.f530bc00f953843af4710b190036a75d.jpg,OHI_datasetIMG_3815_JPG,False,EXCLUDE,roboflow_augmentation_duplicate,10,False,photo_like
train,OHI_datasetIMG_3825_JPG.rf.1b828560264929a441e658631273986b.jpg,OHI_datasetIMG_3825_JPG,True,KEEP,color_clinical_like,14,False,photo_like
train,OHI_datasetIMG_3825_JPG.rf.b8fa6144ce43d62589b7864535b3aff0.jpg,OHI_datasetIMG_3825_JPG,False,EXCLUDE,roboflow_augmentation_duplicate,14,False,photo_like
train,OHI_datasetIMG_3825_JPG.rf.d4e1c9e9c48937f33929d38313a0d106.jpg,OHI_datasetIMG_3825_JPG,False,EXCLUDE,roboflow_augmentation_duplicate,14,False,photo_like
train,OHI_datasetIMG_3830_JPG.rf.27a9a0bf026637f1d733153dadd7bf1f.jpg,OHI_datasetIMG_3830_JPG,True,KEEP,color_clinical_like,25,False,photo_like
train,OHI_datasetIMG_3830_JPG.rf.2a20bcde57140f86d1cd732d8929126e.jpg,OHI_datasetIMG_3830_JPG,False,EXCLUDE,roboflow_augmentation_duplicate,25,True,photo_like
train,OHI_datasetIMG_3830_JPG.rf.bfeabab45d8eddf974ce2e332025eb5f.jpg,OHI_datasetIMG_3830_JPG,False,EXCLUDE,roboflow_augmentation_duplicate,25,False,photo_like
train,OHI_datasetIMG_3832_JPG.rf.573a554f58ed4f5f9871fbf98d18a704.jpg,OHI_datasetIMG_3832_JPG,True,KEEP,color_clinical_like,12,False,photo_like
train,OHI_datasetIMG_3832_JPG.rf.85deb23692c769231a99bb094db37f5d.jpg,OHI_datasetIMG_3832_JPG,False,EXCLUDE,roboflow_augmentation_duplicate,12,False,photo_like
train,OHI_datasetIMG_3832_JPG.rf.d34f956a16d79829162820e7d16176c6.jpg,OHI_datasetIMG_3832_JPG,False,EXCLUDE,roboflow_augmentation_duplicate,12,True,photo_like
train,OHI_datasetIMG_3835_JPG.rf.bba6a27265e45f9d395baf68579ef4b3.jpg,OHI_datasetIMG_3835_JPG,True,KEEP,color_clinical_like,23,False,photo_like
train,OHI_datasetIMG_3835_JPG.rf.cca181787828faff3cc671a07b691fea.jpg,OHI_datasetIMG_3835_JPG,False,EXCLUDE,roboflow_augmentation_duplicate,23,False,photo_like
train,OHI_datasetIMG_3835_JPG.rf.d561626ba05152172bb7481fe6d0d525.jpg,OHI_datasetIMG_3835_JPG,False,EXCLUDE,roboflow_augmentation_duplicate,23,False,photo_like
train,OHI_datasetIMG_3864_JPG.rf.42e3c8785e5ccd7e23f2e84f72a40b87.jpg,OHI_datasetIMG_3864_JPG,True,KEEP,color_clinical_like,11,False,photo_like
train,OHI_datasetIMG_3864_JPG.rf.800136f018b15dac2621fd025ca53046.jpg,OHI_datasetIMG_3864_JPG,False,EXCLUDE,roboflow_augmentation_duplicate,11,False,photo_like
train,OHI_datasetIMG_3864_JPG.rf.9becd57940a9015fe3345b5350ea1c69.jpg,OHI_datasetIMG_3864_JPG,False,EXCLUDE,roboflow_augmentation_duplicate,11,False,photo_like
train,OHI_datasetIMG_3867_JPG.rf.a604b866c763060a81a7b0d554f377b0.jpg,OHI_datasetIMG_3867_JPG,True,KEEP,color_clinical_like,13,False,photo_like
train,OHI_datasetIMG_3867_JPG.rf.c1e35a26e9f0bfe1f9953632f7e6af03.jpg,OHI_datasetIMG_3867_JPG,False,EXCLUDE,roboflow_augmentation_duplicate,13,False,photo_like
train,OHI_datasetIMG_3867_JPG.rf.e50a10e479c254b738556b4df43dc89f.jpg,OHI_datasetIMG_3867_JPG,False,EXCLUDE,roboflow_augmentation_duplicate,13,False,photo_like
train,OHI_datasetIMG_3878_JPG.rf.1284f280e50e42019ed8cb762d61cc18.jpg,OHI_datasetIMG_3878_JPG,True,KEEP,color_clinical_like,24,False,photo_like
train,OHI_datasetIMG_3878_JPG.rf.991069f0a80a59b023693631978421eb.jpg,OHI_datasetIMG_3878_JPG,False,EXCLUDE,roboflow_augmentation_duplicate,24,False,photo_like
train,OHI_datasetIMG_3878_JPG.rf.c4e32c9ce0f1e8eaa9bbd292fcac5477.jpg,OHI_datasetIMG_3878_JPG,False,EXCLUDE,roboflow_augmentation_duplicate,24,False,photo_like
train,OHI_datasetIMG_3883_JPG.rf.3654a52a2a3d0768f68a46a55972752c.jpg,OHI_datasetIMG_3883_JPG,True,KEEP,color_clinical_like,32,False,photo_like
train,OHI_datasetIMG_3883_JPG.rf.8a2afa98b890c1a9bda78dbdaedcefa6.jpg,OHI_datasetIMG_3883_JPG,False,EXCLUDE,roboflow_augmentation_duplicate,32,False,photo_like
train,OHI_datasetIMG_3883_JPG.rf.f136a406ebb57862e98d526fbefcbf92.jpg,OHI_datasetIMG_3883_JPG,False,EXCLUDE,roboflow_augmentation_duplicate,32,False,photo_like
train,OHI_datasetIMG_3885_JPG.rf.7113b5c18b621d903f363debb942b79b.jpg,OHI_datasetIMG_3885_JPG,True,KEEP,color_clinical_like,16,False,photo_like
train,OHI_datasetIMG_3885_JPG.rf.c084be1aee0adfc843f63d28a49e669a.jpg,OHI_datasetIMG_3885_JPG,False,EXCLUDE,roboflow_augmentation_duplicate,16,False,photo_like
train,OHI_datasetIMG_3885_JPG.rf.dc5b9724bd351c943c2221a6def92c6c.jpg,OHI_datasetIMG_3885_JPG,False,EXCLUDE,roboflow_augmentation_duplicate,16,False,photo_like
train,OHI_datasetIMG_3887_JPG.rf.312e34160b1786ecf70838cd752c5474.jpg,OHI_datasetIMG_3887_JPG,True,KEEP,color_clinical_like,16,False,photo_like
train,OHI_datasetIMG_3887_JPG.rf.6549d81be3683dbdffd47e86c0762f8d.jpg,OHI_datasetIMG_3887_JPG,False,EXCLUDE,roboflow_augmentation_duplicate,16,False,photo_like
train,OHI_datasetIMG_3887_JPG.rf.d2d16c02cc19cc55cc812cae9fd6ef12.jpg,OHI_datasetIMG_3887_JPG,False,EXCLUDE,roboflow_augmentation_duplicate,16,False,photo_like
train,OHI_datasetIMG_3891_JPG.rf.18fe7ac22d760d857849b234c3d4e2d0.jpg,OHI_datasetIMG_3891_JPG,True,KEEP,color_clinical_like,26,False,photo_like
train,OHI_datasetIMG_3891_JPG.rf.7864cf439ba80a115575eb2637740b69.jpg,OHI_datasetIMG_3891_JPG,False,EXCLUDE,roboflow_augmentation_duplicate,26,False,photo_like
train,OHI_datasetIMG_3891_JPG.rf.b8c1da16b51eee6dd97a9ea32fcc5cdb.jpg,OHI_datasetIMG_3891_JPG,False,EXCLUDE,roboflow_augmentation_duplicate,26,False,photo_like
train,OHI_datasetIMG_3937_JPG.rf.6e5e97f84ad85035fc407f442c187685.jpg,OHI_datasetIMG_3937_JPG,True,KEEP,color_clinical_like,30,False,photo_like
train,OHI_datasetIMG_3937_JPG.rf.b165d05fd1da36937bbb8c96037280fe.jpg,OHI_datasetIMG_3937_JPG,False,EXCLUDE,roboflow_augmentation_duplicate,30,False,photo_like
train,OHI_datasetIMG_3937_JPG.rf.fad3f2b717d9fa6c2c63247ccd339d5c.jpg,OHI_datasetIMG_3937_JPG,False,EXCLUDE,roboflow_augmentation_duplicate,30,False,photo_like
train,OHI_datasetIMG_3942_JPG.rf.4e60403ee40365b985552a6211fe3751.jpg,OHI_datasetIMG_3942_JPG,True,KEEP,color_clinical_like,24,False,photo_like
train,OHI_datasetIMG_3942_JPG.rf.8fff4725523d359e7b80e377bd8d3212.jpg,OHI_datasetIMG_3942_JPG,False,EXCLUDE,roboflow_augmentation_duplicate,24,False,photo_like
train,OHI_datasetIMG_3942_JPG.rf.fd2ef7a084717aca1a490e7dbda2c844.jpg,OHI_datasetIMG_3942_JPG,False,EXCLUDE,roboflow_augmentation_duplicate,24,False,photo_like
train,OHI_datasetIMG_3943_JPG.rf.b9e8752ec9e7ec01683cd239ac3a3b18.jpg,OHI_datasetIMG_3943_JPG,True,KEEP,color_clinical_like,12,False,photo_like
train,OHI_datasetIMG_3943_JPG.rf.c8bb935d54102c9c8ee801719928d3e4.jpg,OHI_datasetIMG_3943_JPG,False,EXCLUDE,roboflow_augmentation_duplicate,12,False,photo_like
train,OHI_datasetIMG_3943_JPG.rf.d47f694f30d59b6e2e2e922462c3f87e.jpg,OHI_datasetIMG_3943_JPG,False,EXCLUDE,roboflow_augmentation_duplicate,12,False,photo_like
train,OHI_datasetIMG_3944_JPG.rf.26a027d8040fa1338ef57a1c6315ea1d.jpg,OHI_datasetIMG_3944_JPG,True,KEEP,color_clinical_like,14,False,photo_like
train,OHI_datasetIMG_3944_JPG.rf.62ad3e518e544481bccdd23fba8d03d8.jpg,OHI_datasetIMG_3944_JPG,False,EXCLUDE,roboflow_augmentation_duplicate,14,False,photo_like
train,OHI_datasetIMG_3944_JPG.rf.8b10879621bd20fb4c3b61193b4d5e7f.jpg,OHI_datasetIMG_3944_JPG,False,EXCLUDE,roboflow_augmentation_duplicate,14,False,photo_like
train,OHI_datasetIMG_3946_JPG.rf.7f6848dcf11e0db044dbb732f8728ae0.jpg,OHI_datasetIMG_3946_JPG,True,KEEP,color_clinical_like,16,False,photo_like
train,OHI_datasetIMG_3946_JPG.rf.b473140e70cdd5cb564506fd29630a75.jpg,OHI_datasetIMG_3946_JPG,False,EXCLUDE,roboflow_augmentation_duplicate,16,False,photo_like
train,OHI_datasetIMG_3946_JPG.rf.f2cbd9b4983079f35901570adf530b8c.jpg,OHI_datasetIMG_3946_JPG,False,EXCLUDE,roboflow_augmentation_duplicate,16,False,photo_like
train,OHI_datasetIMG_3957_JPG.rf.4634939e74744fa1028097d060007bad.jpg,OHI_datasetIMG_3957_JPG,True,KEEP,color_clinical_like,28,False,photo_like
train,OHI_datasetIMG_3957_JPG.rf.4bd92bebbc3c2a5e5d5f4d724ea924f0.jpg,OHI_datasetIMG_3957_JPG,False,EXCLUDE,roboflow_augmentation_duplicate,28,False,photo_like
train,OHI_datasetIMG_3957_JPG.rf.847f72a57176b928d22c84a30e28eb25.jpg,OHI_datasetIMG_3957_JPG,False,EXCLUDE,roboflow_augmentation_duplicate,28,False,photo_like
train,OHI_datasetIMG_3958_JPG.rf.78e39faf02fd39fb80fe0760a1485e12.jpg,OHI_datasetIMG_3958_JPG,True,KEEP,color_clinical_like,28,False,photo_like
train,OHI_datasetIMG_3958_JPG.rf.b27c8934c25657c7a542f09045daefe9.jpg,OHI_datasetIMG_3958_JPG,False,EXCLUDE,roboflow_augmentation_duplicate,28,False,photo_like
train,OHI_datasetIMG_3958_JPG.rf.d4a8a88edd788e4f2079ec3620da085b.jpg,OHI_datasetIMG_3958_JPG,False,EXCLUDE,roboflow_augmentation_duplicate,28,False,photo_like
train,OHI_datasetIMG_3959_JPG.rf.07e54e03e310bebe855d918b4799bc9e.jpg,OHI_datasetIMG_3959_JPG,True,KEEP,color_clinical_like,14,False,photo_like
train,OHI_datasetIMG_3959_JPG.rf.09d1b874ab791315d8f4a8a93a5bb9c4.jpg,OHI_datasetIMG_3959_JPG,False,EXCLUDE,roboflow_augmentation_duplicate,14,False,photo_like
train,OHI_datasetIMG_3959_JPG.rf.ee4b0ace0dddd90dbcaf778f25ea8c84.jpg,OHI_datasetIMG_3959_JPG,False,EXCLUDE,roboflow_augmentation_duplicate,14,True,photo_like
train,OHI_datasetIMG_3964_JPG.rf.817e3ee3fae32cf705b6f8c4372b9670.jpg,OHI_datasetIMG_3964_JPG,True,KEEP,color_clinical_like,13,False,photo_like
train,OHI_datasetIMG_3964_JPG.rf.9690130c39f0135121d29c3a2c07a5ae.jpg,OHI_datasetIMG_3964_JPG,False,EXCLUDE,roboflow_augmentation_duplicate,13,False,photo_like
train,OHI_datasetIMG_3964_JPG.rf.b49c534094ca6410aebe72a56a3f1297.jpg,OHI_datasetIMG_3964_JPG,False,EXCLUDE,roboflow_augmentation_duplicate,13,False,photo_like
train,OHI_datasetIMG_3993_JPG.rf.0a9b22bdc50782debaed048af8ae395d.jpg,OHI_datasetIMG_3993_JPG,True,KEEP,color_clinical_like,23,False,photo_like
train,OHI_datasetIMG_3993_JPG.rf.18d0721a99f83781ffacc301388aed8d.jpg,OHI_datasetIMG_3993_JPG,False,EXCLUDE,roboflow_augmentation_duplicate,23,True,photo_like
train,OHI_datasetIMG_3993_JPG.rf.c59597a1e13a9179c08ca8ea6c2c449e.jpg,OHI_datasetIMG_3993_JPG,False,EXCLUDE,roboflow_augmentation_duplicate,23,False,photo_like
train,OHI_datasetIMG_3997_JPG.rf.0452cdca932d6696826f072bedce8abf.jpg,OHI_datasetIMG_3997_JPG,True,KEEP,color_clinical_like,12,False,photo_like
train,OHI_datasetIMG_3997_JPG.rf.4f5fdce64a697b54aed6e74544075bbc.jpg,OHI_datasetIMG_3997_JPG,False,EXCLUDE,roboflow_augmentation_duplicate,12,False,photo_like
train,OHI_datasetIMG_3997_JPG.rf.d9295c20c1d106ac035908a43bf4ffb6.jpg,OHI_datasetIMG_3997_JPG,False,EXCLUDE,roboflow_augmentation_duplicate,12,False,photo_like
train,OHI_datasetIMG_4006_JPG.rf.360c12ba15bc67aaaeb780ede7d52640.jpg,OHI_datasetIMG_4006_JPG,True,KEEP,color_clinical_like,25,False,photo_like
train,OHI_datasetIMG_4006_JPG.rf.65fdbeb927c0c9f2f44c5c9662381bdf.jpg,OHI_datasetIMG_4006_JPG,False,EXCLUDE,roboflow_augmentation_duplicate,25,False,photo_like
train,OHI_datasetIMG_4006_JPG.rf.91449e6b1623e7d841f8fdee62dc5737.jpg,OHI_datasetIMG_4006_JPG,False,EXCLUDE,roboflow_augmentation_duplicate,25,False,photo_like
train,OHI_datasetIMG_4007_JPG.rf.5503ef513c5c06864dd870c6277f8e62.jpg,OHI_datasetIMG_4007_JPG,True,KEEP,color_clinical_like,13,False,photo_like
train,OHI_datasetIMG_4007_JPG.rf.89f945a8ba9152c10181959e38af293b.jpg,OHI_datasetIMG_4007_JPG,False,EXCLUDE,roboflow_augmentation_duplicate,13,False,photo_like
train,OHI_datasetIMG_4007_JPG.rf.e255b0a773fe8ef953a6e8d34447f962.jpg,OHI_datasetIMG_4007_JPG,False,EXCLUDE,roboflow_augmentation_duplicate,13,False,photo_like
train,OHI_datasetIMG_4015_JPG.rf.1e57c89894daae1f543c3ce451cd9d7a.jpg,OHI_datasetIMG_4015_JPG,True,KEEP,color_clinical_like,25,False,photo_like
train,OHI_datasetIMG_4015_JPG.rf.54724122b5765fb2b7bdd121440ce5ba.jpg,OHI_datasetIMG_4015_JPG,False,EXCLUDE,roboflow_augmentation_duplicate,25,False,photo_like
train,OHI_datasetIMG_4015_JPG.rf.f1dcecedc82505cbd58f4a3aea882b34.jpg,OHI_datasetIMG_4015_JPG,False,EXCLUDE,roboflow_augmentation_duplicate,25,False,photo_like
train,OHI_datasetIMG_4022_JPG.rf.753a80196ba0b381f4e87dd0ebe6e14b.jpg,OHI_datasetIMG_4022_JPG,True,KEEP,color_clinical_like,28,False,photo_like
train,OHI_datasetIMG_4022_JPG.rf.9ad486d04146523cb253df0760e64ad7.jpg,OHI_datasetIMG_4022_JPG,False,EXCLUDE,roboflow_augmentation_duplicate,28,False,photo_like
train,OHI_datasetIMG_4022_JPG.rf.fbecb2415a8ba2b3ac3f5300759c9c83.jpg,OHI_datasetIMG_4022_JPG,False,EXCLUDE,roboflow_augmentation_duplicate,28,False,photo_like
train,OHI_datasetIMG_4029_JPG.rf.3ccf3569303ee9c35edfa4a324f89bcc.jpg,OHI_datasetIMG_4029_JPG,True,KEEP,color_clinical_like,14,False,photo_like
train,OHI_datasetIMG_4029_JPG.rf.5d12763c8f3a03901b5ddc19e95bb966.jpg,OHI_datasetIMG_4029_JPG,False,EXCLUDE,roboflow_augmentation_duplicate,14,False,photo_like
train,OHI_datasetIMG_4029_JPG.rf.79598f860f0c6bbdbf0d6dad61931a88.jpg,OHI_datasetIMG_4029_JPG,False,EXCLUDE,roboflow_augmentation_duplicate,14,False,photo_like
train,OHI_datasetIMG_4067_JPG.rf.d00a3513cba9fa4c90d2681d6f898663.jpg,OHI_datasetIMG_4067_JPG,True,REVIEW,near_grayscale_color_stats,13,True,photo_like
train,OHI_datasetIMG_4067_JPG.rf.d49778c621d44ec7112b855732981baf.jpg,OHI_datasetIMG_4067_JPG,False,EXCLUDE,roboflow_augmentation_duplicate,13,False,photo_like
train,OHI_datasetIMG_4067_JPG.rf.d8754f8db1ed10a979f69bee9368455b.jpg,OHI_datasetIMG_4067_JPG,False,EXCLUDE,roboflow_augmentation_duplicate,13,False,photo_like
train,OHI_datasetIMG_4069_JPG.rf.55902e508ad18389705f5ce80af18373.jpg,OHI_datasetIMG_4069_JPG,True,KEEP,color_clinical_like,13,False,photo_like
train,OHI_datasetIMG_4069_JPG.rf.b604e445b82bea99ff64ed8ebcdb7806.jpg,OHI_datasetIMG_4069_JPG,False,EXCLUDE,roboflow_augmentation_duplicate,13,False,photo_like
train,OHI_datasetIMG_4069_JPG.rf.d3598cfe4c6109d62ebbe7c4f418a13d.jpg,OHI_datasetIMG_4069_JPG,False,EXCLUDE,roboflow_augmentation_duplicate,13,False,photo_like
train,OHI_datasetIMG_4086_JPG.rf.0668a5c3ba00a3e5c5daba2042dc1b01.jpg,OHI_datasetIMG_4086_JPG,True,KEEP,color_clinical_like,7,False,photo_like
train,OHI_datasetIMG_4086_JPG.rf.98eb4355333605b91fe029ccad426268.jpg,OHI_datasetIMG_4086_JPG,False,EXCLUDE,roboflow_augmentation_duplicate,7,False,photo_like
train,OHI_datasetIMG_4086_JPG.rf.d0e22e01b224628c6fb7bd493167e847.jpg,OHI_datasetIMG_4086_JPG,False,EXCLUDE,roboflow_augmentation_duplicate,7,False,photo_like
train,OHI_datasetIMG_4115_JPG.rf.5a1568688939f45ca38a764f8ba1371d.jpg,OHI_datasetIMG_4115_JPG,True,KEEP,color_clinical_like,28,False,photo_like
train,OHI_datasetIMG_4115_JPG.rf.abdcc542e240756b6d34c8ef13700eca.jpg,OHI_datasetIMG_4115_JPG,False,EXCLUDE,roboflow_augmentation_duplicate,28,False,photo_like
train,OHI_datasetIMG_4115_JPG.rf.cdbdb59573590cc12c12596516fc81d7.jpg,OHI_datasetIMG_4115_JPG,False,EXCLUDE,roboflow_augmentation_duplicate,28,False,photo_like
train,OHI_datasetIMG_4119_JPG.rf.0fe99fe8324663ef72c8b9c395403ae0.jpg,OHI_datasetIMG_4119_JPG,True,KEEP,color_clinical_like,15,False,photo_like
train,OHI_datasetIMG_4119_JPG.rf.982fa11d156e57acc413cdf0e9e0356d.jpg,OHI_datasetIMG_4119_JPG,False,EXCLUDE,roboflow_augmentation_duplicate,15,False,photo_like
train,OHI_datasetIMG_4119_JPG.rf.e10ac4c59f33682229fd6676c3bb0bc3.jpg,OHI_datasetIMG_4119_JPG,False,EXCLUDE,roboflow_augmentation_duplicate,15,False,photo_like
train,OHI_datasetIMG_4121_JPG.rf.00057d15e133281f5791b501c3f01fed.jpg,OHI_datasetIMG_4121_JPG,True,KEEP,color_clinical_like,14,False,photo_like
train,OHI_datasetIMG_4121_JPG.rf.6d50320f7ba27005fd54c46485a2bdf2.jpg,OHI_datasetIMG_4121_JPG,False,EXCLUDE,roboflow_augmentation_duplicate,14,False,photo_like
train,OHI_datasetIMG_4121_JPG.rf.bf4c4296a2d4342ee952b04b9f808822.jpg,OHI_datasetIMG_4121_JPG,False,EXCLUDE,roboflow_augmentation_duplicate,14,False,photo_like
train,OHI_datasetIMG_4127_JPG.rf.46591fa3a9dae73f30ee203e6f3235d8.jpg,OHI_datasetIMG_4127_JPG,True,KEEP,color_clinical_like,25,False,photo_like
train,OHI_datasetIMG_4127_JPG.rf.8324a7aa5058d0c833d94de8a8d1b04a.jpg,OHI_datasetIMG_4127_JPG,False,EXCLUDE,roboflow_augmentation_duplicate,25,False,photo_like
train,OHI_datasetIMG_4127_JPG.rf.96fb7528c6429d311564ea09fbd29360.jpg,OHI_datasetIMG_4127_JPG,False,EXCLUDE,roboflow_augmentation_duplicate,25,False,photo_like
train,OHI_datasetIMG_4128_JPG.rf.5c86820b9fac882aa414c07b176889f1.jpg,OHI_datasetIMG_4128_JPG,True,KEEP,color_clinical_like,14,False,photo_like
train,OHI_datasetIMG_4128_JPG.rf.73bf3f9e0f8872887f844354c8c1466c.jpg,OHI_datasetIMG_4128_JPG,False,EXCLUDE,roboflow_augmentation_duplicate,14,False,photo_like
train,OHI_datasetIMG_4128_JPG.rf.fec9cec5c36a2b893e3457a53328dbe1.jpg,OHI_datasetIMG_4128_JPG,False,EXCLUDE,roboflow_augmentation_duplicate,14,False,photo_like
train,OHI_datasetIMG_4149_JPG.rf.1f0fb2c136ae3f9b385cbe2cd0f0377a.jpg,OHI_datasetIMG_4149_JPG,True,KEEP,color_clinical_like,25,False,photo_like
train,OHI_datasetIMG_4149_JPG.rf.2664e3ca1df379429a95ae8e86b64742.jpg,OHI_datasetIMG_4149_JPG,False,EXCLUDE,roboflow_augmentation_duplicate,25,False,photo_like
train,OHI_datasetIMG_4149_JPG.rf.9771cc4bfbfd74ce6a66d0d6ec53c2d0.jpg,OHI_datasetIMG_4149_JPG,False,EXCLUDE,roboflow_augmentation_duplicate,25,False,photo_like
train,OHI_datasetIMG_4154_JPG.rf.88d0f85bb973a19d13b64dc81a0b426b.jpg,OHI_datasetIMG_4154_JPG,True,KEEP,color_clinical_like,13,False,photo_like
train,OHI_datasetIMG_4154_JPG.rf.d70021c66863a15584933565b9a8f6b9.jpg,OHI_datasetIMG_4154_JPG,False,EXCLUDE,roboflow_augmentation_duplicate,13,False,photo_like
train,OHI_datasetIMG_4154_JPG.rf.dddd2f49a56e72db59beddc8e51eec51.jpg,OHI_datasetIMG_4154_JPG,False,EXCLUDE,roboflow_augmentation_duplicate,13,False,photo_like
train,OHI_datasetIMG_4160_JPG.rf.33e47de79199dce8bbe81386f5bce9b6.jpg,OHI_datasetIMG_4160_JPG,True,KEEP,color_clinical_like,26,False,photo_like
train,OHI_datasetIMG_4160_JPG.rf.78f7ff039a15e46f294d1a35996392e4.jpg,OHI_datasetIMG_4160_JPG,False,EXCLUDE,roboflow_augmentation_duplicate,26,False,photo_like
train,OHI_datasetIMG_4160_JPG.rf.dd6b50a435760ca4a0df3058ffbd68ab.jpg,OHI_datasetIMG_4160_JPG,False,EXCLUDE,roboflow_augmentation_duplicate,26,False,photo_like
train,OHI_datasetIMG_4161_JPG.rf.0561895087bdefb08162e723064b9a44.jpg,OHI_datasetIMG_4161_JPG,True,KEEP,color_clinical_like,13,False,photo_like
train,OHI_datasetIMG_4161_JPG.rf.1a7e9d790e809d97ac84e4579d9e0e02.jpg,OHI_datasetIMG_4161_JPG,False,EXCLUDE,roboflow_augmentation_duplicate,13,False,photo_like
train,OHI_datasetIMG_4161_JPG.rf.f223854a152af0724ceada9952c88f6d.jpg,OHI_datasetIMG_4161_JPG,False,EXCLUDE,roboflow_augmentation_duplicate,13,False,photo_like
train,OHI_datasetIMG_4162_JPG.rf.1e8d732b340f52a9b16959a81fbbd1e1.jpg,OHI_datasetIMG_4162_JPG,True,KEEP,color_clinical_like,13,False,photo_like
train,OHI_datasetIMG_4162_JPG.rf.32ad6056d93cd9af99b798158dd38974.jpg,OHI_datasetIMG_4162_JPG,False,EXCLUDE,roboflow_augmentation_duplicate,13,False,photo_like
train,OHI_datasetIMG_4162_JPG.rf.a05e80f46fed9763bdf5f35f2a0c13ee.jpg,OHI_datasetIMG_4162_JPG,False,EXCLUDE,roboflow_augmentation_duplicate,13,False,photo_like
train,OHI_datasetIMG_4199_JPG.rf.425725e11a230faa45044dcbff93af72.jpg,OHI_datasetIMG_4199_JPG,True,KEEP,color_clinical_like,14,False,photo_like
train,OHI_datasetIMG_4199_JPG.rf.b8d0866e7c184c91fc140653f3b0a876.jpg,OHI_datasetIMG_4199_JPG,False,EXCLUDE,roboflow_augmentation_duplicate,14,False,photo_like
train,OHI_datasetIMG_4199_JPG.rf.c6602942d3c7a37de4c7d5040496ee1f.jpg,OHI_datasetIMG_4199_JPG,False,EXCLUDE,roboflow_augmentation_duplicate,14,False,photo_like
train,OHI_datasetIMG_4201_JPG.rf.2f98477dca58056408a62812775162de.jpg,OHI_datasetIMG_4201_JPG,True,KEEP,color_clinical_like,12,False,photo_like
train,OHI_datasetIMG_4201_JPG.rf.cc2a43f8a3127420a5c4c93752e1bc45.jpg,OHI_datasetIMG_4201_JPG,False,EXCLUDE,roboflow_augmentation_duplicate,12,False,photo_like
train,OHI_datasetIMG_4201_JPG.rf.f1dfcfbf378207601987f3a953780f67.jpg,OHI_datasetIMG_4201_JPG,False,EXCLUDE,roboflow_augmentation_duplicate,12,False,photo_like
train,OHI_datasetIMG_4203_JPG.rf.001144d542d530b8f74565cec3a9511b.jpg,OHI_datasetIMG_4203_JPG,True,KEEP,color_clinical_like,28,False,photo_like
train,OHI_datasetIMG_4203_JPG.rf.7d07bc6f2bdd6cd24d0313d41cdf96c7.jpg,OHI_datasetIMG_4203_JPG,False,EXCLUDE,roboflow_augmentation_duplicate,28,False,photo_like
train,OHI_datasetIMG_4203_JPG.rf.b353f560947cc95dd82f8d4d9b739640.jpg,OHI_datasetIMG_4203_JPG,False,EXCLUDE,roboflow_augmentation_duplicate,28,False,photo_like
train,OHI_datasetIMG_4205_JPG.rf.13d641a577bf7b28884bdfebd7103a27.jpg,OHI_datasetIMG_4205_JPG,True,KEEP,color_clinical_like,14,False,photo_like
train,OHI_datasetIMG_4205_JPG.rf.429d8ee8ceee6e19c037e76422a898c4.jpg,OHI_datasetIMG_4205_JPG,False,EXCLUDE,roboflow_augmentation_duplicate,14,False,photo_like
train,OHI_datasetIMG_4205_JPG.rf.fa4ca5e3079ca6da1f2c80e717296674.jpg,OHI_datasetIMG_4205_JPG,False,EXCLUDE,roboflow_augmentation_duplicate,14,False,photo_like
train,OHI_datasetIMG_4207_JPG.rf.060c3fe877b11bb5c4c18f7bf2af14ad.jpg,OHI_datasetIMG_4207_JPG,True,KEEP,color_clinical_like,14,False,photo_like
train,OHI_datasetIMG_4207_JPG.rf.79f77c28f2ffb9b6b2c4a0f889787ad6.jpg,OHI_datasetIMG_4207_JPG,False,EXCLUDE,roboflow_augmentation_duplicate,14,False,photo_like
train,OHI_datasetIMG_4207_JPG.rf.b676e896a131469474d03a5c7dd327a3.jpg,OHI_datasetIMG_4207_JPG,False,EXCLUDE,roboflow_augmentation_duplicate,14,True,photo_like
train,OHI_datasetIMG_4212_JPG.rf.4e19580601e43f5decdbdf8e59d55e0a.jpg,OHI_datasetIMG_4212_JPG,True,KEEP,color_clinical_like,28,False,photo_like
train,OHI_datasetIMG_4212_JPG.rf.50b359651a02ebcd417f4d57844d9664.jpg,OHI_datasetIMG_4212_JPG,False,EXCLUDE,roboflow_augmentation_duplicate,28,False,photo_like
train,OHI_datasetIMG_4212_JPG.rf.734fc0ccfc147c3acb79bf4b33e27086.jpg,OHI_datasetIMG_4212_JPG,False,EXCLUDE,roboflow_augmentation_duplicate,28,False,photo_like
train,OHI_datasetIMG_4213_JPG.rf.12149ad72814d073c945116ed124f192.jpg,OHI_datasetIMG_4213_JPG,True,KEEP,color_clinical_like,14,False,photo_like
train,OHI_datasetIMG_4213_JPG.rf.bcf540faef92328e6f1f2fa0c30578b5.jpg,OHI_datasetIMG_4213_JPG,False,EXCLUDE,roboflow_augmentation_duplicate,14,False,photo_like
train,OHI_datasetIMG_4213_JPG.rf.f153be6707191c2453c6487fead02a71.jpg,OHI_datasetIMG_4213_JPG,False,EXCLUDE,roboflow_augmentation_duplicate,14,False,photo_like
train,OHI_datasetIMG_4215_JPG.rf.16774a2e010042ea43350e436e316a31.jpg,OHI_datasetIMG_4215_JPG,True,KEEP,color_clinical_like,14,False,photo_like
train,OHI_datasetIMG_4215_JPG.rf.45b9805796ca0e8b76a91b1d97fa8a81.jpg,OHI_datasetIMG_4215_JPG,False,EXCLUDE,roboflow_augmentation_duplicate,14,False,photo_like
train,OHI_datasetIMG_4215_JPG.rf.7078a9ca23e715eb68e910e5dd638677.jpg,OHI_datasetIMG_4215_JPG,False,EXCLUDE,roboflow_augmentation_duplicate,14,False,photo_like
train,OHI_datasetIMG_4233_JPG.rf.1765b214d5e4bf783c13f2eb615cd91e.jpg,OHI_datasetIMG_4233_JPG,True,KEEP,color_clinical_like,23,False,photo_like
train,OHI_datasetIMG_4233_JPG.rf.253f1ca9466eccddf903c9087cab14c5.jpg,OHI_datasetIMG_4233_JPG,False,EXCLUDE,roboflow_augmentation_duplicate,23,False,photo_like
train,OHI_datasetIMG_4233_JPG.rf.79648dc1e08f6f6278cb98259a041b59.jpg,OHI_datasetIMG_4233_JPG,False,EXCLUDE,roboflow_augmentation_duplicate,23,False,photo_like
train,OHI_datasetIMG_4234_JPG.rf.1433ac904e5f70defdafa28c70ee4dc4.jpg,OHI_datasetIMG_4234_JPG,True,KEEP,color_clinical_like,14,False,photo_like
train,OHI_datasetIMG_4234_JPG.rf.5aa868a82a90ace1ca514e39da1f04b7.jpg,OHI_datasetIMG_4234_JPG,False,EXCLUDE,roboflow_augmentation_duplicate,14,False,photo_like
train,OHI_datasetIMG_4234_JPG.rf.f99b27d211b01aec75739603a0d8b955.jpg,OHI_datasetIMG_4234_JPG,False,EXCLUDE,roboflow_augmentation_duplicate,14,False,photo_like
train,OHI_datasetIMG_4236_JPG.rf.babce231257c8ec422806f02af310e4f.jpg,OHI_datasetIMG_4236_JPG,True,KEEP,color_clinical_like,10,False,photo_like
train,OHI_datasetIMG_4236_JPG.rf.ece399c3025a048b09654c4e5929dd75.jpg,OHI_datasetIMG_4236_JPG,False,EXCLUDE,roboflow_augmentation_duplicate,10,False,photo_like
train,OHI_datasetIMG_4236_JPG.rf.ece43c85b9de7adc72092935f3b8ac3a.jpg,OHI_datasetIMG_4236_JPG,False,EXCLUDE,roboflow_augmentation_duplicate,10,False,photo_like
train,OHI_datasetIMG_4243_JPG.rf.12b3b32131d1faee26b3c8f5d4acbac2.jpg,OHI_datasetIMG_4243_JPG,True,KEEP,color_clinical_like,21,False,photo_like
train,OHI_datasetIMG_4243_JPG.rf.7544fb18686f98cfd436d5f6d0af296c.jpg,OHI_datasetIMG_4243_JPG,False,EXCLUDE,roboflow_augmentation_duplicate,21,False,photo_like
train,OHI_datasetIMG_4243_JPG.rf.9e5944843357d2f2828939cbc32a02e3.jpg,OHI_datasetIMG_4243_JPG,False,EXCLUDE,roboflow_augmentation_duplicate,21,False,photo_like
train,OHI_datasetIMG_4247_JPG.rf.2a276764d77691ae04da3d0efe51030e.jpg,OHI_datasetIMG_4247_JPG,True,KEEP,color_clinical_like,13,False,photo_like
train,OHI_datasetIMG_4247_JPG.rf.2f05d101cf87efd4c63cf9ff33dbe075.jpg,OHI_datasetIMG_4247_JPG,False,EXCLUDE,roboflow_augmentation_duplicate,13,False,photo_like
train,OHI_datasetIMG_4247_JPG.rf.469df559b7cdfaf15938a147fcf9c59f.jpg,OHI_datasetIMG_4247_JPG,False,EXCLUDE,roboflow_augmentation_duplicate,13,False,photo_like
train,OHI_datasetIMG_4248_JPG.rf.0613de82d8bd0bac58cef0ed4b67eee2.jpg,OHI_datasetIMG_4248_JPG,True,KEEP,color_clinical_like,12,False,photo_like
train,OHI_datasetIMG_4248_JPG.rf.353a82dbb00297af9d3d2683f2cee460.jpg,OHI_datasetIMG_4248_JPG,False,EXCLUDE,roboflow_augmentation_duplicate,12,False,photo_like
train,OHI_datasetIMG_4248_JPG.rf.ea3e9c1925c8d92045d469c98ad8fbc1.jpg,OHI_datasetIMG_4248_JPG,False,EXCLUDE,roboflow_augmentation_duplicate,12,False,photo_like
train,OHI_datasetIMG_4263_JPG.rf.29c8d6c04bda9ff2f443605e0c2f17b0.jpg,OHI_datasetIMG_4263_JPG,True,KEEP,color_clinical_like,14,False,photo_like
train,OHI_datasetIMG_4263_JPG.rf.2facd6733f0a8f32913fece5b4b27162.jpg,OHI_datasetIMG_4263_JPG,False,EXCLUDE,roboflow_augmentation_duplicate,14,False,photo_like
train,OHI_datasetIMG_4263_JPG.rf.e6a4148a2560c8f4f5dee8b4027f96e6.jpg,OHI_datasetIMG_4263_JPG,False,EXCLUDE,roboflow_augmentation_duplicate,14,False,photo_like
train,OHI_datasetIMG_4264_JPG.rf.3658717b87cb31958b7c40bfa993d882.jpg,OHI_datasetIMG_4264_JPG,True,KEEP,color_clinical_like,26,False,photo_like
train,OHI_datasetIMG_4264_JPG.rf.4c7bdcdb1440151d568053b824d83650.jpg,OHI_datasetIMG_4264_JPG,False,EXCLUDE,roboflow_augmentation_duplicate,26,False,photo_like
train,OHI_datasetIMG_4264_JPG.rf.7c7fceaf5c827ad11f5098a2d386c8a8.jpg,OHI_datasetIMG_4264_JPG,False,EXCLUDE,roboflow_augmentation_duplicate,26,False,photo_like
train,OHI_datasetIMG_4266_JPG.rf.5a034962fd53490686d859cb6eda1a29.jpg,OHI_datasetIMG_4266_JPG,True,KEEP,color_clinical_like,14,False,photo_like
train,OHI_datasetIMG_4266_JPG.rf.6daed56de4315e48fa4c333b293d0318.jpg,OHI_datasetIMG_4266_JPG,False,EXCLUDE,roboflow_augmentation_duplicate,14,False,photo_like
train,OHI_datasetIMG_4266_JPG.rf.7a6e81a26614ede48bd29604c9ad9c86.jpg,OHI_datasetIMG_4266_JPG,False,EXCLUDE,roboflow_augmentation_duplicate,14,False,photo_like
train,OHI_datasetIMG_4267_JPG.rf.282605a804833aab971742139239da10.jpg,OHI_datasetIMG_4267_JPG,True,KEEP,color_clinical_like,14,False,photo_like
train,OHI_datasetIMG_4267_JPG.rf.b962fbe788676f6998e264161de23e4a.jpg,OHI_datasetIMG_4267_JPG,False,EXCLUDE,roboflow_augmentation_duplicate,14,False,photo_like
train,OHI_datasetIMG_4267_JPG.rf.f917e558be9808c0857998de3eee8b20.jpg,OHI_datasetIMG_4267_JPG,False,EXCLUDE,roboflow_augmentation_duplicate,14,True,photo_like
train,OHI_datasetIMG_4271_JPG.rf.0d0aebb7471f66c750c928d1766cb087.jpg,OHI_datasetIMG_4271_JPG,True,KEEP,color_clinical_like,24,False,photo_like
train,OHI_datasetIMG_4271_JPG.rf.8396f0a6dcf9ad9f15b813c3671d7bcd.jpg,OHI_datasetIMG_4271_JPG,False,EXCLUDE,roboflow_augmentation_duplicate,24,False,photo_like
train,OHI_datasetIMG_4271_JPG.rf.c3840a4637947803c652cc905a0e4fe5.jpg,OHI_datasetIMG_4271_JPG,False,EXCLUDE,roboflow_augmentation_duplicate,24,False,photo_like
train,OHI_datasetIMG_4274_JPG.rf.37d07bbc4e3575d2bb9b3696f3458d85.jpg,OHI_datasetIMG_4274_JPG,True,KEEP,color_clinical_like,13,False,photo_like
train,OHI_datasetIMG_4274_JPG.rf.50f66368d4f1c9ce5d56dee614624004.jpg,OHI_datasetIMG_4274_JPG,False,EXCLUDE,roboflow_augmentation_duplicate,13,False,photo_like
train,OHI_datasetIMG_4274_JPG.rf.7fe0955fcdbbf9793ec037ace7838f8b.jpg,OHI_datasetIMG_4274_JPG,False,EXCLUDE,roboflow_augmentation_duplicate,13,False,photo_like
train,OHI_datasetIMG_4275_JPG.rf.4e29d08fa0a5492d097b8e8adc661252.jpg,OHI_datasetIMG_4275_JPG,True,KEEP,color_clinical_like,11,False,photo_like
train,OHI_datasetIMG_4275_JPG.rf.9b6fb48e81c10d4ee24d83454b170162.jpg,OHI_datasetIMG_4275_JPG,False,EXCLUDE,roboflow_augmentation_duplicate,11,False,photo_like
train,OHI_datasetIMG_4275_JPG.rf.a129b4de3c7b17fe9ecb7ec167c6d2ce.jpg,OHI_datasetIMG_4275_JPG,False,EXCLUDE,roboflow_augmentation_duplicate,11,False,photo_like
train,OHI_datasetIMG_4276_JPG.rf.3f2c66e35bda0dcba3ea2c79b30f86b7.jpg,OHI_datasetIMG_4276_JPG,True,KEEP,color_clinical_like,25,False,photo_like
train,OHI_datasetIMG_4276_JPG.rf.7a0dd0fc3d466bcab59e8a41a999b594.jpg,OHI_datasetIMG_4276_JPG,False,EXCLUDE,roboflow_augmentation_duplicate,25,False,photo_like
train,OHI_datasetIMG_4276_JPG.rf.d260f0e4482ee357cc611c4ee3b7cec8.jpg,OHI_datasetIMG_4276_JPG,False,EXCLUDE,roboflow_augmentation_duplicate,25,False,photo_like
train,OHI_datasetIMG_4277_JPG.rf.0a0cbdd469c864840ae1e509d85d0e90.jpg,OHI_datasetIMG_4277_JPG,True,KEEP,color_clinical_like,13,False,photo_like
train,OHI_datasetIMG_4277_JPG.rf.a7d63dbddc1375cf0002fa88cecbb2c3.jpg,OHI_datasetIMG_4277_JPG,False,EXCLUDE,roboflow_augmentation_duplicate,13,False,photo_like
train,OHI_datasetIMG_4277_JPG.rf.d034451302eae7c7ce89349fda4331e8.jpg,OHI_datasetIMG_4277_JPG,False,EXCLUDE,roboflow_augmentation_duplicate,13,False,photo_like
train,OHI_datasetIMG_4278_JPG.rf.00a3f313e18f2da5f40bd0abd2ce8808.jpg,OHI_datasetIMG_4278_JPG,True,KEEP,color_clinical_like,13,False,photo_like
train,OHI_datasetIMG_4278_JPG.rf.553523b69abc33ee7b769613bf1b944c.jpg,OHI_datasetIMG_4278_JPG,False,EXCLUDE,roboflow_augmentation_duplicate,13,False,photo_like
train,OHI_datasetIMG_4278_JPG.rf.7d4b204b24329712429e1c0f6346288e.jpg,OHI_datasetIMG_4278_JPG,False,EXCLUDE,roboflow_augmentation_duplicate,13,False,photo_like
train,OHI_datasetIMG_4280_JPG.rf.311d99c485b0186e2ee47af51b2a5c23.jpg,OHI_datasetIMG_4280_JPG,True,KEEP,color_clinical_like,21,False,photo_like
train,OHI_datasetIMG_4280_JPG.rf.ca47a5b19ae4c8953725b71739ec6f5c.jpg,OHI_datasetIMG_4280_JPG,False,EXCLUDE,roboflow_augmentation_duplicate,21,True,photo_like
train,OHI_datasetIMG_4280_JPG.rf.d8b5717dce84361455503704ebda8d50.jpg,OHI_datasetIMG_4280_JPG,False,EXCLUDE,roboflow_augmentation_duplicate,21,False,photo_like
train,OHI_datasetIMG_4282_JPG.rf.4f64395da503488bec65fb038412da62.jpg,OHI_datasetIMG_4282_JPG,True,KEEP,color_clinical_like,11,False,photo_like
train,OHI_datasetIMG_4282_JPG.rf.bd9549b6dfcba6e2d7a4fad208f41f56.jpg,OHI_datasetIMG_4282_JPG,False,EXCLUDE,roboflow_augmentation_duplicate,11,False,photo_like
train,OHI_datasetIMG_4282_JPG.rf.c1128eb016df4709fd30b0db119cb9d5.jpg,OHI_datasetIMG_4282_JPG,False,EXCLUDE,roboflow_augmentation_duplicate,11,True,photo_like
train,OHI_datasetIMG_4283_JPG.rf.5f71079782d1629da206a9aeb853912c.jpg,OHI_datasetIMG_4283_JPG,True,KEEP,color_clinical_like,12,False,photo_like
train,OHI_datasetIMG_4283_JPG.rf.dba2834ac5670954a794d7d6bf14fb6b.jpg,OHI_datasetIMG_4283_JPG,False,EXCLUDE,roboflow_augmentation_duplicate,12,False,photo_like
train,OHI_datasetIMG_4283_JPG.rf.f43911eab6dfceade3defd18e7f86b96.jpg,OHI_datasetIMG_4283_JPG,False,EXCLUDE,roboflow_augmentation_duplicate,12,True,photo_like
train,OHI_datasetIMG_4295_JPG.rf.23069e4dd3fba03cba1e192d6da1923e.jpg,OHI_datasetIMG_4295_JPG,True,KEEP,color_clinical_like,12,False,photo_like
train,OHI_datasetIMG_4295_JPG.rf.425aed23871943cc5f5485c0d1533e33.jpg,OHI_datasetIMG_4295_JPG,False,EXCLUDE,roboflow_augmentation_duplicate,12,False,photo_like
train,OHI_datasetIMG_4295_JPG.rf.68e7a08601e642f8168dc5bcd161aecb.jpg,OHI_datasetIMG_4295_JPG,False,EXCLUDE,roboflow_augmentation_duplicate,12,False,photo_like
train,OHI_datasetIMG_4296_JPG.rf.4ae520c9c16d398e08dc1edcba0458d5.jpg,OHI_datasetIMG_4296_JPG,True,KEEP,color_clinical_like,11,False,photo_like
train,OHI_datasetIMG_4296_JPG.rf.dba63694e7be36e357549e94e73d9a1d.jpg,OHI_datasetIMG_4296_JPG,False,EXCLUDE,roboflow_augmentation_duplicate,11,False,photo_like
train,OHI_datasetIMG_4296_JPG.rf.f438684a683f549d50ea5467a04f528f.jpg,OHI_datasetIMG_4296_JPG,False,EXCLUDE,roboflow_augmentation_duplicate,11,False,photo_like
train,OHI_datasetIMG_4306_JPG.rf.465a120ba20f3226cd4bd6e8c18807b6.jpg,OHI_datasetIMG_4306_JPG,True,KEEP,color_clinical_like,13,False,photo_like
train,OHI_datasetIMG_4306_JPG.rf.7f4edf5ae8f501eb05b736ff8c241f4d.jpg,OHI_datasetIMG_4306_JPG,False,EXCLUDE,roboflow_augmentation_duplicate,13,False,photo_like
train,OHI_datasetIMG_4306_JPG.rf.d50118d1c3f52c320e0350a1e0639254.jpg,OHI_datasetIMG_4306_JPG,False,EXCLUDE,roboflow_augmentation_duplicate,13,False,photo_like
train,OHI_datasetIMG_4319_JPG.rf.4b389b8f6246d061383a6c5cb70c6438.jpg,OHI_datasetIMG_4319_JPG,True,KEEP,color_clinical_like,18,False,photo_like
train,OHI_datasetIMG_4319_JPG.rf.92720fe05930742620154850e825975e.jpg,OHI_datasetIMG_4319_JPG,False,EXCLUDE,roboflow_augmentation_duplicate,18,False,photo_like
train,OHI_datasetIMG_4319_JPG.rf.a658f3bf09a33287e3509e4d55db158e.jpg,OHI_datasetIMG_4319_JPG,False,EXCLUDE,roboflow_augmentation_duplicate,18,False,photo_like
train,OHI_datasetIMG_4320_JPG.rf.8b90c396451a077e26eddb6912be8bf1.jpg,OHI_datasetIMG_4320_JPG,True,KEEP,color_clinical_like,8,False,photo_like
train,OHI_datasetIMG_4320_JPG.rf.a2ada5b3882ac02a53d5816e0ea4e09a.jpg,OHI_datasetIMG_4320_JPG,False,EXCLUDE,roboflow_augmentation_duplicate,8,False,photo_like
train,OHI_datasetIMG_4320_JPG.rf.b3b3ba6ad1a88d0686c8603d352f38c1.jpg,OHI_datasetIMG_4320_JPG,False,EXCLUDE,roboflow_augmentation_duplicate,8,False,photo_like
train,OHI_datasetIMG_4334_JPG.rf.4503bb7e93c697ac7895ab04ae7d43e5.jpg,OHI_datasetIMG_4334_JPG,True,KEEP,color_clinical_like,12,False,photo_like
train,OHI_datasetIMG_4334_JPG.rf.9a9b49d3a29cc18593718de46524bbc2.jpg,OHI_datasetIMG_4334_JPG,False,EXCLUDE,roboflow_augmentation_duplicate,12,False,photo_like
train,OHI_datasetIMG_4334_JPG.rf.e6a3d8c71d8bae548038aa322219553a.jpg,OHI_datasetIMG_4334_JPG,False,EXCLUDE,roboflow_augmentation_duplicate,12,False,photo_like
train,OHI_datasetIMG_4342_JPG.rf.728e4817ebdb5ac916b20062a1c0babe.jpg,OHI_datasetIMG_4342_JPG,True,KEEP,color_clinical_like,14,False,photo_like
train,OHI_datasetIMG_4342_JPG.rf.8927250a76d41f1b3e8793e6fd4026ee.jpg,OHI_datasetIMG_4342_JPG,False,EXCLUDE,roboflow_augmentation_duplicate,14,False,photo_like
train,OHI_datasetIMG_4342_JPG.rf.a71b7a87b45893292b58cfce5c5ab08a.jpg,OHI_datasetIMG_4342_JPG,False,EXCLUDE,roboflow_augmentation_duplicate,14,False,photo_like
train,OHI_datasetIMG_4343_JPG.rf.07fcf620ebda693a249ff530eb70d101.jpg,OHI_datasetIMG_4343_JPG,True,KEEP,color_clinical_like,14,False,photo_like
train,OHI_datasetIMG_4343_JPG.rf.7bf77a63906b2f739d8e73f2269d60a8.jpg,OHI_datasetIMG_4343_JPG,False,EXCLUDE,roboflow_augmentation_duplicate,14,False,photo_like
train,OHI_datasetIMG_4343_JPG.rf.920d11164ba09a0992397d83f6501e21.jpg,OHI_datasetIMG_4343_JPG,False,EXCLUDE,roboflow_augmentation_duplicate,14,False,photo_like
train,OHI_datasetIMG_4345_JPG.rf.18050a4916885329bf8c43421dc8f8c8.jpg,OHI_datasetIMG_4345_JPG,True,KEEP,color_clinical_like,15,False,photo_like
train,OHI_datasetIMG_4345_JPG.rf.5b8c1682192dfde80dff2224c67ce9f6.jpg,OHI_datasetIMG_4345_JPG,False,EXCLUDE,roboflow_augmentation_duplicate,15,False,photo_like
train,OHI_datasetIMG_4345_JPG.rf.acf830dda23354f54a363ed34abead5d.jpg,OHI_datasetIMG_4345_JPG,False,EXCLUDE,roboflow_augmentation_duplicate,15,False,photo_like
train,OHI_datasetIMG_4350_JPG.rf.20d8dfe60337e5d9cf08eada27a92bc2.jpg,OHI_datasetIMG_4350_JPG,True,REVIEW,near_grayscale_color_stats,27,True,photo_like
train,OHI_datasetIMG_4350_JPG.rf.372358aafcec005699aa961ce562ab15.jpg,OHI_datasetIMG_4350_JPG,False,EXCLUDE,roboflow_augmentation_duplicate,27,False,photo_like
train,OHI_datasetIMG_4350_JPG.rf.c5999ee445c2ecf274582ea89bd1807f.jpg,OHI_datasetIMG_4350_JPG,False,EXCLUDE,roboflow_augmentation_duplicate,27,False,photo_like
train,OHI_datasetIMG_4351_JPG.rf.5c7835aefffc478da138026b0dd96a2b.jpg,OHI_datasetIMG_4351_JPG,True,KEEP,color_clinical_like,16,False,photo_like
train,OHI_datasetIMG_4351_JPG.rf.bcea2168bac788a0d30f1ecd545ec754.jpg,OHI_datasetIMG_4351_JPG,False,EXCLUDE,roboflow_augmentation_duplicate,16,False,photo_like
train,OHI_datasetIMG_4351_JPG.rf.e6230e8f9b3ee02d787cc318eff9f12e.jpg,OHI_datasetIMG_4351_JPG,False,EXCLUDE,roboflow_augmentation_duplicate,16,False,photo_like
train,OHI_datasetIMG_4361_JPG.rf.310b28ea5a28b0e1801fba97caa621d6.jpg,OHI_datasetIMG_4361_JPG,True,KEEP,color_clinical_like,26,False,photo_like
train,OHI_datasetIMG_4361_JPG.rf.c89659fa33fc5f481806a373b8efde64.jpg,OHI_datasetIMG_4361_JPG,False,EXCLUDE,roboflow_augmentation_duplicate,26,False,photo_like
train,OHI_datasetIMG_4361_JPG.rf.ecda1341037ada02027f72699066791a.jpg,OHI_datasetIMG_4361_JPG,False,EXCLUDE,roboflow_augmentation_duplicate,26,False,photo_like
train,OHI_datasetIMG_4363_JPG.rf.c399143ad1f639ad8437cfae76408ccb.jpg,OHI_datasetIMG_4363_JPG,True,KEEP,color_clinical_like,8,False,photo_like
train,OHI_datasetIMG_4363_JPG.rf.dd212dd43c72a654c745e219979f9793.jpg,OHI_datasetIMG_4363_JPG,False,EXCLUDE,roboflow_augmentation_duplicate,8,True,photo_like
train,OHI_datasetIMG_4363_JPG.rf.f12377e52201f1d82112399fb37e49c0.jpg,OHI_datasetIMG_4363_JPG,False,EXCLUDE,roboflow_augmentation_duplicate,8,False,photo_like
train,OHI_datasetIMG_4364_JPG.rf.34793d5839ffbe79e812fbdeb5f4a7bb.jpg,OHI_datasetIMG_4364_JPG,True,KEEP,color_clinical_like,14,False,photo_like
train,OHI_datasetIMG_4364_JPG.rf.a9be50029d2277633dd8073f7ebde6f1.jpg,OHI_datasetIMG_4364_JPG,False,EXCLUDE,roboflow_augmentation_duplicate,14,False,photo_like
train,OHI_datasetIMG_4364_JPG.rf.b03dc02071a17457150d0fe8cf8227d2.jpg,OHI_datasetIMG_4364_JPG,False,EXCLUDE,roboflow_augmentation_duplicate,14,False,photo_like
train,OHI_datasetIMG_4368_JPG.rf.312c6fa1a19d67041a15090075eeaba3.jpg,OHI_datasetIMG_4368_JPG,True,KEEP,color_clinical_like,26,False,photo_like
train,OHI_datasetIMG_4368_JPG.rf.481dbb0f8769fced6db5fef39504b1a7.jpg,OHI_datasetIMG_4368_JPG,False,EXCLUDE,roboflow_augmentation_duplicate,26,False,photo_like
train,OHI_datasetIMG_4368_JPG.rf.a5563c0ed97aa65080000956d06fa2fd.jpg,OHI_datasetIMG_4368_JPG,False,EXCLUDE,roboflow_augmentation_duplicate,26,True,photo_like
train,OHI_datasetIMG_4369_JPG.rf.1431d916ffc99a7f14f993026d29810e.jpg,OHI_datasetIMG_4369_JPG,True,KEEP,color_clinical_like,12,False,photo_like
train,OHI_datasetIMG_4369_JPG.rf.33bc0f719749b34449bb6a5fe925b3ca.jpg,OHI_datasetIMG_4369_JPG,False,EXCLUDE,roboflow_augmentation_duplicate,12,False,photo_like
train,OHI_datasetIMG_4369_JPG.rf.a055a83af52cbb699a75dff0f2e4210e.jpg,OHI_datasetIMG_4369_JPG,False,EXCLUDE,roboflow_augmentation_duplicate,12,False,photo_like
train,OHI_datasetIMG_4373_JPG.rf.67ad782485cda78a5d2ad3154541e9f5.jpg,OHI_datasetIMG_4373_JPG,True,KEEP,color_clinical_like,10,False,photo_like
train,OHI_datasetIMG_4373_JPG.rf.9d0ee650bd223d1a27b43bdc4f2f7b17.jpg,OHI_datasetIMG_4373_JPG,False,EXCLUDE,roboflow_augmentation_duplicate,10,False,photo_like
train,OHI_datasetIMG_4373_JPG.rf.fa2860a6ce79de1b4a401d3dbcf31430.jpg,OHI_datasetIMG_4373_JPG,False,EXCLUDE,roboflow_augmentation_duplicate,10,True,photo_like
train,OHI_datasetIMG_4374_JPG.rf.6a48fc7a9926fb00af97b44dd57a0fd2.jpg,OHI_datasetIMG_4374_JPG,True,REVIEW,near_grayscale_color_stats,13,True,photo_like
train,OHI_datasetIMG_4374_JPG.rf.84817fd9ba0a5feb370336da0d52a5ef.jpg,OHI_datasetIMG_4374_JPG,False,EXCLUDE,roboflow_augmentation_duplicate,13,False,photo_like
train,OHI_datasetIMG_4374_JPG.rf.8c4579cec5135415b8b6776e628c7228.jpg,OHI_datasetIMG_4374_JPG,False,EXCLUDE,roboflow_augmentation_duplicate,13,False,photo_like
train,OHI_datasetIMG_4384_JPG.rf.46737e32194842bbb4aa3b87d714622f.jpg,OHI_datasetIMG_4384_JPG,True,KEEP,color_clinical_like,16,False,photo_like
train,OHI_datasetIMG_4384_JPG.rf.628b2fabb6b4f1639b188faf577ebded.jpg,OHI_datasetIMG_4384_JPG,False,EXCLUDE,roboflow_augmentation_duplicate,16,False,photo_like
train,OHI_datasetIMG_4384_JPG.rf.c7bf87402447c193c3acbf78294759b0.jpg,OHI_datasetIMG_4384_JPG,False,EXCLUDE,roboflow_augmentation_duplicate,16,True,photo_like
train,OHI_datasetIMG_4400_JPG.rf.3328165b3b396245b33b5a0c1fdeb130.jpg,OHI_datasetIMG_4400_JPG,True,KEEP,color_clinical_like,18,False,photo_like
train,OHI_datasetIMG_4400_JPG.rf.76ec5dbe68778ce407bed470b578f31a.jpg,OHI_datasetIMG_4400_JPG,False,EXCLUDE,roboflow_augmentation_duplicate,18,False,photo_like
train,OHI_datasetIMG_4400_JPG.rf.ed20b00a61c945c05cc13ff866f8f13f.jpg,OHI_datasetIMG_4400_JPG,False,EXCLUDE,roboflow_augmentation_duplicate,18,False,photo_like
train,OHI_datasetIMG_4402_JPG.rf.34ccfe926430025e112ae0ee070956ab.jpg,OHI_datasetIMG_4402_JPG,True,KEEP,color_clinical_like,10,False,photo_like
train,OHI_datasetIMG_4402_JPG.rf.4147abc1070ad574cc863095cb344f70.jpg,OHI_datasetIMG_4402_JPG,False,EXCLUDE,roboflow_augmentation_duplicate,10,False,photo_like
train,OHI_datasetIMG_4402_JPG.rf.b92ccafa5e14f2ea8e2a51efc129ada5.jpg,OHI_datasetIMG_4402_JPG,False,EXCLUDE,roboflow_augmentation_duplicate,10,False,photo_like
train,OHI_datasetIMG_4408_JPG.rf.08f4c352ed9b098c0527a9eb8f6dcabc.jpg,OHI_datasetIMG_4408_JPG,True,KEEP,color_clinical_like,16,False,photo_like
train,OHI_datasetIMG_4408_JPG.rf.3a17146f4149c26434df4400ca76eb90.jpg,OHI_datasetIMG_4408_JPG,False,EXCLUDE,roboflow_augmentation_duplicate,16,False,photo_like
train,OHI_datasetIMG_4408_JPG.rf.d52152be42c20fb52c86c25bded7eed2.jpg,OHI_datasetIMG_4408_JPG,False,EXCLUDE,roboflow_augmentation_duplicate,16,False,photo_like
train,OHI_datasetIMG_4415_JPG.rf.124c084607d79fe3f0a1d1719441d04f.jpg,OHI_datasetIMG_4415_JPG,True,KEEP,color_clinical_like,27,False,photo_like
train,OHI_datasetIMG_4415_JPG.rf.a1f5a26bb22f630a8c0b1d93af0b6688.jpg,OHI_datasetIMG_4415_JPG,False,EXCLUDE,roboflow_augmentation_duplicate,27,False,photo_like
train,OHI_datasetIMG_4415_JPG.rf.ce29edd0fd049344a4e41c8879d99f71.jpg,OHI_datasetIMG_4415_JPG,False,EXCLUDE,roboflow_augmentation_duplicate,27,False,photo_like
train,OHI_datasetIMG_4417_JPG.rf.1fbde575a79a301bbd4e236418a22dd9.jpg,OHI_datasetIMG_4417_JPG,True,KEEP,color_clinical_like,14,False,photo_like
train,OHI_datasetIMG_4417_JPG.rf.2519519d78deddba0d89ce1707199376.jpg,OHI_datasetIMG_4417_JPG,False,EXCLUDE,roboflow_augmentation_duplicate,14,False,photo_like
train,OHI_datasetIMG_4417_JPG.rf.b6936cc87461f4829b0afcd16c4c8d3d.jpg,OHI_datasetIMG_4417_JPG,False,EXCLUDE,roboflow_augmentation_duplicate,14,False,photo_like
train,OHI_datasetIMG_4418_JPG.rf.125cbe525321cce6b886e525c383896e.jpg,OHI_datasetIMG_4418_JPG,True,KEEP,color_clinical_like,14,False,photo_like
train,OHI_datasetIMG_4418_JPG.rf.12a7472ff549df623b59709f8e558045.jpg,OHI_datasetIMG_4418_JPG,False,EXCLUDE,roboflow_augmentation_duplicate,14,False,photo_like
train,OHI_datasetIMG_4418_JPG.rf.7f49cbf4dde8ee38266dc335c32046d3.jpg,OHI_datasetIMG_4418_JPG,False,EXCLUDE,roboflow_augmentation_duplicate,14,False,photo_like
train,OHI_datasetIMG_4422_JPG.rf.2d30947f728be0b1ee5ff57673119a4d.jpg,OHI_datasetIMG_4422_JPG,True,KEEP,color_clinical_like,12,False,photo_like
train,OHI_datasetIMG_4422_JPG.rf.97243ae1d2edda917ae983f68ae7b44d.jpg,OHI_datasetIMG_4422_JPG,False,EXCLUDE,roboflow_augmentation_duplicate,12,False,photo_like
train,OHI_datasetIMG_4422_JPG.rf.e2e67c4a9cf6281c72d26f21d5dc7b68.jpg,OHI_datasetIMG_4422_JPG,False,EXCLUDE,roboflow_augmentation_duplicate,12,False,photo_like
train,OHI_datasetIMG_4423_JPG.rf.254778a2844fc27fcc31dde1c44bcfc1.jpg,OHI_datasetIMG_4423_JPG,True,KEEP,color_clinical_like,15,False,photo_like
train,OHI_datasetIMG_4423_JPG.rf.99cde866294fe2984260dc538c54498a.jpg,OHI_datasetIMG_4423_JPG,False,EXCLUDE,roboflow_augmentation_duplicate,15,False,photo_like
train,OHI_datasetIMG_4423_JPG.rf.ad86a7d6a32616e29ea8951cb01dba40.jpg,OHI_datasetIMG_4423_JPG,False,EXCLUDE,roboflow_augmentation_duplicate,15,False,photo_like
train,OHI_datasetIMG_4435_JPG.rf.21a8179b34a862b433fa5be3f73e38c5.jpg,OHI_datasetIMG_4435_JPG,True,REVIEW,near_grayscale_color_stats,19,True,photo_like
train,OHI_datasetIMG_4435_JPG.rf.43be6af5f5c68d21ce3dd0956fd95a93.jpg,OHI_datasetIMG_4435_JPG,False,EXCLUDE,roboflow_augmentation_duplicate,19,True,photo_like
train,OHI_datasetIMG_4435_JPG.rf.7495fc4d24b5339429a855484d779d31.jpg,OHI_datasetIMG_4435_JPG,False,EXCLUDE,roboflow_augmentation_duplicate,19,False,photo_like
train,OHI_datasetIMG_4436_JPG.rf.0e17a955713122fb76da52ef6d6bfc28.jpg,OHI_datasetIMG_4436_JPG,True,KEEP,color_clinical_like,12,False,photo_like
train,OHI_datasetIMG_4436_JPG.rf.4fcff2acce8303c426073c3a9620c21c.jpg,OHI_datasetIMG_4436_JPG,False,EXCLUDE,roboflow_augmentation_duplicate,12,False,photo_like
train,OHI_datasetIMG_4436_JPG.rf.5ce32276c473708d152280f796fb0731.jpg,OHI_datasetIMG_4436_JPG,False,EXCLUDE,roboflow_augmentation_duplicate,12,False,photo_like
train,OHI_datasetIMG_4452_JPG.rf.306999a2ce11bd3befe3b9b22bea5963.jpg,OHI_datasetIMG_4452_JPG,True,KEEP,color_clinical_like,14,False,photo_like
train,OHI_datasetIMG_4452_JPG.rf.56897541e1ad34e7f20a8fb5babeefec.jpg,OHI_datasetIMG_4452_JPG,False,EXCLUDE,roboflow_augmentation_duplicate,14,False,photo_like
train,OHI_datasetIMG_4452_JPG.rf.8286b5ead48eb1441d0052a0559862ad.jpg,OHI_datasetIMG_4452_JPG,False,EXCLUDE,roboflow_augmentation_duplicate,14,False,photo_like
train,OHI_datasetIMG_4455_JPG.rf.26c09664707f4daa885c56a7b6f13659.jpg,OHI_datasetIMG_4455_JPG,True,KEEP,color_clinical_like,24,False,photo_like
train,OHI_datasetIMG_4455_JPG.rf.9fe7e1c041fc4f081b1ab5a58fc8ad39.jpg,OHI_datasetIMG_4455_JPG,False,EXCLUDE,roboflow_augmentation_duplicate,24,False,photo_like
train,OHI_datasetIMG_4455_JPG.rf.c33acf3f3d610319a2ac8f4c228afa01.jpg,OHI_datasetIMG_4455_JPG,False,EXCLUDE,roboflow_augmentation_duplicate,24,False,photo_like
train,OHI_datasetIMG_4457_JPG.rf.70d56a95d5af5d09daf24abc0a46d521.jpg,OHI_datasetIMG_4457_JPG,True,KEEP,color_clinical_like,14,False,photo_like
train,OHI_datasetIMG_4457_JPG.rf.a196d91bbf04fa847b30a942ec4f3983.jpg,OHI_datasetIMG_4457_JPG,False,EXCLUDE,roboflow_augmentation_duplicate,14,False,photo_like
train,OHI_datasetIMG_4457_JPG.rf.a72bcdaea95493218725b370674a738a.jpg,OHI_datasetIMG_4457_JPG,False,EXCLUDE,roboflow_augmentation_duplicate,14,False,photo_like
train,OHI_datasetIMG_4467_JPG.rf.547aee5f66ab00a3d3091ef829c551f8.jpg,OHI_datasetIMG_4467_JPG,True,KEEP,color_clinical_like,27,False,photo_like
train,OHI_datasetIMG_4467_JPG.rf.b364b17f7618bcea7a7340955a8bc4ff.jpg,OHI_datasetIMG_4467_JPG,False,EXCLUDE,roboflow_augmentation_duplicate,27,False,photo_like
train,OHI_datasetIMG_4467_JPG.rf.ce31ba6d23db93f30f42addd1c729734.jpg,OHI_datasetIMG_4467_JPG,False,EXCLUDE,roboflow_augmentation_duplicate,27,False,photo_like
train,OHI_datasetIMG_4473_JPG.rf.d76c50bcca797afa7debb349a685ea31.jpg,OHI_datasetIMG_4473_JPG,True,KEEP,color_clinical_like,14,False,photo_like
train,OHI_datasetIMG_4473_JPG.rf.e00ee70df05a190224de2aa0286c973d.jpg,OHI_datasetIMG_4473_JPG,False,EXCLUDE,roboflow_augmentation_duplicate,14,False,photo_like
train,OHI_datasetIMG_4473_JPG.rf.f702a1f388f8944097099b92ccb9e975.jpg,OHI_datasetIMG_4473_JPG,False,EXCLUDE,roboflow_augmentation_duplicate,14,False,photo_like
train,OHI_datasetIMG_4484_JPG.rf.720d06e0d181e0b6ecd0454e23401313.jpg,OHI_datasetIMG_4484_JPG,True,KEEP,color_clinical_like,29,False,photo_like
train,OHI_datasetIMG_4484_JPG.rf.9bd53b2ba88e7c3d16d18c7da5d2e444.jpg,OHI_datasetIMG_4484_JPG,False,EXCLUDE,roboflow_augmentation_duplicate,29,True,photo_like
train,OHI_datasetIMG_4484_JPG.rf.bd23d7f9409cbfd86ccdedc60ff8b4b7.jpg,OHI_datasetIMG_4484_JPG,False,EXCLUDE,roboflow_augmentation_duplicate,29,True,photo_like
train,OHI_datasetIMG_4485_JPG.rf.142ee8c5cd3599c22010b5846cf8256a.jpg,OHI_datasetIMG_4485_JPG,True,KEEP,color_clinical_like,16,False,photo_like
train,OHI_datasetIMG_4485_JPG.rf.4d8a27146e2ee30f902a6eb7f0e25065.jpg,OHI_datasetIMG_4485_JPG,False,EXCLUDE,roboflow_augmentation_duplicate,16,False,photo_like
train,OHI_datasetIMG_4485_JPG.rf.a0ce52b295bbcb1b745f415d152497b3.jpg,OHI_datasetIMG_4485_JPG,False,EXCLUDE,roboflow_augmentation_duplicate,16,False,photo_like
train,OHI_datasetIMG_4486_JPG.rf.1b71aaa57da2b15c31390fcd42586dbd.jpg,OHI_datasetIMG_4486_JPG,True,KEEP,color_clinical_like,16,False,photo_like
train,OHI_datasetIMG_4486_JPG.rf.48285d0791782108c9a16797b1a6fd57.jpg,OHI_datasetIMG_4486_JPG,False,EXCLUDE,roboflow_augmentation_duplicate,16,True,photo_like
train,OHI_datasetIMG_4486_JPG.rf.ae30adef477642144b582c4ad3133c53.jpg,OHI_datasetIMG_4486_JPG,False,EXCLUDE,roboflow_augmentation_duplicate,16,False,photo_like
train,OHI_datasetIMG_4490_JPG.rf.a27395e2c7d0bc71439aaaf0da99dd37.jpg,OHI_datasetIMG_4490_JPG,True,KEEP,color_clinical_like,14,False,photo_like
train,OHI_datasetIMG_4490_JPG.rf.b856785133d42dfeeb66ab65bb5a72e8.jpg,OHI_datasetIMG_4490_JPG,False,EXCLUDE,roboflow_augmentation_duplicate,14,False,photo_like
train,OHI_datasetIMG_4490_JPG.rf.be7ada185a70a0954254405f14756b5c.jpg,OHI_datasetIMG_4490_JPG,False,EXCLUDE,roboflow_augmentation_duplicate,14,False,photo_like
train,OHI_datasetIMG_4491_JPG.rf.4a8940bca3716565b2b92ffe6f62ee52.jpg,OHI_datasetIMG_4491_JPG,True,KEEP,color_clinical_like,20,False,photo_like
train,OHI_datasetIMG_4491_JPG.rf.6edc2598ca266c723b531d12edfae252.jpg,OHI_datasetIMG_4491_JPG,False,EXCLUDE,roboflow_augmentation_duplicate,20,False,photo_like
train,OHI_datasetIMG_4491_JPG.rf.85f2493baf705e127e64e75c640d4173.jpg,OHI_datasetIMG_4491_JPG,False,EXCLUDE,roboflow_augmentation_duplicate,20,False,photo_like
train,OHI_datasetIMG_4495_JPG.rf.5125b3100a62f2ea744151190d629c1d.jpg,OHI_datasetIMG_4495_JPG,True,KEEP,color_clinical_like,11,False,photo_like
train,OHI_datasetIMG_4495_JPG.rf.b4f4b028cee1f6b0d754c04fcbbace84.jpg,OHI_datasetIMG_4495_JPG,False,EXCLUDE,roboflow_augmentation_duplicate,11,False,photo_like
train,OHI_datasetIMG_4495_JPG.rf.e21d3cf92d860fb1ba2d688907a2ddfa.jpg,OHI_datasetIMG_4495_JPG,False,EXCLUDE,roboflow_augmentation_duplicate,11,True,photo_like
train,OHI_datasetIMG_4503_JPG.rf.a70a011452b1151b150674070fc43a7f.jpg,OHI_datasetIMG_4503_JPG,True,KEEP,color_clinical_like,24,False,photo_like
train,OHI_datasetIMG_4503_JPG.rf.b6268c93aa800be0b87e3e04198b377c.jpg,OHI_datasetIMG_4503_JPG,False,EXCLUDE,roboflow_augmentation_duplicate,24,False,photo_like
train,OHI_datasetIMG_4503_JPG.rf.ba87638b67654d327880046d6a81513d.jpg,OHI_datasetIMG_4503_JPG,False,EXCLUDE,roboflow_augmentation_duplicate,24,False,photo_like
train,OHI_datasetIMG_4504_JPG.rf.081d987a4bbad1779b465e238fe4bfa4.jpg,OHI_datasetIMG_4504_JPG,True,KEEP,color_clinical_like,14,False,photo_like
train,OHI_datasetIMG_4504_JPG.rf.94eb8c74cfe97e30ed2703da6f40c09b.jpg,OHI_datasetIMG_4504_JPG,False,EXCLUDE,roboflow_augmentation_duplicate,14,True,photo_like
train,OHI_datasetIMG_4504_JPG.rf.e68281227e133c700aed9edefd3b20e5.jpg,OHI_datasetIMG_4504_JPG,False,EXCLUDE,roboflow_augmentation_duplicate,14,False,photo_like
train,OHI_datasetIMG_4505_JPG.rf.d028387f542860b171fa72e6941c9117.jpg,OHI_datasetIMG_4505_JPG,True,KEEP,color_clinical_like,14,False,photo_like
train,OHI_datasetIMG_4505_JPG.rf.d2f2750bd915e05789779c8fda8a7f37.jpg,OHI_datasetIMG_4505_JPG,False,EXCLUDE,roboflow_augmentation_duplicate,14,False,photo_like
train,OHI_datasetIMG_4505_JPG.rf.d4df7f48e69701ff2b2a21f1caa2872c.jpg,OHI_datasetIMG_4505_JPG,False,EXCLUDE,roboflow_augmentation_duplicate,14,False,photo_like
train,OHI_datasetIMG_4508_JPG.rf.775a02f04fa498a1d10e11502eea18e5.jpg,OHI_datasetIMG_4508_JPG,True,KEEP,color_clinical_like,20,False,photo_like
train,OHI_datasetIMG_4508_JPG.rf.7ab3b870e79cefd21fe1f20024b36765.jpg,OHI_datasetIMG_4508_JPG,False,EXCLUDE,roboflow_augmentation_duplicate,20,False,photo_like
train,OHI_datasetIMG_4508_JPG.rf.9bcb85e7a5c784df7b9c04aef45eda42.jpg,OHI_datasetIMG_4508_JPG,False,EXCLUDE,roboflow_augmentation_duplicate,20,False,photo_like
train,OHI_datasetIMG_4509_JPG.rf.447a54a2383652e0bb79527bdbf2d4e0.jpg,OHI_datasetIMG_4509_JPG,True,KEEP,color_clinical_like,11,False,photo_like
train,OHI_datasetIMG_4509_JPG.rf.8fccf5a8fdd1cd7ea685b7521a3fba4d.jpg,OHI_datasetIMG_4509_JPG,False,EXCLUDE,roboflow_augmentation_duplicate,11,False,photo_like
train,OHI_datasetIMG_4509_JPG.rf.a93e7be19344bd791b9616356e8bb540.jpg,OHI_datasetIMG_4509_JPG,False,EXCLUDE,roboflow_augmentation_duplicate,11,False,photo_like
train,OHI_datasetIMG_4510_JPG.rf.0a88952d5ca47d622d44ed8e9d130da8.jpg,OHI_datasetIMG_4510_JPG,True,KEEP,color_clinical_like,12,False,photo_like
train,OHI_datasetIMG_4510_JPG.rf.4fdea875e0b6fa8fa97ea00b9902f35f.jpg,OHI_datasetIMG_4510_JPG,False,EXCLUDE,roboflow_augmentation_duplicate,12,False,photo_like
train,OHI_datasetIMG_4510_JPG.rf.85836cc2a16fbf8839711aa122cfce72.jpg,OHI_datasetIMG_4510_JPG,False,EXCLUDE,roboflow_augmentation_duplicate,12,False,photo_like
train,OHI_datasetIMG_4517_JPG.rf.2327f0db52b62f6fdbb7641b8545fd7b.jpg,OHI_datasetIMG_4517_JPG,True,KEEP,color_clinical_like,27,False,photo_like
train,OHI_datasetIMG_4517_JPG.rf.3ebf7d7319c42086dc8c9563ac086ba7.jpg,OHI_datasetIMG_4517_JPG,False,EXCLUDE,roboflow_augmentation_duplicate,27,False,photo_like
train,OHI_datasetIMG_4517_JPG.rf.cc6c4874a8a3a6ce4683d7b4c564aedf.jpg,OHI_datasetIMG_4517_JPG,False,EXCLUDE,roboflow_augmentation_duplicate,27,False,photo_like
train,OHI_datasetIMG_4518_JPG.rf.0404a086643901c5ad2b401bf7b04f25.jpg,OHI_datasetIMG_4518_JPG,True,KEEP,color_clinical_like,14,False,photo_like
train,OHI_datasetIMG_4518_JPG.rf.400169e5001696cbd109b3fb358274ef.jpg,OHI_datasetIMG_4518_JPG,False,EXCLUDE,roboflow_augmentation_duplicate,14,False,photo_like
train,OHI_datasetIMG_4518_JPG.rf.7b266b68ec642cff77ec9503a0622b6f.jpg,OHI_datasetIMG_4518_JPG,False,EXCLUDE,roboflow_augmentation_duplicate,14,False,photo_like
train,OHI_datasetIMG_4519_JPG.rf.26e2087ad0c5e3c67de7c2535a142a9f.jpg,OHI_datasetIMG_4519_JPG,True,KEEP,color_clinical_like,14,False,photo_like
train,OHI_datasetIMG_4519_JPG.rf.67fc204623c21f5955f009803f936373.jpg,OHI_datasetIMG_4519_JPG,False,EXCLUDE,roboflow_augmentation_duplicate,14,False,photo_like
train,OHI_datasetIMG_4519_JPG.rf.d0c9c57c885b98697c3430cb2f17b4fb.jpg,OHI_datasetIMG_4519_JPG,False,EXCLUDE,roboflow_augmentation_duplicate,14,False,photo_like
train,OHI_datasetIMG_4521_JPG.rf.0ffb9d922476cb953555a9d4a9ea716d.jpg,OHI_datasetIMG_4521_JPG,True,KEEP,color_clinical_like,7,False,photo_like
train,OHI_datasetIMG_4521_JPG.rf.1f87caca104818cbb3b0a213ce69808a.jpg,OHI_datasetIMG_4521_JPG,False,EXCLUDE,roboflow_augmentation_duplicate,7,False,photo_like
train,OHI_datasetIMG_4521_JPG.rf.3786e84a4497f8096b0345a172ec9786.jpg,OHI_datasetIMG_4521_JPG,False,EXCLUDE,roboflow_augmentation_duplicate,7,True,photo_like
train,OHI_datasetIMG_4522_JPG.rf.3014526ed9cf7031fe590fb7b505efa0.jpg,OHI_datasetIMG_4522_JPG,True,KEEP,color_clinical_like,10,False,photo_like
train,OHI_datasetIMG_4522_JPG.rf.3f04ff29e0b220b8069c8b1fe3efd764.jpg,OHI_datasetIMG_4522_JPG,False,EXCLUDE,roboflow_augmentation_duplicate,10,False,photo_like
train,OHI_datasetIMG_4522_JPG.rf.d2c35c69a773454342ee69504c46c0b9.jpg,OHI_datasetIMG_4522_JPG,False,EXCLUDE,roboflow_augmentation_duplicate,10,False,photo_like
train,OHI_datasetIMG_4529_JPG.rf.2095df1a7fd616ab33635addb6c81e52.jpg,OHI_datasetIMG_4529_JPG,True,KEEP,color_clinical_like,27,False,photo_like
train,OHI_datasetIMG_4529_JPG.rf.40adf51e2cad2c6f248e80b2e03ce738.jpg,OHI_datasetIMG_4529_JPG,False,EXCLUDE,roboflow_augmentation_duplicate,27,False,photo_like
train,OHI_datasetIMG_4529_JPG.rf.b3aa605a981719e72e72a9bcf2da591f.jpg,OHI_datasetIMG_4529_JPG,False,EXCLUDE,roboflow_augmentation_duplicate,27,False,photo_like
train,OHI_datasetIMG_4532_JPG.rf.0eea37212175755ce8d214ec1227dfe4.jpg,OHI_datasetIMG_4532_JPG,True,KEEP,color_clinical_like,28,False,photo_like
train,OHI_datasetIMG_4532_JPG.rf.58d2a904830ce5726980d2d21d73532e.jpg,OHI_datasetIMG_4532_JPG,False,EXCLUDE,roboflow_augmentation_duplicate,28,False,photo_like
train,OHI_datasetIMG_4532_JPG.rf.d39459f08a3fde32578f3ab72d592df3.jpg,OHI_datasetIMG_4532_JPG,False,EXCLUDE,roboflow_augmentation_duplicate,28,False,photo_like
train,OHI_datasetIMG_4534_JPG.rf.0e53d669a27060044196971a787f9b87.jpg,OHI_datasetIMG_4534_JPG,True,REVIEW,near_grayscale_color_stats,14,True,photo_like
train,OHI_datasetIMG_4534_JPG.rf.9ce610b1725a69ab654195258a9e1566.jpg,OHI_datasetIMG_4534_JPG,False,EXCLUDE,roboflow_augmentation_duplicate,14,False,photo_like
train,OHI_datasetIMG_4534_JPG.rf.e22eca4d146def2d8a0f4813f2aa992b.jpg,OHI_datasetIMG_4534_JPG,False,EXCLUDE,roboflow_augmentation_duplicate,14,False,photo_like
train,OHI_datasetIMG_4537_JPG.rf.2f88cc9c4aad7981979b2e625db3182f.jpg,OHI_datasetIMG_4537_JPG,True,KEEP,color_clinical_like,14,False,photo_like
train,OHI_datasetIMG_4537_JPG.rf.7f1522b8a64cfc4c3fdab3d8d7c410c6.jpg,OHI_datasetIMG_4537_JPG,False,EXCLUDE,roboflow_augmentation_duplicate,14,False,photo_like
train,OHI_datasetIMG_4537_JPG.rf.dfb181e46f738b11be17218efac55669.jpg,OHI_datasetIMG_4537_JPG,False,EXCLUDE,roboflow_augmentation_duplicate,14,False,photo_like
train,OHI_datasetIMG_4545_JPG.rf.2c5355162b3316a2bf723c53c6a7497c.jpg,OHI_datasetIMG_4545_JPG,True,KEEP,color_clinical_like,24,False,photo_like
train,OHI_datasetIMG_4545_JPG.rf.510a928c865f06829a230ebf0ad0d9cb.jpg,OHI_datasetIMG_4545_JPG,False,EXCLUDE,roboflow_augmentation_duplicate,24,False,photo_like
train,OHI_datasetIMG_4545_JPG.rf.ad3d89df2300e3e98abfffd730b750ba.jpg,OHI_datasetIMG_4545_JPG,False,EXCLUDE,roboflow_augmentation_duplicate,24,False,photo_like
train,OHI_datasetIMG_4548_JPG.rf.1c9e829182323c0f62501d56b60c2a7f.jpg,OHI_datasetIMG_4548_JPG,True,KEEP,color_clinical_like,13,False,photo_like
train,OHI_datasetIMG_4548_JPG.rf.705613f666eaa095a9b1059814e91905.jpg,OHI_datasetIMG_4548_JPG,False,EXCLUDE,roboflow_augmentation_duplicate,13,False,photo_like
train,OHI_datasetIMG_4548_JPG.rf.81eb42faa36b7551f3ab70c8e093caa3.jpg,OHI_datasetIMG_4548_JPG,False,EXCLUDE,roboflow_augmentation_duplicate,13,False,photo_like
train,OHI_datasetIMG_4552_JPG.rf.345e27ee2031394c22759dc3e21dbb2d.jpg,OHI_datasetIMG_4552_JPG,True,KEEP,color_clinical_like,11,False,photo_like
train,OHI_datasetIMG_4552_JPG.rf.4a6359a6c18b8c0a6996969cb19d7d06.jpg,OHI_datasetIMG_4552_JPG,False,EXCLUDE,roboflow_augmentation_duplicate,11,True,photo_like
train,OHI_datasetIMG_4552_JPG.rf.55278d59734c9492e9908caf51d9abc4.jpg,OHI_datasetIMG_4552_JPG,False,EXCLUDE,roboflow_augmentation_duplicate,11,False,photo_like
train,OHI_datasetIMG_4557_JPG.rf.41603cf0a95b346318c8f57d91b4bb31.jpg,OHI_datasetIMG_4557_JPG,True,KEEP,color_clinical_like,14,False,photo_like
train,OHI_datasetIMG_4557_JPG.rf.e0ecda817ca917cf007afcd9758d03bd.jpg,OHI_datasetIMG_4557_JPG,False,EXCLUDE,roboflow_augmentation_duplicate,14,False,photo_like
train,OHI_datasetIMG_4557_JPG.rf.e4864c8b26d98d087ce3625e1c2ba74d.jpg,OHI_datasetIMG_4557_JPG,False,EXCLUDE,roboflow_augmentation_duplicate,14,False,photo_like
train,OHI_datasetIMG_4565_JPG.rf.088fbdd7bf8056881cebe1b7e0005b09.jpg,OHI_datasetIMG_4565_JPG,True,KEEP,color_clinical_like,10,False,photo_like
train,OHI_datasetIMG_4565_JPG.rf.978afb046bbee44784bf480fbb018f58.jpg,OHI_datasetIMG_4565_JPG,False,EXCLUDE,roboflow_augmentation_duplicate,10,False,photo_like
train,OHI_datasetIMG_4565_JPG.rf.f9cf9071030b88ef4f92b73d5f362ab5.jpg,OHI_datasetIMG_4565_JPG,False,EXCLUDE,roboflow_augmentation_duplicate,10,False,photo_like
train,OHI_datasetIMG_4567_JPG.rf.72e71c1c300e45a32e9d5d0dbd4ceee4.jpg,OHI_datasetIMG_4567_JPG,True,KEEP,color_clinical_like,14,False,photo_like
train,OHI_datasetIMG_4567_JPG.rf.da094ee0c956d0800eb0d2b4ee4fa59f.jpg,OHI_datasetIMG_4567_JPG,False,EXCLUDE,roboflow_augmentation_duplicate,14,False,photo_like
train,OHI_datasetIMG_4567_JPG.rf.e37e33a7331a6179143588a0b0907507.jpg,OHI_datasetIMG_4567_JPG,False,EXCLUDE,roboflow_augmentation_duplicate,14,True,photo_like
train,OHI_datasetIMG_4569_JPG.rf.12624e4085e12bfcebdd5967d92eb129.jpg,OHI_datasetIMG_4569_JPG,True,KEEP,color_clinical_like,13,False,photo_like
train,OHI_datasetIMG_4569_JPG.rf.52f9f6a03b4ed7d0427caf041951655b.jpg,OHI_datasetIMG_4569_JPG,False,EXCLUDE,roboflow_augmentation_duplicate,13,False,photo_like
train,OHI_datasetIMG_4569_JPG.rf.e0c24f744a85d9d4f77daa12f73a36d1.jpg,OHI_datasetIMG_4569_JPG,False,EXCLUDE,roboflow_augmentation_duplicate,13,False,photo_like
train,OHI_datasetIMG_4573_JPG.rf.6a0dd1cfa379a7a2ef64b7a09fe2c0f6.jpg,OHI_datasetIMG_4573_JPG,True,KEEP,color_clinical_like,26,False,photo_like
train,OHI_datasetIMG_4573_JPG.rf.73f7cfcfd9ad0cbcc3a72893226acc35.jpg,OHI_datasetIMG_4573_JPG,False,EXCLUDE,roboflow_augmentation_duplicate,26,False,photo_like
train,OHI_datasetIMG_4573_JPG.rf.c36357ee876af69a02ebb98b8b53a5ac.jpg,OHI_datasetIMG_4573_JPG,False,EXCLUDE,roboflow_augmentation_duplicate,26,False,photo_like
train,OHI_datasetIMG_4584_JPG.rf.b548bd63b7135e8f7538124df969309f.jpg,OHI_datasetIMG_4584_JPG,True,KEEP,color_clinical_like,10,False,photo_like
train,OHI_datasetIMG_4584_JPG.rf.ca1043bdac01983ca44051b8f667bd99.jpg,OHI_datasetIMG_4584_JPG,False,EXCLUDE,roboflow_augmentation_duplicate,10,False,photo_like
train,OHI_datasetIMG_4584_JPG.rf.fa4178631d02033270c89c28a0360f55.jpg,OHI_datasetIMG_4584_JPG,False,EXCLUDE,roboflow_augmentation_duplicate,10,False,photo_like
train,OHI_datasetIMG_4585_JPG.rf.174ce0a168bcf4cf7f42c6743aaaec5a.jpg,OHI_datasetIMG_4585_JPG,True,KEEP,color_clinical_like,14,False,photo_like
train,OHI_datasetIMG_4585_JPG.rf.2f885c129973f2cc5b73981cb83b15cb.jpg,OHI_datasetIMG_4585_JPG,False,EXCLUDE,roboflow_augmentation_duplicate,14,False,photo_like
train,OHI_datasetIMG_4585_JPG.rf.69ea3032113efeda94accbf0bc5b535a.jpg,OHI_datasetIMG_4585_JPG,False,EXCLUDE,roboflow_augmentation_duplicate,14,False,photo_like
train,OHI_datasetIMG_4589_JPG.rf.30c475fc8b7f088d7bb662b051394673.jpg,OHI_datasetIMG_4589_JPG,True,KEEP,color_clinical_like,24,False,photo_like
train,OHI_datasetIMG_4589_JPG.rf.9dec31a026c8b0ea1a6ae029eb48723a.jpg,OHI_datasetIMG_4589_JPG,False,EXCLUDE,roboflow_augmentation_duplicate,24,False,photo_like
train,OHI_datasetIMG_4589_JPG.rf.d00034e8cd6a8836bec3a1c54d10b51e.jpg,OHI_datasetIMG_4589_JPG,False,EXCLUDE,roboflow_augmentation_duplicate,24,False,photo_like
train,OHI_datasetIMG_4593_JPG.rf.daa35b0fdc6178e6e40250b3365eacc1.jpg,OHI_datasetIMG_4593_JPG,True,KEEP,color_clinical_like,12,False,photo_like
train,OHI_datasetIMG_4593_JPG.rf.e2836d1ae1a075b480cd3962be12bba1.jpg,OHI_datasetIMG_4593_JPG,False,EXCLUDE,roboflow_augmentation_duplicate,12,False,photo_like
train,OHI_datasetIMG_4593_JPG.rf.fc3df06773216a891c671f2120a5a044.jpg,OHI_datasetIMG_4593_JPG,False,EXCLUDE,roboflow_augmentation_duplicate,12,False,photo_like
train,OHI_datasetIMG_4594_JPG.rf.3609ac2439b7948cadf1d13fc5f74189.jpg,OHI_datasetIMG_4594_JPG,True,KEEP,color_clinical_like,13,False,photo_like
train,OHI_datasetIMG_4594_JPG.rf.89b85befbe38e354e65c8c57a84b73d8.jpg,OHI_datasetIMG_4594_JPG,False,EXCLUDE,roboflow_augmentation_duplicate,13,False,photo_like
train,OHI_datasetIMG_4594_JPG.rf.f39e6e7ba8aa721c8cac9edade6d9d53.jpg,OHI_datasetIMG_4594_JPG,False,EXCLUDE,roboflow_augmentation_duplicate,13,True,photo_like
train,OHI_datasetIMG_4600_JPG.rf.50389ff0703dff09eec43d14c5e9071f.jpg,OHI_datasetIMG_4600_JPG,True,KEEP,color_clinical_like,28,False,photo_like
train,OHI_datasetIMG_4600_JPG.rf.57b11e9ef7b2ce4642249b34520dac80.jpg,OHI_datasetIMG_4600_JPG,False,EXCLUDE,roboflow_augmentation_duplicate,28,False,photo_like
train,OHI_datasetIMG_4600_JPG.rf.8defdc0d35d20ff54e0e4e6ff0ea69dc.jpg,OHI_datasetIMG_4600_JPG,False,EXCLUDE,roboflow_augmentation_duplicate,28,False,photo_like
train,OHI_datasetIMG_4601_JPG.rf.abafbb2f168db06e5a5464ac6ec48d4c.jpg,OHI_datasetIMG_4601_JPG,True,KEEP,color_clinical_like,15,False,photo_like
train,OHI_datasetIMG_4601_JPG.rf.af9c0bca0deec31019a9d691d2591a99.jpg,OHI_datasetIMG_4601_JPG,False,EXCLUDE,roboflow_augmentation_duplicate,15,False,photo_like
train,OHI_datasetIMG_4601_JPG.rf.fc7b9801ebbaf27fd2ee091fa5ecc332.jpg,OHI_datasetIMG_4601_JPG,False,EXCLUDE,roboflow_augmentation_duplicate,15,False,photo_like
train,OHI_datasetIMG_4602_JPG.rf.0018277afc61e909011e570a74c0e49a.jpg,OHI_datasetIMG_4602_JPG,True,KEEP,color_clinical_like,14,False,photo_like
train,OHI_datasetIMG_4602_JPG.rf.a609f2fa9883b271bef73ed507281511.jpg,OHI_datasetIMG_4602_JPG,False,EXCLUDE,roboflow_augmentation_duplicate,14,False,photo_like
train,OHI_datasetIMG_4602_JPG.rf.f0fe462832deea402ba1dc33e16a5b1c.jpg,OHI_datasetIMG_4602_JPG,False,EXCLUDE,roboflow_augmentation_duplicate,14,False,photo_like
train,OHI_datasetIMG_4607_JPG.rf.3f34038a659f52f0f2a46d43996639b9.jpg,OHI_datasetIMG_4607_JPG,True,REVIEW,near_grayscale_color_stats,12,True,photo_like
train,OHI_datasetIMG_4607_JPG.rf.6a55e72190274abffdcf24d301346c6f.jpg,OHI_datasetIMG_4607_JPG,False,EXCLUDE,roboflow_augmentation_duplicate,12,False,photo_like
train,OHI_datasetIMG_4607_JPG.rf.cfe2d7fedd5702f3d9a30fae6e7c7b92.jpg,OHI_datasetIMG_4607_JPG,False,EXCLUDE,roboflow_augmentation_duplicate,12,False,photo_like
train,OHI_datasetIMG_4608_JPG.rf.76c50ebce49ecd83718dbb102ede0480.jpg,OHI_datasetIMG_4608_JPG,True,KEEP,color_clinical_like,14,False,photo_like
train,OHI_datasetIMG_4608_JPG.rf.816371248c87aac06f4d5bbe42a8bd93.jpg,OHI_datasetIMG_4608_JPG,False,EXCLUDE,roboflow_augmentation_duplicate,14,True,photo_like
train,OHI_datasetIMG_4608_JPG.rf.c7e5f5f6a13e734810cec4d7d2599d9f.jpg,OHI_datasetIMG_4608_JPG,False,EXCLUDE,roboflow_augmentation_duplicate,14,False,photo_like
train,OHI_datasetIMG_4612_JPG.rf.0cf5fc01eb29880e47c6653ed01a8c78.jpg,OHI_datasetIMG_4612_JPG,True,REVIEW,near_grayscale_color_stats,27,True,photo_like
train,OHI_datasetIMG_4612_JPG.rf.a14e39367e03c92821aca57e005c8fe4.jpg,OHI_datasetIMG_4612_JPG,False,EXCLUDE,roboflow_augmentation_duplicate,27,False,photo_like
train,OHI_datasetIMG_4612_JPG.rf.c452131034a2cc58458049178b6b95aa.jpg,OHI_datasetIMG_4612_JPG,False,EXCLUDE,roboflow_augmentation_duplicate,27,False,photo_like
train,OHI_datasetIMG_4614_JPG.rf.39e7f57536ac6a26e74e9eb6887c0d82.jpg,OHI_datasetIMG_4614_JPG,True,KEEP,color_clinical_like,14,False,photo_like
train,OHI_datasetIMG_4614_JPG.rf.8a1dcd6ce2829e0bd6b79b4499542512.jpg,OHI_datasetIMG_4614_JPG,False,EXCLUDE,roboflow_augmentation_duplicate,14,False,photo_like
train,OHI_datasetIMG_4614_JPG.rf.d836626a53ca7110ee11f137ff8600fc.jpg,OHI_datasetIMG_4614_JPG,False,EXCLUDE,roboflow_augmentation_duplicate,14,False,photo_like
train,OHI_datasetIMG_4632_JPG.rf.6d289ec9ce1688a3dfa68b4591d70aed.jpg,OHI_datasetIMG_4632_JPG,True,KEEP,color_clinical_like,14,False,photo_like
train,OHI_datasetIMG_4632_JPG.rf.7ac7f91a93f332e6083e729bd7fb4753.jpg,OHI_datasetIMG_4632_JPG,False,EXCLUDE,roboflow_augmentation_duplicate,14,False,photo_like
train,OHI_datasetIMG_4632_JPG.rf.bf67620d040f5c8b4a4e4dc1a8e29340.jpg,OHI_datasetIMG_4632_JPG,False,EXCLUDE,roboflow_augmentation_duplicate,14,False,photo_like
train,OHI_datasetIMG_4635_JPG.rf.38948747407d2ce9da877e39e98afb05.jpg,OHI_datasetIMG_4635_JPG,True,KEEP,color_clinical_like,28,False,photo_like
train,OHI_datasetIMG_4635_JPG.rf.5853fbdf8d0e946a2b4bc3877e884b01.jpg,OHI_datasetIMG_4635_JPG,False,EXCLUDE,roboflow_augmentation_duplicate,28,False,photo_like
train,OHI_datasetIMG_4635_JPG.rf.861156d120d3cd8810d06a2cce6704ab.jpg,OHI_datasetIMG_4635_JPG,False,EXCLUDE,roboflow_augmentation_duplicate,28,False,photo_like
train,OHI_datasetIMG_4637_JPG.rf.2e92844f6768e3810bc1ccd0dfdf21d7.jpg,OHI_datasetIMG_4637_JPG,True,KEEP,color_clinical_like,27,False,photo_like
train,OHI_datasetIMG_4637_JPG.rf.6e2ae93cd07e24466e3eb745aa34f908.jpg,OHI_datasetIMG_4637_JPG,False,EXCLUDE,roboflow_augmentation_duplicate,27,False,photo_like
train,OHI_datasetIMG_4637_JPG.rf.c6d6b19997383f597da704e710c755cb.jpg,OHI_datasetIMG_4637_JPG,False,EXCLUDE,roboflow_augmentation_duplicate,27,False,photo_like
train,OHI_datasetIMG_4638_JPG.rf.70ac847eaf32b108661f04a26738b76e.jpg,OHI_datasetIMG_4638_JPG,True,KEEP,color_clinical_like,14,False,photo_like
train,OHI_datasetIMG_4638_JPG.rf.c31c442a237ba239ea4cee3f4652fa2d.jpg,OHI_datasetIMG_4638_JPG,False,EXCLUDE,roboflow_augmentation_duplicate,14,False,photo_like
train,OHI_datasetIMG_4638_JPG.rf.efc9927f87c19029e9bbc3be10d726cd.jpg,OHI_datasetIMG_4638_JPG,False,EXCLUDE,roboflow_augmentation_duplicate,14,True,photo_like
train,OHI_datasetIMG_4639_JPG.rf.9a1fda6b63f1c08a40f27c9a5d5bc1c2.jpg,OHI_datasetIMG_4639_JPG,True,KEEP,color_clinical_like,14,False,photo_like
train,OHI_datasetIMG_4639_JPG.rf.9b188d43774e3951ce3688b02a209568.jpg,OHI_datasetIMG_4639_JPG,False,EXCLUDE,roboflow_augmentation_duplicate,14,False,photo_like
train,OHI_datasetIMG_4639_JPG.rf.ad6f32d7382b4eff149587060123b79c.jpg,OHI_datasetIMG_4639_JPG,False,EXCLUDE,roboflow_augmentation_duplicate,14,False,photo_like
train,OHI_datasetIMG_4648_JPG.rf.1d1708baf3978d5dd5d3a3ccb914ab60.jpg,OHI_datasetIMG_4648_JPG,True,KEEP,color_clinical_like,25,False,photo_like
train,OHI_datasetIMG_4648_JPG.rf.8ddce0b082de567447e426d7f1243fbe.jpg,OHI_datasetIMG_4648_JPG,False,EXCLUDE,roboflow_augmentation_duplicate,25,False,photo_like
train,OHI_datasetIMG_4648_JPG.rf.ca918a85c593b1ab172605e8fdbd1620.jpg,OHI_datasetIMG_4648_JPG,False,EXCLUDE,roboflow_augmentation_duplicate,25,True,photo_like
train,OHI_datasetIMG_4649_JPG.rf.0ed933497fc4ea8fd6b61a93207d0e7a.jpg,OHI_datasetIMG_4649_JPG,True,KEEP,color_clinical_like,14,False,photo_like
train,OHI_datasetIMG_4649_JPG.rf.117e4cf59b12df5e1cc12948796ee2de.jpg,OHI_datasetIMG_4649_JPG,False,EXCLUDE,roboflow_augmentation_duplicate,14,False,photo_like
train,OHI_datasetIMG_4649_JPG.rf.f0497b63f46ecd7b58eafff5e8922cdb.jpg,OHI_datasetIMG_4649_JPG,False,EXCLUDE,roboflow_augmentation_duplicate,14,False,photo_like
train,OHI_datasetIMG_4655_JPG.rf.60f4cd55f200c60402e4177d5e63f4b3.jpg,OHI_datasetIMG_4655_JPG,True,KEEP,color_clinical_like,27,False,photo_like
train,OHI_datasetIMG_4655_JPG.rf.b060847c476411d04ebd5be42290d89a.jpg,OHI_datasetIMG_4655_JPG,False,EXCLUDE,roboflow_augmentation_duplicate,27,False,photo_like
train,OHI_datasetIMG_4655_JPG.rf.e883dbba90212dfc82ce9809390e40e6.jpg,OHI_datasetIMG_4655_JPG,False,EXCLUDE,roboflow_augmentation_duplicate,27,False,photo_like
train,OHI_datasetIMG_4656_JPG.rf.19ebbc32aa9a7bc4c375f257c5e4c4fc.jpg,OHI_datasetIMG_4656_JPG,True,KEEP,color_clinical_like,14,False,photo_like
train,OHI_datasetIMG_4656_JPG.rf.340046aa1037a0b4d9dc770d8df33300.jpg,OHI_datasetIMG_4656_JPG,False,EXCLUDE,roboflow_augmentation_duplicate,14,False,photo_like
train,OHI_datasetIMG_4656_JPG.rf.ec69045c0ba9c68ebce447778ac429de.jpg,OHI_datasetIMG_4656_JPG,False,EXCLUDE,roboflow_augmentation_duplicate,14,False,photo_like
train,OHI_datasetIMG_4666_JPG.rf.02764bbea297c65bb50805c7028f2a25.jpg,OHI_datasetIMG_4666_JPG,True,KEEP,color_clinical_like,25,False,photo_like
train,OHI_datasetIMG_4666_JPG.rf.310440bea54c5d9b2cb026bee54afe32.jpg,OHI_datasetIMG_4666_JPG,False,EXCLUDE,roboflow_augmentation_duplicate,25,False,photo_like
train,OHI_datasetIMG_4666_JPG.rf.398e5fdf9173ed3f6dab8f121e8e7133.jpg,OHI_datasetIMG_4666_JPG,False,EXCLUDE,roboflow_augmentation_duplicate,25,False,photo_like
train,OHI_datasetIMG_4667_JPG.rf.6a0a04cdea08b4f3231349f72eb2040e.jpg,OHI_datasetIMG_4667_JPG,True,KEEP,color_clinical_like,14,False,photo_like
train,OHI_datasetIMG_4667_JPG.rf.9bbf54a1a9e44a7ad83ca0307d5070e0.jpg,OHI_datasetIMG_4667_JPG,False,EXCLUDE,roboflow_augmentation_duplicate,14,False,photo_like
train,OHI_datasetIMG_4667_JPG.rf.bd989bb5f25ed2b6990dc7cff58606ea.jpg,OHI_datasetIMG_4667_JPG,False,EXCLUDE,roboflow_augmentation_duplicate,14,False,photo_like
train,OHI_datasetIMG_4672_JPG.rf.345d114dfca2a1d77074acaef1817089.jpg,OHI_datasetIMG_4672_JPG,True,KEEP,color_clinical_like,24,False,photo_like
train,OHI_datasetIMG_4672_JPG.rf.5f598d23788ec7689c47f36aec037797.jpg,OHI_datasetIMG_4672_JPG,False,EXCLUDE,roboflow_augmentation_duplicate,24,False,photo_like
train,OHI_datasetIMG_4672_JPG.rf.caa8282d58a2dc17d6b7decf42ddfa78.jpg,OHI_datasetIMG_4672_JPG,False,EXCLUDE,roboflow_augmentation_duplicate,24,False,photo_like
train,OHI_datasetIMG_4673_JPG.rf.3ee5ac4fb0554c4ee703a360a4262800.jpg,OHI_datasetIMG_4673_JPG,True,KEEP,color_clinical_like,16,False,photo_like
train,OHI_datasetIMG_4673_JPG.rf.5369d12164faee04e64bc3df9baeb63f.jpg,OHI_datasetIMG_4673_JPG,False,EXCLUDE,roboflow_augmentation_duplicate,16,False,photo_like
train,OHI_datasetIMG_4673_JPG.rf.595014a1b1d3131f48d5b7c83c9a8d7c.jpg,OHI_datasetIMG_4673_JPG,False,EXCLUDE,roboflow_augmentation_duplicate,16,False,photo_like
train,OHI_datasetIMG_4683_JPG.rf.31d01e47c67384e7b47460721769a854.jpg,OHI_datasetIMG_4683_JPG,True,KEEP,color_clinical_like,13,False,photo_like
train,OHI_datasetIMG_4683_JPG.rf.66df367569c071bc3b945353ed6e89ce.jpg,OHI_datasetIMG_4683_JPG,False,EXCLUDE,roboflow_augmentation_duplicate,13,False,photo_like
train,OHI_datasetIMG_4683_JPG.rf.ea82e8ff1b8f3ea660e9af59757d408c.jpg,OHI_datasetIMG_4683_JPG,False,EXCLUDE,roboflow_augmentation_duplicate,13,False,photo_like
train,OHI_datasetIMG_4685_JPG.rf.11c597fb7ef653f01a3a02a88e7ea886.jpg,OHI_datasetIMG_4685_JPG,True,KEEP,color_clinical_like,26,False,photo_like
train,OHI_datasetIMG_4685_JPG.rf.ac886fedd0f091ba46f38b705973c976.jpg,OHI_datasetIMG_4685_JPG,False,EXCLUDE,roboflow_augmentation_duplicate,26,False,photo_like
train,OHI_datasetIMG_4685_JPG.rf.b94ff4dd9c535c0bd697d1c179382baa.jpg,OHI_datasetIMG_4685_JPG,False,EXCLUDE,roboflow_augmentation_duplicate,26,False,photo_like
train,OHI_datasetIMG_4686_JPG.rf.392862ff5d06e6662c62eb1914c3120b.jpg,OHI_datasetIMG_4686_JPG,True,KEEP,color_clinical_like,12,False,photo_like
train,OHI_datasetIMG_4686_JPG.rf.47e3c394e5972480b40a3dc488ab463b.jpg,OHI_datasetIMG_4686_JPG,False,EXCLUDE,roboflow_augmentation_duplicate,12,True,photo_like
train,OHI_datasetIMG_4686_JPG.rf.7d31c73f9564c77d1553b22ce4726ae9.jpg,OHI_datasetIMG_4686_JPG,False,EXCLUDE,roboflow_augmentation_duplicate,12,False,photo_like
train,OHI_datasetIMG_4691_JPG.rf.6053b341018c66c9a1f79d99daf5989b.jpg,OHI_datasetIMG_4691_JPG,True,KEEP,color_clinical_like,30,False,photo_like
train,OHI_datasetIMG_4691_JPG.rf.9d3df671ad0623012ea02100f7c03b9a.jpg,OHI_datasetIMG_4691_JPG,False,EXCLUDE,roboflow_augmentation_duplicate,30,False,photo_like
train,OHI_datasetIMG_4691_JPG.rf.e529f9cc4e5bca16b1544459ba2cf335.jpg,OHI_datasetIMG_4691_JPG,False,EXCLUDE,roboflow_augmentation_duplicate,30,False,photo_like
train,OHI_datasetIMG_4693_JPG.rf.1cfd4663ff0bab7e1ceb6e530eb4bc32.jpg,OHI_datasetIMG_4693_JPG,True,KEEP,color_clinical_like,15,False,photo_like
train,OHI_datasetIMG_4693_JPG.rf.4e42f0f4e03f2d4218231d7d871eb6a9.jpg,OHI_datasetIMG_4693_JPG,False,EXCLUDE,roboflow_augmentation_duplicate,15,False,photo_like
train,OHI_datasetIMG_4693_JPG.rf.fbe449f861aec0ff25a636303a0766b6.jpg,OHI_datasetIMG_4693_JPG,False,EXCLUDE,roboflow_augmentation_duplicate,15,False,photo_like
train,OHI_datasetIMG_4694_JPG.rf.663990b7c82824df3f253a5187404879.jpg,OHI_datasetIMG_4694_JPG,True,KEEP,color_clinical_like,12,False,photo_like
train,OHI_datasetIMG_4694_JPG.rf.8b4eb9779cc17983f3c16d9abaf92b1a.jpg,OHI_datasetIMG_4694_JPG,False,EXCLUDE,roboflow_augmentation_duplicate,12,False,photo_like
train,OHI_datasetIMG_4694_JPG.rf.af40cb6dcda24f33c389e40b43f0dfb0.jpg,OHI_datasetIMG_4694_JPG,False,EXCLUDE,roboflow_augmentation_duplicate,12,False,photo_like
train,OHI_datasetIMG_4697_JPG.rf.9616c0adb320cec4ae0b5b51b39bc64c.jpg,OHI_datasetIMG_4697_JPG,True,KEEP,color_clinical_like,26,False,photo_like
train,OHI_datasetIMG_4697_JPG.rf.e42f387773ca90ac620cabb1794a66f9.jpg,OHI_datasetIMG_4697_JPG,False,EXCLUDE,roboflow_augmentation_duplicate,26,False,photo_like
train,OHI_datasetIMG_4697_JPG.rf.e830f53558b41775987556059185f470.jpg,OHI_datasetIMG_4697_JPG,False,EXCLUDE,roboflow_augmentation_duplicate,26,True,photo_like
train,OHI_datasetIMG_4698_JPG.rf.228626a32f36bb949ae40e49b7cb5709.jpg,OHI_datasetIMG_4698_JPG,True,KEEP,color_clinical_like,14,False,photo_like
train,OHI_datasetIMG_4698_JPG.rf.2ec1bcc41f020f7f0c0ba2a3043bd876.jpg,OHI_datasetIMG_4698_JPG,False,EXCLUDE,roboflow_augmentation_duplicate,14,False,photo_like
train,OHI_datasetIMG_4698_JPG.rf.a52387c1c6925122dbc62dfd75d981c5.jpg,OHI_datasetIMG_4698_JPG,False,EXCLUDE,roboflow_augmentation_duplicate,14,False,photo_like
train,OHI_datasetIMG_4699_JPG.rf.7bb6535c7fbea5a5077fab704d8a7901.jpg,OHI_datasetIMG_4699_JPG,True,KEEP,color_clinical_like,13,False,photo_like
train,OHI_datasetIMG_4699_JPG.rf.88140227ca8142d29980a445d6af0f39.jpg,OHI_datasetIMG_4699_JPG,False,EXCLUDE,roboflow_augmentation_duplicate,13,False,photo_like
train,OHI_datasetIMG_4699_JPG.rf.f67ccd236e2abb4365690cca0b32f743.jpg,OHI_datasetIMG_4699_JPG,False,EXCLUDE,roboflow_augmentation_duplicate,13,False,photo_like
train,OHI_datasetIMG_4700_JPG.rf.1124e05f52d50b127f791e2bf7762b9e.jpg,OHI_datasetIMG_4700_JPG,True,KEEP,color_clinical_like,23,False,photo_like
train,OHI_datasetIMG_4700_JPG.rf.436cc39756f9d3302eb0c04e5e6fe6e6.jpg,OHI_datasetIMG_4700_JPG,False,EXCLUDE,roboflow_augmentation_duplicate,23,True,photo_like
train,OHI_datasetIMG_4700_JPG.rf.bab9ec6d4e625520267f742e984bca05.jpg,OHI_datasetIMG_4700_JPG,False,EXCLUDE,roboflow_augmentation_duplicate,23,False,photo_like
train,OHI_datasetIMG_4702_JPG.rf.7083b9e6656f26f71f1f6e46f200c60c.jpg,OHI_datasetIMG_4702_JPG,True,REVIEW,near_grayscale_color_stats,11,True,photo_like
train,OHI_datasetIMG_4702_JPG.rf.ae07c201d17804f87d7c22bc019c4b8f.jpg,OHI_datasetIMG_4702_JPG,False,EXCLUDE,roboflow_augmentation_duplicate,11,False,photo_like
train,OHI_datasetIMG_4702_JPG.rf.b3ab62e9a3891f337b492fcb910b3dd8.jpg,OHI_datasetIMG_4702_JPG,False,EXCLUDE,roboflow_augmentation_duplicate,11,False,photo_like
train,OHI_datasetIMG_4712_JPG.rf.1c0ff25a94ebb762da017472fa03978c.jpg,OHI_datasetIMG_4712_JPG,True,KEEP,color_clinical_like,25,False,photo_like
train,OHI_datasetIMG_4712_JPG.rf.4ec71b0083ec40169b07eaa2b53db943.jpg,OHI_datasetIMG_4712_JPG,False,EXCLUDE,roboflow_augmentation_duplicate,25,False,photo_like
train,OHI_datasetIMG_4712_JPG.rf.5ca79af792a66a08a7d9217725fba08f.jpg,OHI_datasetIMG_4712_JPG,False,EXCLUDE,roboflow_augmentation_duplicate,25,False,photo_like
train,OHI_datasetIMG_4713_JPG.rf.86a59fd64cbe59aafc55285b3290bdd2.jpg,OHI_datasetIMG_4713_JPG,True,KEEP,color_clinical_like,28,False,photo_like
train,OHI_datasetIMG_4713_JPG.rf.99095a8714d259c0d5bd370636203c36.jpg,OHI_datasetIMG_4713_JPG,False,EXCLUDE,roboflow_augmentation_duplicate,28,False,photo_like
train,OHI_datasetIMG_4713_JPG.rf.d7d51e18d835265424ab4b32f08ac7cd.jpg,OHI_datasetIMG_4713_JPG,False,EXCLUDE,roboflow_augmentation_duplicate,28,False,photo_like
train,OHI_datasetIMG_4718_JPG.rf.4ef96e0673562e7395771f319ad2b1f7.jpg,OHI_datasetIMG_4718_JPG,True,KEEP,color_clinical_like,21,False,photo_like
train,OHI_datasetIMG_4718_JPG.rf.cf9fa121f5466872b3de050c19868922.jpg,OHI_datasetIMG_4718_JPG,False,EXCLUDE,roboflow_augmentation_duplicate,21,False,photo_like
train,OHI_datasetIMG_4718_JPG.rf.d9031939eb3595c0f2e1eca437ff6404.jpg,OHI_datasetIMG_4718_JPG,False,EXCLUDE,roboflow_augmentation_duplicate,21,False,photo_like
train,OHI_datasetIMG_4721_JPG.rf.050db2a2d136fb537e19a7c46916a8a4.jpg,OHI_datasetIMG_4721_JPG,True,KEEP,color_clinical_like,10,False,photo_like
train,OHI_datasetIMG_4721_JPG.rf.48d6ca7ca95a0bc695f097c0b78605cb.jpg,OHI_datasetIMG_4721_JPG,False,EXCLUDE,roboflow_augmentation_duplicate,10,False,photo_like
train,OHI_datasetIMG_4721_JPG.rf.f8d5d9c53f7546a302893b50b027f702.jpg,OHI_datasetIMG_4721_JPG,False,EXCLUDE,roboflow_augmentation_duplicate,10,False,photo_like
train,OHI_datasetIMG_4724_JPG.rf.80bd2d4f2692a4ec7e8c3d05ffcf18ba.jpg,OHI_datasetIMG_4724_JPG,True,KEEP,color_clinical_like,11,False,photo_like
train,OHI_datasetIMG_4724_JPG.rf.b53e1df9b2fd6cb0a6cbfba142a00801.jpg,OHI_datasetIMG_4724_JPG,False,EXCLUDE,roboflow_augmentation_duplicate,11,False,photo_like
train,OHI_datasetIMG_4724_JPG.rf.f3f5e0b5c965b957e4847a45e6e5dab7.jpg,OHI_datasetIMG_4724_JPG,False,EXCLUDE,roboflow_augmentation_duplicate,11,False,photo_like
train,OHI_datasetIMG_4732_JPG.rf.05c5680e08cf8f534f9f490e01a2de18.jpg,OHI_datasetIMG_4732_JPG,True,KEEP,color_clinical_like,22,False,photo_like
train,OHI_datasetIMG_4732_JPG.rf.05f085e7627feab1258cf77a63c65b4b.jpg,OHI_datasetIMG_4732_JPG,False,EXCLUDE,roboflow_augmentation_duplicate,22,False,photo_like
train,OHI_datasetIMG_4732_JPG.rf.bb1e885b7607e77d8db9505014c40fe1.jpg,OHI_datasetIMG_4732_JPG,False,EXCLUDE,roboflow_augmentation_duplicate,22,False,photo_like
train,OHI_datasetIMG_4743_JPG.rf.0a6297aa6adb47f00ae0462062abca05.jpg,OHI_datasetIMG_4743_JPG,True,KEEP,color_clinical_like,14,False,photo_like
train,OHI_datasetIMG_4743_JPG.rf.5e2af1a3afb65d5e28fee8edbcfc5d8b.jpg,OHI_datasetIMG_4743_JPG,False,EXCLUDE,roboflow_augmentation_duplicate,14,True,photo_like
train,OHI_datasetIMG_4743_JPG.rf.6bc9fbf1cd43fb19b7b77fb796ef373d.jpg,OHI_datasetIMG_4743_JPG,False,EXCLUDE,roboflow_augmentation_duplicate,14,False,photo_like
train,OHI_datasetIMG_4747_JPG.rf.2a3f275d5b2f8f86fcb1606d46911a55.jpg,OHI_datasetIMG_4747_JPG,True,KEEP,color_clinical_like,23,False,photo_like
train,OHI_datasetIMG_4747_JPG.rf.3c6af99f08a3f3a0e3bdb29d93ce301a.jpg,OHI_datasetIMG_4747_JPG,False,EXCLUDE,roboflow_augmentation_duplicate,23,True,photo_like
train,OHI_datasetIMG_4747_JPG.rf.e78780b0de1edbdf1523e4a3574b1b1a.jpg,OHI_datasetIMG_4747_JPG,False,EXCLUDE,roboflow_augmentation_duplicate,23,False,photo_like
train,OHI_datasetIMG_4749_JPG.rf.00918efaef874884f6d23ea7d06a34ad.jpg,OHI_datasetIMG_4749_JPG,True,KEEP,color_clinical_like,12,False,photo_like
train,OHI_datasetIMG_4749_JPG.rf.46a09b0a4bf83fe60d58b9828dadebc4.jpg,OHI_datasetIMG_4749_JPG,False,EXCLUDE,roboflow_augmentation_duplicate,12,False,photo_like
train,OHI_datasetIMG_4749_JPG.rf.902dea7cabaa57498f2c6d415887bf99.jpg,OHI_datasetIMG_4749_JPG,False,EXCLUDE,roboflow_augmentation_duplicate,12,False,photo_like
train,OHI_datasetIMG_4753_JPG.rf.067ea770a01fad5a4a84dc00c04fc3ed.jpg,OHI_datasetIMG_4753_JPG,True,KEEP,color_clinical_like,32,False,photo_like
train,OHI_datasetIMG_4753_JPG.rf.0d2dae02ce31e6e49f640aa9cb96ddc4.jpg,OHI_datasetIMG_4753_JPG,False,EXCLUDE,roboflow_augmentation_duplicate,32,False,photo_like
train,OHI_datasetIMG_4753_JPG.rf.dc80abe89e061cec9acfce4d0c0ebabd.jpg,OHI_datasetIMG_4753_JPG,False,EXCLUDE,roboflow_augmentation_duplicate,32,False,photo_like
train,OHI_datasetIMG_4755_JPG.rf.0364d9d9e5a1f8d2b467f193a59ddabb.jpg,OHI_datasetIMG_4755_JPG,True,KEEP,color_clinical_like,16,False,photo_like
train,OHI_datasetIMG_4755_JPG.rf.72d14544d1abaf3be4392c6bfd68fed6.jpg,OHI_datasetIMG_4755_JPG,False,EXCLUDE,roboflow_augmentation_duplicate,16,False,photo_like
train,OHI_datasetIMG_4755_JPG.rf.d04a44ea2f3989324986970ce4172168.jpg,OHI_datasetIMG_4755_JPG,False,EXCLUDE,roboflow_augmentation_duplicate,16,True,photo_like
train,OHI_datasetIMG_4763_JPG.rf.2d6b09b51dd662ce6180da90198d97f4.jpg,OHI_datasetIMG_4763_JPG,True,KEEP,color_clinical_like,23,False,photo_like
train,OHI_datasetIMG_4763_JPG.rf.41dd570c2315863e8bea5f9c842293f7.jpg,OHI_datasetIMG_4763_JPG,False,EXCLUDE,roboflow_augmentation_duplicate,23,False,photo_like
train,OHI_datasetIMG_4763_JPG.rf.cea415fc21bef2892c4aa9a2f2b1ff0d.jpg,OHI_datasetIMG_4763_JPG,False,EXCLUDE,roboflow_augmentation_duplicate,23,False,photo_like
train,OHI_datasetIMG_4768_JPG.rf.65892d5483d8d5c9452a9f953731aef1.jpg,OHI_datasetIMG_4768_JPG,True,KEEP,color_clinical_like,14,False,photo_like
train,OHI_datasetIMG_4768_JPG.rf.a7d171c74d5d386ebd4bd0d3945725f6.jpg,OHI_datasetIMG_4768_JPG,False,EXCLUDE,roboflow_augmentation_duplicate,14,False,photo_like
train,OHI_datasetIMG_4768_JPG.rf.be52d4ed9fd566c96fd7972a5ed407f9.jpg,OHI_datasetIMG_4768_JPG,False,EXCLUDE,roboflow_augmentation_duplicate,14,False,photo_like
train,OHI_datasetIMG_4769_JPG.rf.c988c66dc5b2289d57140ef8cd39e487.jpg,OHI_datasetIMG_4769_JPG,True,KEEP,color_clinical_like,13,False,photo_like
train,OHI_datasetIMG_4769_JPG.rf.d5e8b649fcba6b6af96d3c9aeab30a33.jpg,OHI_datasetIMG_4769_JPG,False,EXCLUDE,roboflow_augmentation_duplicate,13,False,photo_like
train,OHI_datasetIMG_4769_JPG.rf.d87ef1d0e1c1527da2fd0061b28db23e.jpg,OHI_datasetIMG_4769_JPG,False,EXCLUDE,roboflow_augmentation_duplicate,13,False,photo_like
train,OHI_datasetIMG_4774_JPG.rf.2374b28a227fd5d2a72f0eb7d4dae1da.jpg,OHI_datasetIMG_4774_JPG,True,KEEP,color_clinical_like,28,False,photo_like
train,OHI_datasetIMG_4774_JPG.rf.2d24bb59fc751bf8781a13d822eca469.jpg,OHI_datasetIMG_4774_JPG,False,EXCLUDE,roboflow_augmentation_duplicate,28,True,photo_like
train,OHI_datasetIMG_4774_JPG.rf.c98faf74419599823cef94172b476b7a.jpg,OHI_datasetIMG_4774_JPG,False,EXCLUDE,roboflow_augmentation_duplicate,28,False,photo_like
train,OHI_datasetIMG_4776_JPG.rf.1f795947015950d522decb2807270a56.jpg,OHI_datasetIMG_4776_JPG,True,KEEP,color_clinical_like,14,False,photo_like
train,OHI_datasetIMG_4776_JPG.rf.263ec9ad20cc3be37c7ab654f8e92daf.jpg,OHI_datasetIMG_4776_JPG,False,EXCLUDE,roboflow_augmentation_duplicate,14,False,photo_like
train,OHI_datasetIMG_4776_JPG.rf.6a946881ad54b6f723be8915a500a617.jpg,OHI_datasetIMG_4776_JPG,False,EXCLUDE,roboflow_augmentation_duplicate,14,True,photo_like
train,OHI_datasetIMG_4783_JPG.rf.055020accccbc0aa0b50ae7272ec4bf6.jpg,OHI_datasetIMG_4783_JPG,True,KEEP,color_clinical_like,24,False,photo_like
train,OHI_datasetIMG_4783_JPG.rf.31cefef82f7848d31acbb336c06ea3e0.jpg,OHI_datasetIMG_4783_JPG,False,EXCLUDE,roboflow_augmentation_duplicate,24,True,photo_like
train,OHI_datasetIMG_4783_JPG.rf.7837a146db778b74feb021f23cf2cb1f.jpg,OHI_datasetIMG_4783_JPG,False,EXCLUDE,roboflow_augmentation_duplicate,24,False,photo_like
train,OHI_datasetIMG_4785_JPG.rf.2afb48400cfd93d7ebab4b0dab36b531.jpg,OHI_datasetIMG_4785_JPG,True,KEEP,color_clinical_like,14,False,photo_like
train,OHI_datasetIMG_4785_JPG.rf.32fa7e4b9f474c1230d29bec7b739ff2.jpg,OHI_datasetIMG_4785_JPG,False,EXCLUDE,roboflow_augmentation_duplicate,14,False,photo_like
train,OHI_datasetIMG_4785_JPG.rf.5476c8ac18ea2f1c553be542e470b435.jpg,OHI_datasetIMG_4785_JPG,False,EXCLUDE,roboflow_augmentation_duplicate,14,True,photo_like
train,OHI_datasetIMG_4788_JPG.rf.7c9e0d094c796f2855a6ffb09ced38b0.jpg,OHI_datasetIMG_4788_JPG,True,KEEP,color_clinical_like,15,False,photo_like
train,OHI_datasetIMG_4788_JPG.rf.b77d7ea3f19052ad92f8ff96557a8719.jpg,OHI_datasetIMG_4788_JPG,False,EXCLUDE,roboflow_augmentation_duplicate,15,False,photo_like
train,OHI_datasetIMG_4788_JPG.rf.cd06ed8955e8d3e5003942aa0f4699dc.jpg,OHI_datasetIMG_4788_JPG,False,EXCLUDE,roboflow_augmentation_duplicate,15,False,photo_like
train,OHI_datasetIMG_4802_JPG.rf.2ee847e527da236cab8b718803678354.jpg,OHI_datasetIMG_4802_JPG,True,KEEP,color_clinical_like,31,False,photo_like
train,OHI_datasetIMG_4802_JPG.rf.3ce922e2593a03e322dd08c47b90c6da.jpg,OHI_datasetIMG_4802_JPG,False,EXCLUDE,roboflow_augmentation_duplicate,31,False,photo_like
train,OHI_datasetIMG_4802_JPG.rf.b1e3f758a1dc4ae881eb0621520e2f78.jpg,OHI_datasetIMG_4802_JPG,False,EXCLUDE,roboflow_augmentation_duplicate,31,False,photo_like
train,OHI_datasetIMG_4803_JPG.rf.66d6b7849ecc7f574dd8a2dc862e0be1.jpg,OHI_datasetIMG_4803_JPG,True,KEEP,color_clinical_like,15,False,photo_like
train,OHI_datasetIMG_4803_JPG.rf.757f91738673da400ea13f6c3305e36e.jpg,OHI_datasetIMG_4803_JPG,False,EXCLUDE,roboflow_augmentation_duplicate,15,False,photo_like
train,OHI_datasetIMG_4803_JPG.rf.9bdca6cf535956dad91e78c0cce97417.jpg,OHI_datasetIMG_4803_JPG,False,EXCLUDE,roboflow_augmentation_duplicate,15,False,photo_like
train,OHI_datasetIMG_4804_JPG.rf.99803d312912c60b42d348ee7e4cda78.jpg,OHI_datasetIMG_4804_JPG,True,KEEP,color_clinical_like,16,False,photo_like
train,OHI_datasetIMG_4804_JPG.rf.ca1adb76da45b4dc5050ffd878f6994d.jpg,OHI_datasetIMG_4804_JPG,False,EXCLUDE,roboflow_augmentation_duplicate,16,False,photo_like
train,OHI_datasetIMG_4804_JPG.rf.ea80afbc81c20edf2dc33b4f1f29f668.jpg,OHI_datasetIMG_4804_JPG,False,EXCLUDE,roboflow_augmentation_duplicate,16,False,photo_like
train,OHI_datasetIMG_4809_JPG.rf.361917e6c7549e6f57afb66929d8640a.jpg,OHI_datasetIMG_4809_JPG,True,KEEP,color_clinical_like,28,False,photo_like
train,OHI_datasetIMG_4809_JPG.rf.54ea038fe1db50b4e5cdf8a47f5cf953.jpg,OHI_datasetIMG_4809_JPG,False,EXCLUDE,roboflow_augmentation_duplicate,28,False,photo_like
train,OHI_datasetIMG_4809_JPG.rf.855c5513a223104eb0de82230f22b0bc.jpg,OHI_datasetIMG_4809_JPG,False,EXCLUDE,roboflow_augmentation_duplicate,28,False,photo_like
train,OHI_datasetIMG_4811_JPG.rf.4435a1980b5f467b86bfa6cebe50b969.jpg,OHI_datasetIMG_4811_JPG,True,KEEP,color_clinical_like,14,False,photo_like
train,OHI_datasetIMG_4811_JPG.rf.5786c36abd6ba77be42c5d0f9e291e81.jpg,OHI_datasetIMG_4811_JPG,False,EXCLUDE,roboflow_augmentation_duplicate,14,False,photo_like
train,OHI_datasetIMG_4811_JPG.rf.d25037a5edac36c0b1d8e68ea7c675cb.jpg,OHI_datasetIMG_4811_JPG,False,EXCLUDE,roboflow_augmentation_duplicate,14,False,photo_like
train,OHI_datasetIMG_4813_JPG.rf.48018c2e2beeda08ce977613e9e68de6.jpg,OHI_datasetIMG_4813_JPG,True,KEEP,color_clinical_like,15,False,photo_like
train,OHI_datasetIMG_4813_JPG.rf.833d95a096436235e36860c1e0817b89.jpg,OHI_datasetIMG_4813_JPG,False,EXCLUDE,roboflow_augmentation_duplicate,15,True,photo_like
train,OHI_datasetIMG_4813_JPG.rf.c6645fffe176db9aabe8e748d82e660a.jpg,OHI_datasetIMG_4813_JPG,False,EXCLUDE,roboflow_augmentation_duplicate,15,False,photo_like
train,OHI_datasetIMG_4817_JPG.rf.58eeaf3e911c5c26c10e509d471a3a80.jpg,OHI_datasetIMG_4817_JPG,True,KEEP,color_clinical_like,13,False,photo_like
train,OHI_datasetIMG_4817_JPG.rf.b2cace7ace2421d41cbfd68f10bc3959.jpg,OHI_datasetIMG_4817_JPG,False,EXCLUDE,roboflow_augmentation_duplicate,13,True,photo_like
train,OHI_datasetIMG_4817_JPG.rf.fa286aa4968e5b1e6f72883c36e7bce2.jpg,OHI_datasetIMG_4817_JPG,False,EXCLUDE,roboflow_augmentation_duplicate,13,False,photo_like
train,OHI_datasetIMG_4818_JPG.rf.2f3082928fe519879abdaea84773c056.jpg,OHI_datasetIMG_4818_JPG,True,KEEP,color_clinical_like,1,False,photo_like
train,OHI_datasetIMG_4818_JPG.rf.472e9de41789d1ba30e4da2bc4465898.jpg,OHI_datasetIMG_4818_JPG,False,EXCLUDE,roboflow_augmentation_duplicate,1,False,photo_like
train,OHI_datasetIMG_4818_JPG.rf.d72ffbec0d97b9a41ff54c188dc9789e.jpg,OHI_datasetIMG_4818_JPG,False,EXCLUDE,roboflow_augmentation_duplicate,1,False,photo_like
train,OHI_datasetIMG_4819_JPG.rf.5043fcf554861d535d3dd85aa25012ea.jpg,OHI_datasetIMG_4819_JPG,True,KEEP,color_clinical_like,13,False,photo_like
train,OHI_datasetIMG_4819_JPG.rf.92d0e4bf021cab8afd660b609905489e.jpg,OHI_datasetIMG_4819_JPG,False,EXCLUDE,roboflow_augmentation_duplicate,13,False,photo_like
train,OHI_datasetIMG_4819_JPG.rf.edd9652b8633ee867d027b01c43d6c4c.jpg,OHI_datasetIMG_4819_JPG,False,EXCLUDE,roboflow_augmentation_duplicate,13,False,photo_like
train,OHI_datasetIMG_4821_JPG.rf.2cc6a16b2e9541f70fe32329ed3fe6fe.jpg,OHI_datasetIMG_4821_JPG,True,REVIEW,near_grayscale_color_stats,15,True,photo_like
train,OHI_datasetIMG_4821_JPG.rf.4717865aa630681fc83ade2c9108f2a4.jpg,OHI_datasetIMG_4821_JPG,False,EXCLUDE,roboflow_augmentation_duplicate,15,False,photo_like
train,OHI_datasetIMG_4821_JPG.rf.7166cb722d78edd9a67e43d245949a3d.jpg,OHI_datasetIMG_4821_JPG,False,EXCLUDE,roboflow_augmentation_duplicate,15,False,photo_like
train,OHI_datasetIMG_4823_JPG.rf.5ea04142e1fb41c4a54738bef055bf65.jpg,OHI_datasetIMG_4823_JPG,True,REVIEW,near_grayscale_color_stats,13,True,photo_like
train,OHI_datasetIMG_4823_JPG.rf.8367fe390b8c6e1d896ca5adc188596a.jpg,OHI_datasetIMG_4823_JPG,False,EXCLUDE,roboflow_augmentation_duplicate,13,False,photo_like
train,OHI_datasetIMG_4823_JPG.rf.977dba535195fb1fdb2dcf23c3408fda.jpg,OHI_datasetIMG_4823_JPG,False,EXCLUDE,roboflow_augmentation_duplicate,13,False,photo_like
train,OHI_datasetIMG_4826_JPG.rf.1421623ca45da95b9d4b2f3c539b73e9.jpg,OHI_datasetIMG_4826_JPG,True,KEEP,color_clinical_like,15,False,photo_like
train,OHI_datasetIMG_4826_JPG.rf.1f81afc63ff647f50817c6387aebf4d2.jpg,OHI_datasetIMG_4826_JPG,False,EXCLUDE,roboflow_augmentation_duplicate,15,False,photo_like
train,OHI_datasetIMG_4826_JPG.rf.9aa7ca140bb727ca4a527c95646ce97a.jpg,OHI_datasetIMG_4826_JPG,False,EXCLUDE,roboflow_augmentation_duplicate,15,False,photo_like
train,OHI_datasetIMG_4827_JPG.rf.3ac38e50771826a42ee8436e866df33a.jpg,OHI_datasetIMG_4827_JPG,True,KEEP,color_clinical_like,14,False,photo_like
train,OHI_datasetIMG_4827_JPG.rf.7a05774022441cbf293ee9e29fbfc124.jpg,OHI_datasetIMG_4827_JPG,False,EXCLUDE,roboflow_augmentation_duplicate,14,False,photo_like
train,OHI_datasetIMG_4827_JPG.rf.86815e02a42ed6a6f03d951ed2085e00.jpg,OHI_datasetIMG_4827_JPG,False,EXCLUDE,roboflow_augmentation_duplicate,14,False,photo_like
train,OHI_datasetIMG_4838_JPG.rf.00a04e0f6527e932b59d8c69154a7fbc.jpg,OHI_datasetIMG_4838_JPG,True,REVIEW,near_grayscale_color_stats,10,True,photo_like
train,OHI_datasetIMG_4838_JPG.rf.0da19237402eb70c6f5a95f968aec778.jpg,OHI_datasetIMG_4838_JPG,False,EXCLUDE,roboflow_augmentation_duplicate,10,False,photo_like
train,OHI_datasetIMG_4838_JPG.rf.84a86c557ad65810bf3729d17159899e.jpg,OHI_datasetIMG_4838_JPG,False,EXCLUDE,roboflow_augmentation_duplicate,10,False,photo_like
train,OHI_datasetIMG_4839_JPG.rf.ae572a93477efbbf13a081e747be3163.jpg,OHI_datasetIMG_4839_JPG,True,KEEP,color_clinical_like,6,False,photo_like
train,OHI_datasetIMG_4839_JPG.rf.cb78041c45db5a256bfcaf83acbb37f9.jpg,OHI_datasetIMG_4839_JPG,False,EXCLUDE,roboflow_augmentation_duplicate,6,False,photo_like
train,OHI_datasetIMG_4839_JPG.rf.ddad0f2facd00d1ec6c1c9d76c0ecede.jpg,OHI_datasetIMG_4839_JPG,False,EXCLUDE,roboflow_augmentation_duplicate,6,False,photo_like
train,OHI_datasetIMG_4840_JPG.rf.4d79fa69540b6b8590f420e78a8f1695.jpg,OHI_datasetIMG_4840_JPG,True,KEEP,color_clinical_like,4,False,photo_like
train,OHI_datasetIMG_4840_JPG.rf.b68911ee9f58fc90a8f03ab811167e9b.jpg,OHI_datasetIMG_4840_JPG,False,EXCLUDE,roboflow_augmentation_duplicate,4,False,photo_like
train,OHI_datasetIMG_4840_JPG.rf.be99b573723e518513d4ab947f473393.jpg,OHI_datasetIMG_4840_JPG,False,EXCLUDE,roboflow_augmentation_duplicate,4,False,photo_like
train,OHI_datasetIMG_4841_JPG.rf.4d53701d2863e716ced7cc668eaa1363.jpg,OHI_datasetIMG_4841_JPG,True,REVIEW,near_grayscale_color_stats,27,True,photo_like
train,OHI_datasetIMG_4841_JPG.rf.7639e0ee411c40fbb9008279006f32f4.jpg,OHI_datasetIMG_4841_JPG,False,EXCLUDE,roboflow_augmentation_duplicate,27,False,photo_like
train,OHI_datasetIMG_4841_JPG.rf.c4490d4592f57b55559556054c78b833.jpg,OHI_datasetIMG_4841_JPG,False,EXCLUDE,roboflow_augmentation_duplicate,27,False,photo_like
train,OHI_datasetIMG_4842_JPG.rf.b72820ddb933cdb616bf7a92cf3430ef.jpg,OHI_datasetIMG_4842_JPG,True,KEEP,color_clinical_like,14,False,photo_like
train,OHI_datasetIMG_4842_JPG.rf.f9c3ee67425d5a1e8b0d76e72f57ee6a.jpg,OHI_datasetIMG_4842_JPG,False,EXCLUDE,roboflow_augmentation_duplicate,14,False,photo_like
train,OHI_datasetIMG_4842_JPG.rf.f9cfd2f1419895120455785442f371ff.jpg,OHI_datasetIMG_4842_JPG,False,EXCLUDE,roboflow_augmentation_duplicate,14,False,photo_like
train,OHI_datasetIMG_4844_JPG.rf.90106d66be2728f5f62047fca4f95906.jpg,OHI_datasetIMG_4844_JPG,True,KEEP,color_clinical_like,14,False,photo_like
train,OHI_datasetIMG_4844_JPG.rf.aaf58b6366c21bdff1c92ac5e2871151.jpg,OHI_datasetIMG_4844_JPG,False,EXCLUDE,roboflow_augmentation_duplicate,14,False,photo_like
train,OHI_datasetIMG_4844_JPG.rf.fe42f2db2a8d946bebd2c7c4b1dd16e1.jpg,OHI_datasetIMG_4844_JPG,False,EXCLUDE,roboflow_augmentation_duplicate,14,True,photo_like
train,OHI_datasetIMG_4845_JPG.rf.50e4834ac450a88ed3e6b755fa89e473.jpg,OHI_datasetIMG_4845_JPG,True,KEEP,color_clinical_like,13,False,photo_like
train,OHI_datasetIMG_4845_JPG.rf.890d532afadae03d7adc9fbee31a7270.jpg,OHI_datasetIMG_4845_JPG,False,EXCLUDE,roboflow_augmentation_duplicate,13,False,photo_like
train,OHI_datasetIMG_4845_JPG.rf.ec54984d47bd15cc2b01044be7536b3b.jpg,OHI_datasetIMG_4845_JPG,False,EXCLUDE,roboflow_augmentation_duplicate,13,True,photo_like
train,OHI_datasetIMG_4847_JPG.rf.17e365bb5788308fb93312b749d1099f.jpg,OHI_datasetIMG_4847_JPG,True,KEEP,color_clinical_like,11,False,photo_like
train,OHI_datasetIMG_4847_JPG.rf.8765bf4c4d67858b0208dc3f913db0c1.jpg,OHI_datasetIMG_4847_JPG,False,EXCLUDE,roboflow_augmentation_duplicate,11,False,photo_like
train,OHI_datasetIMG_4847_JPG.rf.915dcc47353ed5f5ec60c9309cab919e.jpg,OHI_datasetIMG_4847_JPG,False,EXCLUDE,roboflow_augmentation_duplicate,11,True,photo_like
train,OHI_datasetIMG_4849_JPG.rf.26f2e34503dbc5006c9e78543fed5722.jpg,OHI_datasetIMG_4849_JPG,True,KEEP,color_clinical_like,24,False,photo_like
train,OHI_datasetIMG_4849_JPG.rf.982e936748dce750199ddefb3fc1f87b.jpg,OHI_datasetIMG_4849_JPG,False,EXCLUDE,roboflow_augmentation_duplicate,24,False,photo_like
train,OHI_datasetIMG_4849_JPG.rf.c5843885e54610c5fb63a96a6dfd2fec.jpg,OHI_datasetIMG_4849_JPG,False,EXCLUDE,roboflow_augmentation_duplicate,24,True,photo_like
train,OHI_datasetIMG_4861_JPG.rf.0ce9bef83fc98988c44f845dd523203b.jpg,OHI_datasetIMG_4861_JPG,True,KEEP,color_clinical_like,14,False,photo_like
train,OHI_datasetIMG_4861_JPG.rf.70c4fea8676a1e370aee955f9b8f9a9b.jpg,OHI_datasetIMG_4861_JPG,False,EXCLUDE,roboflow_augmentation_duplicate,14,False,photo_like
train,OHI_datasetIMG_4861_JPG.rf.eeadaf9f4734f58c52bc7c3cad36df84.jpg,OHI_datasetIMG_4861_JPG,False,EXCLUDE,roboflow_augmentation_duplicate,14,False,photo_like
train,OHI_datasetIMG_4867_JPG.rf.0cd761f5d833f5a6c4bdd4b2495556a8.jpg,OHI_datasetIMG_4867_JPG,True,KEEP,color_clinical_like,26,False,photo_like
train,OHI_datasetIMG_4867_JPG.rf.576cb2216f488a4fa78c7880bd9af862.jpg,OHI_datasetIMG_4867_JPG,False,EXCLUDE,roboflow_augmentation_duplicate,26,False,photo_like
train,OHI_datasetIMG_4867_JPG.rf.d675d0c06f8bec3f45e8c0125db11d82.jpg,OHI_datasetIMG_4867_JPG,False,EXCLUDE,roboflow_augmentation_duplicate,26,False,photo_like
train,OHI_datasetIMG_4869_JPG.rf.1ac6234220c37c536fc65bf68cf28c48.jpg,OHI_datasetIMG_4869_JPG,True,KEEP,color_clinical_like,13,False,photo_like
train,OHI_datasetIMG_4869_JPG.rf.76e5bb67fa529c8eda5344e98aa03c19.jpg,OHI_datasetIMG_4869_JPG,False,EXCLUDE,roboflow_augmentation_duplicate,13,False,photo_like
train,OHI_datasetIMG_4869_JPG.rf.ae601027254b0529c21c9bf83d2e3608.jpg,OHI_datasetIMG_4869_JPG,False,EXCLUDE,roboflow_augmentation_duplicate,13,False,photo_like
train,OHI_datasetIMG_4877_JPG.rf.0c84340c1457d202e0dec5bfd92a9766.jpg,OHI_datasetIMG_4877_JPG,True,REVIEW,near_grayscale_color_stats,26,True,photo_like
train,OHI_datasetIMG_4877_JPG.rf.8752b57578d6c24fad6f2cd3340ebf4d.jpg,OHI_datasetIMG_4877_JPG,False,EXCLUDE,roboflow_augmentation_duplicate,26,False,photo_like
train,OHI_datasetIMG_4877_JPG.rf.a8b6818f1ae7a3a3fa090163419702dd.jpg,OHI_datasetIMG_4877_JPG,False,EXCLUDE,roboflow_augmentation_duplicate,26,False,photo_like
train,OHI_datasetIMG_4878_JPG.rf.1ab089c29da8adfddd6fee6ce4dcd5f2.jpg,OHI_datasetIMG_4878_JPG,True,KEEP,color_clinical_like,15,False,photo_like
train,OHI_datasetIMG_4878_JPG.rf.3c1ecbe93549a44104108393b9b92f8a.jpg,OHI_datasetIMG_4878_JPG,False,EXCLUDE,roboflow_augmentation_duplicate,15,False,photo_like
train,OHI_datasetIMG_4878_JPG.rf.f6aa8471f654779867c9fe5f8ed69a0b.jpg,OHI_datasetIMG_4878_JPG,False,EXCLUDE,roboflow_augmentation_duplicate,15,False,photo_like
train,OHI_datasetIMG_4879_JPG.rf.1cebc42ff45c077e82348990aa5bff5a.jpg,OHI_datasetIMG_4879_JPG,True,KEEP,color_clinical_like,13,False,photo_like
train,OHI_datasetIMG_4879_JPG.rf.34647be0c2a6d54b6e7a1ae602f883ba.jpg,OHI_datasetIMG_4879_JPG,False,EXCLUDE,roboflow_augmentation_duplicate,13,False,photo_like
train,OHI_datasetIMG_4879_JPG.rf.f3733237f4aa12ff33de5c7e6d923831.jpg,OHI_datasetIMG_4879_JPG,False,EXCLUDE,roboflow_augmentation_duplicate,13,False,photo_like
train,OHI_datasetIMG_4880_JPG.rf.0b1289212c0c5d044f9e8727f1d8cac1.jpg,OHI_datasetIMG_4880_JPG,True,REVIEW,near_grayscale_color_stats,16,True,photo_like
train,OHI_datasetIMG_4880_JPG.rf.3f405916e978c0947a037c3c2fafdcf9.jpg,OHI_datasetIMG_4880_JPG,False,EXCLUDE,roboflow_augmentation_duplicate,16,False,photo_like
train,OHI_datasetIMG_4880_JPG.rf.c6a4f73637a39a30b786b572abcb29ff.jpg,OHI_datasetIMG_4880_JPG,False,EXCLUDE,roboflow_augmentation_duplicate,16,False,photo_like
train,OHI_datasetIMG_4882_JPG.rf.19d58d1f3d45dde6a3027fb19cb44660.jpg,OHI_datasetIMG_4882_JPG,True,KEEP,color_clinical_like,8,False,photo_like
train,OHI_datasetIMG_4882_JPG.rf.de4747276fa2df2906876b148dfdb81d.jpg,OHI_datasetIMG_4882_JPG,False,EXCLUDE,roboflow_augmentation_duplicate,8,False,photo_like
train,OHI_datasetIMG_4882_JPG.rf.e3b35afde84d92501be14df460976746.jpg,OHI_datasetIMG_4882_JPG,False,EXCLUDE,roboflow_augmentation_duplicate,8,False,photo_like
train,OHI_datasetIMG_4883_JPG.rf.24ff20ee6f128a8d10298c9d4d9579bf.jpg,OHI_datasetIMG_4883_JPG,True,KEEP,color_clinical_like,8,False,photo_like
train,OHI_datasetIMG_4883_JPG.rf.f540192950e62ab1dcb5b82c3f981d2e.jpg,OHI_datasetIMG_4883_JPG,False,EXCLUDE,roboflow_augmentation_duplicate,8,False,photo_like
train,OHI_datasetIMG_4883_JPG.rf.fa99efd124eb51477c70b1093c6a3a05.jpg,OHI_datasetIMG_4883_JPG,False,EXCLUDE,roboflow_augmentation_duplicate,8,False,photo_like
train,OHI_datasetIMG_4895_JPG.rf.56c5831210fff4bdb8535e693ed1ca08.jpg,OHI_datasetIMG_4895_JPG,True,KEEP,color_clinical_like,10,False,photo_like
train,OHI_datasetIMG_4895_JPG.rf.85713263e3b767e8de931808c7446370.jpg,OHI_datasetIMG_4895_JPG,False,EXCLUDE,roboflow_augmentation_duplicate,10,False,photo_like
train,OHI_datasetIMG_4895_JPG.rf.8bc64293ceaa62bd11ef0b304b2ace6c.jpg,OHI_datasetIMG_4895_JPG,False,EXCLUDE,roboflow_augmentation_duplicate,10,False,photo_like
train,OHI_datasetIMG_4897_JPG.rf.5579b8340d832660396a880e8367c2e6.jpg,OHI_datasetIMG_4897_JPG,True,KEEP,color_clinical_like,26,False,photo_like
train,OHI_datasetIMG_4897_JPG.rf.6d14ca39194ba146d5fe2ba2d53ca4fd.jpg,OHI_datasetIMG_4897_JPG,False,EXCLUDE,roboflow_augmentation_duplicate,26,False,photo_like
train,OHI_datasetIMG_4897_JPG.rf.70c45a7a2f7623aba798c1c62a234880.jpg,OHI_datasetIMG_4897_JPG,False,EXCLUDE,roboflow_augmentation_duplicate,26,False,photo_like
train,OHI_datasetIMG_4901_JPG.rf.3f1423dd4d903eb33a383471b9e55e0e.jpg,OHI_datasetIMG_4901_JPG,True,KEEP,color_clinical_like,14,False,photo_like
train,OHI_datasetIMG_4901_JPG.rf.48a1c694146d7f91b4527fb44f1e2a93.jpg,OHI_datasetIMG_4901_JPG,False,EXCLUDE,roboflow_augmentation_duplicate,14,True,photo_like
train,OHI_datasetIMG_4901_JPG.rf.b13205b8c31d2ab95ca81b851849895d.jpg,OHI_datasetIMG_4901_JPG,False,EXCLUDE,roboflow_augmentation_duplicate,14,True,photo_like
train,OHI_datasetIMG_4902_JPG.rf.2b406f7b603d2a1e5e7b22c970e06672.jpg,OHI_datasetIMG_4902_JPG,True,KEEP,color_clinical_like,13,False,photo_like
train,OHI_datasetIMG_4902_JPG.rf.9b6dde41a43b7359df7fc5f9849a915e.jpg,OHI_datasetIMG_4902_JPG,False,EXCLUDE,roboflow_augmentation_duplicate,13,False,photo_like
train,OHI_datasetIMG_4902_JPG.rf.ca498c3738187eff7b88875423fa6994.jpg,OHI_datasetIMG_4902_JPG,False,EXCLUDE,roboflow_augmentation_duplicate,13,False,photo_like
train,OHI_datasetIMG_4904_JPG.rf.214641effc75b04744a25a0da1dc0cc8.jpg,OHI_datasetIMG_4904_JPG,True,REVIEW,near_grayscale_color_stats,12,True,photo_like
train,OHI_datasetIMG_4904_JPG.rf.351be2ce6e82f498a9b93a1c4389a124.jpg,OHI_datasetIMG_4904_JPG,False,EXCLUDE,roboflow_augmentation_duplicate,12,True,photo_like
train,OHI_datasetIMG_4904_JPG.rf.e3ff77ff7caa96f9053c8ce46aa48bf8.jpg,OHI_datasetIMG_4904_JPG,False,EXCLUDE,roboflow_augmentation_duplicate,12,False,photo_like
train,OHI_datasetIMG_4907_JPG.rf.1c9cb3fd2990df4441c74d67fd6a3447.jpg,OHI_datasetIMG_4907_JPG,True,KEEP,color_clinical_like,27,False,photo_like
train,OHI_datasetIMG_4907_JPG.rf.5b2fc915427378a30d1f0927936c1e51.jpg,OHI_datasetIMG_4907_JPG,False,EXCLUDE,roboflow_augmentation_duplicate,27,True,photo_like
train,OHI_datasetIMG_4907_JPG.rf.627990306755cc6048870552849ce81c.jpg,OHI_datasetIMG_4907_JPG,False,EXCLUDE,roboflow_augmentation_duplicate,27,False,photo_like
train,OHI_datasetIMG_4915_JPG.rf.4811fd4d1721a2b77662210abbb45255.jpg,OHI_datasetIMG_4915_JPG,True,KEEP,color_clinical_like,13,False,photo_like
train,OHI_datasetIMG_4915_JPG.rf.66e8202c63cd7f5225df040985412f5c.jpg,OHI_datasetIMG_4915_JPG,False,EXCLUDE,roboflow_augmentation_duplicate,13,False,photo_like
train,OHI_datasetIMG_4915_JPG.rf.de0210284654a0e2bdd9eb0dda243fdf.jpg,OHI_datasetIMG_4915_JPG,False,EXCLUDE,roboflow_augmentation_duplicate,13,False,photo_like
train,OHI_datasetIMG_4916_JPG.rf.24bc5843d3dbb926c59832a49c7e508d.jpg,OHI_datasetIMG_4916_JPG,True,KEEP,color_clinical_like,12,False,photo_like
train,OHI_datasetIMG_4916_JPG.rf.db79499f5dad66f27c46ab5bd1bb8397.jpg,OHI_datasetIMG_4916_JPG,False,EXCLUDE,roboflow_augmentation_duplicate,12,False,photo_like
train,OHI_datasetIMG_4916_JPG.rf.e6a8ecf995037e9ec77a3217cfc5ff9a.jpg,OHI_datasetIMG_4916_JPG,False,EXCLUDE,roboflow_augmentation_duplicate,12,False,photo_like
train,OHI_datasetIMG_4923_JPG.rf.50b0848fef6071349fc25fd7aeae9580.jpg,OHI_datasetIMG_4923_JPG,True,KEEP,color_clinical_like,14,False,photo_like
train,OHI_datasetIMG_4923_JPG.rf.78f46bc8ab561fbec632c7bb1ac7a17b.jpg,OHI_datasetIMG_4923_JPG,False,EXCLUDE,roboflow_augmentation_duplicate,14,False,photo_like
train,OHI_datasetIMG_4923_JPG.rf.ddfd5ad3c4c8384a7c716eaa96116932.jpg,OHI_datasetIMG_4923_JPG,False,EXCLUDE,roboflow_augmentation_duplicate,14,False,photo_like
train,OHI_datasetIMG_4924_JPG.rf.27672abaa37cc1e4c67291242bbbf1ac.jpg,OHI_datasetIMG_4924_JPG,True,KEEP,color_clinical_like,14,False,photo_like
train,OHI_datasetIMG_4924_JPG.rf.66f06179bb64742926afc7455604a8ec.jpg,OHI_datasetIMG_4924_JPG,False,EXCLUDE,roboflow_augmentation_duplicate,14,False,photo_like
train,OHI_datasetIMG_4924_JPG.rf.9149c8bda45731351788baa2521d2bab.jpg,OHI_datasetIMG_4924_JPG,False,EXCLUDE,roboflow_augmentation_duplicate,14,False,photo_like
train,OHI_datasetIMG_4928_JPG.rf.6aa2981d36f9bf41831415b3e25a6d0e.jpg,OHI_datasetIMG_4928_JPG,True,REVIEW,near_grayscale_color_stats,28,True,photo_like
train,OHI_datasetIMG_4928_JPG.rf.cb0d7bb07f65d2c35e3c233ee0c2adc8.jpg,OHI_datasetIMG_4928_JPG,False,EXCLUDE,roboflow_augmentation_duplicate,28,False,photo_like
train,OHI_datasetIMG_4928_JPG.rf.d92b4eb856f14179b8839a8d6fb5e047.jpg,OHI_datasetIMG_4928_JPG,False,EXCLUDE,roboflow_augmentation_duplicate,28,False,photo_like
train,OHI_datasetIMG_4931_JPG.rf.569c09503c084a2c97afddb1ab8d001f.jpg,OHI_datasetIMG_4931_JPG,True,KEEP,color_clinical_like,14,False,photo_like
train,OHI_datasetIMG_4931_JPG.rf.5c4752c2a8cf1c2a28ed664ef00bb925.jpg,OHI_datasetIMG_4931_JPG,False,EXCLUDE,roboflow_augmentation_duplicate,14,False,photo_like
train,OHI_datasetIMG_4931_JPG.rf.ac3db0d08f59438230331f9a967413ab.jpg,OHI_datasetIMG_4931_JPG,False,EXCLUDE,roboflow_augmentation_duplicate,14,False,photo_like
train,OHI_datasetIMG_4932_JPG.rf.3b7136827fbdafa0ea0c0c66fedf7796.jpg,OHI_datasetIMG_4932_JPG,True,KEEP,color_clinical_like,14,False,photo_like
train,OHI_datasetIMG_4932_JPG.rf.8d4c759cc623eb1394880493b74effed.jpg,OHI_datasetIMG_4932_JPG,False,EXCLUDE,roboflow_augmentation_duplicate,14,False,photo_like
train,OHI_datasetIMG_4932_JPG.rf.975c18f79c31bbb62832c9900e22e1de.jpg,OHI_datasetIMG_4932_JPG,False,EXCLUDE,roboflow_augmentation_duplicate,14,True,photo_like
train,OHI_datasetIMG_4935_JPG.rf.9d8c2d158f77d03737fd136ca8fa549f.jpg,OHI_datasetIMG_4935_JPG,True,KEEP,color_clinical_like,30,False,photo_like
train,OHI_datasetIMG_4935_JPG.rf.c1dc82a2a49ae4f7e8afb0aa356809df.jpg,OHI_datasetIMG_4935_JPG,False,EXCLUDE,roboflow_augmentation_duplicate,30,False,photo_like
train,OHI_datasetIMG_4935_JPG.rf.f4dfe55e34edc3dc515e9527f3c3eff6.jpg,OHI_datasetIMG_4935_JPG,False,EXCLUDE,roboflow_augmentation_duplicate,30,False,photo_like
train,OHI_datasetIMG_4936_JPG.rf.0a9656bcff326c676fa0edc7f2eff24f.jpg,OHI_datasetIMG_4936_JPG,True,KEEP,color_clinical_like,14,False,photo_like
train,OHI_datasetIMG_4936_JPG.rf.20b753863511b0bfcea172d784d3c512.jpg,OHI_datasetIMG_4936_JPG,False,EXCLUDE,roboflow_augmentation_duplicate,14,False,photo_like
train,OHI_datasetIMG_4936_JPG.rf.8decf0716ca7c5d278147a310ce52fcd.jpg,OHI_datasetIMG_4936_JPG,False,EXCLUDE,roboflow_augmentation_duplicate,14,False,photo_like
train,OHI_datasetIMG_4952_JPG.rf.a68965b2209e3bcf0855f37050a8eb28.jpg,OHI_datasetIMG_4952_JPG,True,KEEP,color_clinical_like,13,False,photo_like
train,OHI_datasetIMG_4952_JPG.rf.dda9db0aabfa3babd65f8bf991f39630.jpg,OHI_datasetIMG_4952_JPG,False,EXCLUDE,roboflow_augmentation_duplicate,13,False,photo_like
train,OHI_datasetIMG_4952_JPG.rf.e9c649ca09b026d81f6ec859bf1aa2e1.jpg,OHI_datasetIMG_4952_JPG,False,EXCLUDE,roboflow_augmentation_duplicate,13,False,photo_like
train,OHI_datasetIMG_4955_JPG.rf.60a64cbc0c25fc3c5ea0cefac72546b3.jpg,OHI_datasetIMG_4955_JPG,True,KEEP,color_clinical_like,13,False,photo_like
train,OHI_datasetIMG_4955_JPG.rf.afa24c4518b37e682de3449fdff61a79.jpg,OHI_datasetIMG_4955_JPG,False,EXCLUDE,roboflow_augmentation_duplicate,13,False,photo_like
train,OHI_datasetIMG_4955_JPG.rf.cd753c6f3ac549c14ae24fa19d272c59.jpg,OHI_datasetIMG_4955_JPG,False,EXCLUDE,roboflow_augmentation_duplicate,13,False,photo_like
train,OHI_datasetIMG_4956_JPG.rf.314d7c8dd9584108553468debe0037ce.jpg,OHI_datasetIMG_4956_JPG,True,KEEP,color_clinical_like,13,False,photo_like
train,OHI_datasetIMG_4956_JPG.rf.55cdac581ebb47f1407eb80ee2f2dae7.jpg,OHI_datasetIMG_4956_JPG,False,EXCLUDE,roboflow_augmentation_duplicate,13,False,photo_like
train,OHI_datasetIMG_4956_JPG.rf.aea22bbae9057b73550a5da7beb5955a.jpg,OHI_datasetIMG_4956_JPG,False,EXCLUDE,roboflow_augmentation_duplicate,13,False,photo_like
train,OHI_datasetIMG_4965_JPG.rf.08c843b3d12f5e8d7082c90937406cc0.jpg,OHI_datasetIMG_4965_JPG,True,KEEP,color_clinical_like,24,False,photo_like
train,OHI_datasetIMG_4965_JPG.rf.1e702f2f5a6d09e2c6731cd67113f8f7.jpg,OHI_datasetIMG_4965_JPG,False,EXCLUDE,roboflow_augmentation_duplicate,24,False,photo_like
train,OHI_datasetIMG_4965_JPG.rf.326a435867ab64a026c64e5aa57a1d7c.jpg,OHI_datasetIMG_4965_JPG,False,EXCLUDE,roboflow_augmentation_duplicate,24,False,photo_like
train,OHI_datasetIMG_4970_JPG.rf.33db67d1f3f505c00a3c5e273c48f14d.jpg,OHI_datasetIMG_4970_JPG,True,KEEP,color_clinical_like,14,False,photo_like
train,OHI_datasetIMG_4970_JPG.rf.5b5d9200f225249cfb415e0b4092d8ff.jpg,OHI_datasetIMG_4970_JPG,False,EXCLUDE,roboflow_augmentation_duplicate,14,False,photo_like
train,OHI_datasetIMG_4970_JPG.rf.d24f5417bdeb4f24165bb0102300bfc8.jpg,OHI_datasetIMG_4970_JPG,False,EXCLUDE,roboflow_augmentation_duplicate,14,False,photo_like
train,OHI_datasetIMG_4980_JPG.rf.374b68411a63ba0b9ce38f98f6a355c8.jpg,OHI_datasetIMG_4980_JPG,True,KEEP,color_clinical_like,14,False,photo_like
train,OHI_datasetIMG_4980_JPG.rf.3d2d81a105fbeeaf64890c1fd4c8f50f.jpg,OHI_datasetIMG_4980_JPG,False,EXCLUDE,roboflow_augmentation_duplicate,14,False,photo_like
train,OHI_datasetIMG_4980_JPG.rf.e0dfbcbd97e587b04c8fe690251915c5.jpg,OHI_datasetIMG_4980_JPG,False,EXCLUDE,roboflow_augmentation_duplicate,14,False,photo_like
train,OHI_datasetIMG_4983_JPG.rf.ca0e9ee8408f95ec750b687fe432ed81.jpg,OHI_datasetIMG_4983_JPG,True,KEEP,color_clinical_like,7,False,photo_like
train,OHI_datasetIMG_4983_JPG.rf.d13ad86af26cd95f85ae8d77e0268c9d.jpg,OHI_datasetIMG_4983_JPG,False,EXCLUDE,roboflow_augmentation_duplicate,7,False,photo_like
train,OHI_datasetIMG_4983_JPG.rf.e72fff2266b39d663424d8266c68fd1a.jpg,OHI_datasetIMG_4983_JPG,False,EXCLUDE,roboflow_augmentation_duplicate,7,False,photo_like
train,OHI_datasetIMG_4986_JPG.rf.d8ff496c3e5ee6b4e47efc6beb7a4c06.jpg,OHI_datasetIMG_4986_JPG,True,KEEP,color_clinical_like,22,False,photo_like
train,OHI_datasetIMG_4986_JPG.rf.fc7e39c370e606ef8a55cdaab3f54680.jpg,OHI_datasetIMG_4986_JPG,False,EXCLUDE,roboflow_augmentation_duplicate,22,False,photo_like
train,OHI_datasetIMG_4986_JPG.rf.ff517f867026b0654510983588dc4dc4.jpg,OHI_datasetIMG_4986_JPG,False,EXCLUDE,roboflow_augmentation_duplicate,22,False,photo_like
train,OHI_datasetIMG_4987_JPG.rf.670e2de20c9c83f9e691127549589d9b.jpg,OHI_datasetIMG_4987_JPG,True,REVIEW,near_grayscale_color_stats,11,True,photo_like
train,OHI_datasetIMG_4987_JPG.rf.97642336cc911faf3290e0ed391753f1.jpg,OHI_datasetIMG_4987_JPG,False,EXCLUDE,roboflow_augmentation_duplicate,11,False,photo_like
train,OHI_datasetIMG_4987_JPG.rf.de0439df0983ab21d2b6d1ba086ecfc0.jpg,OHI_datasetIMG_4987_JPG,False,EXCLUDE,roboflow_augmentation_duplicate,11,False,photo_like
train,OHI_datasetIMG_4988_JPG.rf.042b7cda26623b58300d6333193b064f.jpg,OHI_datasetIMG_4988_JPG,True,KEEP,color_clinical_like,11,False,photo_like
train,OHI_datasetIMG_4988_JPG.rf.b6b7e576fd2c9de6dab944fc4848f3af.jpg,OHI_datasetIMG_4988_JPG,False,EXCLUDE,roboflow_augmentation_duplicate,11,False,photo_like
train,OHI_datasetIMG_4988_JPG.rf.e9d3d39eb3bf865edc9adac4aa4a21f0.jpg,OHI_datasetIMG_4988_JPG,False,EXCLUDE,roboflow_augmentation_duplicate,11,False,photo_like
train,OHI_datasetIMG_4994_JPG.rf.7024d7ee59d6814505f09c8fad9ce09e.jpg,OHI_datasetIMG_4994_JPG,True,KEEP,color_clinical_like,31,False,photo_like
train,OHI_datasetIMG_4994_JPG.rf.85cf83ba18758de16977a2529a7192fb.jpg,OHI_datasetIMG_4994_JPG,False,EXCLUDE,roboflow_augmentation_duplicate,31,False,photo_like
train,OHI_datasetIMG_4994_JPG.rf.b9b136bb231b5e78029750d1ba8c3cf1.jpg,OHI_datasetIMG_4994_JPG,False,EXCLUDE,roboflow_augmentation_duplicate,31,True,photo_like
train,OHI_datasetIMG_4996_JPG.rf.1fd4d9a20cc079d45e617fd3a41c80d5.jpg,OHI_datasetIMG_4996_JPG,True,KEEP,color_clinical_like,14,False,photo_like
train,OHI_datasetIMG_4996_JPG.rf.69dabe2ad8f51ce387fe8f1c142b436d.jpg,OHI_datasetIMG_4996_JPG,False,EXCLUDE,roboflow_augmentation_duplicate,14,False,photo_like
train,OHI_datasetIMG_4996_JPG.rf.eca78a2eb7892d158fd836ea5650666a.jpg,OHI_datasetIMG_4996_JPG,False,EXCLUDE,roboflow_augmentation_duplicate,14,False,photo_like
train,OHI_datasetIMG_5006_JPG.rf.8d747242ad222df362de3f90aadfadb5.jpg,OHI_datasetIMG_5006_JPG,True,KEEP,color_clinical_like,24,False,photo_like
train,OHI_datasetIMG_5006_JPG.rf.ad54fe83e32b5ea8432911c5c315e8ee.jpg,OHI_datasetIMG_5006_JPG,False,EXCLUDE,roboflow_augmentation_duplicate,24,False,photo_like
train,OHI_datasetIMG_5006_JPG.rf.e009466acfb10b30d5b06a68943fd956.jpg,OHI_datasetIMG_5006_JPG,False,EXCLUDE,roboflow_augmentation_duplicate,24,False,photo_like
train,OHI_datasetIMG_5009_JPG.rf.6c18a412e43ac49f63f221ec0a0e5b51.jpg,OHI_datasetIMG_5009_JPG,True,KEEP,color_clinical_like,23,False,photo_like
train,OHI_datasetIMG_5009_JPG.rf.6dd6303d1ba75ab183e37eb6f6c47c31.jpg,OHI_datasetIMG_5009_JPG,False,EXCLUDE,roboflow_augmentation_duplicate,23,False,photo_like
train,OHI_datasetIMG_5009_JPG.rf.f5e557b78f1f42d5ab74d08aaa434d3e.jpg,OHI_datasetIMG_5009_JPG,False,EXCLUDE,roboflow_augmentation_duplicate,23,False,photo_like
train,OHI_datasetIMG_5010_JPG.rf.2ce71d185db118a042a7fccdb127952e.jpg,OHI_datasetIMG_5010_JPG,True,KEEP,color_clinical_like,13,False,photo_like
train,OHI_datasetIMG_5010_JPG.rf.36aec15c98a48f1c13c3411964c2adb7.jpg,OHI_datasetIMG_5010_JPG,False,EXCLUDE,roboflow_augmentation_duplicate,13,True,photo_like
train,OHI_datasetIMG_5010_JPG.rf.9eb619caf5a398b9dacdde1e1d651524.jpg,OHI_datasetIMG_5010_JPG,False,EXCLUDE,roboflow_augmentation_duplicate,13,False,photo_like
train,OHI_datasetIMG_5012_JPG.rf.53d1132fe94ce98d4f87606fd85cf9b2.jpg,OHI_datasetIMG_5012_JPG,True,KEEP,color_clinical_like,28,False,photo_like
train,OHI_datasetIMG_5012_JPG.rf.87cb5862b9fb736e8bdbc6d1ccaa4e73.jpg,OHI_datasetIMG_5012_JPG,False,EXCLUDE,roboflow_augmentation_duplicate,28,True,photo_like
train,OHI_datasetIMG_5012_JPG.rf.d565bc06a9429a3e4c104b5bc1fd7fa6.jpg,OHI_datasetIMG_5012_JPG,False,EXCLUDE,roboflow_augmentation_duplicate,28,False,photo_like
train,OHI_datasetIMG_5016_JPG.rf.0b2fc3ce275eeffebbd032fbd0df32a6.jpg,OHI_datasetIMG_5016_JPG,True,KEEP,color_clinical_like,14,False,photo_like
train,OHI_datasetIMG_5016_JPG.rf.0e6c52a2add01f902148561d8819d1a7.jpg,OHI_datasetIMG_5016_JPG,False,EXCLUDE,roboflow_augmentation_duplicate,14,False,photo_like
train,OHI_datasetIMG_5016_JPG.rf.9e6ab9d62dad4c542178e14843ca80ef.jpg,OHI_datasetIMG_5016_JPG,False,EXCLUDE,roboflow_augmentation_duplicate,14,False,photo_like
train,OHI_datasetIMG_5020_JPG.rf.3847505fe8e1bf46b4bfbec7e50a7272.jpg,OHI_datasetIMG_5020_JPG,True,REVIEW,near_grayscale_color_stats,23,True,photo_like
train,OHI_datasetIMG_5020_JPG.rf.c965bb248d32527d1584ccb1d1700412.jpg,OHI_datasetIMG_5020_JPG,False,EXCLUDE,roboflow_augmentation_duplicate,23,False,photo_like
train,OHI_datasetIMG_5020_JPG.rf.d0580cc95b5f4d2fb63e61b9d13248a9.jpg,OHI_datasetIMG_5020_JPG,False,EXCLUDE,roboflow_augmentation_duplicate,23,False,photo_like
train,OHI_datasetIMG_5021_JPG.rf.3e062b2b7e5d13106a9eeb6734218805.jpg,OHI_datasetIMG_5021_JPG,True,KEEP,color_clinical_like,11,False,photo_like
train,OHI_datasetIMG_5021_JPG.rf.5566e174fbb15c9fc344cd918b4a2ada.jpg,OHI_datasetIMG_5021_JPG,False,EXCLUDE,roboflow_augmentation_duplicate,11,False,photo_like
train,OHI_datasetIMG_5021_JPG.rf.b708437fc84c4e1d7c5db047cd6f4e11.jpg,OHI_datasetIMG_5021_JPG,False,EXCLUDE,roboflow_augmentation_duplicate,11,False,photo_like
train,OHI_datasetIMG_5022_JPG.rf.17b6ae5856c05396599ef575a2d1ad16.jpg,OHI_datasetIMG_5022_JPG,True,KEEP,color_clinical_like,12,False,photo_like
train,OHI_datasetIMG_5022_JPG.rf.a8eb326419b46534f93d15a9ee56a3b9.jpg,OHI_datasetIMG_5022_JPG,False,EXCLUDE,roboflow_augmentation_duplicate,12,False,photo_like
train,OHI_datasetIMG_5022_JPG.rf.bdb7572c898faf48e325d41fdf536435.jpg,OHI_datasetIMG_5022_JPG,False,EXCLUDE,roboflow_augmentation_duplicate,12,False,photo_like
train,OHI_datasetIMG_5023_JPG.rf.1d4588b4654c20d137a1e6449ec2875d.jpg,OHI_datasetIMG_5023_JPG,True,KEEP,color_clinical_like,12,False,photo_like
train,OHI_datasetIMG_5023_JPG.rf.7331020234dc9de27c99b5bb15218162.jpg,OHI_datasetIMG_5023_JPG,False,EXCLUDE,roboflow_augmentation_duplicate,12,False,photo_like
train,OHI_datasetIMG_5023_JPG.rf.d4317867ebe368fccc9bd837cc91890a.jpg,OHI_datasetIMG_5023_JPG,False,EXCLUDE,roboflow_augmentation_duplicate,12,False,photo_like
train,OHI_datasetIMG_5026_JPG.rf.31fd5bd0023677a94f55db71df165175.jpg,OHI_datasetIMG_5026_JPG,True,KEEP,color_clinical_like,7,False,photo_like
train,OHI_datasetIMG_5026_JPG.rf.886fb26dc39e0fcf9d34c509f4dc6853.jpg,OHI_datasetIMG_5026_JPG,False,EXCLUDE,roboflow_augmentation_duplicate,7,False,photo_like
train,OHI_datasetIMG_5026_JPG.rf.b4a9dfd28730b5bee2b8e092aac3f26c.jpg,OHI_datasetIMG_5026_JPG,False,EXCLUDE,roboflow_augmentation_duplicate,7,False,photo_like
train,OHI_datasetIMG_5033_JPG.rf.0fc2ca00b0194b11ede9eb0154abd233.jpg,OHI_datasetIMG_5033_JPG,True,KEEP,color_clinical_like,12,False,photo_like
train,OHI_datasetIMG_5033_JPG.rf.25edfa02ae6844b98a583747d2d364b2.jpg,OHI_datasetIMG_5033_JPG,False,EXCLUDE,roboflow_augmentation_duplicate,12,False,photo_like
train,OHI_datasetIMG_5033_JPG.rf.e2a00ea3fd5356f347f3941f423e42d2.jpg,OHI_datasetIMG_5033_JPG,False,EXCLUDE,roboflow_augmentation_duplicate,12,False,photo_like
train,OHI_datasetIMG_5053_JPG.rf.37883087c6e84b16aaf72e6da376baa6.jpg,OHI_datasetIMG_5053_JPG,True,KEEP,color_clinical_like,28,False,photo_like
train,OHI_datasetIMG_5053_JPG.rf.58567edf35ea055919670deea7d6344e.jpg,OHI_datasetIMG_5053_JPG,False,EXCLUDE,roboflow_augmentation_duplicate,28,False,photo_like
train,OHI_datasetIMG_5053_JPG.rf.e4fdb2914d30fe1e90180bdd121bc6e5.jpg,OHI_datasetIMG_5053_JPG,False,EXCLUDE,roboflow_augmentation_duplicate,28,True,photo_like
train,OHI_datasetIMG_5054_JPG.rf.82a21c0372600daec7c5c35801137a6a.jpg,OHI_datasetIMG_5054_JPG,True,KEEP,color_clinical_like,14,False,photo_like
train,OHI_datasetIMG_5054_JPG.rf.d45315af97ac65d1e54bcfce04079436.jpg,OHI_datasetIMG_5054_JPG,False,EXCLUDE,roboflow_augmentation_duplicate,14,False,photo_like
train,OHI_datasetIMG_5054_JPG.rf.f1377ffb7aa74188777f57791fe0cbcb.jpg,OHI_datasetIMG_5054_JPG,False,EXCLUDE,roboflow_augmentation_duplicate,14,False,photo_like
train,OHI_datasetIMG_5055_JPG.rf.540dbe22c0d79b06d9c82e851b18def9.jpg,OHI_datasetIMG_5055_JPG,True,KEEP,color_clinical_like,31,False,photo_like
train,OHI_datasetIMG_5055_JPG.rf.ec724836b6558764842453fd0ec6f318.jpg,OHI_datasetIMG_5055_JPG,False,EXCLUDE,roboflow_augmentation_duplicate,31,False,photo_like
train,OHI_datasetIMG_5055_JPG.rf.fc64ed9175e0b2ba4516baf66fbb3ca7.jpg,OHI_datasetIMG_5055_JPG,False,EXCLUDE,roboflow_augmentation_duplicate,31,True,photo_like
train,OHI_datasetIMG_5059_JPG.rf.ce461455a5b01f35284563e1254de664.jpg,OHI_datasetIMG_5059_JPG,True,KEEP,color_clinical_like,14,False,photo_like
train,OHI_datasetIMG_5059_JPG.rf.d4eed75bf78d6a9714c24176abe85213.jpg,OHI_datasetIMG_5059_JPG,False,EXCLUDE,roboflow_augmentation_duplicate,14,False,photo_like
train,OHI_datasetIMG_5059_JPG.rf.d884db45ab75b8d225b5cdd0c2a11ef1.jpg,OHI_datasetIMG_5059_JPG,False,EXCLUDE,roboflow_augmentation_duplicate,14,False,photo_like
train,OHI_datasetIMG_5060_JPG.rf.2ce8dd0c959c363b270bc34af022cd01.jpg,OHI_datasetIMG_5060_JPG,True,KEEP,color_clinical_like,28,False,photo_like
train,OHI_datasetIMG_5060_JPG.rf.2e8e36cf5eeec42c0841531023526edd.jpg,OHI_datasetIMG_5060_JPG,False,EXCLUDE,roboflow_augmentation_duplicate,28,False,photo_like
train,OHI_datasetIMG_5060_JPG.rf.7627a3e8fc48a95d9519537eba39f6cf.jpg,OHI_datasetIMG_5060_JPG,False,EXCLUDE,roboflow_augmentation_duplicate,28,False,photo_like
train,OHI_datasetIMG_5061_JPG.rf.6b3e69ae6335b9987fa37249b3430a15.jpg,OHI_datasetIMG_5061_JPG,True,KEEP,color_clinical_like,15,False,photo_like
train,OHI_datasetIMG_5061_JPG.rf.cd6b461ad434ae71a8a90a0cb31a8ba9.jpg,OHI_datasetIMG_5061_JPG,False,EXCLUDE,roboflow_augmentation_duplicate,15,True,photo_like
train,OHI_datasetIMG_5061_JPG.rf.f6e297de61802ffca07df7f2a857aa02.jpg,OHI_datasetIMG_5061_JPG,False,EXCLUDE,roboflow_augmentation_duplicate,15,False,photo_like
train,OHI_datasetIMG_5062_JPG.rf.58bf41b29b4ed61ffa34b6025a0687a5.jpg,OHI_datasetIMG_5062_JPG,True,REVIEW,near_grayscale_color_stats,13,True,photo_like
train,OHI_datasetIMG_5062_JPG.rf.a8717aea57cc0595b5d05186382daac5.jpg,OHI_datasetIMG_5062_JPG,False,EXCLUDE,roboflow_augmentation_duplicate,13,False,photo_like
train,OHI_datasetIMG_5062_JPG.rf.dad5f2af2cbfd37a33991bd29bb773ff.jpg,OHI_datasetIMG_5062_JPG,False,EXCLUDE,roboflow_augmentation_duplicate,13,False,photo_like
train,OHI_datasetIMG_5067_JPG.rf.492703321cd2a64abfe28edbe6c2b90f.jpg,OHI_datasetIMG_5067_JPG,True,REVIEW,near_grayscale_color_stats,25,True,photo_like
train,OHI_datasetIMG_5067_JPG.rf.5e46eb49a589a013501d6246a4b49dea.jpg,OHI_datasetIMG_5067_JPG,False,EXCLUDE,roboflow_augmentation_duplicate,25,False,photo_like
train,OHI_datasetIMG_5067_JPG.rf.f1e782d4a0c551c7d65c38b395f7fda8.jpg,OHI_datasetIMG_5067_JPG,False,EXCLUDE,roboflow_augmentation_duplicate,25,False,photo_like
train,OHI_datasetIMG_5073_JPG.rf.7e16ae101f88a9eed27d97fd7801676a.jpg,OHI_datasetIMG_5073_JPG,True,KEEP,color_clinical_like,13,False,photo_like
train,OHI_datasetIMG_5073_JPG.rf.9bec20e99c6dc5a5752139c13eeaf1cf.jpg,OHI_datasetIMG_5073_JPG,False,EXCLUDE,roboflow_augmentation_duplicate,13,True,photo_like
train,OHI_datasetIMG_5073_JPG.rf.ccc03d753c801ceea1e1d7ec27f08b73.jpg,OHI_datasetIMG_5073_JPG,False,EXCLUDE,roboflow_augmentation_duplicate,13,False,photo_like
train,OHI_datasetIMG_5077_JPG.rf.01f7a9803a53c79610580b5b9116f661.jpg,OHI_datasetIMG_5077_JPG,True,KEEP,color_clinical_like,13,False,photo_like
train,OHI_datasetIMG_5077_JPG.rf.ba78ccb53f07e943f867b37e45844f9d.jpg,OHI_datasetIMG_5077_JPG,False,EXCLUDE,roboflow_augmentation_duplicate,13,False,photo_like
train,OHI_datasetIMG_5077_JPG.rf.c9e8e7a39825ae7a6fff2e12da2fd3bd.jpg,OHI_datasetIMG_5077_JPG,False,EXCLUDE,roboflow_augmentation_duplicate,13,False,photo_like
train,OHI_datasetIMG_5078_JPG.rf.11cf53b96bc1c604770137a12cdcd0a1.jpg,OHI_datasetIMG_5078_JPG,True,KEEP,color_clinical_like,8,False,photo_like
train,OHI_datasetIMG_5078_JPG.rf.69508c861723f5f3b8851aafc82f03a7.jpg,OHI_datasetIMG_5078_JPG,False,EXCLUDE,roboflow_augmentation_duplicate,8,False,photo_like
train,OHI_datasetIMG_5078_JPG.rf.7707cbbcd6f29fc4b09d77b4078ab0e5.jpg,OHI_datasetIMG_5078_JPG,False,EXCLUDE,roboflow_augmentation_duplicate,8,False,photo_like
train,OHI_datasetIMG_5085_JPG.rf.0bf2d6cc429d1c239d50ebb3d52183fb.jpg,OHI_datasetIMG_5085_JPG,True,REVIEW,near_grayscale_color_stats,30,True,photo_like
train,OHI_datasetIMG_5085_JPG.rf.16a8726e2c4c8e2c97878d8b1c3dfa22.jpg,OHI_datasetIMG_5085_JPG,False,EXCLUDE,roboflow_augmentation_duplicate,30,False,photo_like
train,OHI_datasetIMG_5085_JPG.rf.7f89bde73a50d1ede54be9500ca3d28f.jpg,OHI_datasetIMG_5085_JPG,False,EXCLUDE,roboflow_augmentation_duplicate,30,False,photo_like
train,OHI_datasetIMG_5088_JPG.rf.147c1dcbdbff168c8d99105687100529.jpg,OHI_datasetIMG_5088_JPG,True,KEEP,color_clinical_like,28,False,photo_like
train,OHI_datasetIMG_5088_JPG.rf.bac9e4507fbc4ff68e2237147f5510a1.jpg,OHI_datasetIMG_5088_JPG,False,EXCLUDE,roboflow_augmentation_duplicate,28,True,photo_like
train,OHI_datasetIMG_5088_JPG.rf.d44d216b50fcdefe01b21141e64ec0b5.jpg,OHI_datasetIMG_5088_JPG,False,EXCLUDE,roboflow_augmentation_duplicate,28,False,photo_like
train,OHI_datasetIMG_5089_JPG.rf.6fea94fd2d68d0d0bb7b386ef4d48172.jpg,OHI_datasetIMG_5089_JPG,True,KEEP,color_clinical_like,14,False,photo_like
train,OHI_datasetIMG_5089_JPG.rf.83321062cbc3ee6d079acd9671f909e5.jpg,OHI_datasetIMG_5089_JPG,False,EXCLUDE,roboflow_augmentation_duplicate,14,False,photo_like
train,OHI_datasetIMG_5089_JPG.rf.e138cf4f095c4feb0cf003b4eb072532.jpg,OHI_datasetIMG_5089_JPG,False,EXCLUDE,roboflow_augmentation_duplicate,14,False,photo_like
train,OHI_datasetIMG_5095_JPG.rf.38a26485ffcea3f4ba86d61e672cf2f2.jpg,OHI_datasetIMG_5095_JPG,True,KEEP,color_clinical_like,28,False,photo_like
train,OHI_datasetIMG_5095_JPG.rf.49468b062d871320d9e0491ea81d8daa.jpg,OHI_datasetIMG_5095_JPG,False,EXCLUDE,roboflow_augmentation_duplicate,28,False,photo_like
train,OHI_datasetIMG_5095_JPG.rf.d80e703345d93cf25c438849b9390f7d.jpg,OHI_datasetIMG_5095_JPG,False,EXCLUDE,roboflow_augmentation_duplicate,28,False,photo_like
train,OHI_datasetIMG_5098_JPG.rf.5e63d24ca793534bc8efa4a0aae5294e.jpg,OHI_datasetIMG_5098_JPG,True,KEEP,color_clinical_like,14,False,photo_like
train,OHI_datasetIMG_5098_JPG.rf.92dae4425c9b2906bd1391bb0277fbe8.jpg,OHI_datasetIMG_5098_JPG,False,EXCLUDE,roboflow_augmentation_duplicate,14,False,photo_like
train,OHI_datasetIMG_5098_JPG.rf.dabda53d8139e8ba2ea1977977ca4d2c.jpg,OHI_datasetIMG_5098_JPG,False,EXCLUDE,roboflow_augmentation_duplicate,14,False,photo_like
train,OHI_datasetIMG_5100_JPG.rf.468a9ae673bd76b5971d9d76b0c3ae11.jpg,OHI_datasetIMG_5100_JPG,True,KEEP,color_clinical_like,27,False,photo_like
train,OHI_datasetIMG_5100_JPG.rf.84ae9b8e9877068df0d7be90cd2c076b.jpg,OHI_datasetIMG_5100_JPG,False,EXCLUDE,roboflow_augmentation_duplicate,27,False,photo_like
train,OHI_datasetIMG_5100_JPG.rf.da68b569848920c69239bbf58cc57a94.jpg,OHI_datasetIMG_5100_JPG,False,EXCLUDE,roboflow_augmentation_duplicate,27,False,photo_like
train,OHI_datasetIMG_5101_JPG.rf.4792f4860fc0d88e9e87acd2712c3f6d.jpg,OHI_datasetIMG_5101_JPG,True,KEEP,color_clinical_like,15,False,photo_like
train,OHI_datasetIMG_5101_JPG.rf.6f1c576d4574194e7356ebc94811880a.jpg,OHI_datasetIMG_5101_JPG,False,EXCLUDE,roboflow_augmentation_duplicate,15,False,photo_like
train,OHI_datasetIMG_5101_JPG.rf.7c382b34ed3703a9e7f1903d6ee0bce8.jpg,OHI_datasetIMG_5101_JPG,False,EXCLUDE,roboflow_augmentation_duplicate,15,False,photo_like
train,OHI_datasetIMG_5102_JPG.rf.90112452961eb7cba4dcf098fa3daef8.jpg,OHI_datasetIMG_5102_JPG,True,KEEP,color_clinical_like,15,False,photo_like
train,OHI_datasetIMG_5102_JPG.rf.bae8231487d846703000ee60c0f906dc.jpg,OHI_datasetIMG_5102_JPG,False,EXCLUDE,roboflow_augmentation_duplicate,15,False,photo_like
train,OHI_datasetIMG_5102_JPG.rf.ecc17e50d455427df43ed3d125f75d36.jpg,OHI_datasetIMG_5102_JPG,False,EXCLUDE,roboflow_augmentation_duplicate,15,True,photo_like
train,OHI_datasetIMG_5106_JPG.rf.2d7e81a958787de522e7797a4ef4fdd2.jpg,OHI_datasetIMG_5106_JPG,True,KEEP,color_clinical_like,13,False,photo_like
train,OHI_datasetIMG_5106_JPG.rf.37121f9c5c80f172a9538f3d99fb5790.jpg,OHI_datasetIMG_5106_JPG,False,EXCLUDE,roboflow_augmentation_duplicate,13,False,photo_like
train,OHI_datasetIMG_5106_JPG.rf.aa72728236645de6bdb6452749334a98.jpg,OHI_datasetIMG_5106_JPG,False,EXCLUDE,roboflow_augmentation_duplicate,13,False,photo_like
train,OHI_datasetIMG_5107_JPG.rf.a22712bdc5c5b6f9e1780ccf2c04e08b.jpg,OHI_datasetIMG_5107_JPG,True,REVIEW,near_grayscale_color_stats,14,True,photo_like
train,OHI_datasetIMG_5107_JPG.rf.b8dd7719bc5038bd45efe5dd85284fec.jpg,OHI_datasetIMG_5107_JPG,False,EXCLUDE,roboflow_augmentation_duplicate,14,False,photo_like
train,OHI_datasetIMG_5107_JPG.rf.fa0016fc9551c0ff2a243d8cc800a887.jpg,OHI_datasetIMG_5107_JPG,False,EXCLUDE,roboflow_augmentation_duplicate,14,False,photo_like
train,OHI_datasetIMG_5111_JPG.rf.300eea1219317375d1caa437d7d7abb0.jpg,OHI_datasetIMG_5111_JPG,True,KEEP,color_clinical_like,27,False,photo_like
train,OHI_datasetIMG_5111_JPG.rf.d03e2d33d28979424eed4414cb63107c.jpg,OHI_datasetIMG_5111_JPG,False,EXCLUDE,roboflow_augmentation_duplicate,27,False,photo_like
train,OHI_datasetIMG_5111_JPG.rf.ea1914e7b125b740a1eae375a685ac0e.jpg,OHI_datasetIMG_5111_JPG,False,EXCLUDE,roboflow_augmentation_duplicate,27,False,photo_like
train,OHI_datasetIMG_5115_JPG.rf.b5c03ac4f13c1d0306054721049c85ea.jpg,OHI_datasetIMG_5115_JPG,True,KEEP,color_clinical_like,13,False,photo_like
train,OHI_datasetIMG_5115_JPG.rf.d156050813b31f11ad3283ac10c5d323.jpg,OHI_datasetIMG_5115_JPG,False,EXCLUDE,roboflow_augmentation_duplicate,13,False,photo_like
train,OHI_datasetIMG_5115_JPG.rf.ee9bf7bf13bba0f0afd80996ce8b139c.jpg,OHI_datasetIMG_5115_JPG,False,EXCLUDE,roboflow_augmentation_duplicate,13,False,photo_like
train,OHI_datasetIMG_5121_JPG.rf.099149e59f29ae0507c1cb0a05c81a0c.jpg,OHI_datasetIMG_5121_JPG,True,KEEP,color_clinical_like,27,False,photo_like
train,OHI_datasetIMG_5121_JPG.rf.3fa03a5360a2b3665bcc83c6cd6a223d.jpg,OHI_datasetIMG_5121_JPG,False,EXCLUDE,roboflow_augmentation_duplicate,27,False,photo_like
train,OHI_datasetIMG_5121_JPG.rf.72bb914d423016c4baa57a0ec27d3f7c.jpg,OHI_datasetIMG_5121_JPG,False,EXCLUDE,roboflow_augmentation_duplicate,27,False,photo_like
train,OHI_datasetIMG_5122_JPG.rf.25247f38a098e2bdbf5aa24a4125666a.jpg,OHI_datasetIMG_5122_JPG,True,KEEP,color_clinical_like,27,False,photo_like
train,OHI_datasetIMG_5122_JPG.rf.78b26bde3debec37380d6274fc9c1bc8.jpg,OHI_datasetIMG_5122_JPG,False,EXCLUDE,roboflow_augmentation_duplicate,27,True,photo_like
train,OHI_datasetIMG_5122_JPG.rf.d4e47ba2e07502bf4cbff17dc3e9ef94.jpg,OHI_datasetIMG_5122_JPG,False,EXCLUDE,roboflow_augmentation_duplicate,27,False,photo_like
train,OHI_datasetIMG_5123_JPG.rf.4cd79561f80bacf2302f94ce8cfa5a09.jpg,OHI_datasetIMG_5123_JPG,True,KEEP,color_clinical_like,14,False,photo_like
train,OHI_datasetIMG_5123_JPG.rf.4d7f7b1473264b3dfeb11b6cdecad582.jpg,OHI_datasetIMG_5123_JPG,False,EXCLUDE,roboflow_augmentation_duplicate,14,False,photo_like
train,OHI_datasetIMG_5123_JPG.rf.ed18338dd293055f61e1129bd2c51f53.jpg,OHI_datasetIMG_5123_JPG,False,EXCLUDE,roboflow_augmentation_duplicate,14,False,photo_like
train,OHI_datasetIMG_5124_JPG.rf.386b03e3793b659f08604d79f32cf6f6.jpg,OHI_datasetIMG_5124_JPG,True,KEEP,color_clinical_like,13,False,photo_like
train,OHI_datasetIMG_5124_JPG.rf.da601e220191c980220bb9f5627deb67.jpg,OHI_datasetIMG_5124_JPG,False,EXCLUDE,roboflow_augmentation_duplicate,13,False,photo_like
train,OHI_datasetIMG_5124_JPG.rf.f24c1edd5753d94a49fe6409fad11299.jpg,OHI_datasetIMG_5124_JPG,False,EXCLUDE,roboflow_augmentation_duplicate,13,False,photo_like
train,OHI_datasetIMG_5125_JPG.rf.0a8c1ba4f8fd609e22e0772c141aec79.jpg,OHI_datasetIMG_5125_JPG,True,KEEP,color_clinical_like,14,False,photo_like
train,OHI_datasetIMG_5125_JPG.rf.ae4174879f21ee354bca481a03cb2dc8.jpg,OHI_datasetIMG_5125_JPG,False,EXCLUDE,roboflow_augmentation_duplicate,14,False,photo_like
train,OHI_datasetIMG_5125_JPG.rf.bd2b2a177a9aebf945df211f2533be5f.jpg,OHI_datasetIMG_5125_JPG,False,EXCLUDE,roboflow_augmentation_duplicate,14,False,photo_like
train,OHI_datasetIMG_5131_JPG.rf.00614897ece19633e136ad9ce02b3b11.jpg,OHI_datasetIMG_5131_JPG,True,KEEP,color_clinical_like,28,False,photo_like
train,OHI_datasetIMG_5131_JPG.rf.83cb798968bb9ac2f96382dc3348df8d.jpg,OHI_datasetIMG_5131_JPG,False,EXCLUDE,roboflow_augmentation_duplicate,28,False,photo_like
train,OHI_datasetIMG_5131_JPG.rf.b60e946d5f0aa6cb56b28da0c5e85ed9.jpg,OHI_datasetIMG_5131_JPG,False,EXCLUDE,roboflow_augmentation_duplicate,28,False,photo_like
train,OHI_datasetIMG_5136_JPG.rf.0900f2db5c7dd61c54a4caa0b436832a.jpg,OHI_datasetIMG_5136_JPG,True,REVIEW,near_grayscale_color_stats,14,True,photo_like
train,OHI_datasetIMG_5136_JPG.rf.4a7dae6bdb19ecb4758f05a2d4965064.jpg,OHI_datasetIMG_5136_JPG,False,EXCLUDE,roboflow_augmentation_duplicate,14,False,photo_like
train,OHI_datasetIMG_5136_JPG.rf.9c7d8d611d107c2ed5f75db3785ac2a1.jpg,OHI_datasetIMG_5136_JPG,False,EXCLUDE,roboflow_augmentation_duplicate,14,False,photo_like
train,OHI_datasetIMG_5137_JPG.rf.0805f36766e644c6f4431ac49f627612.jpg,OHI_datasetIMG_5137_JPG,True,KEEP,color_clinical_like,14,False,photo_like
train,OHI_datasetIMG_5137_JPG.rf.ad267b2770dfc45472f3ad121f086d9c.jpg,OHI_datasetIMG_5137_JPG,False,EXCLUDE,roboflow_augmentation_duplicate,14,False,photo_like
train,OHI_datasetIMG_5137_JPG.rf.d5fba578a7ecf6d9ec5a1150f982f87d.jpg,OHI_datasetIMG_5137_JPG,False,EXCLUDE,roboflow_augmentation_duplicate,14,False,photo_like
train,OHI_datasetIMG_5141_JPG.rf.17c8e700500fdda65dc585024e296711.jpg,OHI_datasetIMG_5141_JPG,True,KEEP,color_clinical_like,25,False,photo_like
train,OHI_datasetIMG_5141_JPG.rf.4f79d5b2970877fbd693b120a7110e94.jpg,OHI_datasetIMG_5141_JPG,False,EXCLUDE,roboflow_augmentation_duplicate,25,True,photo_like
train,OHI_datasetIMG_5141_JPG.rf.945e03fd904a0189bb1cdb33a84cdf65.jpg,OHI_datasetIMG_5141_JPG,False,EXCLUDE,roboflow_augmentation_duplicate,25,False,photo_like
train,OHI_datasetIMG_5142_JPG.rf.020d6e5be303220fa0485628611fde7f.jpg,OHI_datasetIMG_5142_JPG,True,KEEP,color_clinical_like,13,False,photo_like
train,OHI_datasetIMG_5142_JPG.rf.53fe76d87ff6ba2f7f47121aeca1ae53.jpg,OHI_datasetIMG_5142_JPG,False,EXCLUDE,roboflow_augmentation_duplicate,13,False,photo_like
train,OHI_datasetIMG_5142_JPG.rf.ff2b4fb23a400c266faa711c6c68fdcf.jpg,OHI_datasetIMG_5142_JPG,False,EXCLUDE,roboflow_augmentation_duplicate,13,False,photo_like
train,OHI_datasetIMG_5143_JPG.rf.79228d831f2fc2d9598782d5bdaa6de4.jpg,OHI_datasetIMG_5143_JPG,True,KEEP,color_clinical_like,12,False,photo_like
train,OHI_datasetIMG_5143_JPG.rf.8b6a7a861ebbafcba6bed6e02e8f13a0.jpg,OHI_datasetIMG_5143_JPG,False,EXCLUDE,roboflow_augmentation_duplicate,12,False,photo_like
train,OHI_datasetIMG_5143_JPG.rf.a67f028ccc61d0b1ae29601b3f0a5da9.jpg,OHI_datasetIMG_5143_JPG,False,EXCLUDE,roboflow_augmentation_duplicate,12,False,photo_like
train,OHI_datasetIMG_5147_JPG.rf.6fec0ef1e4115e984dfcdb999b4b9858.jpg,OHI_datasetIMG_5147_JPG,True,KEEP,color_clinical_like,29,False,photo_like
train,OHI_datasetIMG_5147_JPG.rf.9f5e2a966aea72bd1f0e40627e7f4337.jpg,OHI_datasetIMG_5147_JPG,False,EXCLUDE,roboflow_augmentation_duplicate,29,False,photo_like
train,OHI_datasetIMG_5147_JPG.rf.a29ef57521f2d13f87b79eed1ce332e5.jpg,OHI_datasetIMG_5147_JPG,False,EXCLUDE,roboflow_augmentation_duplicate,29,False,photo_like
train,OHI_datasetIMG_5149_JPG.rf.5e98001cd49f6bdfbb8a45461f8503c2.jpg,OHI_datasetIMG_5149_JPG,True,KEEP,color_clinical_like,16,False,photo_like
train,OHI_datasetIMG_5149_JPG.rf.64357e4a18401b547a6345ae4e71c2c5.jpg,OHI_datasetIMG_5149_JPG,False,EXCLUDE,roboflow_augmentation_duplicate,16,False,photo_like
train,OHI_datasetIMG_5149_JPG.rf.ec3f6262f054b9f2ab44eda8ad000e12.jpg,OHI_datasetIMG_5149_JPG,False,EXCLUDE,roboflow_augmentation_duplicate,16,False,photo_like
train,OHI_datasetIMG_5154_JPG.rf.0eef5bc1e58327c3159760cb697a1481.jpg,OHI_datasetIMG_5154_JPG,True,KEEP,color_clinical_like,14,False,photo_like
train,OHI_datasetIMG_5154_JPG.rf.20dbe1d257514ebcaacaf1f171c87761.jpg,OHI_datasetIMG_5154_JPG,False,EXCLUDE,roboflow_augmentation_duplicate,14,False,photo_like
train,OHI_datasetIMG_5154_JPG.rf.6f1c24028a8277809ce1617c867ee6fb.jpg,OHI_datasetIMG_5154_JPG,False,EXCLUDE,roboflow_augmentation_duplicate,14,False,photo_like
train,OHI_datasetIMG_5157_JPG.rf.26f78fa8ff020c6f2889d496af4c14f9.jpg,OHI_datasetIMG_5157_JPG,True,REVIEW,near_grayscale_color_stats,28,True,photo_like
train,OHI_datasetIMG_5157_JPG.rf.6e1499fbdad5b8af7efd6f22fe02d985.jpg,OHI_datasetIMG_5157_JPG,False,EXCLUDE,roboflow_augmentation_duplicate,28,False,photo_like
train,OHI_datasetIMG_5157_JPG.rf.c2b2d1123f7f22821e1e883d93adca74.jpg,OHI_datasetIMG_5157_JPG,False,EXCLUDE,roboflow_augmentation_duplicate,28,False,photo_like
train,OHI_datasetIMG_5160_JPG.rf.06cafa3ee88cc9612e79ede189b9325f.jpg,OHI_datasetIMG_5160_JPG,True,KEEP,color_clinical_like,13,False,photo_like
train,OHI_datasetIMG_5160_JPG.rf.0f156081d7f3c99cc98fcf241fade663.jpg,OHI_datasetIMG_5160_JPG,False,EXCLUDE,roboflow_augmentation_duplicate,13,False,photo_like
train,OHI_datasetIMG_5160_JPG.rf.377cc3ea8d54668fb630b7d8623f5f5d.jpg,OHI_datasetIMG_5160_JPG,False,EXCLUDE,roboflow_augmentation_duplicate,13,False,photo_like
train,OHI_datasetIMG_5162_JPG.rf.aa0ba99828f376a0e6f24ecd27b19df0.jpg,OHI_datasetIMG_5162_JPG,True,KEEP,color_clinical_like,15,False,photo_like
train,OHI_datasetIMG_5162_JPG.rf.ea44e848ba50732121278190c200402e.jpg,OHI_datasetIMG_5162_JPG,False,EXCLUDE,roboflow_augmentation_duplicate,15,False,photo_like
train,OHI_datasetIMG_5162_JPG.rf.fe457dcbd3b9a63f8a3ed56e895e7449.jpg,OHI_datasetIMG_5162_JPG,False,EXCLUDE,roboflow_augmentation_duplicate,15,False,photo_like
train,OHI_datasetIMG_5164_JPG.rf.44f2d43e57ff8cebce946a6fe9cca9c4.jpg,OHI_datasetIMG_5164_JPG,True,KEEP,color_clinical_like,25,False,photo_like
train,OHI_datasetIMG_5164_JPG.rf.505d51444aa0fd18bc2c1f45004456c5.jpg,OHI_datasetIMG_5164_JPG,False,EXCLUDE,roboflow_augmentation_duplicate,25,False,photo_like
train,OHI_datasetIMG_5164_JPG.rf.d8d662de45944e2e35c3c95d48bfce0b.jpg,OHI_datasetIMG_5164_JPG,False,EXCLUDE,roboflow_augmentation_duplicate,25,False,photo_like
train,OHI_datasetIMG_5169_JPG.rf.6d19822548656178939b67b8b96a3b37.jpg,OHI_datasetIMG_5169_JPG,True,KEEP,color_clinical_like,13,False,photo_like
train,OHI_datasetIMG_5169_JPG.rf.a22c747f3946ef691f7583564e267429.jpg,OHI_datasetIMG_5169_JPG,False,EXCLUDE,roboflow_augmentation_duplicate,13,False,photo_like
train,OHI_datasetIMG_5169_JPG.rf.d5476952ee932a7b6ef51428622e87bd.jpg,OHI_datasetIMG_5169_JPG,False,EXCLUDE,roboflow_augmentation_duplicate,13,False,photo_like
train,OHI_datasetIMG_5176_JPG.rf.5cca42d210ac66da38dbe7ab49adc470.jpg,OHI_datasetIMG_5176_JPG,True,KEEP,color_clinical_like,25,False,photo_like
train,OHI_datasetIMG_5176_JPG.rf.9540065f8a2fded0969dad545ad5f17c.jpg,OHI_datasetIMG_5176_JPG,False,EXCLUDE,roboflow_augmentation_duplicate,25,False,photo_like
train,OHI_datasetIMG_5176_JPG.rf.b640bc046060139d5abc28eb5fd35099.jpg,OHI_datasetIMG_5176_JPG,False,EXCLUDE,roboflow_augmentation_duplicate,25,False,photo_like
train,OHI_datasetIMG_5179_JPG.rf.40984b9597dc412f6681b6dfef425908.jpg,OHI_datasetIMG_5179_JPG,True,KEEP,color_clinical_like,13,False,photo_like
train,OHI_datasetIMG_5179_JPG.rf.bedb9b9f278e88606f52a4879830f5e4.jpg,OHI_datasetIMG_5179_JPG,False,EXCLUDE,roboflow_augmentation_duplicate,13,False,photo_like
train,OHI_datasetIMG_5179_JPG.rf.e0c40a6c02adb2d8c1f69abcab1c35e8.jpg,OHI_datasetIMG_5179_JPG,False,EXCLUDE,roboflow_augmentation_duplicate,13,False,photo_like
train,OHI_datasetIMG_5180_JPG.rf.65d361fb78a9111adca916911166b613.jpg,OHI_datasetIMG_5180_JPG,True,KEEP,color_clinical_like,11,False,photo_like
train,OHI_datasetIMG_5180_JPG.rf.a3eeb90f90556506243c8df57672a852.jpg,OHI_datasetIMG_5180_JPG,False,EXCLUDE,roboflow_augmentation_duplicate,11,False,photo_like
train,OHI_datasetIMG_5180_JPG.rf.b15330cf3af368f8ef4f485f30c842df.jpg,OHI_datasetIMG_5180_JPG,False,EXCLUDE,roboflow_augmentation_duplicate,11,False,photo_like
train,OHI_datasetIMG_5188_JPG.rf.532920bdd622b9534c18834deafa5e19.jpg,OHI_datasetIMG_5188_JPG,True,KEEP,color_clinical_like,31,False,photo_like
train,OHI_datasetIMG_5188_JPG.rf.7cd69f112ef663e32851fea270fda754.jpg,OHI_datasetIMG_5188_JPG,False,EXCLUDE,roboflow_augmentation_duplicate,31,False,photo_like
train,OHI_datasetIMG_5188_JPG.rf.85270a8e77b669e8eb7b61034d3b3af1.jpg,OHI_datasetIMG_5188_JPG,False,EXCLUDE,roboflow_augmentation_duplicate,31,False,photo_like
train,OHI_datasetIMG_5190_JPG.rf.1a74ad0cbf3c9d96c96454a44a60c291.jpg,OHI_datasetIMG_5190_JPG,True,REVIEW,near_grayscale_color_stats,15,True,photo_like
train,OHI_datasetIMG_5190_JPG.rf.3354797cafd3298dd1b296801f589dc7.jpg,OHI_datasetIMG_5190_JPG,False,EXCLUDE,roboflow_augmentation_duplicate,15,False,photo_like
train,OHI_datasetIMG_5190_JPG.rf.5ef9d22513abaa70032e0f8ac29ee386.jpg,OHI_datasetIMG_5190_JPG,False,EXCLUDE,roboflow_augmentation_duplicate,15,False,photo_like
train,OHI_datasetIMG_5192_JPG.rf.465a47a66317a2d29dad0d12aa891191.jpg,OHI_datasetIMG_5192_JPG,True,KEEP,color_clinical_like,30,False,photo_like
train,OHI_datasetIMG_5192_JPG.rf.daa972336f25e2247c68b081d0614166.jpg,OHI_datasetIMG_5192_JPG,False,EXCLUDE,roboflow_augmentation_duplicate,30,False,photo_like
train,OHI_datasetIMG_5192_JPG.rf.fc86766773866ebafaa31a92ccf7d1f1.jpg,OHI_datasetIMG_5192_JPG,False,EXCLUDE,roboflow_augmentation_duplicate,30,False,photo_like
train,OHI_datasetIMG_5196_JPG.rf.c366b155a977adb53aa3c0ca2075cdef.jpg,OHI_datasetIMG_5196_JPG,True,KEEP,color_clinical_like,14,False,photo_like
train,OHI_datasetIMG_5196_JPG.rf.d1288d27d60b0e9a11800dc6f6effaf7.jpg,OHI_datasetIMG_5196_JPG,False,EXCLUDE,roboflow_augmentation_duplicate,14,False,photo_like
train,OHI_datasetIMG_5196_JPG.rf.d407e3baa81ecc9135484b3af845ac7b.jpg,OHI_datasetIMG_5196_JPG,False,EXCLUDE,roboflow_augmentation_duplicate,14,False,photo_like
train,OHI_datasetIMG_5197_JPG.rf.1d4efc66030efe4807e593e77de4a667.jpg,OHI_datasetIMG_5197_JPG,True,KEEP,color_clinical_like,13,False,photo_like
train,OHI_datasetIMG_5197_JPG.rf.3106f7b50781c3194389261c473e6f98.jpg,OHI_datasetIMG_5197_JPG,False,EXCLUDE,roboflow_augmentation_duplicate,13,False,photo_like
train,OHI_datasetIMG_5197_JPG.rf.afcbb1c758bab9f5720e7ed29d5bfc4a.jpg,OHI_datasetIMG_5197_JPG,False,EXCLUDE,roboflow_augmentation_duplicate,13,False,photo_like
train,OHI_datasetIMG_5201_JPG.rf.1dbeefdf555b186d9bc7764871df04cc.jpg,OHI_datasetIMG_5201_JPG,True,KEEP,color_clinical_like,25,False,photo_like
train,OHI_datasetIMG_5201_JPG.rf.1df346d9470c2168c0930aff9d97640c.jpg,OHI_datasetIMG_5201_JPG,False,EXCLUDE,roboflow_augmentation_duplicate,25,False,photo_like
train,OHI_datasetIMG_5201_JPG.rf.c739240eb48fbad0b08231d027c98e34.jpg,OHI_datasetIMG_5201_JPG,False,EXCLUDE,roboflow_augmentation_duplicate,25,False,photo_like
train,OHI_datasetIMG_5211_JPG.rf.30f84f9b3b082f14f73aa3ee8aa73341.jpg,OHI_datasetIMG_5211_JPG,True,KEEP,color_clinical_like,16,False,photo_like
train,OHI_datasetIMG_5211_JPG.rf.806d9f65b7bfe88213b8da907b712528.jpg,OHI_datasetIMG_5211_JPG,False,EXCLUDE,roboflow_augmentation_duplicate,16,False,photo_like
train,OHI_datasetIMG_5211_JPG.rf.a37c311469427cad92746e2ae69a6b15.jpg,OHI_datasetIMG_5211_JPG,False,EXCLUDE,roboflow_augmentation_duplicate,16,False,photo_like
train,OHI_datasetIMG_5212_JPG.rf.29ca3bce12d6c36a3cab1d3363f4a331.jpg,OHI_datasetIMG_5212_JPG,True,KEEP,color_clinical_like,12,False,photo_like
train,OHI_datasetIMG_5212_JPG.rf.72e734fd90f2eb7c2b31a4401b54aaee.jpg,OHI_datasetIMG_5212_JPG,False,EXCLUDE,roboflow_augmentation_duplicate,12,False,photo_like
train,OHI_datasetIMG_5212_JPG.rf.dc0d24bfa7b42d4adc1a586e9a73e4cc.jpg,OHI_datasetIMG_5212_JPG,False,EXCLUDE,roboflow_augmentation_duplicate,12,False,photo_like
train,OHI_datasetIMG_5213_JPG.rf.1b1965081e5255a871e60b5d12282370.jpg,OHI_datasetIMG_5213_JPG,True,KEEP,color_clinical_like,13,False,photo_like
train,OHI_datasetIMG_5213_JPG.rf.6e5a193dd0ce8972449bbe5ad46a8f70.jpg,OHI_datasetIMG_5213_JPG,False,EXCLUDE,roboflow_augmentation_duplicate,13,False,photo_like
train,OHI_datasetIMG_5213_JPG.rf.7f796d19a90cc995b89195841c30774f.jpg,OHI_datasetIMG_5213_JPG,False,EXCLUDE,roboflow_augmentation_duplicate,13,False,photo_like
train,OHI_datasetIMG_5215_JPG.rf.32ddc6ea4d7f7624207d8c569d403019.jpg,OHI_datasetIMG_5215_JPG,True,KEEP,color_clinical_like,26,False,photo_like
train,OHI_datasetIMG_5215_JPG.rf.6d47e152aee0bfd50d1c2ce896820ee7.jpg,OHI_datasetIMG_5215_JPG,False,EXCLUDE,roboflow_augmentation_duplicate,26,False,photo_like
train,OHI_datasetIMG_5215_JPG.rf.d64cfeb309e7f11f663ee32d3a9efd42.jpg,OHI_datasetIMG_5215_JPG,False,EXCLUDE,roboflow_augmentation_duplicate,26,False,photo_like
train,OHI_datasetIMG_5217_JPG.rf.0e4e1ec55c64244e40114c1610ae17da.jpg,OHI_datasetIMG_5217_JPG,True,KEEP,color_clinical_like,13,False,photo_like
train,OHI_datasetIMG_5217_JPG.rf.e4d3479418c27e76e0bbdfe5e2c9475f.jpg,OHI_datasetIMG_5217_JPG,False,EXCLUDE,roboflow_augmentation_duplicate,13,False,photo_like
train,OHI_datasetIMG_5217_JPG.rf.e75c151ba6a0dd5bacf05e5f2107ddea.jpg,OHI_datasetIMG_5217_JPG,False,EXCLUDE,roboflow_augmentation_duplicate,13,True,photo_like
train,OHI_datasetIMG_5231_JPG.rf.57c009d83fd22abbb5d31e7c9524b2b0.jpg,OHI_datasetIMG_5231_JPG,True,KEEP,color_clinical_like,23,False,photo_like
train,OHI_datasetIMG_5231_JPG.rf.e89fc6ee1f5d63b2884f9b939a854ff6.jpg,OHI_datasetIMG_5231_JPG,False,EXCLUDE,roboflow_augmentation_duplicate,23,False,photo_like
train,OHI_datasetIMG_5231_JPG.rf.fc4ad4edd3fb287adda6e457090fd98e.jpg,OHI_datasetIMG_5231_JPG,False,EXCLUDE,roboflow_augmentation_duplicate,23,False,photo_like
train,OHI_datasetIMG_5232_JPG.rf.a75ced973a5901ff500fe30dc43c4585.jpg,OHI_datasetIMG_5232_JPG,True,KEEP,color_clinical_like,22,False,photo_like
train,OHI_datasetIMG_5232_JPG.rf.bd4a9f7efa6009f90beebfbce7dafba1.jpg,OHI_datasetIMG_5232_JPG,False,EXCLUDE,roboflow_augmentation_duplicate,22,False,photo_like
train,OHI_datasetIMG_5232_JPG.rf.fc9598e795ad72245b07d2e4d8e2bb24.jpg,OHI_datasetIMG_5232_JPG,False,EXCLUDE,roboflow_augmentation_duplicate,22,False,photo_like
train,OHI_datasetIMG_5233_JPG.rf.5e4f2400b954640be113afd95f4df6b4.jpg,OHI_datasetIMG_5233_JPG,True,KEEP,color_clinical_like,11,False,photo_like
train,OHI_datasetIMG_5233_JPG.rf.9103d7015b34138201044cbe0de863d0.jpg,OHI_datasetIMG_5233_JPG,False,EXCLUDE,roboflow_augmentation_duplicate,11,False,photo_like
train,OHI_datasetIMG_5233_JPG.rf.a0ff30b024dce6df07eb6b145f62e517.jpg,OHI_datasetIMG_5233_JPG,False,EXCLUDE,roboflow_augmentation_duplicate,11,True,photo_like
train,OHI_datasetIMG_5234_JPG.rf.599f62c9614f88812735a5aa7a3819ad.jpg,OHI_datasetIMG_5234_JPG,True,KEEP,color_clinical_like,11,False,photo_like
train,OHI_datasetIMG_5234_JPG.rf.86a192badfdf3984ae40ca928d333179.jpg,OHI_datasetIMG_5234_JPG,False,EXCLUDE,roboflow_augmentation_duplicate,11,False,photo_like
train,OHI_datasetIMG_5234_JPG.rf.c829f8eb3ad63b2e8a66439ef68b4d03.jpg,OHI_datasetIMG_5234_JPG,False,EXCLUDE,roboflow_augmentation_duplicate,11,False,photo_like
train,OHI_datasetIMG_5237_JPG.rf.0db79e58682344e12e7620ac5a68f503.jpg,OHI_datasetIMG_5237_JPG,True,KEEP,color_clinical_like,26,False,photo_like
train,OHI_datasetIMG_5237_JPG.rf.266cb40605cff4b557ccc05af5f8bf37.jpg,OHI_datasetIMG_5237_JPG,False,EXCLUDE,roboflow_augmentation_duplicate,26,False,photo_like
train,OHI_datasetIMG_5237_JPG.rf.9fe5735263ca4afb6ddaa0c1ce061994.jpg,OHI_datasetIMG_5237_JPG,False,EXCLUDE,roboflow_augmentation_duplicate,26,False,photo_like
train,OHI_datasetIMG_5242_JPG.rf.23ab960661f0f80991bb08f87cd30a96.jpg,OHI_datasetIMG_5242_JPG,True,KEEP,color_clinical_like,13,False,photo_like
train,OHI_datasetIMG_5242_JPG.rf.f14e875dd53e2223fb7d8e35089a35b5.jpg,OHI_datasetIMG_5242_JPG,False,EXCLUDE,roboflow_augmentation_duplicate,13,False,photo_like
train,OHI_datasetIMG_5242_JPG.rf.f728bbd06a9f58af0e36d9121cfac91c.jpg,OHI_datasetIMG_5242_JPG,False,EXCLUDE,roboflow_augmentation_duplicate,13,False,photo_like
train,OHI_datasetIMG_5244_JPG.rf.0bd34e1f07e694b2dc14c1ba44907226.jpg,OHI_datasetIMG_5244_JPG,True,KEEP,color_clinical_like,26,False,photo_like
train,OHI_datasetIMG_5244_JPG.rf.5e83207026d242e26066a2eb7b44620b.jpg,OHI_datasetIMG_5244_JPG,False,EXCLUDE,roboflow_augmentation_duplicate,26,False,photo_like
train,OHI_datasetIMG_5244_JPG.rf.638860a118f93d529bc75d0fd17de9a1.jpg,OHI_datasetIMG_5244_JPG,False,EXCLUDE,roboflow_augmentation_duplicate,26,False,photo_like
train,OHI_datasetIMG_5249_JPG.rf.59fbaac79717cb792de17982b9cbc2ec.jpg,OHI_datasetIMG_5249_JPG,True,KEEP,color_clinical_like,16,False,photo_like
train,OHI_datasetIMG_5249_JPG.rf.9359d664fc083f2097eb1a5409d0a5d0.jpg,OHI_datasetIMG_5249_JPG,False,EXCLUDE,roboflow_augmentation_duplicate,16,False,photo_like
train,OHI_datasetIMG_5249_JPG.rf.ce6b1286993a5fd699fbad78ca7cc2c7.jpg,OHI_datasetIMG_5249_JPG,False,EXCLUDE,roboflow_augmentation_duplicate,16,False,photo_like
train,OHI_datasetIMG_5250_JPG.rf.69d8fa26ba6c2e351b020e87a66102d8.jpg,OHI_datasetIMG_5250_JPG,True,KEEP,color_clinical_like,16,False,photo_like
train,OHI_datasetIMG_5250_JPG.rf.e7617b1677262fe711b9fd6dc5fd91ac.jpg,OHI_datasetIMG_5250_JPG,False,EXCLUDE,roboflow_augmentation_duplicate,16,False,photo_like
train,OHI_datasetIMG_5250_JPG.rf.fcf509add27af7d0b84740a5969bb4ea.jpg,OHI_datasetIMG_5250_JPG,False,EXCLUDE,roboflow_augmentation_duplicate,16,False,photo_like
train,OHI_datasetIMG_5253_JPG.rf.5573da0098f391944586cc922856ee4f.jpg,OHI_datasetIMG_5253_JPG,True,KEEP,color_clinical_like,14,False,photo_like
train,OHI_datasetIMG_5253_JPG.rf.7677cf7cf663a06be57bc47ba9df8837.jpg,OHI_datasetIMG_5253_JPG,False,EXCLUDE,roboflow_augmentation_duplicate,14,False,photo_like
train,OHI_datasetIMG_5253_JPG.rf.8400511402554d3ad6de56fb6103231c.jpg,OHI_datasetIMG_5253_JPG,False,EXCLUDE,roboflow_augmentation_duplicate,14,False,photo_like
train,OHI_datasetIMG_5257_JPG.rf.0827695ff08f0a521f99b6aa0a6becce.jpg,OHI_datasetIMG_5257_JPG,True,KEEP,color_clinical_like,13,False,photo_like
train,OHI_datasetIMG_5257_JPG.rf.528aca44a35799162cde57334a8367ce.jpg,OHI_datasetIMG_5257_JPG,False,EXCLUDE,roboflow_augmentation_duplicate,13,False,photo_like
train,OHI_datasetIMG_5257_JPG.rf.5508da53a0bba92e5d0030fc88ec33d4.jpg,OHI_datasetIMG_5257_JPG,False,EXCLUDE,roboflow_augmentation_duplicate,13,False,photo_like
train,OHI_datasetIMG_5258_JPG.rf.0c548639d00652cba43055de8fee6de8.jpg,OHI_datasetIMG_5258_JPG,True,KEEP,color_clinical_like,14,False,photo_like
train,OHI_datasetIMG_5258_JPG.rf.661c9767b3287a1192be976826901bf6.jpg,OHI_datasetIMG_5258_JPG,False,EXCLUDE,roboflow_augmentation_duplicate,14,False,photo_like
train,OHI_datasetIMG_5258_JPG.rf.adabc1e5f884d523efe2f5efaf6c6bcd.jpg,OHI_datasetIMG_5258_JPG,False,EXCLUDE,roboflow_augmentation_duplicate,14,False,photo_like
train,OHI_datasetIMG_5264_JPG.rf.bd06dc1b69bc857b62cece2cf72244d0.jpg,OHI_datasetIMG_5264_JPG,True,KEEP,color_clinical_like,31,False,photo_like
train,OHI_datasetIMG_5264_JPG.rf.eb89c45a31be41c9103fdbb131ce0fc6.jpg,OHI_datasetIMG_5264_JPG,False,EXCLUDE,roboflow_augmentation_duplicate,31,False,photo_like
train,OHI_datasetIMG_5264_JPG.rf.f72a662e727e12d8874c9608652f99c9.jpg,OHI_datasetIMG_5264_JPG,False,EXCLUDE,roboflow_augmentation_duplicate,31,False,photo_like
train,OHI_datasetIMG_5265_JPG.rf.4af783b50761bf9ff6dd85f31db31370.jpg,OHI_datasetIMG_5265_JPG,True,KEEP,color_clinical_like,16,False,photo_like
train,OHI_datasetIMG_5265_JPG.rf.7c055f3428a8b4fb2fad5bb361c37629.jpg,OHI_datasetIMG_5265_JPG,False,EXCLUDE,roboflow_augmentation_duplicate,16,True,photo_like
train,OHI_datasetIMG_5265_JPG.rf.d6ea1ce5d88c427c9a83ce0070717c72.jpg,OHI_datasetIMG_5265_JPG,False,EXCLUDE,roboflow_augmentation_duplicate,16,False,photo_like
train,OHI_datasetIMG_5266_JPG.rf.558a6927a2f9bf39382d9b10e3e638a9.jpg,OHI_datasetIMG_5266_JPG,True,KEEP,color_clinical_like,16,False,photo_like
train,OHI_datasetIMG_5266_JPG.rf.715500a16ce65705ae77f7a078dea882.jpg,OHI_datasetIMG_5266_JPG,False,EXCLUDE,roboflow_augmentation_duplicate,16,True,photo_like
train,OHI_datasetIMG_5266_JPG.rf.87938fc65d5643fa62a4ce6cd94763a5.jpg,OHI_datasetIMG_5266_JPG,False,EXCLUDE,roboflow_augmentation_duplicate,16,False,photo_like
train,OHI_datasetIMG_5272_JPG.rf.3f05f97414dd119a15ce52a86f55c033.jpg,OHI_datasetIMG_5272_JPG,True,KEEP,color_clinical_like,26,False,photo_like
train,OHI_datasetIMG_5272_JPG.rf.5a67f45bd2a208cb955463066bdfdf98.jpg,OHI_datasetIMG_5272_JPG,False,EXCLUDE,roboflow_augmentation_duplicate,26,False,photo_like
train,OHI_datasetIMG_5272_JPG.rf.6c0d2d5646a46e79210f5158a08f2873.jpg,OHI_datasetIMG_5272_JPG,False,EXCLUDE,roboflow_augmentation_duplicate,26,False,photo_like
train,OHI_datasetIMG_5275_JPG.rf.8436c35a1539bb19d8953d7253472e0c.jpg,OHI_datasetIMG_5275_JPG,True,KEEP,color_clinical_like,12,False,photo_like
train,OHI_datasetIMG_5275_JPG.rf.c22a363ab0f9149de840271af2d20904.jpg,OHI_datasetIMG_5275_JPG,False,EXCLUDE,roboflow_augmentation_duplicate,12,False,photo_like
train,OHI_datasetIMG_5275_JPG.rf.e86d44c138d1f4906ce23c781c003613.jpg,OHI_datasetIMG_5275_JPG,False,EXCLUDE,roboflow_augmentation_duplicate,12,False,photo_like
train,OHI_datasetIMG_5277_JPG.rf.12aec855a9b30967dd6c0db93d6f9fb9.jpg,OHI_datasetIMG_5277_JPG,True,KEEP,color_clinical_like,11,False,photo_like
train,OHI_datasetIMG_5277_JPG.rf.3da0f0be80ea226ebdded194bf768e7e.jpg,OHI_datasetIMG_5277_JPG,False,EXCLUDE,roboflow_augmentation_duplicate,11,False,photo_like
train,OHI_datasetIMG_5277_JPG.rf.5a83f57a64ea339486f16078c4420d09.jpg,OHI_datasetIMG_5277_JPG,False,EXCLUDE,roboflow_augmentation_duplicate,11,False,photo_like
train,OHI_datasetIMG_5279_JPG.rf.204fff2fe84ea3c268c452ce6b96dd7e.jpg,OHI_datasetIMG_5279_JPG,True,KEEP,color_clinical_like,29,False,photo_like
train,OHI_datasetIMG_5279_JPG.rf.c4eb26176c8985db04128381bc8fed7a.jpg,OHI_datasetIMG_5279_JPG,False,EXCLUDE,roboflow_augmentation_duplicate,29,True,photo_like
train,OHI_datasetIMG_5279_JPG.rf.f8b4203342881d47d9ce5cea5447c664.jpg,OHI_datasetIMG_5279_JPG,False,EXCLUDE,roboflow_augmentation_duplicate,29,False,photo_like
train,OHI_datasetIMG_5282_JPG.rf.3dfffcba095d0767c27bc5e901215e2d.jpg,OHI_datasetIMG_5282_JPG,True,KEEP,color_clinical_like,15,False,photo_like
train,OHI_datasetIMG_5282_JPG.rf.411b55e5dea41dc86739d68cf6177331.jpg,OHI_datasetIMG_5282_JPG,False,EXCLUDE,roboflow_augmentation_duplicate,15,False,photo_like
train,OHI_datasetIMG_5282_JPG.rf.6d39238d1f5ca07c540b94390ce09688.jpg,OHI_datasetIMG_5282_JPG,False,EXCLUDE,roboflow_augmentation_duplicate,15,False,photo_like
train,OHI_datasetIMG_5283_JPG.rf.28f985fdd13e1542d753e862c7fe92d3.jpg,OHI_datasetIMG_5283_JPG,True,REVIEW,near_grayscale_color_stats,27,True,photo_like
train,OHI_datasetIMG_5283_JPG.rf.7e44cc6e2321b4a8a7d619b7397fc3b0.jpg,OHI_datasetIMG_5283_JPG,False,EXCLUDE,roboflow_augmentation_duplicate,27,False,photo_like
train,OHI_datasetIMG_5283_JPG.rf.9abb95abd7b08e7b2622bd4e89af81a0.jpg,OHI_datasetIMG_5283_JPG,False,EXCLUDE,roboflow_augmentation_duplicate,27,False,photo_like
train,OHI_datasetIMG_5284_JPG.rf.5513957e541e63585564bdd4f2c3d33b.jpg,OHI_datasetIMG_5284_JPG,True,KEEP,color_clinical_like,14,False,photo_like
train,OHI_datasetIMG_5284_JPG.rf.5e7df695b3684184fb5ea369fed9ee1a.jpg,OHI_datasetIMG_5284_JPG,False,EXCLUDE,roboflow_augmentation_duplicate,14,True,photo_like
train,OHI_datasetIMG_5284_JPG.rf.b34169139e739f7ecb0d3576d444cf1e.jpg,OHI_datasetIMG_5284_JPG,False,EXCLUDE,roboflow_augmentation_duplicate,14,False,photo_like
train,OHI_datasetIMG_5285_JPG.rf.61b4841b7fb4b6fb3ae47fbd55eb2903.jpg,OHI_datasetIMG_5285_JPG,True,KEEP,color_clinical_like,27,False,photo_like
train,OHI_datasetIMG_5285_JPG.rf.a6355d4ca54f8a9366b5d2ba82b85ade.jpg,OHI_datasetIMG_5285_JPG,False,EXCLUDE,roboflow_augmentation_duplicate,27,False,photo_like
train,OHI_datasetIMG_5285_JPG.rf.a82514fac7aa26fd85f899c188977526.jpg,OHI_datasetIMG_5285_JPG,False,EXCLUDE,roboflow_augmentation_duplicate,27,False,photo_like
train,OHI_datasetIMG_5287_JPG.rf.05ade27a3d9da412705b01ed2e8aa476.jpg,OHI_datasetIMG_5287_JPG,True,KEEP,color_clinical_like,14,False,photo_like
train,OHI_datasetIMG_5287_JPG.rf.99a90bdcb4f057925a30ca2f0e430e38.jpg,OHI_datasetIMG_5287_JPG,False,EXCLUDE,roboflow_augmentation_duplicate,14,False,photo_like
train,OHI_datasetIMG_5287_JPG.rf.d17899abe5e6f2ce65a8e42efba2cb78.jpg,OHI_datasetIMG_5287_JPG,False,EXCLUDE,roboflow_augmentation_duplicate,14,False,photo_like
train,OHI_datasetIMG_5288_JPG.rf.285daf613a42937f55e6e0d24d54f02a.jpg,OHI_datasetIMG_5288_JPG,True,KEEP,color_clinical_like,13,False,photo_like
train,OHI_datasetIMG_5288_JPG.rf.724b6c1b3a1ed67383809713411bc557.jpg,OHI_datasetIMG_5288_JPG,False,EXCLUDE,roboflow_augmentation_duplicate,13,False,photo_like
train,OHI_datasetIMG_5288_JPG.rf.7378b6259d0ede616a097fef7cc37f87.jpg,OHI_datasetIMG_5288_JPG,False,EXCLUDE,roboflow_augmentation_duplicate,13,False,photo_like
train,OHI_datasetIMG_5289_JPG.rf.0ffb60352284070cb7efe2416a8b6f3d.jpg,OHI_datasetIMG_5289_JPG,True,KEEP,color_clinical_like,21,False,photo_like
train,OHI_datasetIMG_5289_JPG.rf.7a943e1e829de83fb9eaaefe2da6bd0a.jpg,OHI_datasetIMG_5289_JPG,False,EXCLUDE,roboflow_augmentation_duplicate,21,False,photo_like
train,OHI_datasetIMG_5289_JPG.rf.84f000e32b8b08364ad36a840b7d0121.jpg,OHI_datasetIMG_5289_JPG,False,EXCLUDE,roboflow_augmentation_duplicate,21,False,photo_like
train,OHI_datasetIMG_5290_JPG.rf.45c0bde8c091ef0f326b541b739a6f85.jpg,OHI_datasetIMG_5290_JPG,True,KEEP,color_clinical_like,11,False,photo_like
train,OHI_datasetIMG_5290_JPG.rf.e19c70429be8945d3bd725eaee360705.jpg,OHI_datasetIMG_5290_JPG,False,EXCLUDE,roboflow_augmentation_duplicate,11,False,photo_like
train,OHI_datasetIMG_5290_JPG.rf.e4cf05ae15b5aa2f520776c8539c05a3.jpg,OHI_datasetIMG_5290_JPG,False,EXCLUDE,roboflow_augmentation_duplicate,11,False,photo_like
train,OHI_datasetIMG_5291_JPG.rf.02ee094babba0025c49dfc790d5c8726.jpg,OHI_datasetIMG_5291_JPG,True,KEEP,color_clinical_like,9,False,photo_like
train,OHI_datasetIMG_5291_JPG.rf.ad89fa94d400bf84953d37910e04c5ca.jpg,OHI_datasetIMG_5291_JPG,False,EXCLUDE,roboflow_augmentation_duplicate,9,False,photo_like
train,OHI_datasetIMG_5291_JPG.rf.e354049b7f6bf488d67012abd2c442e9.jpg,OHI_datasetIMG_5291_JPG,False,EXCLUDE,roboflow_augmentation_duplicate,9,False,photo_like
train,OHI_datasetIMG_5295_JPG.rf.55a85f38ddd401e0f0f083ff223e472f.jpg,OHI_datasetIMG_5295_JPG,True,KEEP,color_clinical_like,28,False,photo_like
train,OHI_datasetIMG_5295_JPG.rf.760b833a5028943923eb685919a4b8ae.jpg,OHI_datasetIMG_5295_JPG,False,EXCLUDE,roboflow_augmentation_duplicate,28,False,photo_like
train,OHI_datasetIMG_5295_JPG.rf.d10a3c39506056d3d6008a99dd996097.jpg,OHI_datasetIMG_5295_JPG,False,EXCLUDE,roboflow_augmentation_duplicate,28,False,photo_like
train,OHI_datasetIMG_5296_JPG.rf.71a266c3369a94c72e6b7bf4cd3aca32.jpg,OHI_datasetIMG_5296_JPG,True,KEEP,color_clinical_like,24,False,photo_like
train,OHI_datasetIMG_5296_JPG.rf.7a3c260398df00c51546c905d749edaa.jpg,OHI_datasetIMG_5296_JPG,False,EXCLUDE,roboflow_augmentation_duplicate,24,False,photo_like
train,OHI_datasetIMG_5296_JPG.rf.96b679361071172950a3ec4eb01147b9.jpg,OHI_datasetIMG_5296_JPG,False,EXCLUDE,roboflow_augmentation_duplicate,24,False,photo_like
train,OHI_datasetIMG_5298_JPG.rf.3f2cf0208d8c119b9a90ebb73f3f980b.jpg,OHI_datasetIMG_5298_JPG,True,KEEP,color_clinical_like,12,False,photo_like
train,OHI_datasetIMG_5298_JPG.rf.5ba2f4fbb255da591095802abf0b92c0.jpg,OHI_datasetIMG_5298_JPG,False,EXCLUDE,roboflow_augmentation_duplicate,12,False,photo_like
train,OHI_datasetIMG_5298_JPG.rf.8107ce56836334e2f79c70c233eda6e5.jpg,OHI_datasetIMG_5298_JPG,False,EXCLUDE,roboflow_augmentation_duplicate,12,False,photo_like
train,OHI_datasetIMG_5342_JPG.rf.113effab8923d83adc753e84a1747e07.jpg,OHI_datasetIMG_5342_JPG,True,KEEP,color_clinical_like,27,False,photo_like
train,OHI_datasetIMG_5342_JPG.rf.1583d149aa50d0828124fd3a7b5d8897.jpg,OHI_datasetIMG_5342_JPG,False,EXCLUDE,roboflow_augmentation_duplicate,27,False,photo_like
train,OHI_datasetIMG_5342_JPG.rf.e147523518eb83278bc14432cb7c6b3c.jpg,OHI_datasetIMG_5342_JPG,False,EXCLUDE,roboflow_augmentation_duplicate,27,False,photo_like
train,OHI_datasetIMG_5343_JPG.rf.69d812794068aa90173532c51ff71f73.jpg,OHI_datasetIMG_5343_JPG,True,KEEP,color_clinical_like,14,False,photo_like
train,OHI_datasetIMG_5343_JPG.rf.8c68a57bf12eb6b3492c815722553829.jpg,OHI_datasetIMG_5343_JPG,False,EXCLUDE,roboflow_augmentation_duplicate,14,False,photo_like
train,OHI_datasetIMG_5343_JPG.rf.fdef4914285e526d82acb1b472232975.jpg,OHI_datasetIMG_5343_JPG,False,EXCLUDE,roboflow_augmentation_duplicate,14,False,photo_like
train,OHI_datasetIMG_5344_JPG.rf.36b4f09af19dde9c13ab84f305ec84f7.jpg,OHI_datasetIMG_5344_JPG,True,REVIEW,near_grayscale_color_stats,14,True,photo_like
train,OHI_datasetIMG_5344_JPG.rf.7a57ee8a80f49784b27dd21bed19856e.jpg,OHI_datasetIMG_5344_JPG,False,EXCLUDE,roboflow_augmentation_duplicate,14,False,photo_like
train,OHI_datasetIMG_5344_JPG.rf.ceda70b0165577576b43ce63d7d1b1cb.jpg,OHI_datasetIMG_5344_JPG,False,EXCLUDE,roboflow_augmentation_duplicate,14,False,photo_like
train,OHI_datasetIMG_5345_jpg.rf.432d64358007c2cc061d91cf70f1e3f9.jpg,OHI_datasetIMG_5345_jpg,True,REVIEW,near_grayscale_color_stats,13,True,photo_like
train,OHI_datasetIMG_5345_jpg.rf.52a62c1afdd271c731d6505b521a35a3.jpg,OHI_datasetIMG_5345_jpg,False,EXCLUDE,roboflow_augmentation_duplicate,13,False,photo_like
train,OHI_datasetIMG_5345_jpg.rf.6d230beb936a4aaa91b699a8b61fd964.jpg,OHI_datasetIMG_5345_jpg,False,EXCLUDE,roboflow_augmentation_duplicate,13,False,photo_like
train,OHI_datasetIMG_5346_jpg.rf.17c0bbc79d106dee08517da712af37d7.jpg,OHI_datasetIMG_5346_jpg,True,REVIEW,near_grayscale_color_stats,14,True,photo_like
train,OHI_datasetIMG_5346_jpg.rf.24d248474d2bdc8b8770bcbb15f78b68.jpg,OHI_datasetIMG_5346_jpg,False,EXCLUDE,roboflow_augmentation_duplicate,14,False,photo_like
train,OHI_datasetIMG_5346_jpg.rf.fad9dd786189dc3b3a171052f881d3b9.jpg,OHI_datasetIMG_5346_jpg,False,EXCLUDE,roboflow_augmentation_duplicate,14,False,photo_like
train,OHI_datasetIMG_5356_JPG.rf.19ee83319781cb53c76df0374e1d02b4.jpg,OHI_datasetIMG_5356_JPG,True,REVIEW,near_grayscale_color_stats,15,True,photo_like
train,OHI_datasetIMG_5356_JPG.rf.62e8fc1bd6e98d5e0a1549920b401194.jpg,OHI_datasetIMG_5356_JPG,False,EXCLUDE,roboflow_augmentation_duplicate,15,False,photo_like
train,OHI_datasetIMG_5356_JPG.rf.e5fdf4cd727a53c12d03c35d9a817807.jpg,OHI_datasetIMG_5356_JPG,False,EXCLUDE,roboflow_augmentation_duplicate,15,False,photo_like
train,OHI_datasetIMG_5358_JPG.rf.51239b0e622a1c1594f6b44a43d10537.jpg,OHI_datasetIMG_5358_JPG,True,REVIEW,near_grayscale_color_stats,13,True,photo_like
train,OHI_datasetIMG_5358_JPG.rf.b9bb0654469df47a7eaa34568890a73e.jpg,OHI_datasetIMG_5358_JPG,False,EXCLUDE,roboflow_augmentation_duplicate,13,False,photo_like
train,OHI_datasetIMG_5358_JPG.rf.be4a3b0ee40df2918e52250ceb3a9308.jpg,OHI_datasetIMG_5358_JPG,False,EXCLUDE,roboflow_augmentation_duplicate,13,False,photo_like
train,OHI_datasetIMG_5377_JPG.rf.39818305414ec3e37c895b1dd95c10fc.jpg,OHI_datasetIMG_5377_JPG,True,KEEP,color_clinical_like,14,False,photo_like
train,OHI_datasetIMG_5377_JPG.rf.b47b4ea1f6cfe8313640c993904e06ac.jpg,OHI_datasetIMG_5377_JPG,False,EXCLUDE,roboflow_augmentation_duplicate,14,False,photo_like
train,OHI_datasetIMG_5377_JPG.rf.e89d4b77a520f13e16589462a077640b.jpg,OHI_datasetIMG_5377_JPG,False,EXCLUDE,roboflow_augmentation_duplicate,14,True,photo_like
train,OHI_datasetIMG_5378_JPG.rf.5d5faee0ae4b9c0303dee9bf7cf26f05.jpg,OHI_datasetIMG_5378_JPG,True,KEEP,color_clinical_like,14,False,photo_like
train,OHI_datasetIMG_5378_JPG.rf.6571be9fc39ee0ed589898f5a0f816bb.jpg,OHI_datasetIMG_5378_JPG,False,EXCLUDE,roboflow_augmentation_duplicate,14,False,photo_like
train,OHI_datasetIMG_5378_JPG.rf.f3bb91b49c61053843306e19f506892b.jpg,OHI_datasetIMG_5378_JPG,False,EXCLUDE,roboflow_augmentation_duplicate,14,False,photo_like
train,OHI_datasetIMG_5388_JPG.rf.100069d45f096bff0fa91549d5e93c15.jpg,OHI_datasetIMG_5388_JPG,True,KEEP,color_clinical_like,13,False,photo_like
train,OHI_datasetIMG_5388_JPG.rf.4162cff4e69aa01d68397b26005037a3.jpg,OHI_datasetIMG_5388_JPG,False,EXCLUDE,roboflow_augmentation_duplicate,13,True,photo_like
train,OHI_datasetIMG_5388_JPG.rf.b5e40f4e12fd150188ce17d0cc63ae71.jpg,OHI_datasetIMG_5388_JPG,False,EXCLUDE,roboflow_augmentation_duplicate,13,False,photo_like
train,OHI_datasetIMG_5389_JPG.rf.17cd7b5a96b553708af306bafd309587.jpg,OHI_datasetIMG_5389_JPG,True,KEEP,color_clinical_like,14,False,photo_like
train,OHI_datasetIMG_5389_JPG.rf.5ed3ae4621a6ffb07d85d58f2f7e637f.jpg,OHI_datasetIMG_5389_JPG,False,EXCLUDE,roboflow_augmentation_duplicate,14,True,photo_like
train,OHI_datasetIMG_5389_JPG.rf.811deab666202246fa381ea153ff1f5c.jpg,OHI_datasetIMG_5389_JPG,False,EXCLUDE,roboflow_augmentation_duplicate,14,False,photo_like
train,OHI_datasetIMG_5400_JPG.rf.5a7d6bbcedd9b350839bcc39c2d9c288.jpg,OHI_datasetIMG_5400_JPG,True,KEEP,color_clinical_like,15,False,photo_like
train,OHI_datasetIMG_5400_JPG.rf.b7c34b4ab9b0ebebeff166266b78c0eb.jpg,OHI_datasetIMG_5400_JPG,False,EXCLUDE,roboflow_augmentation_duplicate,15,False,photo_like
train,OHI_datasetIMG_5400_JPG.rf.e53ed25aaa8f4c51851b18a181dfebcd.jpg,OHI_datasetIMG_5400_JPG,False,EXCLUDE,roboflow_augmentation_duplicate,15,False,photo_like
train,OHI_datasetIMG_5405_JPG.rf.26224dda455a81ae9e0537d10966c240.jpg,OHI_datasetIMG_5405_JPG,True,KEEP,color_clinical_like,28,False,photo_like
train,OHI_datasetIMG_5405_JPG.rf.aabaab3acbaafada1f98870b3d7ad396.jpg,OHI_datasetIMG_5405_JPG,False,EXCLUDE,roboflow_augmentation_duplicate,28,False,photo_like
train,OHI_datasetIMG_5405_JPG.rf.d6ac30bfd51057c89dedd9643bbdab64.jpg,OHI_datasetIMG_5405_JPG,False,EXCLUDE,roboflow_augmentation_duplicate,28,True,photo_like
train,OHI_datasetIMG_5406_JPG.rf.30a95bc5232fd7a53058546e8d583416.jpg,OHI_datasetIMG_5406_JPG,True,KEEP,color_clinical_like,14,False,photo_like
train,OHI_datasetIMG_5406_JPG.rf.511fb23f49e28b208e3d8a6fcbd73c4f.jpg,OHI_datasetIMG_5406_JPG,False,EXCLUDE,roboflow_augmentation_duplicate,14,False,photo_like
train,OHI_datasetIMG_5406_JPG.rf.7dd0d19859523b378e3343a1c4dc9010.jpg,OHI_datasetIMG_5406_JPG,False,EXCLUDE,roboflow_augmentation_duplicate,14,False,photo_like
train,OHI_datasetIMG_5429_JPG.rf.3b088e4abbb2d228e8ae362032cb8d7a.jpg,OHI_datasetIMG_5429_JPG,True,KEEP,color_clinical_like,13,False,photo_like
train,OHI_datasetIMG_5429_JPG.rf.4b810218ffef9bb20350c50ff415d6fb.jpg,OHI_datasetIMG_5429_JPG,False,EXCLUDE,roboflow_augmentation_duplicate,13,False,photo_like
train,OHI_datasetIMG_5429_JPG.rf.863a857c944dbcb79c519e84fb9476f7.jpg,OHI_datasetIMG_5429_JPG,False,EXCLUDE,roboflow_augmentation_duplicate,13,False,photo_like
train,OHI_datasetIMG_5430_JPG.rf.802092f85dc35726682412c53880e185.jpg,OHI_datasetIMG_5430_JPG,True,KEEP,color_clinical_like,12,False,photo_like
train,OHI_datasetIMG_5430_JPG.rf.9ac5e3e85be2b1b0a2e7cdb6cbce1cc9.jpg,OHI_datasetIMG_5430_JPG,False,EXCLUDE,roboflow_augmentation_duplicate,12,False,photo_like
train,OHI_datasetIMG_5430_JPG.rf.fb6d21161c0324219f5697502882f2c0.jpg,OHI_datasetIMG_5430_JPG,False,EXCLUDE,roboflow_augmentation_duplicate,12,False,photo_like
train,OHI_datasetIMG_5435_JPG.rf.199255ceb18373ca8589d7c119276e61.jpg,OHI_datasetIMG_5435_JPG,True,KEEP,color_clinical_like,12,False,photo_like
train,OHI_datasetIMG_5435_JPG.rf.367bdd5df09c8cb0d2b9477c6704a3e9.jpg,OHI_datasetIMG_5435_JPG,False,EXCLUDE,roboflow_augmentation_duplicate,12,True,photo_like
train,OHI_datasetIMG_5435_JPG.rf.83180bbd486fea0d45c347c4c68adc13.jpg,OHI_datasetIMG_5435_JPG,False,EXCLUDE,roboflow_augmentation_duplicate,12,False,photo_like
train,OHI_datasetIMG_5449_JPG.rf.4cd7435dcfe15d226d10f99be492bb41.jpg,OHI_datasetIMG_5449_JPG,True,KEEP,color_clinical_like,29,False,photo_like
train,OHI_datasetIMG_5449_JPG.rf.d11e8a33fdf7aa7043a5124ae954afe2.jpg,OHI_datasetIMG_5449_JPG,False,EXCLUDE,roboflow_augmentation_duplicate,29,False,photo_like
train,OHI_datasetIMG_5449_JPG.rf.fad08c1fb28c8beda84070dab69e3652.jpg,OHI_datasetIMG_5449_JPG,False,EXCLUDE,roboflow_augmentation_duplicate,29,False,photo_like
train,OHI_datasetIMG_5453_JPG.rf.3a7f856f581d120282970e56b4c33abd.jpg,OHI_datasetIMG_5453_JPG,True,KEEP,color_clinical_like,15,False,photo_like
train,OHI_datasetIMG_5453_JPG.rf.678f515d08b3ee4638463dc9b7e2c6e8.jpg,OHI_datasetIMG_5453_JPG,False,EXCLUDE,roboflow_augmentation_duplicate,15,False,photo_like
train,OHI_datasetIMG_5453_JPG.rf.cfb121da8e482c2cc11db9971d997187.jpg,OHI_datasetIMG_5453_JPG,False,EXCLUDE,roboflow_augmentation_duplicate,15,False,photo_like
train,OHI_datasetIMG_5455_JPG.rf.3240f289fd61c9e1d050e8e6a4a2117d.jpg,OHI_datasetIMG_5455_JPG,True,KEEP,color_clinical_like,14,False,photo_like
train,OHI_datasetIMG_5455_JPG.rf.552a68a0e335297328d445280184fe25.jpg,OHI_datasetIMG_5455_JPG,False,EXCLUDE,roboflow_augmentation_duplicate,14,True,photo_like
train,OHI_datasetIMG_5455_JPG.rf.900e72e75d5fc5d142dd744485db61ec.jpg,OHI_datasetIMG_5455_JPG,False,EXCLUDE,roboflow_augmentation_duplicate,14,True,photo_like
train,OHI_datasetIMG_5560_JPG.rf.298b0347f23da7335ab67e01bb73453f.jpg,OHI_datasetIMG_5560_JPG,True,KEEP,color_clinical_like,14,False,photo_like
train,OHI_datasetIMG_5560_JPG.rf.2b8ae4a0756f8cff3751970568b7e655.jpg,OHI_datasetIMG_5560_JPG,False,EXCLUDE,roboflow_augmentation_duplicate,14,False,photo_like
train,OHI_datasetIMG_5560_JPG.rf.c50825f8efda7617780ee55839e6e8ee.jpg,OHI_datasetIMG_5560_JPG,False,EXCLUDE,roboflow_augmentation_duplicate,14,False,photo_like
train,OHI_datasetIMG_5561_JPG.rf.26f249a442ccdfc8cc2db5123f55b219.jpg,OHI_datasetIMG_5561_JPG,True,KEEP,color_clinical_like,13,False,photo_like
train,OHI_datasetIMG_5561_JPG.rf.7125027c48c71d27f7e6a9d78ca9f851.jpg,OHI_datasetIMG_5561_JPG,False,EXCLUDE,roboflow_augmentation_duplicate,13,False,photo_like
train,OHI_datasetIMG_5561_JPG.rf.f7bf8d2868af922825ad7315bdcdff34.jpg,OHI_datasetIMG_5561_JPG,False,EXCLUDE,roboflow_augmentation_duplicate,13,False,photo_like
train,OHI_datasetIMG_5586_JPG.rf.4060ef4cc8999d88e87c00f9f24b4b89.jpg,OHI_datasetIMG_5586_JPG,True,KEEP,color_clinical_like,12,False,photo_like
train,OHI_datasetIMG_5586_JPG.rf.62b90f1f29f2cad164e72d54fb7d1200.jpg,OHI_datasetIMG_5586_JPG,False,EXCLUDE,roboflow_augmentation_duplicate,12,False,photo_like
train,OHI_datasetIMG_5586_JPG.rf.cb4244aaea09af16d7eeb1a427f1b9d8.jpg,OHI_datasetIMG_5586_JPG,False,EXCLUDE,roboflow_augmentation_duplicate,12,False,photo_like
train,OHI_datasetIMG_5587_JPG.rf.27fd65f21ed16291794cd32f37f1569d.jpg,OHI_datasetIMG_5587_JPG,True,KEEP,color_clinical_like,14,False,photo_like
train,OHI_datasetIMG_5587_JPG.rf.74995511ec8bb1336847e8cf8caaa6f1.jpg,OHI_datasetIMG_5587_JPG,False,EXCLUDE,roboflow_augmentation_duplicate,14,False,photo_like
train,OHI_datasetIMG_5587_JPG.rf.8de190add74eced6e7351c143aede0e3.jpg,OHI_datasetIMG_5587_JPG,False,EXCLUDE,roboflow_augmentation_duplicate,14,False,photo_like
train,OHI_datasetIMG_5597_JPG.rf.2148853a9a63629afaffcbd20249e469.jpg,OHI_datasetIMG_5597_JPG,True,KEEP,color_clinical_like,18,False,photo_like
train,OHI_datasetIMG_5597_JPG.rf.62376c675ac3f02dfe756587019f43a7.jpg,OHI_datasetIMG_5597_JPG,False,EXCLUDE,roboflow_augmentation_duplicate,18,False,photo_like
train,OHI_datasetIMG_5597_JPG.rf.ea8f5580b2ded40b0adf198818e279be.jpg,OHI_datasetIMG_5597_JPG,False,EXCLUDE,roboflow_augmentation_duplicate,18,False,photo_like
train,OHI_datasetIMG_5600_JPG.rf.1a7639b63aebce0af8f8e8427f62f555.jpg,OHI_datasetIMG_5600_JPG,True,KEEP,color_clinical_like,9,False,photo_like
train,OHI_datasetIMG_5600_JPG.rf.9e4602d84b319bd683d1a592749a6ae5.jpg,OHI_datasetIMG_5600_JPG,False,EXCLUDE,roboflow_augmentation_duplicate,9,False,photo_like
train,OHI_datasetIMG_5600_JPG.rf.eb48bfd4bc986059d5753f963977bef9.jpg,OHI_datasetIMG_5600_JPG,False,EXCLUDE,roboflow_augmentation_duplicate,9,False,photo_like
train,OHI_datasetIMG_5601_JPG.rf.0fff95eaebae936bf831e0cfd8312beb.jpg,OHI_datasetIMG_5601_JPG,True,KEEP,color_clinical_like,9,False,photo_like
train,OHI_datasetIMG_5601_JPG.rf.7bfac46abd7636881b21a8d9a512d269.jpg,OHI_datasetIMG_5601_JPG,False,EXCLUDE,roboflow_augmentation_duplicate,9,False,photo_like
train,OHI_datasetIMG_5601_JPG.rf.9cd150185517233c509e4868ecb119fd.jpg,OHI_datasetIMG_5601_JPG,False,EXCLUDE,roboflow_augmentation_duplicate,9,False,photo_like
train,OHI_datasetIMG_5673_JPG.rf.4174895ce3952b2962d94e1eeb63dfc6.jpg,OHI_datasetIMG_5673_JPG,True,KEEP,color_clinical_like,26,False,photo_like
train,OHI_datasetIMG_5673_JPG.rf.9f6eba651169e212fe001c4852a33089.jpg,OHI_datasetIMG_5673_JPG,False,EXCLUDE,roboflow_augmentation_duplicate,26,True,photo_like
train,OHI_datasetIMG_5673_JPG.rf.ce597ad91d4834783b125b5e7f4aef56.jpg,OHI_datasetIMG_5673_JPG,False,EXCLUDE,roboflow_augmentation_duplicate,26,False,photo_like
train,OHI_datasetIMG_5675_JPG.rf.0ab353acb69f245fcd5f53aeea3a7312.jpg,OHI_datasetIMG_5675_JPG,True,KEEP,color_clinical_like,14,False,photo_like
train,OHI_datasetIMG_5675_JPG.rf.4897df24714424f11a8632f3544fcf46.jpg,OHI_datasetIMG_5675_JPG,False,EXCLUDE,roboflow_augmentation_duplicate,14,False,photo_like
train,OHI_datasetIMG_5675_JPG.rf.a9c9cf9f55a0d2f338b0afbb2533b623.jpg,OHI_datasetIMG_5675_JPG,False,EXCLUDE,roboflow_augmentation_duplicate,14,True,photo_like
train,OHI_datasetIMG_5689_JPG.rf.039053600496c0ab5b2f6af7faac97ae.jpg,OHI_datasetIMG_5689_JPG,True,KEEP,color_clinical_like,11,False,photo_like
train,OHI_datasetIMG_5689_JPG.rf.4fee5b7c4ab69c99eb66b1012a59e4a6.jpg,OHI_datasetIMG_5689_JPG,False,EXCLUDE,roboflow_augmentation_duplicate,11,False,photo_like
train,OHI_datasetIMG_5689_JPG.rf.abdc52158c4c831b44a11ecf28a4ab68.jpg,OHI_datasetIMG_5689_JPG,False,EXCLUDE,roboflow_augmentation_duplicate,11,False,photo_like
train,OHI_datasetIMG_5690_JPG.rf.11fbc90ac1b1df513bc61b34efef5858.jpg,OHI_datasetIMG_5690_JPG,True,REVIEW,near_grayscale_color_stats,11,True,photo_like
train,OHI_datasetIMG_5690_JPG.rf.2327d8c3b15a88e650b9057a7fd080b6.jpg,OHI_datasetIMG_5690_JPG,False,EXCLUDE,roboflow_augmentation_duplicate,11,False,photo_like
train,OHI_datasetIMG_5690_JPG.rf.a20d82e7c2361205c868bcbceb55f3f5.jpg,OHI_datasetIMG_5690_JPG,False,EXCLUDE,roboflow_augmentation_duplicate,11,False,photo_like
train,OHI_datasetIMG_5702_JPG.rf.34ac7be26abb30e7687ab484bf47fe0e.jpg,OHI_datasetIMG_5702_JPG,True,KEEP,color_clinical_like,30,False,photo_like
train,OHI_datasetIMG_5702_JPG.rf.aff77c77cf12694ffb55fc817e7ef89a.jpg,OHI_datasetIMG_5702_JPG,False,EXCLUDE,roboflow_augmentation_duplicate,30,False,photo_like
train,OHI_datasetIMG_5702_JPG.rf.db3ddf79fc5dec61e5ac443f738689a3.jpg,OHI_datasetIMG_5702_JPG,False,EXCLUDE,roboflow_augmentation_duplicate,30,False,photo_like
train,OHI_datasetIMG_5711_JPG.rf.1a465dd68a3e6537e17c95e7ee25d7d9.jpg,OHI_datasetIMG_5711_JPG,True,KEEP,color_clinical_like,15,False,photo_like
train,OHI_datasetIMG_5711_JPG.rf.9f9d60212382027603a53b906f782809.jpg,OHI_datasetIMG_5711_JPG,False,EXCLUDE,roboflow_augmentation_duplicate,15,False,photo_like
train,OHI_datasetIMG_5711_JPG.rf.a93631ef22f229c47f191db1679c6c0e.jpg,OHI_datasetIMG_5711_JPG,False,EXCLUDE,roboflow_augmentation_duplicate,15,False,photo_like
train,OHI_datasetIMG_5716_JPG.rf.4fc79d2323f06a719a73ed9df59ea696.jpg,OHI_datasetIMG_5716_JPG,True,KEEP,color_clinical_like,27,False,photo_like
train,OHI_datasetIMG_5716_JPG.rf.59479c33c5b3073900b736c1ee993ec6.jpg,OHI_datasetIMG_5716_JPG,False,EXCLUDE,roboflow_augmentation_duplicate,27,False,photo_like
train,OHI_datasetIMG_5716_JPG.rf.6d0b974f95eb59262bdca34546bd82dd.jpg,OHI_datasetIMG_5716_JPG,False,EXCLUDE,roboflow_augmentation_duplicate,27,False,photo_like
train,OHI_datasetIMG_5719_JPG.rf.3b809cecf2704275fe739c202e8f3bf3.jpg,OHI_datasetIMG_5719_JPG,True,KEEP,color_clinical_like,14,False,photo_like
train,OHI_datasetIMG_5719_JPG.rf.605b5e897a1ee0862ea8f05761450250.jpg,OHI_datasetIMG_5719_JPG,False,EXCLUDE,roboflow_augmentation_duplicate,14,True,photo_like
train,OHI_datasetIMG_5719_JPG.rf.d5e0fe61a0a4f87d4f2cd122dbaca2ee.jpg,OHI_datasetIMG_5719_JPG,False,EXCLUDE,roboflow_augmentation_duplicate,14,False,photo_like
train,OHI_datasetIMG_5736_JPG.rf.1ed27b6ac6824d9aade5ab4729f1db81.jpg,OHI_datasetIMG_5736_JPG,True,KEEP,color_clinical_like,11,False,photo_like
train,OHI_datasetIMG_5736_JPG.rf.3993dc24ea22683b922690a305042d9d.jpg,OHI_datasetIMG_5736_JPG,False,EXCLUDE,roboflow_augmentation_duplicate,11,False,photo_like
train,OHI_datasetIMG_5736_JPG.rf.d1acad4ff537e4f419d3f59e6b40df24.jpg,OHI_datasetIMG_5736_JPG,False,EXCLUDE,roboflow_augmentation_duplicate,11,False,photo_like
train,OHI_datasetIMG_5756_JPG.rf.0a3c8c216e8ebec14f68da6c851582bb.jpg,OHI_datasetIMG_5756_JPG,True,KEEP,color_clinical_like,6,False,photo_like
train,OHI_datasetIMG_5756_JPG.rf.1c4da2d53018cdad0bb282260a4c4c2e.jpg,OHI_datasetIMG_5756_JPG,False,EXCLUDE,roboflow_augmentation_duplicate,6,True,photo_like
train,OHI_datasetIMG_5756_JPG.rf.aad80bca0cfadbf57eb2df87a1929956.jpg,OHI_datasetIMG_5756_JPG,False,EXCLUDE,roboflow_augmentation_duplicate,6,False,photo_like
train,OHI_datasetIMG_5759_JPG.rf.60027e7c1cf19a7c8f11172d453ef80e.jpg,OHI_datasetIMG_5759_JPG,True,KEEP,color_clinical_like,11,False,photo_like
train,OHI_datasetIMG_5759_JPG.rf.7f0c6f1692289bc4d40e2068b5dceb11.jpg,OHI_datasetIMG_5759_JPG,False,EXCLUDE,roboflow_augmentation_duplicate,11,False,photo_like
train,OHI_datasetIMG_5759_JPG.rf.bbeb864200bf02a3ede893a2a0f5d299.jpg,OHI_datasetIMG_5759_JPG,False,EXCLUDE,roboflow_augmentation_duplicate,11,True,photo_like
train,OHI_datasetIMG_5761_JPG.rf.5e92f02f8b87d30f9ff74bb546843137.jpg,OHI_datasetIMG_5761_JPG,True,REVIEW,near_grayscale_color_stats,17,True,photo_like
train,OHI_datasetIMG_5761_JPG.rf.760f80528b4129ff3e476f461a6ed3b1.jpg,OHI_datasetIMG_5761_JPG,False,EXCLUDE,roboflow_augmentation_duplicate,17,False,photo_like
train,OHI_datasetIMG_5761_JPG.rf.ebc31ff4db27acbeab122b98c2983e04.jpg,OHI_datasetIMG_5761_JPG,False,EXCLUDE,roboflow_augmentation_duplicate,17,False,photo_like
train,OHI_datasetIMG_5765_JPG.rf.55bce39e0d6fad88c3299b0ce1264171.jpg,OHI_datasetIMG_5765_JPG,True,KEEP,color_clinical_like,27,False,photo_like
train,OHI_datasetIMG_5765_JPG.rf.9c96a51ef08cb15e444054aad44e02b9.jpg,OHI_datasetIMG_5765_JPG,False,EXCLUDE,roboflow_augmentation_duplicate,27,False,photo_like
train,OHI_datasetIMG_5765_JPG.rf.d9b09efed70643d8ab746007c0796d53.jpg,OHI_datasetIMG_5765_JPG,False,EXCLUDE,roboflow_augmentation_duplicate,27,False,photo_like
train,OHI_datasetIMG_5768_JPG.rf.92d45bd6b112a9eee44bbec3ed45222c.jpg,OHI_datasetIMG_5768_JPG,True,REVIEW,near_grayscale_color_stats,14,True,photo_like
train,OHI_datasetIMG_5768_JPG.rf.99eef4dbe59c5f523c6fd5e0174428f2.jpg,OHI_datasetIMG_5768_JPG,False,EXCLUDE,roboflow_augmentation_duplicate,14,False,photo_like
train,OHI_datasetIMG_5768_JPG.rf.c59bb95e73c3e8f9d83be1fced08dfe2.jpg,OHI_datasetIMG_5768_JPG,False,EXCLUDE,roboflow_augmentation_duplicate,14,False,photo_like
train,OHI_datasetIMG_5784_JPG.rf.3ed6100bb9b87cc6eab701177c9f41d4.jpg,OHI_datasetIMG_5784_JPG,True,REVIEW,near_grayscale_color_stats,11,True,photo_like
train,OHI_datasetIMG_5784_JPG.rf.42786cc07ce1584d36c88849fdd12cc0.jpg,OHI_datasetIMG_5784_JPG,False,EXCLUDE,roboflow_augmentation_duplicate,11,False,photo_like
train,OHI_datasetIMG_5784_JPG.rf.ac7520a3066ac522acdf1f334e7916ba.jpg,OHI_datasetIMG_5784_JPG,False,EXCLUDE,roboflow_augmentation_duplicate,11,False,photo_like
train,OHI_datasetIMG_5785_JPG.rf.6f60859b770becdc6b9ed788101ddf00.jpg,OHI_datasetIMG_5785_JPG,True,KEEP,color_clinical_like,13,False,photo_like
train,OHI_datasetIMG_5785_JPG.rf.ab802922577572934ee1ebcde53db0cf.jpg,OHI_datasetIMG_5785_JPG,False,EXCLUDE,roboflow_augmentation_duplicate,13,False,photo_like
train,OHI_datasetIMG_5785_JPG.rf.d0026ea5b9474c773e335a990d599086.jpg,OHI_datasetIMG_5785_JPG,False,EXCLUDE,roboflow_augmentation_duplicate,13,False,photo_like
train,OHI_datasetIMG_5800_JPG.rf.2e1e49a099a5f577d07a0f92f6a45146.jpg,OHI_datasetIMG_5800_JPG,True,KEEP,color_clinical_like,13,False,photo_like
train,OHI_datasetIMG_5800_JPG.rf.bdbeffd8351f9290919c53f627b0919e.jpg,OHI_datasetIMG_5800_JPG,False,EXCLUDE,roboflow_augmentation_duplicate,13,False,photo_like
train,OHI_datasetIMG_5800_JPG.rf.c23e5db23e9dec023db657378c104a18.jpg,OHI_datasetIMG_5800_JPG,False,EXCLUDE,roboflow_augmentation_duplicate,13,False,photo_like
train,OHI_datasetIMG_5801_JPG.rf.08f22544ea6771a870067cd35e142945.jpg,OHI_datasetIMG_5801_JPG,True,KEEP,color_clinical_like,13,False,photo_like
train,OHI_datasetIMG_5801_JPG.rf.6a19691bb8e3844c9e16d2554582d23d.jpg,OHI_datasetIMG_5801_JPG,False,EXCLUDE,roboflow_augmentation_duplicate,13,False,photo_like
train,OHI_datasetIMG_5801_JPG.rf.e4ce2e95d9d30cbec8012374c70dfc13.jpg,OHI_datasetIMG_5801_JPG,False,EXCLUDE,roboflow_augmentation_duplicate,13,True,photo_like
train,OHI_datasetIMG_5802_JPG.rf.5702d2fe34b58255de4914939db21993.jpg,OHI_datasetIMG_5802_JPG,True,KEEP,color_clinical_like,28,False,photo_like
train,OHI_datasetIMG_5802_JPG.rf.9d6b3779bb1fdb3fe7796ece9c65359a.jpg,OHI_datasetIMG_5802_JPG,False,EXCLUDE,roboflow_augmentation_duplicate,28,False,photo_like
train,OHI_datasetIMG_5802_JPG.rf.c76c254d2ac7fd65f6d66e32cb72140a.jpg,OHI_datasetIMG_5802_JPG,False,EXCLUDE,roboflow_augmentation_duplicate,28,False,photo_like
train,OHI_datasetIMG_5803_JPG.rf.bba7b2dd9b3c31d1903d63d8c774dec3.jpg,OHI_datasetIMG_5803_JPG,True,KEEP,color_clinical_like,14,False,photo_like
train,OHI_datasetIMG_5803_JPG.rf.be49282abebeceb55fe375ea27534c14.jpg,OHI_datasetIMG_5803_JPG,False,EXCLUDE,roboflow_augmentation_duplicate,14,False,photo_like
train,OHI_datasetIMG_5803_JPG.rf.c7a9ea698632a39c0d2c6bd229f76a61.jpg,OHI_datasetIMG_5803_JPG,False,EXCLUDE,roboflow_augmentation_duplicate,14,False,photo_like
train,OHI_datasetIMG_5804_JPG.rf.bbdbc634b13642c7be6e85b1447eaf02.jpg,OHI_datasetIMG_5804_JPG,True,KEEP,color_clinical_like,14,False,photo_like
train,OHI_datasetIMG_5804_JPG.rf.c8e1b03e5d9a4711e9a4306052a936cc.jpg,OHI_datasetIMG_5804_JPG,False,EXCLUDE,roboflow_augmentation_duplicate,14,False,photo_like
train,OHI_datasetIMG_5804_JPG.rf.cd408280641547b4ba0d3addceee46d0.jpg,OHI_datasetIMG_5804_JPG,False,EXCLUDE,roboflow_augmentation_duplicate,14,False,photo_like
train,OHI_datasetIMG_5811_JPG.rf.90236f1cb6472a79912441b5a5c555aa.jpg,OHI_datasetIMG_5811_JPG,True,KEEP,color_clinical_like,11,False,photo_like
train,OHI_datasetIMG_5811_JPG.rf.ae5354c0a86106315760013fa07fc225.jpg,OHI_datasetIMG_5811_JPG,False,EXCLUDE,roboflow_augmentation_duplicate,11,False,photo_like
train,OHI_datasetIMG_5811_JPG.rf.fc30338653ba3e91e3e75e16ef487d1f.jpg,OHI_datasetIMG_5811_JPG,False,EXCLUDE,roboflow_augmentation_duplicate,11,False,photo_like
train,OHI_datasetIMG_5812_JPG.rf.3467c0a2006388ec539ef208ea6c373c.jpg,OHI_datasetIMG_5812_JPG,True,KEEP,color_clinical_like,13,False,photo_like
train,OHI_datasetIMG_5812_JPG.rf.60352223e6e24f6b78794a71a78aca8b.jpg,OHI_datasetIMG_5812_JPG,False,EXCLUDE,roboflow_augmentation_duplicate,13,False,photo_like
train,OHI_datasetIMG_5812_JPG.rf.943f72abb27f60416c26eccb0b9f7e81.jpg,OHI_datasetIMG_5812_JPG,False,EXCLUDE,roboflow_augmentation_duplicate,13,False,photo_like
train,OHI_datasetIMG_5831_JPG.rf.7b6876acf798d68093a0f38782a87863.jpg,OHI_datasetIMG_5831_JPG,True,KEEP,color_clinical_like,29,False,photo_like
train,OHI_datasetIMG_5831_JPG.rf.e6cee5a83d1c8fdf51c298d91565b856.jpg,OHI_datasetIMG_5831_JPG,False,EXCLUDE,roboflow_augmentation_duplicate,29,False,photo_like
train,OHI_datasetIMG_5831_JPG.rf.ecddc82c699aa39416aff83efaf1cd9d.jpg,OHI_datasetIMG_5831_JPG,False,EXCLUDE,roboflow_augmentation_duplicate,29,False,photo_like
train,OHI_datasetIMG_5834_JPG.rf.197c43f1a99ef1b241b1332b3a9bfdef.jpg,OHI_datasetIMG_5834_JPG,True,KEEP,color_clinical_like,16,False,photo_like
train,OHI_datasetIMG_5834_JPG.rf.5b9d1896aa5cd26dfd413178b787077b.jpg,OHI_datasetIMG_5834_JPG,False,EXCLUDE,roboflow_augmentation_duplicate,16,False,photo_like
train,OHI_datasetIMG_5834_JPG.rf.fd513d6b75231e016cf4777296bf5871.jpg,OHI_datasetIMG_5834_JPG,False,EXCLUDE,roboflow_augmentation_duplicate,16,False,photo_like
train,OHI_datasetIMG_5835_JPG.rf.15b0feecf18a289549833cf8195783bb.jpg,OHI_datasetIMG_5835_JPG,True,KEEP,color_clinical_like,14,False,photo_like
train,OHI_datasetIMG_5835_JPG.rf.44b86d9fa478fd589635e06fbcba909e.jpg,OHI_datasetIMG_5835_JPG,False,EXCLUDE,roboflow_augmentation_duplicate,14,False,photo_like
train,OHI_datasetIMG_5835_JPG.rf.cfc227d48da70fc72f922de11033f7d7.jpg,OHI_datasetIMG_5835_JPG,False,EXCLUDE,roboflow_augmentation_duplicate,14,True,photo_like
train,OHI_datasetIMG_5850_JPG.rf.35e66864a625380c0b96b5d5cb3a4445.jpg,OHI_datasetIMG_5850_JPG,True,REVIEW,near_grayscale_color_stats,12,True,photo_like
train,OHI_datasetIMG_5850_JPG.rf.9b204f95247fa19ca1b862120365027c.jpg,OHI_datasetIMG_5850_JPG,False,EXCLUDE,roboflow_augmentation_duplicate,12,False,photo_like
train,OHI_datasetIMG_5850_JPG.rf.c80977e6494e83e601b4b8a27614d2e5.jpg,OHI_datasetIMG_5850_JPG,False,EXCLUDE,roboflow_augmentation_duplicate,12,False,photo_like
train,OHI_datasetIMG_5852_JPG.rf.0e3bba8a5e063343f5e023dfa3e85670.jpg,OHI_datasetIMG_5852_JPG,True,KEEP,color_clinical_like,12,False,photo_like
train,OHI_datasetIMG_5852_JPG.rf.18797c7eabfc82543e6882d6966cfb00.jpg,OHI_datasetIMG_5852_JPG,False,EXCLUDE,roboflow_augmentation_duplicate,12,True,photo_like
train,OHI_datasetIMG_5852_JPG.rf.f1f619d973d7a1c773c45577495d8d9f.jpg,OHI_datasetIMG_5852_JPG,False,EXCLUDE,roboflow_augmentation_duplicate,12,False,photo_like
train,OHI_datasetIMG_5855_JPG.rf.11339478a9c00b3c44d07e1189cc9090.jpg,OHI_datasetIMG_5855_JPG,True,KEEP,color_clinical_like,28,False,photo_like
train,OHI_datasetIMG_5855_JPG.rf.4ead063c57e103dd45620837c0b23cd1.jpg,OHI_datasetIMG_5855_JPG,False,EXCLUDE,roboflow_augmentation_duplicate,28,False,photo_like
train,OHI_datasetIMG_5855_JPG.rf.c2094b9b3a40dc4c71d7c50ae758b957.jpg,OHI_datasetIMG_5855_JPG,False,EXCLUDE,roboflow_augmentation_duplicate,28,True,photo_like
train,OHI_datasetIMG_5859_JPG.rf.4625b3144cf3ca6f214c795c8136e95f.jpg,OHI_datasetIMG_5859_JPG,True,KEEP,color_clinical_like,15,False,photo_like
train,OHI_datasetIMG_5859_JPG.rf.8dc2d6f3be4e331edba47919a194d004.jpg,OHI_datasetIMG_5859_JPG,False,EXCLUDE,roboflow_augmentation_duplicate,15,False,photo_like
train,OHI_datasetIMG_5859_JPG.rf.d2e485bafb0283cd4019295bf07adba4.jpg,OHI_datasetIMG_5859_JPG,False,EXCLUDE,roboflow_augmentation_duplicate,15,False,photo_like
train,OHI_datasetIMG_5862_JPG.rf.3f4256f93e7f9fa6017c770c83bde4f8.jpg,OHI_datasetIMG_5862_JPG,False,EXCLUDE,roboflow_augmentation_duplicate,13,True,photo_like
train,OHI_datasetIMG_5862_JPG.rf.c14b9a11b706af4ba8131e6ec2cf78df.jpg,OHI_datasetIMG_5862_JPG,True,KEEP,color_clinical_like,14,False,photo_like
train,OHI_datasetIMG_5862_JPG.rf.ef1dbc08c73e23b08d7dbaea9d89996f.jpg,OHI_datasetIMG_5862_JPG,False,EXCLUDE,roboflow_augmentation_duplicate,14,False,photo_like
train,OHI_datasetIMG_5866_JPG.rf.8fd97e9229389ab46338edc055f41669.jpg,OHI_datasetIMG_5866_JPG,True,KEEP,color_clinical_like,14,False,photo_like
train,OHI_datasetIMG_5866_JPG.rf.c443d91142c868ea9d86193872052fdd.jpg,OHI_datasetIMG_5866_JPG,False,EXCLUDE,roboflow_augmentation_duplicate,14,False,photo_like
train,OHI_datasetIMG_5866_JPG.rf.d44c149f048487abffbba7413f2751e3.jpg,OHI_datasetIMG_5866_JPG,False,EXCLUDE,roboflow_augmentation_duplicate,14,False,photo_like
train,OHI_datasetIMG_5876_JPG.rf.0e42f062b02a41d2704f307a16198142.jpg,OHI_datasetIMG_5876_JPG,True,KEEP,color_clinical_like,15,False,photo_like
train,OHI_datasetIMG_5876_JPG.rf.88505406ac775820853f6417c02ff3bb.jpg,OHI_datasetIMG_5876_JPG,False,EXCLUDE,roboflow_augmentation_duplicate,15,False,photo_like
train,OHI_datasetIMG_5876_JPG.rf.f101185612748d82b371dd48670ddb01.jpg,OHI_datasetIMG_5876_JPG,False,EXCLUDE,roboflow_augmentation_duplicate,15,False,photo_like
train,OHI_datasetIMG_5884_JPG.rf.6095d76b8f785e4575c9db5bad87e9b8.jpg,OHI_datasetIMG_5884_JPG,True,KEEP,color_clinical_like,32,False,photo_like
train,OHI_datasetIMG_5884_JPG.rf.8251190c001eaa4089338ebf98d43d7a.jpg,OHI_datasetIMG_5884_JPG,False,EXCLUDE,roboflow_augmentation_duplicate,32,False,photo_like
train,OHI_datasetIMG_5884_JPG.rf.cc78bc019e2477b7b843b6aa4cdb3a23.jpg,OHI_datasetIMG_5884_JPG,False,EXCLUDE,roboflow_augmentation_duplicate,32,False,photo_like
train,OHI_datasetIMG_5888_JPG.rf.3813d8d88d302dc8e2a87a2c864b4f35.jpg,OHI_datasetIMG_5888_JPG,False,EXCLUDE,roboflow_augmentation_duplicate,14,False,photo_like
train,OHI_datasetIMG_5888_JPG.rf.5fc2d562675e03e06274cbf5f7080b48.jpg,OHI_datasetIMG_5888_JPG,True,KEEP,color_clinical_like,15,False,photo_like
train,OHI_datasetIMG_5888_JPG.rf.6607d3633c053586c5149a51e5607ff0.jpg,OHI_datasetIMG_5888_JPG,False,EXCLUDE,roboflow_augmentation_duplicate,15,False,photo_like
train,OHI_datasetIMG_5889_JPG.rf.0a4db8df7696a2df2268e3355398329b.jpg,OHI_datasetIMG_5889_JPG,True,KEEP,color_clinical_like,16,False,photo_like
train,OHI_datasetIMG_5889_JPG.rf.37aa2d6830309d10caad98fefacb96ce.jpg,OHI_datasetIMG_5889_JPG,False,EXCLUDE,roboflow_augmentation_duplicate,15,False,photo_like
train,OHI_datasetIMG_5889_JPG.rf.893f34f5f640fb6eb4ad81cbfcd1116a.jpg,OHI_datasetIMG_5889_JPG,False,EXCLUDE,roboflow_augmentation_duplicate,16,False,photo_like
train,OHI_datasetIMG_5896_JPG.rf.9f721d63e76bdc5d42b1ea1b2553dcd4.jpg,OHI_datasetIMG_5896_JPG,True,KEEP,color_clinical_like,28,False,photo_like
train,OHI_datasetIMG_5896_JPG.rf.c93e6b691447f2e4e06e3c6291d4958f.jpg,OHI_datasetIMG_5896_JPG,False,EXCLUDE,roboflow_augmentation_duplicate,28,False,photo_like
train,OHI_datasetIMG_5896_JPG.rf.f1c3874ab9ab68beb63302f95b5e11c2.jpg,OHI_datasetIMG_5896_JPG,False,EXCLUDE,roboflow_augmentation_duplicate,28,False,photo_like
train,OHI_datasetIMG_5897_JPG.rf.be1f198216af0e94920f3d02116fff73.jpg,OHI_datasetIMG_5897_JPG,True,KEEP,color_clinical_like,14,False,photo_like
train,OHI_datasetIMG_5897_JPG.rf.c62345d557c7a15f1cebfc5d369a536d.jpg,OHI_datasetIMG_5897_JPG,False,EXCLUDE,roboflow_augmentation_duplicate,14,False,photo_like
train,OHI_datasetIMG_5897_JPG.rf.d9422b39c19d755a386c2889489e8e59.jpg,OHI_datasetIMG_5897_JPG,False,EXCLUDE,roboflow_augmentation_duplicate,14,False,photo_like
train,OHI_datasetIMG_5898_JPG.rf.768962dffa7081a50965d219bcd5e271.jpg,OHI_datasetIMG_5898_JPG,True,KEEP,color_clinical_like,13,False,photo_like
train,OHI_datasetIMG_5898_JPG.rf.ccb29f93e0037d4cf9d752939d9a8616.jpg,OHI_datasetIMG_5898_JPG,False,EXCLUDE,roboflow_augmentation_duplicate,13,False,photo_like
train,OHI_datasetIMG_5898_JPG.rf.d62baa630f9bc4147a0b112ec0fe6c17.jpg,OHI_datasetIMG_5898_JPG,False,EXCLUDE,roboflow_augmentation_duplicate,13,True,photo_like
train,OHI_datasetIMG_5906_JPG.rf.005d6eb03328bf5c314238ee342f12df.jpg,OHI_datasetIMG_5906_JPG,True,KEEP,color_clinical_like,26,False,photo_like
train,OHI_datasetIMG_5906_JPG.rf.e1ccf5786dd7d8c9e819ae6e641131e1.jpg,OHI_datasetIMG_5906_JPG,False,EXCLUDE,roboflow_augmentation_duplicate,26,False,photo_like
train,OHI_datasetIMG_5906_JPG.rf.feb6a6ebc0a2e5617b937e33f75e3a71.jpg,OHI_datasetIMG_5906_JPG,False,EXCLUDE,roboflow_augmentation_duplicate,26,False,photo_like
train,OHI_datasetIMG_5914_JPG.rf.1869dd3a2b5c621d864942f3116c2ee7.jpg,OHI_datasetIMG_5914_JPG,True,KEEP,color_clinical_like,14,False,photo_like
train,OHI_datasetIMG_5914_JPG.rf.422f3ebc0c7aa1f4de3124068fd9373a.jpg,OHI_datasetIMG_5914_JPG,False,EXCLUDE,roboflow_augmentation_duplicate,13,False,photo_like
train,OHI_datasetIMG_5914_JPG.rf.464bd27632458fd096d86fc3ab0fe9a5.jpg,OHI_datasetIMG_5914_JPG,False,EXCLUDE,roboflow_augmentation_duplicate,14,False,photo_like
train,OHI_datasetIMG_5915_JPG.rf.10bbac7a63b05a77ab740e85d967b037.jpg,OHI_datasetIMG_5915_JPG,True,KEEP,color_clinical_like,14,False,photo_like
train,OHI_datasetIMG_5915_JPG.rf.689629586c60a6ded118a285bea23aac.jpg,OHI_datasetIMG_5915_JPG,False,EXCLUDE,roboflow_augmentation_duplicate,14,False,photo_like
train,OHI_datasetIMG_5915_JPG.rf.dd1238e54c8c4e56ac5cd08c945ce52d.jpg,OHI_datasetIMG_5915_JPG,False,EXCLUDE,roboflow_augmentation_duplicate,14,False,photo_like
train,OHI_datasetIMG_5924_JPG.rf.0011b68b94bea4c07ae5570cf9251df7.jpg,OHI_datasetIMG_5924_JPG,True,KEEP,color_clinical_like,12,False,photo_like
train,OHI_datasetIMG_5924_JPG.rf.61cf5d78d229666f58c321922e9ab809.jpg,OHI_datasetIMG_5924_JPG,False,EXCLUDE,roboflow_augmentation_duplicate,12,False,photo_like
train,OHI_datasetIMG_5924_JPG.rf.76a55b62058bea28b5dfebb859bae5fa.jpg,OHI_datasetIMG_5924_JPG,False,EXCLUDE,roboflow_augmentation_duplicate,12,True,photo_like
train,OHI_datasetIMG_5925_JPG.rf.35c8b85e09f9fbed231599f3ab5f33b9.jpg,OHI_datasetIMG_5925_JPG,True,KEEP,color_clinical_like,13,False,photo_like
train,OHI_datasetIMG_5925_JPG.rf.c1b99a2de5a15188dc032c6f139df4d3.jpg,OHI_datasetIMG_5925_JPG,False,EXCLUDE,roboflow_augmentation_duplicate,13,False,photo_like
train,OHI_datasetIMG_5925_JPG.rf.f9889760d9a9bc3c5c928e6fcdf02b74.jpg,OHI_datasetIMG_5925_JPG,False,EXCLUDE,roboflow_augmentation_duplicate,13,False,photo_like
train,OHI_datasetIMG_5934_JPG.rf.2e70e31866d5244fee8b4481cac80771.jpg,OHI_datasetIMG_5934_JPG,True,REVIEW,near_grayscale_color_stats,24,True,photo_like
train,OHI_datasetIMG_5934_JPG.rf.aa8734ceda561362944f4e571c27cc3b.jpg,OHI_datasetIMG_5934_JPG,False,EXCLUDE,roboflow_augmentation_duplicate,24,False,photo_like
train,OHI_datasetIMG_5934_JPG.rf.b55d0b019d36c1ed9fa3f1c7ec890e51.jpg,OHI_datasetIMG_5934_JPG,False,EXCLUDE,roboflow_augmentation_duplicate,24,False,photo_like
train,OHI_datasetIMG_5937_JPG.rf.42316f8ed314599a9b86a5768b6580a2.jpg,OHI_datasetIMG_5937_JPG,True,KEEP,color_clinical_like,13,False,photo_like
train,OHI_datasetIMG_5937_JPG.rf.a4cb14a50ac86fd4a18811d208b3756f.jpg,OHI_datasetIMG_5937_JPG,False,EXCLUDE,roboflow_augmentation_duplicate,13,False,photo_like
train,OHI_datasetIMG_5937_JPG.rf.ba0edd357486004b6e3bb5ae6d2f30e5.jpg,OHI_datasetIMG_5937_JPG,False,EXCLUDE,roboflow_augmentation_duplicate,13,False,photo_like
train,OHI_datasetIMG_5939_JPG.rf.31d569ee9e6c0cd3f9cd29f26ed1ef0b.jpg,OHI_datasetIMG_5939_JPG,True,KEEP,color_clinical_like,11,False,photo_like
train,OHI_datasetIMG_5939_JPG.rf.7c46e57e2b4f11b77fd1b8f815630e17.jpg,OHI_datasetIMG_5939_JPG,False,EXCLUDE,roboflow_augmentation_duplicate,11,False,photo_like
train,OHI_datasetIMG_5939_JPG.rf.d676969678db5a379766561c92635b98.jpg,OHI_datasetIMG_5939_JPG,False,EXCLUDE,roboflow_augmentation_duplicate,11,False,photo_like
train,OHI_datasetIMG_5943_JPG.rf.06c6e4f31b1c61a1067dc655f97dfe0f.jpg,OHI_datasetIMG_5943_JPG,True,KEEP,color_clinical_like,8,False,photo_like
train,OHI_datasetIMG_5943_JPG.rf.dcd3fa6ec29d15cf443141dbc87bd8c6.jpg,OHI_datasetIMG_5943_JPG,False,EXCLUDE,roboflow_augmentation_duplicate,8,False,photo_like
train,OHI_datasetIMG_5943_JPG.rf.e4da5e424f03c08a12e568f65be7005b.jpg,OHI_datasetIMG_5943_JPG,False,EXCLUDE,roboflow_augmentation_duplicate,8,False,photo_like
train,OHI_datasetIMG_5944_JPG.rf.0ec08eaa17573c3935705aa1e3c1b4c2.jpg,OHI_datasetIMG_5944_JPG,True,KEEP,color_clinical_like,9,False,photo_like
train,OHI_datasetIMG_5944_JPG.rf.5f9d1bd37337b1d9912cb6647c7db77c.jpg,OHI_datasetIMG_5944_JPG,False,EXCLUDE,roboflow_augmentation_duplicate,9,False,photo_like
train,OHI_datasetIMG_5944_JPG.rf.725752d9973801c7ec33172b62004bcb.jpg,OHI_datasetIMG_5944_JPG,False,EXCLUDE,roboflow_augmentation_duplicate,9,False,photo_like
train,OHI_datasetIMG_5948_JPG.rf.4140055fd941feb3ae2d240bf485a59b.jpg,OHI_datasetIMG_5948_JPG,True,KEEP,color_clinical_like,16,False,photo_like
train,OHI_datasetIMG_5948_JPG.rf.815d72beae2031b1b050388ebf0f51b2.jpg,OHI_datasetIMG_5948_JPG,False,EXCLUDE,roboflow_augmentation_duplicate,16,False,photo_like
train,OHI_datasetIMG_5948_JPG.rf.962d40748e7f3413d50eacf4bd245488.jpg,OHI_datasetIMG_5948_JPG,False,EXCLUDE,roboflow_augmentation_duplicate,16,True,photo_like
train,OHI_datasetIMG_5949_JPG.rf.ab068e9ca72dbb3668e0a5319b4bebc6.jpg,OHI_datasetIMG_5949_JPG,True,REVIEW,near_grayscale_color_stats,8,True,photo_like
train,OHI_datasetIMG_5949_JPG.rf.bcce986fc8994961f6ec17f168f9e480.jpg,OHI_datasetIMG_5949_JPG,False,EXCLUDE,roboflow_augmentation_duplicate,8,False,photo_like
train,OHI_datasetIMG_5949_JPG.rf.dc9b35a9628ec10e73bf3841091dabd0.jpg,OHI_datasetIMG_5949_JPG,False,EXCLUDE,roboflow_augmentation_duplicate,8,False,photo_like
train,OHI_datasetIMG_5950_JPG.rf.2fb73dc53009b3881655ba6995cee404.jpg,OHI_datasetIMG_5950_JPG,True,KEEP,color_clinical_like,8,False,photo_like
train,OHI_datasetIMG_5950_JPG.rf.3a9a1e6a9798bfe024a8a157307a30fd.jpg,OHI_datasetIMG_5950_JPG,False,EXCLUDE,roboflow_augmentation_duplicate,8,False,photo_like
train,OHI_datasetIMG_5950_JPG.rf.c9421040037a88622f4a20a31a88e67a.jpg,OHI_datasetIMG_5950_JPG,False,EXCLUDE,roboflow_augmentation_duplicate,8,False,photo_like
train,OHI_datasetIMG_5992_JPG.rf.7007e8254e61556e780f12520976b821.jpg,OHI_datasetIMG_5992_JPG,True,KEEP,color_clinical_like,11,False,photo_like
train,OHI_datasetIMG_5992_JPG.rf.9fe590cbda43ddd585399b2e5d835a14.jpg,OHI_datasetIMG_5992_JPG,False,EXCLUDE,roboflow_augmentation_duplicate,11,False,photo_like
train,OHI_datasetIMG_5992_JPG.rf.c89fbea9a1d92695b76ae86bca43956b.jpg,OHI_datasetIMG_5992_JPG,False,EXCLUDE,roboflow_augmentation_duplicate,11,False,photo_like
train,OHI_datasetIMG_6011_JPG.rf.03ec29a339c3d5131861e71e790fbb20.jpg,OHI_datasetIMG_6011_JPG,True,KEEP,color_clinical_like,28,False,photo_like
train,OHI_datasetIMG_6011_JPG.rf.0fb5c79ceb9d89c04f89e90d15637e18.jpg,OHI_datasetIMG_6011_JPG,False,EXCLUDE,roboflow_augmentation_duplicate,28,False,photo_like
train,OHI_datasetIMG_6011_JPG.rf.7979baff9801e980597a28721d48c0f3.jpg,OHI_datasetIMG_6011_JPG,False,EXCLUDE,roboflow_augmentation_duplicate,28,False,photo_like
train,OHI_datasetIMG_6015_JPG.rf.964bd4c73e0e1f82b39d22458c8a1d43.jpg,OHI_datasetIMG_6015_JPG,True,KEEP,color_clinical_like,14,False,photo_like
train,OHI_datasetIMG_6015_JPG.rf.aa5852ad27616378ca2bb07abbf5b690.jpg,OHI_datasetIMG_6015_JPG,False,EXCLUDE,roboflow_augmentation_duplicate,14,False,photo_like
train,OHI_datasetIMG_6015_JPG.rf.f65ab580f999760595ace6ddd78af33d.jpg,OHI_datasetIMG_6015_JPG,False,EXCLUDE,roboflow_augmentation_duplicate,14,False,photo_like
train,OHI_datasetIMG_6018_JPG.rf.202de2c7b5b5d8205402c24b66bea32e.jpg,OHI_datasetIMG_6018_JPG,True,KEEP,color_clinical_like,28,False,photo_like
train,OHI_datasetIMG_6018_JPG.rf.8095bfe1e4a0ee11a3518b800b088b33.jpg,OHI_datasetIMG_6018_JPG,False,EXCLUDE,roboflow_augmentation_duplicate,28,False,photo_like
train,OHI_datasetIMG_6018_JPG.rf.b6650c7caebfd1a7b67684466f62cb5f.jpg,OHI_datasetIMG_6018_JPG,False,EXCLUDE,roboflow_augmentation_duplicate,28,False,photo_like
train,OHI_datasetIMG_6022_JPG.rf.5bb051062bf06524a460c114c03c6d22.jpg,OHI_datasetIMG_6022_JPG,True,KEEP,color_clinical_like,15,False,photo_like
train,OHI_datasetIMG_6022_JPG.rf.876b46027c6b0088e292a440367b2a92.jpg,OHI_datasetIMG_6022_JPG,False,EXCLUDE,roboflow_augmentation_duplicate,15,False,photo_like
train,OHI_datasetIMG_6022_JPG.rf.de5628cc380b0f5ae766d656964da73a.jpg,OHI_datasetIMG_6022_JPG,False,EXCLUDE,roboflow_augmentation_duplicate,15,True,photo_like
train,OHI_datasetIMG_6023_JPG.rf.09d2b2ab7649d16d974e04d3da80d9ab.jpg,OHI_datasetIMG_6023_JPG,True,KEEP,color_clinical_like,13,False,photo_like
train,OHI_datasetIMG_6023_JPG.rf.2ccd2989afd909892b05a2185cc5b0d6.jpg,OHI_datasetIMG_6023_JPG,False,EXCLUDE,roboflow_augmentation_duplicate,13,False,photo_like
train,OHI_datasetIMG_6023_JPG.rf.9f7cb335d2f70744ae4522efa7ab77f1.jpg,OHI_datasetIMG_6023_JPG,False,EXCLUDE,roboflow_augmentation_duplicate,13,True,photo_like
train,OHI_datasetIMG_6030_JPG.rf.1b3a38b20220bc664149f3e0039c5a92.jpg,OHI_datasetIMG_6030_JPG,True,KEEP,color_clinical_like,30,False,photo_like
train,OHI_datasetIMG_6030_JPG.rf.33a7d9fe688888782fc5e40dff1011b6.jpg,OHI_datasetIMG_6030_JPG,False,EXCLUDE,roboflow_augmentation_duplicate,30,False,photo_like
train,OHI_datasetIMG_6030_JPG.rf.7456670d463560902675f119d2f8f2de.jpg,OHI_datasetIMG_6030_JPG,False,EXCLUDE,roboflow_augmentation_duplicate,30,False,photo_like
train,OHI_datasetIMG_6035_JPG.rf.3ab80727c883dce9a97a9239d5090b51.jpg,OHI_datasetIMG_6035_JPG,True,KEEP,color_clinical_like,15,False,photo_like
train,OHI_datasetIMG_6035_JPG.rf.84415247f076f13d7c085c2e144298da.jpg,OHI_datasetIMG_6035_JPG,False,EXCLUDE,roboflow_augmentation_duplicate,15,False,photo_like
train,OHI_datasetIMG_6035_JPG.rf.8f69c75af42f51564c25afe1bf1de398.jpg,OHI_datasetIMG_6035_JPG,False,EXCLUDE,roboflow_augmentation_duplicate,15,True,photo_like
train,OHI_datasetIMG_6046_JPG.rf.19ba4cc7b6e7de25785525dd1db7873e.jpg,OHI_datasetIMG_6046_JPG,True,KEEP,color_clinical_like,28,False,photo_like
train,OHI_datasetIMG_6046_JPG.rf.2936d8cfddb86ce540fcce4f608e0694.jpg,OHI_datasetIMG_6046_JPG,False,EXCLUDE,roboflow_augmentation_duplicate,28,False,photo_like
train,OHI_datasetIMG_6046_JPG.rf.8c70822244a7b55af3e22a161197c803.jpg,OHI_datasetIMG_6046_JPG,False,EXCLUDE,roboflow_augmentation_duplicate,28,False,photo_like
train,OHI_datasetIMG_6052_JPG.rf.631cf90d184ab2f3723119188ceedee6.jpg,OHI_datasetIMG_6052_JPG,True,KEEP,color_clinical_like,14,False,photo_like
train,OHI_datasetIMG_6052_JPG.rf.a3638d6a5476779d794e92ab87624efd.jpg,OHI_datasetIMG_6052_JPG,False,EXCLUDE,roboflow_augmentation_duplicate,14,False,photo_like
train,OHI_datasetIMG_6052_JPG.rf.f923978ef233e5cd1ca7131623c7044d.jpg,OHI_datasetIMG_6052_JPG,False,EXCLUDE,roboflow_augmentation_duplicate,14,False,photo_like
train,OHI_datasetIMG_6054_JPG.rf.01d1eb18e71c92c0fe1614d8b7ff73e0.jpg,OHI_datasetIMG_6054_JPG,True,KEEP,color_clinical_like,26,False,photo_like
train,OHI_datasetIMG_6054_JPG.rf.09b8f790b579028434a2a7320bbbc7d2.jpg,OHI_datasetIMG_6054_JPG,False,EXCLUDE,roboflow_augmentation_duplicate,26,False,photo_like
train,OHI_datasetIMG_6054_JPG.rf.6096b13e0f04dd32fe93296ff798c10d.jpg,OHI_datasetIMG_6054_JPG,False,EXCLUDE,roboflow_augmentation_duplicate,26,False,photo_like
train,OHI_datasetIMG_6064_JPG.rf.09a2a17f72d931a7d60838a9d033f523.jpg,OHI_datasetIMG_6064_JPG,True,KEEP,color_clinical_like,19,False,photo_like
train,OHI_datasetIMG_6064_JPG.rf.61ee2d03c3afd74a676cd57b72760eca.jpg,OHI_datasetIMG_6064_JPG,False,EXCLUDE,roboflow_augmentation_duplicate,19,False,photo_like
train,OHI_datasetIMG_6064_JPG.rf.eb90862c36b5748b5bffd140c8ff3d67.jpg,OHI_datasetIMG_6064_JPG,False,EXCLUDE,roboflow_augmentation_duplicate,19,False,photo_like
train,OHI_datasetIMG_6070_JPG.rf.b33922832fc3118db5cfaeb7e1c955dd.jpg,OHI_datasetIMG_6070_JPG,True,KEEP,color_clinical_like,9,False,photo_like
train,OHI_datasetIMG_6070_JPG.rf.ceead42b51ce89d03eab339cc1692cfe.jpg,OHI_datasetIMG_6070_JPG,False,EXCLUDE,roboflow_augmentation_duplicate,9,False,photo_like
train,OHI_datasetIMG_6070_JPG.rf.d372cacb2b9956f68ce4ea1168f74bd9.jpg,OHI_datasetIMG_6070_JPG,False,EXCLUDE,roboflow_augmentation_duplicate,9,False,photo_like
train,OHI_datasetIMG_6093_JPG.rf.17589e96a3a17014112af5cba7450434.jpg,OHI_datasetIMG_6093_JPG,True,KEEP,color_clinical_like,24,False,photo_like
train,OHI_datasetIMG_6093_JPG.rf.6db93ca6500e51061c89a7bb8ac0c6b4.jpg,OHI_datasetIMG_6093_JPG,False,EXCLUDE,roboflow_augmentation_duplicate,24,False,photo_like
train,OHI_datasetIMG_6093_JPG.rf.702fd137b8f47d43dfd717c1de3c7c8d.jpg,OHI_datasetIMG_6093_JPG,False,EXCLUDE,roboflow_augmentation_duplicate,24,False,photo_like
train,OHI_datasetIMG_6094_JPG.rf.0eb3c9ba8a5e43ae512e2659d2c7c46f.jpg,OHI_datasetIMG_6094_JPG,True,KEEP,color_clinical_like,14,False,photo_like
train,OHI_datasetIMG_6094_JPG.rf.69157262f3270630e3e6f3788c214ae0.jpg,OHI_datasetIMG_6094_JPG,False,EXCLUDE,roboflow_augmentation_duplicate,14,False,photo_like
train,OHI_datasetIMG_6094_JPG.rf.d512ca6f20d5a287975f4d17ad5d6a48.jpg,OHI_datasetIMG_6094_JPG,False,EXCLUDE,roboflow_augmentation_duplicate,14,False,photo_like
train,OHI_datasetIMG_6095_JPG.rf.03426cd52992430faf28ee604d1d6322.jpg,OHI_datasetIMG_6095_JPG,True,KEEP,color_clinical_like,15,False,photo_like
train,OHI_datasetIMG_6095_JPG.rf.04c36799ccd34c7d43481a673aa10cab.jpg,OHI_datasetIMG_6095_JPG,False,EXCLUDE,roboflow_augmentation_duplicate,15,False,photo_like
train,OHI_datasetIMG_6095_JPG.rf.bdb3f6cc55395a3f8a28e1d19756c575.jpg,OHI_datasetIMG_6095_JPG,False,EXCLUDE,roboflow_augmentation_duplicate,15,False,photo_like
train,OHI_datasetIMG_6104_JPG.rf.2930ae4d5095d14f7859fb7bf6dafdec.jpg,OHI_datasetIMG_6104_JPG,True,KEEP,color_clinical_like,28,False,photo_like
train,OHI_datasetIMG_6104_JPG.rf.3c6f1bd9612d60c014a6b611819cb38f.jpg,OHI_datasetIMG_6104_JPG,False,EXCLUDE,roboflow_augmentation_duplicate,28,False,photo_like
train,OHI_datasetIMG_6104_JPG.rf.42d6ef481c29333683b8d5c74087d371.jpg,OHI_datasetIMG_6104_JPG,False,EXCLUDE,roboflow_augmentation_duplicate,28,False,photo_like
train,OHI_datasetIMG_6107_JPG.rf.64377f38b681751ab44bb3ce49b4c26f.jpg,OHI_datasetIMG_6107_JPG,True,KEEP,color_clinical_like,14,False,photo_like
train,OHI_datasetIMG_6107_JPG.rf.a1105d6d5b49c4df53cb22abd2a240a2.jpg,OHI_datasetIMG_6107_JPG,False,EXCLUDE,roboflow_augmentation_duplicate,14,False,photo_like
train,OHI_datasetIMG_6107_JPG.rf.f59b52df953c74b883d55f467994544b.jpg,OHI_datasetIMG_6107_JPG,False,EXCLUDE,roboflow_augmentation_duplicate,14,False,photo_like
train,OHI_datasetIMG_6108_JPG.rf.299eedafd8303e571d039dcd3d579938.jpg,OHI_datasetIMG_6108_JPG,True,KEEP,color_clinical_like,14,False,photo_like
train,OHI_datasetIMG_6108_JPG.rf.8619179695789b9df759dde86528a57f.jpg,OHI_datasetIMG_6108_JPG,False,EXCLUDE,roboflow_augmentation_duplicate,14,True,photo_like
train,OHI_datasetIMG_6108_JPG.rf.fc9d45f8459435e65edcc07321eac46c.jpg,OHI_datasetIMG_6108_JPG,False,EXCLUDE,roboflow_augmentation_duplicate,14,False,photo_like
train,OHI_datasetIMG_6110_JPG.rf.42883d7d4bc270b4ea46178638c81008.jpg,OHI_datasetIMG_6110_JPG,True,REVIEW,near_grayscale_color_stats,29,True,photo_like
train,OHI_datasetIMG_6110_JPG.rf.5b681350e58fc89f0dadfef1670ef0fa.jpg,OHI_datasetIMG_6110_JPG,False,EXCLUDE,roboflow_augmentation_duplicate,29,False,photo_like
train,OHI_datasetIMG_6110_JPG.rf.dae5c1b0788dfd8ec43f180245e9d423.jpg,OHI_datasetIMG_6110_JPG,False,EXCLUDE,roboflow_augmentation_duplicate,29,False,photo_like
train,OHI_datasetIMG_6112_JPG.rf.0bfaf95e993a94004657b54ad8abcc87.jpg,OHI_datasetIMG_6112_JPG,True,KEEP,color_clinical_like,14,False,photo_like
train,OHI_datasetIMG_6112_JPG.rf.1ed22a656e6621084917da9c059804bf.jpg,OHI_datasetIMG_6112_JPG,False,EXCLUDE,roboflow_augmentation_duplicate,14,False,photo_like
train,OHI_datasetIMG_6112_JPG.rf.f769fd13920b067524f6f3dc4f5a0486.jpg,OHI_datasetIMG_6112_JPG,False,EXCLUDE,roboflow_augmentation_duplicate,14,False,photo_like
train,OHI_datasetIMG_6121_JPG.rf.011e2da5bb139212929e4e27875fbad3.jpg,OHI_datasetIMG_6121_JPG,True,KEEP,color_clinical_like,27,False,photo_like
train,OHI_datasetIMG_6121_JPG.rf.a947a4a674f0fd900769df9181ccc560.jpg,OHI_datasetIMG_6121_JPG,False,EXCLUDE,roboflow_augmentation_duplicate,27,False,photo_like
train,OHI_datasetIMG_6121_JPG.rf.b5204a3fb041783b0c42b8cb4046d768.jpg,OHI_datasetIMG_6121_JPG,False,EXCLUDE,roboflow_augmentation_duplicate,27,False,photo_like
train,OHI_datasetIMG_6124_JPG.rf.6f2c21202641737ab56c9e1068eb31a5.jpg,OHI_datasetIMG_6124_JPG,True,KEEP,color_clinical_like,15,False,photo_like
train,OHI_datasetIMG_6124_JPG.rf.da19277ec3953071155d240d23cea91e.jpg,OHI_datasetIMG_6124_JPG,False,EXCLUDE,roboflow_augmentation_duplicate,14,False,photo_like
train,OHI_datasetIMG_6124_JPG.rf.ee970c606cca6d0edf8e422456033aca.jpg,OHI_datasetIMG_6124_JPG,False,EXCLUDE,roboflow_augmentation_duplicate,15,False,photo_like
train,OHI_datasetIMG_6129_JPG.rf.3c069ff69c467ccd832f5fa9017bd26a.jpg,OHI_datasetIMG_6129_JPG,True,REVIEW,near_grayscale_color_stats,27,True,photo_like
train,OHI_datasetIMG_6129_JPG.rf.8a0884baaf2b067c3992fe1a9d07ef42.jpg,OHI_datasetIMG_6129_JPG,False,EXCLUDE,roboflow_augmentation_duplicate,27,False,photo_like
train,OHI_datasetIMG_6129_JPG.rf.da23b46ab629d9cf7d3e100e527887d2.jpg,OHI_datasetIMG_6129_JPG,False,EXCLUDE,roboflow_augmentation_duplicate,27,False,photo_like
train,OHI_datasetIMG_6132_JPG.rf.2bb0d9ea0c51ef58c26a9fd17f12fa17.jpg,OHI_datasetIMG_6132_JPG,True,KEEP,color_clinical_like,13,False,photo_like
train,OHI_datasetIMG_6132_JPG.rf.663383cf9b5e9223cf650fe9ccca1427.jpg,OHI_datasetIMG_6132_JPG,False,EXCLUDE,roboflow_augmentation_duplicate,13,False,photo_like
train,OHI_datasetIMG_6132_JPG.rf.7c18dee1b3f3a3d238fc8fe4db4fa9ae.jpg,OHI_datasetIMG_6132_JPG,False,EXCLUDE,roboflow_augmentation_duplicate,13,False,photo_like
train,OHI_datasetIMG_6142_JPG.rf.67e4ed15f28c84237cee638ccfaf515a.jpg,OHI_datasetIMG_6142_JPG,True,REVIEW,near_grayscale_color_stats,31,True,photo_like
train,OHI_datasetIMG_6142_JPG.rf.75856bcf1e66b5b0062244b53ff9b042.jpg,OHI_datasetIMG_6142_JPG,False,EXCLUDE,roboflow_augmentation_duplicate,31,False,photo_like
train,OHI_datasetIMG_6142_JPG.rf.b27a5f7b39b20d962722a0b89762381b.jpg,OHI_datasetIMG_6142_JPG,False,EXCLUDE,roboflow_augmentation_duplicate,31,False,photo_like
train,OHI_datasetIMG_6145_JPG.rf.58fd70432ea938e5a0b7909ef767193c.jpg,OHI_datasetIMG_6145_JPG,True,KEEP,color_clinical_like,16,False,photo_like
train,OHI_datasetIMG_6145_JPG.rf.6c4296536377c5b892db7ce7e6299116.jpg,OHI_datasetIMG_6145_JPG,False,EXCLUDE,roboflow_augmentation_duplicate,15,False,photo_like
train,OHI_datasetIMG_6145_JPG.rf.ad61fc3247457351f822e2aa3cd891d8.jpg,OHI_datasetIMG_6145_JPG,False,EXCLUDE,roboflow_augmentation_duplicate,16,True,photo_like
train,OHI_datasetIMG_6146_JPG.rf.156901c17f9920554afbdd1d6308ed18.jpg,OHI_datasetIMG_6146_JPG,True,REVIEW,near_grayscale_color_stats,16,True,photo_like
train,OHI_datasetIMG_6146_JPG.rf.3987eb67312b935c78f632c09c064bc8.jpg,OHI_datasetIMG_6146_JPG,False,EXCLUDE,roboflow_augmentation_duplicate,16,False,photo_like
train,OHI_datasetIMG_6146_JPG.rf.703593264c4c1b44625406c5a129c62d.jpg,OHI_datasetIMG_6146_JPG,False,EXCLUDE,roboflow_augmentation_duplicate,16,False,photo_like
train,OHI_datasetIMG_6155_JPG.rf.3a6363d4e7d6851531dfd292d7584c4f.jpg,OHI_datasetIMG_6155_JPG,True,KEEP,color_clinical_like,14,False,photo_like
train,OHI_datasetIMG_6155_JPG.rf.4daf88596d5877f11fe82435e3616f81.jpg,OHI_datasetIMG_6155_JPG,False,EXCLUDE,roboflow_augmentation_duplicate,14,False,photo_like
train,OHI_datasetIMG_6155_JPG.rf.76f285e70837ce04c6c277fb84a4f95b.jpg,OHI_datasetIMG_6155_JPG,False,EXCLUDE,roboflow_augmentation_duplicate,14,False,photo_like
train,OHI_datasetIMG_6161_JPG.rf.16769f0a6cd4bf53719e65670013acaa.jpg,OHI_datasetIMG_6161_JPG,True,KEEP,color_clinical_like,16,False,photo_like
train,OHI_datasetIMG_6161_JPG.rf.6d3ca391de35f1bbb29565ccbd853150.jpg,OHI_datasetIMG_6161_JPG,False,EXCLUDE,roboflow_augmentation_duplicate,16,False,photo_like
train,OHI_datasetIMG_6161_JPG.rf.995ba1689665a17e7ca1fcb797875170.jpg,OHI_datasetIMG_6161_JPG,False,EXCLUDE,roboflow_augmentation_duplicate,16,False,photo_like
train,OHI_datasetIMG_6162_JPG.rf.78c74fa0760ed785d1b21c3173561169.jpg,OHI_datasetIMG_6162_JPG,True,KEEP,color_clinical_like,16,False,photo_like
train,OHI_datasetIMG_6162_JPG.rf.b98ad5111c5ec53e19073bc14bba5f3c.jpg,OHI_datasetIMG_6162_JPG,False,EXCLUDE,roboflow_augmentation_duplicate,16,False,photo_like
train,OHI_datasetIMG_6162_JPG.rf.dbdfd5e44719c1717493a8c33dfc2c3f.jpg,OHI_datasetIMG_6162_JPG,False,EXCLUDE,roboflow_augmentation_duplicate,16,True,photo_like
train,OHI_datasetIMG_6167_JPG.rf.29350beb7be0d1291219452af2105f0e.jpg,OHI_datasetIMG_6167_JPG,True,KEEP,color_clinical_like,18,False,photo_like
train,OHI_datasetIMG_6167_JPG.rf.bb7b023e0c4237080ce3e81df8a08b39.jpg,OHI_datasetIMG_6167_JPG,False,EXCLUDE,roboflow_augmentation_duplicate,18,False,photo_like
train,OHI_datasetIMG_6167_JPG.rf.cfe7d2d55d354632945a6d93edf49b47.jpg,OHI_datasetIMG_6167_JPG,False,EXCLUDE,roboflow_augmentation_duplicate,18,False,photo_like
train,OHI_datasetIMG_6170_JPG.rf.110635b231189f3aa3976abcfdd90d83.jpg,OHI_datasetIMG_6170_JPG,True,REVIEW,near_grayscale_color_stats,11,True,photo_like
train,OHI_datasetIMG_6170_JPG.rf.401db9d0fc8937ee6404564ef6d54216.jpg,OHI_datasetIMG_6170_JPG,False,EXCLUDE,roboflow_augmentation_duplicate,11,False,photo_like
train,OHI_datasetIMG_6170_JPG.rf.a2e52a1c3d542ee4d18aa6083b0f8c44.jpg,OHI_datasetIMG_6170_JPG,False,EXCLUDE,roboflow_augmentation_duplicate,11,False,photo_like
train,OHI_datasetIMG_6171_JPG.rf.117c148af0b11a206aadf1a89fcd1420.jpg,OHI_datasetIMG_6171_JPG,True,KEEP,color_clinical_like,7,False,photo_like
train,OHI_datasetIMG_6171_JPG.rf.c99cab2f5281b1381b31a7aa9acaf061.jpg,OHI_datasetIMG_6171_JPG,False,EXCLUDE,roboflow_augmentation_duplicate,7,False,photo_like
train,OHI_datasetIMG_6171_JPG.rf.e9c542f6be5b29fb4747172af67fbbd5.jpg,OHI_datasetIMG_6171_JPG,False,EXCLUDE,roboflow_augmentation_duplicate,7,False,photo_like
train,OHI_datasetIMG_6181_JPG.rf.4cf065fa8ce1d9bc186db0b8906ba860.jpg,OHI_datasetIMG_6181_JPG,True,KEEP,color_clinical_like,22,False,photo_like
train,OHI_datasetIMG_6181_JPG.rf.65ac88e74579da4f9d7e053b497c1698.jpg,OHI_datasetIMG_6181_JPG,False,EXCLUDE,roboflow_augmentation_duplicate,22,False,photo_like
train,OHI_datasetIMG_6181_JPG.rf.d259ce4e3c491996ee0ccd9bfdc7a6e0.jpg,OHI_datasetIMG_6181_JPG,False,EXCLUDE,roboflow_augmentation_duplicate,22,False,photo_like
train,OHI_datasetIMG_6186_JPG.rf.247bfb112ffae1b60872c3e0acef5003.jpg,OHI_datasetIMG_6186_JPG,True,KEEP,color_clinical_like,11,False,photo_like
train,OHI_datasetIMG_6186_JPG.rf.37505aac786140e44cac677f663727f9.jpg,OHI_datasetIMG_6186_JPG,False,EXCLUDE,roboflow_augmentation_duplicate,11,True,photo_like
train,OHI_datasetIMG_6186_JPG.rf.986c69d4e32d74b261cbb4c41e447c0d.jpg,OHI_datasetIMG_6186_JPG,False,EXCLUDE,roboflow_augmentation_duplicate,11,False,photo_like
train,OHI_datasetIMG_6191_JPG.rf.0b99c44703ba3538d516234437d1d4d2.jpg,OHI_datasetIMG_6191_JPG,True,KEEP,color_clinical_like,14,False,photo_like
train,OHI_datasetIMG_6191_JPG.rf.6b915cfe33324ebbc32c7a031c08ace7.jpg,OHI_datasetIMG_6191_JPG,False,EXCLUDE,roboflow_augmentation_duplicate,14,False,photo_like
train,OHI_datasetIMG_6191_JPG.rf.a87f1c76df8a33ccfe02dd8f48b7aa36.jpg,OHI_datasetIMG_6191_JPG,False,EXCLUDE,roboflow_augmentation_duplicate,14,True,photo_like
train,OHI_datasetIMG_6192_JPG.rf.2c5f90c4b3219110948455737bec1a28.jpg,OHI_datasetIMG_6192_JPG,True,KEEP,color_clinical_like,14,False,photo_like
train,OHI_datasetIMG_6192_JPG.rf.64bf570cc487faa2f9d9f3585943e4e0.jpg,OHI_datasetIMG_6192_JPG,False,EXCLUDE,roboflow_augmentation_duplicate,14,False,photo_like
train,OHI_datasetIMG_6192_JPG.rf.b932784a1d0fbee521f85ddab274cccf.jpg,OHI_datasetIMG_6192_JPG,False,EXCLUDE,roboflow_augmentation_duplicate,14,False,photo_like
train,OHI_datasetIMG_6235_JPG.rf.391a1207ef8fccfff78f335c145bfe5d.jpg,OHI_datasetIMG_6235_JPG,True,KEEP,color_clinical_like,10,False,photo_like
train,OHI_datasetIMG_6235_JPG.rf.6a4dd16d521af0c8749a192857c2e8ab.jpg,OHI_datasetIMG_6235_JPG,False,EXCLUDE,roboflow_augmentation_duplicate,10,False,photo_like
train,OHI_datasetIMG_6235_JPG.rf.ac1ea3567fd59dd1029bb2be15e2e665.jpg,OHI_datasetIMG_6235_JPG,False,EXCLUDE,roboflow_augmentation_duplicate,10,False,photo_like
train,OHI_datasetIMG_6236_JPG.rf.74a38f8a1a688bf793653fd95dbc3e13.jpg,OHI_datasetIMG_6236_JPG,True,KEEP,color_clinical_like,15,False,photo_like
train,OHI_datasetIMG_6236_JPG.rf.a7a5ec03a2d5b20cd59e3b2f8869bc2b.jpg,OHI_datasetIMG_6236_JPG,False,EXCLUDE,roboflow_augmentation_duplicate,15,False,photo_like
train,OHI_datasetIMG_6236_JPG.rf.acfdb4cbd246c0596e71aeceec707d2d.jpg,OHI_datasetIMG_6236_JPG,False,EXCLUDE,roboflow_augmentation_duplicate,15,False,photo_like
train,OHI_datasetIMG_6241_JPG.rf.57edb445b148879b14fc18906fb6ab05.jpg,OHI_datasetIMG_6241_JPG,True,KEEP,color_clinical_like,28,False,photo_like
train,OHI_datasetIMG_6241_JPG.rf.9ebdf3afd7a977c0e585c2f74ef50f6d.jpg,OHI_datasetIMG_6241_JPG,False,EXCLUDE,roboflow_augmentation_duplicate,28,True,photo_like
train,OHI_datasetIMG_6241_JPG.rf.a10adcd1c4694aae01eb2e400b9b2e59.jpg,OHI_datasetIMG_6241_JPG,False,EXCLUDE,roboflow_augmentation_duplicate,28,False,photo_like
train,OHI_datasetIMG_6245_JPG.rf.685d186b7989235e442b98466585e7d2.jpg,OHI_datasetIMG_6245_JPG,True,KEEP,color_clinical_like,14,False,photo_like
train,OHI_datasetIMG_6245_JPG.rf.db1c85fc795430566d38d4375dcde543.jpg,OHI_datasetIMG_6245_JPG,False,EXCLUDE,roboflow_augmentation_duplicate,14,False,photo_like
train,OHI_datasetIMG_6245_JPG.rf.fdea6092665c2f59091073a5cedd57bc.jpg,OHI_datasetIMG_6245_JPG,False,EXCLUDE,roboflow_augmentation_duplicate,14,False,photo_like
train,OHI_datasetIMG_6251_JPG.rf.68958768d08ee8a0b092d5b75314f8e2.jpg,OHI_datasetIMG_6251_JPG,True,KEEP,color_clinical_like,13,False,photo_like
train,OHI_datasetIMG_6251_JPG.rf.aee5d4a88d16075b2a365b3f6675f0a6.jpg,OHI_datasetIMG_6251_JPG,False,EXCLUDE,roboflow_augmentation_duplicate,13,False,photo_like
train,OHI_datasetIMG_6251_JPG.rf.af470bea442f77f277fc88daf10795ab.jpg,OHI_datasetIMG_6251_JPG,False,EXCLUDE,roboflow_augmentation_duplicate,13,False,photo_like
train,OHI_datasetIMG_6252_JPG.rf.86c61aec993b3d58d155bad5fa470243.jpg,OHI_datasetIMG_6252_JPG,True,KEEP,color_clinical_like,13,False,photo_like
train,OHI_datasetIMG_6252_JPG.rf.8ccec29452767f27cf82e8d944a586bd.jpg,OHI_datasetIMG_6252_JPG,False,EXCLUDE,roboflow_augmentation_duplicate,13,False,photo_like
train,OHI_datasetIMG_6252_JPG.rf.955168dba55a8ab56433fc8c3d733204.jpg,OHI_datasetIMG_6252_JPG,False,EXCLUDE,roboflow_augmentation_duplicate,13,False,photo_like
train,OHI_datasetIMG_6253_JPG.rf.bdd7b862cde348ca1b8670cbd212bbff.jpg,OHI_datasetIMG_6253_JPG,True,KEEP,color_clinical_like,26,False,photo_like
train,OHI_datasetIMG_6253_JPG.rf.c83b559a4a82499116f74c5877329709.jpg,OHI_datasetIMG_6253_JPG,False,EXCLUDE,roboflow_augmentation_duplicate,26,False,photo_like
train,OHI_datasetIMG_6253_JPG.rf.d7e45d502bdaa1ca554209166476e3d1.jpg,OHI_datasetIMG_6253_JPG,False,EXCLUDE,roboflow_augmentation_duplicate,26,False,photo_like
train,OHI_datasetIMG_6266_JPG.rf.c51d56dae1e69690420371e3cad9c1b2.jpg,OHI_datasetIMG_6266_JPG,True,KEEP,color_clinical_like,17,False,photo_like
train,OHI_datasetIMG_6266_JPG.rf.de0a314d3383555657b976993cdab541.jpg,OHI_datasetIMG_6266_JPG,False,EXCLUDE,roboflow_augmentation_duplicate,17,False,photo_like
train,OHI_datasetIMG_6266_JPG.rf.e46f0192cd92646cdc881563e7e0a45d.jpg,OHI_datasetIMG_6266_JPG,False,EXCLUDE,roboflow_augmentation_duplicate,17,False,photo_like
train,OHI_datasetIMG_6267_JPG.rf.8e1bbc87c0e5ee26450e7d5139d17a2a.jpg,OHI_datasetIMG_6267_JPG,True,KEEP,color_clinical_like,10,False,photo_like
train,OHI_datasetIMG_6267_JPG.rf.94ecab61f8ee9423fadb617e8df107b9.jpg,OHI_datasetIMG_6267_JPG,False,EXCLUDE,roboflow_augmentation_duplicate,10,False,photo_like
train,OHI_datasetIMG_6267_JPG.rf.c67f25b4cca3b83b60d22e887f0fcfce.jpg,OHI_datasetIMG_6267_JPG,False,EXCLUDE,roboflow_augmentation_duplicate,10,True,photo_like
train,OHI_datasetIMG_6268_JPG.rf.19ccadceccb8a7d293bc06f653906022.jpg,OHI_datasetIMG_6268_JPG,True,KEEP,color_clinical_like,7,False,photo_like
train,OHI_datasetIMG_6268_JPG.rf.6dda19997faf5e2233b7881eacf3dc96.jpg,OHI_datasetIMG_6268_JPG,False,EXCLUDE,roboflow_augmentation_duplicate,7,False,photo_like
train,OHI_datasetIMG_6268_JPG.rf.d1d3650d1b1d7ed5b38d57a977594ac0.jpg,OHI_datasetIMG_6268_JPG,False,EXCLUDE,roboflow_augmentation_duplicate,7,False,photo_like
train,OHI_datasetIMG_6311_JPG.rf.2a03ff36e09f9d7d34ad6e62d5cfd17b.jpg,OHI_datasetIMG_6311_JPG,True,KEEP,color_clinical_like,11,False,photo_like
train,OHI_datasetIMG_6311_JPG.rf.7ee24731dcf9e9464809e82dde01544b.jpg,OHI_datasetIMG_6311_JPG,False,EXCLUDE,roboflow_augmentation_duplicate,11,False,photo_like
train,OHI_datasetIMG_6311_JPG.rf.c6e5cacfe171a985b0e707214e93a495.jpg,OHI_datasetIMG_6311_JPG,False,EXCLUDE,roboflow_augmentation_duplicate,11,True,photo_like
train,OHI_datasetIMG_6313_JPG.rf.3727df3bac2ebbba7022ba988441f101.jpg,OHI_datasetIMG_6313_JPG,True,REVIEW,near_grayscale_color_stats,11,True,photo_like
train,OHI_datasetIMG_6313_JPG.rf.75adc92a7d000a1b45dc5db7a8ec1ea9.jpg,OHI_datasetIMG_6313_JPG,False,EXCLUDE,roboflow_augmentation_duplicate,11,False,photo_like
train,OHI_datasetIMG_6313_JPG.rf.e39bb0d7aadd9b435bb021d8daa1d112.jpg,OHI_datasetIMG_6313_JPG,False,EXCLUDE,roboflow_augmentation_duplicate,11,True,photo_like
train,OHI_datasetIMG_6324_JPG.rf.7667de903c8b786e3d1ef7b6e7e05fec.jpg,OHI_datasetIMG_6324_JPG,True,KEEP,color_clinical_like,28,False,photo_like
train,OHI_datasetIMG_6324_JPG.rf.a3aadbf0fa28fa0ccb7b36a72daa05b7.jpg,OHI_datasetIMG_6324_JPG,False,EXCLUDE,roboflow_augmentation_duplicate,28,False,photo_like
train,OHI_datasetIMG_6324_JPG.rf.ee71c481762e8b01d404b6a12a650cd2.jpg,OHI_datasetIMG_6324_JPG,False,EXCLUDE,roboflow_augmentation_duplicate,28,False,photo_like
train,OHI_datasetIMG_6328_JPG.rf.3985b0a4e607591161c88044a51db346.jpg,OHI_datasetIMG_6328_JPG,True,KEEP,color_clinical_like,14,False,photo_like
train,OHI_datasetIMG_6328_JPG.rf.cc5e43e30cb8cdfda128d7763af82e10.jpg,OHI_datasetIMG_6328_JPG,False,EXCLUDE,roboflow_augmentation_duplicate,14,True,photo_like
train,OHI_datasetIMG_6328_JPG.rf.d5ebf28efa1a6d57834434ae91cd2ead.jpg,OHI_datasetIMG_6328_JPG,False,EXCLUDE,roboflow_augmentation_duplicate,14,False,photo_like
train,OHI_datasetIMG_6329_JPG.rf.0bee1de76913834dd3be167f4c4a38c2.jpg,OHI_datasetIMG_6329_JPG,True,KEEP,color_clinical_like,13,False,photo_like
train,OHI_datasetIMG_6329_JPG.rf.9926c6c56a7466909859a17cb4da9481.jpg,OHI_datasetIMG_6329_JPG,False,EXCLUDE,roboflow_augmentation_duplicate,13,False,photo_like
train,OHI_datasetIMG_6329_JPG.rf.f88b89e5e36e24bf8c92efcaa1708642.jpg,OHI_datasetIMG_6329_JPG,False,EXCLUDE,roboflow_augmentation_duplicate,13,False,photo_like
train,OHI_datasetIMG_6333_JPG.rf.1e9ba90c639c907829b2c5dc8db60cfc.jpg,OHI_datasetIMG_6333_JPG,True,KEEP,color_clinical_like,28,False,photo_like
train,OHI_datasetIMG_6333_JPG.rf.4cce44f232f36a12a2ea3201e6393e3f.jpg,OHI_datasetIMG_6333_JPG,False,EXCLUDE,roboflow_augmentation_duplicate,28,False,photo_like
train,OHI_datasetIMG_6333_JPG.rf.6b1caffba0695212bb189796525cf201.jpg,OHI_datasetIMG_6333_JPG,False,EXCLUDE,roboflow_augmentation_duplicate,28,False,photo_like
train,OHI_datasetIMG_6340_JPG.rf.287e10d6e583b0df583892aa4a5e55fc.jpg,OHI_datasetIMG_6340_JPG,True,KEEP,color_clinical_like,16,False,photo_like
train,OHI_datasetIMG_6340_JPG.rf.b4dc7fdc8cfe34c427a66a0a1792473d.jpg,OHI_datasetIMG_6340_JPG,False,EXCLUDE,roboflow_augmentation_duplicate,16,False,photo_like
train,OHI_datasetIMG_6340_JPG.rf.b727a994e06f563f4b1b613f6e0fc88f.jpg,OHI_datasetIMG_6340_JPG,False,EXCLUDE,roboflow_augmentation_duplicate,16,False,photo_like
train,OHI_datasetIMG_6341_JPG.rf.7dc12f99bb08dfee5cc566f7ac4f6c15.jpg,OHI_datasetIMG_6341_JPG,True,KEEP,color_clinical_like,14,False,photo_like
train,OHI_datasetIMG_6341_JPG.rf.f51352a5ac9bff67e8974842f9de0c8b.jpg,OHI_datasetIMG_6341_JPG,False,EXCLUDE,roboflow_augmentation_duplicate,14,False,photo_like
train,OHI_datasetIMG_6341_JPG.rf.f5e3577fe00ebc867c6538c02aaf78fe.jpg,OHI_datasetIMG_6341_JPG,False,EXCLUDE,roboflow_augmentation_duplicate,14,False,photo_like
train,OHI_datasetIMG_6357_JPG.rf.079d014274331b8436adaee6ee9ef4bd.jpg,OHI_datasetIMG_6357_JPG,True,KEEP,color_clinical_like,26,False,photo_like
train,OHI_datasetIMG_6357_JPG.rf.b650102d1ec4df520c697c7078b21e82.jpg,OHI_datasetIMG_6357_JPG,False,EXCLUDE,roboflow_augmentation_duplicate,26,False,photo_like
train,OHI_datasetIMG_6357_JPG.rf.d4d6c9bc6f6c0360e6a2bd7d65e87ad7.jpg,OHI_datasetIMG_6357_JPG,False,EXCLUDE,roboflow_augmentation_duplicate,26,False,photo_like
train,OHI_datasetIMG_6360_JPG.rf.4a8279a4755e400d676237ccbfdc27d5.jpg,OHI_datasetIMG_6360_JPG,True,KEEP,color_clinical_like,14,False,photo_like
train,OHI_datasetIMG_6360_JPG.rf.877a3b3fd9ddd6498d5955b64e555e5e.jpg,OHI_datasetIMG_6360_JPG,False,EXCLUDE,roboflow_augmentation_duplicate,14,True,photo_like
train,OHI_datasetIMG_6360_JPG.rf.9b38a0d59bb0cdaa192be4fa54933ad9.jpg,OHI_datasetIMG_6360_JPG,False,EXCLUDE,roboflow_augmentation_duplicate,14,False,photo_like
train,OHI_datasetIMG_6366_JPG.rf.62d357fe0b735d7d4a45d11a0a753ed8.jpg,OHI_datasetIMG_6366_JPG,True,KEEP,color_clinical_like,9,False,photo_like
train,OHI_datasetIMG_6366_JPG.rf.652d1c80b6a2c46c26a8e13142f0896b.jpg,OHI_datasetIMG_6366_JPG,False,EXCLUDE,roboflow_augmentation_duplicate,9,True,photo_like
train,OHI_datasetIMG_6366_JPG.rf.f26616a015dc84ed7cc5e393cda7da86.jpg,OHI_datasetIMG_6366_JPG,False,EXCLUDE,roboflow_augmentation_duplicate,9,False,photo_like
train,OHI_datasetIMG_6367_JPG.rf.4c16e47b94f8ebc31f766840474efc3a.jpg,OHI_datasetIMG_6367_JPG,True,KEEP,color_clinical_like,12,False,photo_like
train,OHI_datasetIMG_6367_JPG.rf.4febe837630dfc87dd812200e318ca1a.jpg,OHI_datasetIMG_6367_JPG,False,EXCLUDE,roboflow_augmentation_duplicate,12,False,photo_like
train,OHI_datasetIMG_6367_JPG.rf.7445821442aec351b207d33f0bfec095.jpg,OHI_datasetIMG_6367_JPG,False,EXCLUDE,roboflow_augmentation_duplicate,12,True,photo_like
train,OHI_datasetIMG_6369_JPG.rf.347cabdb57ba2deeea1a72ecda39aed2.jpg,OHI_datasetIMG_6369_JPG,True,KEEP,color_clinical_like,24,False,photo_like
train,OHI_datasetIMG_6369_JPG.rf.6b062ddd51849c38bd69f79f38e84a2d.jpg,OHI_datasetIMG_6369_JPG,False,EXCLUDE,roboflow_augmentation_duplicate,24,False,photo_like
train,OHI_datasetIMG_6369_JPG.rf.bbb1d297f4cd2f1061521758f9182405.jpg,OHI_datasetIMG_6369_JPG,False,EXCLUDE,roboflow_augmentation_duplicate,24,False,photo_like
train,OHI_datasetIMG_6382_JPG.rf.7b08c8a9dbb4ba4ab49874693a0cd4f0.jpg,OHI_datasetIMG_6382_JPG,True,REVIEW,near_grayscale_color_stats,14,True,photo_like
train,OHI_datasetIMG_6382_JPG.rf.b0483171d4683165d0cfed72d4651e21.jpg,OHI_datasetIMG_6382_JPG,False,EXCLUDE,roboflow_augmentation_duplicate,14,True,photo_like
train,OHI_datasetIMG_6382_JPG.rf.c2c396be05164a1ca73711ba9364220c.jpg,OHI_datasetIMG_6382_JPG,False,EXCLUDE,roboflow_augmentation_duplicate,14,False,photo_like
train,OHI_datasetIMG_6383_JPG.rf.33439355454525ac1f79b1d014738b7b.jpg,OHI_datasetIMG_6383_JPG,True,KEEP,color_clinical_like,14,False,photo_like
train,OHI_datasetIMG_6383_JPG.rf.45c5610420441c4057a7db9a3042e7be.jpg,OHI_datasetIMG_6383_JPG,False,EXCLUDE,roboflow_augmentation_duplicate,14,False,photo_like
train,OHI_datasetIMG_6383_JPG.rf.4c77bbda86bd41bf12e76813f7c999a4.jpg,OHI_datasetIMG_6383_JPG,False,EXCLUDE,roboflow_augmentation_duplicate,14,True,photo_like
train,OHI_datasetIMG_6387_JPG.rf.4138e1df765111834f2c98f3a43ac8d6.jpg,OHI_datasetIMG_6387_JPG,True,KEEP,color_clinical_like,25,False,photo_like
train,OHI_datasetIMG_6387_JPG.rf.b09fdb7af885daef600ef2e32e3ae374.jpg,OHI_datasetIMG_6387_JPG,False,EXCLUDE,roboflow_augmentation_duplicate,25,False,photo_like
train,OHI_datasetIMG_6387_JPG.rf.da6bd0956ee1943dab2d6c8f27f446e9.jpg,OHI_datasetIMG_6387_JPG,False,EXCLUDE,roboflow_augmentation_duplicate,25,False,photo_like
train,OHI_datasetIMG_6390_JPG.rf.16f58b411d353d617905ca05a40c83ae.jpg,OHI_datasetIMG_6390_JPG,True,REVIEW,near_grayscale_color_stats,14,True,photo_like
train,OHI_datasetIMG_6390_JPG.rf.2265446e0a73c28f158f458bba5122b3.jpg,OHI_datasetIMG_6390_JPG,False,EXCLUDE,roboflow_augmentation_duplicate,14,False,photo_like
train,OHI_datasetIMG_6390_JPG.rf.3c8d16484bcbd3f39a57f60cc1ae77a3.jpg,OHI_datasetIMG_6390_JPG,False,EXCLUDE,roboflow_augmentation_duplicate,14,False,photo_like
train,OHI_datasetIMG_63911_jpg.rf.38011442d03a9f44228e97949c2062c9.jpg,OHI_datasetIMG_63911_jpg,True,KEEP,color_clinical_like,14,False,photo_like
train,OHI_datasetIMG_63911_jpg.rf.b1d4022a72ac1141af9a976379fb4b95.jpg,OHI_datasetIMG_63911_jpg,False,EXCLUDE,roboflow_augmentation_duplicate,14,False,photo_like
train,OHI_datasetIMG_63911_jpg.rf.e8758e9d57f162aa58a3cf5ea243fddf.jpg,OHI_datasetIMG_63911_jpg,False,EXCLUDE,roboflow_augmentation_duplicate,14,False,photo_like
train,OHI_datasetIMG_6391_JPG.rf.09dc591afce0f57e2eb800760772e099.jpg,OHI_datasetIMG_6391_JPG,True,KEEP,color_clinical_like,14,False,photo_like
train,OHI_datasetIMG_6391_JPG.rf.bc3e9271e62d2cef423c3b7f0dcf4f30.jpg,OHI_datasetIMG_6391_JPG,False,EXCLUDE,roboflow_augmentation_duplicate,14,False,photo_like
train,OHI_datasetIMG_6391_JPG.rf.ca434766e1ff7dbd099f523b92853958.jpg,OHI_datasetIMG_6391_JPG,False,EXCLUDE,roboflow_augmentation_duplicate,14,True,photo_like
train,OHI_datasetIMG_6397_JPG.rf.2015caecfde2ed7c41b92346c0e860b7.jpg,OHI_datasetIMG_6397_JPG,True,REVIEW,near_grayscale_color_stats,24,True,photo_like
train,OHI_datasetIMG_6397_JPG.rf.4f99fcb62776df47f2938028a218df01.jpg,OHI_datasetIMG_6397_JPG,False,EXCLUDE,roboflow_augmentation_duplicate,24,True,photo_like
train,OHI_datasetIMG_6397_JPG.rf.bc6012ac89567ca2bcbe8ac183b960de.jpg,OHI_datasetIMG_6397_JPG,False,EXCLUDE,roboflow_augmentation_duplicate,24,False,photo_like
train,OHI_datasetIMG_6400_JPG.rf.01bd28be5753f94e5eff6aef31cf1067.jpg,OHI_datasetIMG_6400_JPG,True,KEEP,color_clinical_like,12,False,photo_like
train,OHI_datasetIMG_6400_JPG.rf.7bb8dd33dd27c23a71ecf9aadc7070fb.jpg,OHI_datasetIMG_6400_JPG,False,EXCLUDE,roboflow_augmentation_duplicate,12,False,photo_like
train,OHI_datasetIMG_6400_JPG.rf.f368b4504cb1a72d3c544aecefc89eef.jpg,OHI_datasetIMG_6400_JPG,False,EXCLUDE,roboflow_augmentation_duplicate,12,False,photo_like
train,OHI_datasetIMG_6409_JPG.rf.106dd78c2e7dd0e6ba16b4166b4732f7.jpg,OHI_datasetIMG_6409_JPG,True,REVIEW,near_grayscale_color_stats,22,True,photo_like
train,OHI_datasetIMG_6409_JPG.rf.b87cda0eed9e0d573c0b6a12e0b22fb3.jpg,OHI_datasetIMG_6409_JPG,False,EXCLUDE,roboflow_augmentation_duplicate,22,False,photo_like
train,OHI_datasetIMG_6409_JPG.rf.ca284ac31eecaf45c7375cbc95a2201c.jpg,OHI_datasetIMG_6409_JPG,False,EXCLUDE,roboflow_augmentation_duplicate,22,False,photo_like
train,OHI_datasetIMG_6410_JPG.rf.7666d3b5f3c837ea7dcb9035ad4c23f2.jpg,OHI_datasetIMG_6410_JPG,True,KEEP,color_clinical_like,11,False,photo_like
train,OHI_datasetIMG_6410_JPG.rf.a33e0175a5edf592d3dbab6c14b919c0.jpg,OHI_datasetIMG_6410_JPG,False,EXCLUDE,roboflow_augmentation_duplicate,11,True,photo_like
train,OHI_datasetIMG_6410_JPG.rf.d7aebe9906ea426a36afaaed950eb2cb.jpg,OHI_datasetIMG_6410_JPG,False,EXCLUDE,roboflow_augmentation_duplicate,11,False,photo_like
train,OHI_datasetIMG_6411_JPG.rf.324dd48798672e4243443df258ac884d.jpg,OHI_datasetIMG_6411_JPG,True,KEEP,color_clinical_like,11,False,photo_like
train,OHI_datasetIMG_6411_JPG.rf.bdcae6d3a49a6dd829afd224d8a74907.jpg,OHI_datasetIMG_6411_JPG,False,EXCLUDE,roboflow_augmentation_duplicate,11,False,photo_like
train,OHI_datasetIMG_6411_JPG.rf.f1c25a2719656cf0f77a767e8944776b.jpg,OHI_datasetIMG_6411_JPG,False,EXCLUDE,roboflow_augmentation_duplicate,11,True,photo_like
train,OHI_datasetIMG_6426_JPG.rf.24bfd44eb82079f756896671c39f8177.jpg,OHI_datasetIMG_6426_JPG,True,KEEP,color_clinical_like,21,False,photo_like
train,OHI_datasetIMG_6426_JPG.rf.4c1f4935d2fd89622f14c85184c7f8d8.jpg,OHI_datasetIMG_6426_JPG,False,EXCLUDE,roboflow_augmentation_duplicate,21,False,photo_like
train,OHI_datasetIMG_6426_JPG.rf.c6a51dff8547c7c2209520d93825aab7.jpg,OHI_datasetIMG_6426_JPG,False,EXCLUDE,roboflow_augmentation_duplicate,21,False,photo_like
train,OHI_datasetIMG_6433_JPG.rf.00c87d5ce773c5ca0d69800ee29908f9.jpg,OHI_datasetIMG_6433_JPG,True,KEEP,color_clinical_like,11,False,photo_like
train,OHI_datasetIMG_6433_JPG.rf.051eda6d1a318c0fa091292d655f2576.jpg,OHI_datasetIMG_6433_JPG,False,EXCLUDE,roboflow_augmentation_duplicate,11,False,photo_like
train,OHI_datasetIMG_6433_JPG.rf.db140f8a5371394a076e3b356f509bed.jpg,OHI_datasetIMG_6433_JPG,False,EXCLUDE,roboflow_augmentation_duplicate,11,False,photo_like
train,OHI_datasetIMG_6434_JPG.rf.d3531399e4a2c733487a286fdd435d24.jpg,OHI_datasetIMG_6434_JPG,True,KEEP,color_clinical_like,8,False,photo_like
train,OHI_datasetIMG_6434_JPG.rf.eae3bf1b9aac0918f2780ab86c6b9197.jpg,OHI_datasetIMG_6434_JPG,False,EXCLUDE,roboflow_augmentation_duplicate,8,False,photo_like
train,OHI_datasetIMG_6434_JPG.rf.f78b1faff7dfadc7aae650e3affc8a2e.jpg,OHI_datasetIMG_6434_JPG,False,EXCLUDE,roboflow_augmentation_duplicate,8,True,photo_like
train,OHI_datasetIMG_6436_JPG.rf.3cf525a6a9fc308380117ef78c55bb1d.jpg,OHI_datasetIMG_6436_JPG,True,KEEP,color_clinical_like,25,False,photo_like
train,OHI_datasetIMG_6436_JPG.rf.b1d802c6504c85cb11bb7ba6e11c9ec6.jpg,OHI_datasetIMG_6436_JPG,False,EXCLUDE,roboflow_augmentation_duplicate,25,False,photo_like
train,OHI_datasetIMG_6436_JPG.rf.fb621b310542f3c7f07782371de6e26c.jpg,OHI_datasetIMG_6436_JPG,False,EXCLUDE,roboflow_augmentation_duplicate,25,False,photo_like
train,OHI_datasetIMG_6439_JPG.rf.2f162de9ac28e08568de382e3165a868.jpg,OHI_datasetIMG_6439_JPG,True,REVIEW,near_grayscale_color_stats,14,True,photo_like
train,OHI_datasetIMG_6439_JPG.rf.bcf7188f37ea36492ad0d59b9cb7342e.jpg,OHI_datasetIMG_6439_JPG,False,EXCLUDE,roboflow_augmentation_duplicate,14,False,photo_like
train,OHI_datasetIMG_6439_JPG.rf.f79570696b0e541657d7015b481ce7f9.jpg,OHI_datasetIMG_6439_JPG,False,EXCLUDE,roboflow_augmentation_duplicate,14,False,photo_like
train,OHI_datasetIMG_6440_JPG.rf.148db3850c6b817feeb5805ebf173f31.jpg,OHI_datasetIMG_6440_JPG,True,KEEP,color_clinical_like,14,False,photo_like
train,OHI_datasetIMG_6440_JPG.rf.229f464e0e86b66be4bffff2b3bfb0f4.jpg,OHI_datasetIMG_6440_JPG,False,EXCLUDE,roboflow_augmentation_duplicate,14,True,photo_like
train,OHI_datasetIMG_6440_JPG.rf.aeab8b511ec88182f271fcfb9602b104.jpg,OHI_datasetIMG_6440_JPG,False,EXCLUDE,roboflow_augmentation_duplicate,14,False,photo_like
train,OHI_datasetIMG_6447_JPG.rf.099cf20d41cf60c1174c50058610158b.jpg,OHI_datasetIMG_6447_JPG,True,KEEP,color_clinical_like,27,False,photo_like
train,OHI_datasetIMG_6447_JPG.rf.8bcf5753c66e3a22b2dff3957e2ae42f.jpg,OHI_datasetIMG_6447_JPG,False,EXCLUDE,roboflow_augmentation_duplicate,27,True,photo_like
train,OHI_datasetIMG_6447_JPG.rf.e8540fcaa3ef4ae13416894854a09f9d.jpg,OHI_datasetIMG_6447_JPG,False,EXCLUDE,roboflow_augmentation_duplicate,27,False,photo_like
train,OHI_datasetIMG_6450_JPG.rf.0748e9138edb2a944dea34832072d268.jpg,OHI_datasetIMG_6450_JPG,True,KEEP,color_clinical_like,13,False,photo_like
train,OHI_datasetIMG_6450_JPG.rf.7eb359aa05a020ad5cb1eb28147e9204.jpg,OHI_datasetIMG_6450_JPG,False,EXCLUDE,roboflow_augmentation_duplicate,13,False,photo_like
train,OHI_datasetIMG_6450_JPG.rf.dbccb74ac6a83b9b103b42fd1d6ee056.jpg,OHI_datasetIMG_6450_JPG,False,EXCLUDE,roboflow_augmentation_duplicate,13,True,photo_like
train,OHI_datasetIMG_6451_JPG.rf.2d22d550864a97b8d4128d64ea2ca831.jpg,OHI_datasetIMG_6451_JPG,True,KEEP,color_clinical_like,14,False,photo_like
train,OHI_datasetIMG_6451_JPG.rf.42d0ab079b1d134e0c6fd72e90f0e8a3.jpg,OHI_datasetIMG_6451_JPG,False,EXCLUDE,roboflow_augmentation_duplicate,14,False,photo_like
train,OHI_datasetIMG_6451_JPG.rf.6302e984634093276efb541cfcbed06f.jpg,OHI_datasetIMG_6451_JPG,False,EXCLUDE,roboflow_augmentation_duplicate,14,True,photo_like
train,OHI_datasetIMG_6501_JPG.rf.6acf57f4f263e5ce204740e3659ea935.jpg,OHI_datasetIMG_6501_JPG,True,KEEP,color_clinical_like,13,False,photo_like
train,OHI_datasetIMG_6501_JPG.rf.a37576f51cd1df61f9bdf6db4fdd411e.jpg,OHI_datasetIMG_6501_JPG,False,EXCLUDE,roboflow_augmentation_duplicate,13,False,photo_like
train,OHI_datasetIMG_6501_JPG.rf.ed083ffa998c2d0d8b571b0873bcd8c9.jpg,OHI_datasetIMG_6501_JPG,False,EXCLUDE,roboflow_augmentation_duplicate,13,False,photo_like
train,OHI_datasetIMG_6527_JPG.rf.5c34835dc61950acb98bbcfe9d10a853.jpg,OHI_datasetIMG_6527_JPG,True,KEEP,color_clinical_like,12,False,photo_like
train,OHI_datasetIMG_6527_JPG.rf.98fa28b3a12d91898e096a916f2c961a.jpg,OHI_datasetIMG_6527_JPG,False,EXCLUDE,roboflow_augmentation_duplicate,12,False,photo_like
train,OHI_datasetIMG_6527_JPG.rf.d46475f45215a8fb06672567344b4ee4.jpg,OHI_datasetIMG_6527_JPG,False,EXCLUDE,roboflow_augmentation_duplicate,12,True,photo_like
train,OHI_datasetIMG_6528_JPG.rf.9e32c0bbff8bb035fe4393a6c9ae1673.jpg,OHI_datasetIMG_6528_JPG,True,REVIEW,near_grayscale_color_stats,10,True,photo_like
train,OHI_datasetIMG_6528_JPG.rf.dfb07849e7a10106a6374e4b5cb3c1f1.jpg,OHI_datasetIMG_6528_JPG,False,EXCLUDE,roboflow_augmentation_duplicate,10,False,photo_like
train,OHI_datasetIMG_6528_JPG.rf.f3b1ab1accb2593f42d0a88ac29834bd.jpg,OHI_datasetIMG_6528_JPG,False,EXCLUDE,roboflow_augmentation_duplicate,10,False,photo_like
train,OHI_datasetIMG_6540_JPG.rf.b59a188f36a6afdd84fdd2a620089d31.jpg,OHI_datasetIMG_6540_JPG,True,KEEP,color_clinical_like,6,False,photo_like
train,OHI_datasetIMG_6540_JPG.rf.dedc4adfd583c4a6f1f0fbd3aec92f2e.jpg,OHI_datasetIMG_6540_JPG,False,EXCLUDE,roboflow_augmentation_duplicate,6,False,photo_like
train,OHI_datasetIMG_6540_JPG.rf.f90cfa2088b48807646e45f8757a4c65.jpg,OHI_datasetIMG_6540_JPG,False,EXCLUDE,roboflow_augmentation_duplicate,6,False,photo_like
train,OHI_datasetIMG_6544_JPG.rf.43d7dec313a81a6fdb202f0f0012cd57.jpg,OHI_datasetIMG_6544_JPG,True,KEEP,color_clinical_like,1,False,photo_like
train,OHI_datasetIMG_6544_JPG.rf.acedd3eafd2b2846ff26bca4134a869c.jpg,OHI_datasetIMG_6544_JPG,False,EXCLUDE,roboflow_augmentation_duplicate,1,False,photo_like
train,OHI_datasetIMG_6544_JPG.rf.cf11a96f63e4762481c38b23282385b8.jpg,OHI_datasetIMG_6544_JPG,False,EXCLUDE,roboflow_augmentation_duplicate,1,True,photo_like
train,OHI_datasetIMG_6545_JPG.rf.ab1899eb3889770a267402f0d72a7bcb.jpg,OHI_datasetIMG_6545_JPG,True,KEEP,color_clinical_like,5,False,photo_like
train,OHI_datasetIMG_6545_JPG.rf.c1125bf4fe75140ce99623950b5eff56.jpg,OHI_datasetIMG_6545_JPG,False,EXCLUDE,roboflow_augmentation_duplicate,5,False,photo_like
train,OHI_datasetIMG_6545_JPG.rf.ea7acdbee40771529695d0d32f023fb1.jpg,OHI_datasetIMG_6545_JPG,False,EXCLUDE,roboflow_augmentation_duplicate,5,False,photo_like
train,OHI_datasetIMG_6566_JPG.rf.0c32d811b9dd9233d4d286db7bce668f.jpg,OHI_datasetIMG_6566_JPG,True,KEEP,color_clinical_like,14,False,photo_like
train,OHI_datasetIMG_6566_JPG.rf.20e203a9f97602f9660c5dbe3d771cfd.jpg,OHI_datasetIMG_6566_JPG,False,EXCLUDE,roboflow_augmentation_duplicate,14,False,photo_like
train,OHI_datasetIMG_6566_JPG.rf.cb6e402a7068e1a9a9cf3fed0e3f6c91.jpg,OHI_datasetIMG_6566_JPG,False,EXCLUDE,roboflow_augmentation_duplicate,13,True,photo_like
train,OHI_datasetIMG_6579_JPG.rf.0b07964d16a6c40f2594688a7c6bfcc3.jpg,OHI_datasetIMG_6579_JPG,True,KEEP,color_clinical_like,14,False,photo_like
train,OHI_datasetIMG_6579_JPG.rf.93571846478cbb535ea064d6ba0d0919.jpg,OHI_datasetIMG_6579_JPG,False,EXCLUDE,roboflow_augmentation_duplicate,14,True,photo_like
train,OHI_datasetIMG_6579_JPG.rf.b910937fdfd8ad0df3d24dcbe48d3126.jpg,OHI_datasetIMG_6579_JPG,False,EXCLUDE,roboflow_augmentation_duplicate,14,False,photo_like
train,OHI_datasetIMG_6580_JPG.rf.2751328c1889a501ea0501d66f3cfed5.jpg,OHI_datasetIMG_6580_JPG,True,KEEP,color_clinical_like,19,False,photo_like
train,OHI_datasetIMG_6580_JPG.rf.aa742fb9418cc7096eeb3d902a0c85c3.jpg,OHI_datasetIMG_6580_JPG,False,EXCLUDE,roboflow_augmentation_duplicate,19,False,photo_like
train,OHI_datasetIMG_6580_JPG.rf.d0a373b18a279d5d18a1fdc6d95baea7.jpg,OHI_datasetIMG_6580_JPG,False,EXCLUDE,roboflow_augmentation_duplicate,19,True,photo_like
train,OHI_datasetIMG_6601_JPG.rf.1d517cf3b655f7e2fedef37e03322846.jpg,OHI_datasetIMG_6601_JPG,True,KEEP,color_clinical_like,14,False,photo_like
train,OHI_datasetIMG_6601_JPG.rf.2aad620353b31d8d79914b3690083d6d.jpg,OHI_datasetIMG_6601_JPG,False,EXCLUDE,roboflow_augmentation_duplicate,14,True,photo_like
train,OHI_datasetIMG_6601_JPG.rf.ab44e9d536eb34a94b4ccbd9999eacc7.jpg,OHI_datasetIMG_6601_JPG,False,EXCLUDE,roboflow_augmentation_duplicate,14,False,photo_like
train,OHI_datasetIMG_6602_JPG.rf.3e0dc7f04e1d548c5ececee0f597cf90.jpg,OHI_datasetIMG_6602_JPG,True,REVIEW,near_grayscale_color_stats,14,True,photo_like
train,OHI_datasetIMG_6602_JPG.rf.68b90c57cdd12dc89e4f7e03de905e41.jpg,OHI_datasetIMG_6602_JPG,False,EXCLUDE,roboflow_augmentation_duplicate,14,False,photo_like
train,OHI_datasetIMG_6602_JPG.rf.ae7bebb8c35da316779eedf83f3dc6a5.jpg,OHI_datasetIMG_6602_JPG,False,EXCLUDE,roboflow_augmentation_duplicate,14,False,photo_like
train,OHI_datasetIMG_6604_JPG.rf.4fcbccb58b743c0ae27d7c073316981a.jpg,OHI_datasetIMG_6604_JPG,True,KEEP,color_clinical_like,28,False,photo_like
train,OHI_datasetIMG_6604_JPG.rf.d01edd4d8091a44b66bd9d52bdcaea50.jpg,OHI_datasetIMG_6604_JPG,False,EXCLUDE,roboflow_augmentation_duplicate,28,False,photo_like
train,OHI_datasetIMG_6604_JPG.rf.fa6baf07b858ea1cf41f124c8949f140.jpg,OHI_datasetIMG_6604_JPG,False,EXCLUDE,roboflow_augmentation_duplicate,28,True,photo_like
train,OHI_datasetIMG_6607_JPG.rf.96e4802e10ff09ce70c25a35ef952468.jpg,OHI_datasetIMG_6607_JPG,True,KEEP,color_clinical_like,14,False,photo_like
train,OHI_datasetIMG_6607_JPG.rf.a212523822c9441c45cf1beb3b7fa9c5.jpg,OHI_datasetIMG_6607_JPG,False,EXCLUDE,roboflow_augmentation_duplicate,14,False,photo_like
train,OHI_datasetIMG_6607_JPG.rf.b4dfb337f221097cb2d2b47c99dd0d43.jpg,OHI_datasetIMG_6607_JPG,False,EXCLUDE,roboflow_augmentation_duplicate,14,False,photo_like
train,OHI_datasetIMG_6608_JPG.rf.215aed16c1cb24304ecf8c789e3dc1a5.jpg,OHI_datasetIMG_6608_JPG,True,KEEP,color_clinical_like,14,False,photo_like
train,OHI_datasetIMG_6608_JPG.rf.405b9b9008bb739746473d2e87e5422b.jpg,OHI_datasetIMG_6608_JPG,False,EXCLUDE,roboflow_augmentation_duplicate,14,False,photo_like
train,OHI_datasetIMG_6608_JPG.rf.d53243b53a1acbab935ff9053a1b4454.jpg,OHI_datasetIMG_6608_JPG,False,EXCLUDE,roboflow_augmentation_duplicate,14,False,photo_like
train,OHI_datasetIMG_6621_JPG.rf.4c32570d29b4b14cbea0ce7b7f264a9f.jpg,OHI_datasetIMG_6621_JPG,True,REVIEW,near_grayscale_color_stats,19,True,photo_like
train,OHI_datasetIMG_6621_JPG.rf.78a7ab2a1bfddfd8e1f446a91074b89e.jpg,OHI_datasetIMG_6621_JPG,False,EXCLUDE,roboflow_augmentation_duplicate,19,False,photo_like
train,OHI_datasetIMG_6621_JPG.rf.d736e7d876ad8669c48659cd02c7b5ea.jpg,OHI_datasetIMG_6621_JPG,False,EXCLUDE,roboflow_augmentation_duplicate,19,False,photo_like
train,OHI_datasetIMG_6626_JPG.rf.501e4d43fdb500b9fae2010a25fa3dcf.jpg,OHI_datasetIMG_6626_JPG,True,KEEP,color_clinical_like,6,False,photo_like
train,OHI_datasetIMG_6626_JPG.rf.8ff56dbb3b8c7521f50bf7b717ae28ed.jpg,OHI_datasetIMG_6626_JPG,False,EXCLUDE,roboflow_augmentation_duplicate,6,False,photo_like
train,OHI_datasetIMG_6626_JPG.rf.9651f6f1fcadf2fd7f7f5e1d0ba0b49f.jpg,OHI_datasetIMG_6626_JPG,False,EXCLUDE,roboflow_augmentation_duplicate,6,False,photo_like
train,OHI_datasetIMG_6630_JPG.rf.2d9a6068e169603c26d9e6b32575d940.jpg,OHI_datasetIMG_6630_JPG,True,KEEP,color_clinical_like,26,False,photo_like
train,OHI_datasetIMG_6630_JPG.rf.66b0e3e9e2baf4be75c2b87446744807.jpg,OHI_datasetIMG_6630_JPG,False,EXCLUDE,roboflow_augmentation_duplicate,26,False,photo_like
train,OHI_datasetIMG_6630_JPG.rf.e8293adda0e170fa1b88d5f2a562eb28.jpg,OHI_datasetIMG_6630_JPG,False,EXCLUDE,roboflow_augmentation_duplicate,26,False,photo_like
train,OHI_datasetIMG_6634_JPG.rf.7bffce47296588ff59331699cf0467e9.jpg,OHI_datasetIMG_6634_JPG,True,KEEP,color_clinical_like,13,False,photo_like
train,OHI_datasetIMG_6634_JPG.rf.86898c8e5e1cd4437d0b15894ce6a1fb.jpg,OHI_datasetIMG_6634_JPG,False,EXCLUDE,roboflow_augmentation_duplicate,13,False,photo_like
train,OHI_datasetIMG_6634_JPG.rf.a4f047eaa3f0773a0bbdb4ef518be3cc.jpg,OHI_datasetIMG_6634_JPG,False,EXCLUDE,roboflow_augmentation_duplicate,13,False,photo_like
train,OHI_datasetIMG_6635_JPG.rf.3764ff358e32e28f6b62ada818968a3e.jpg,OHI_datasetIMG_6635_JPG,True,KEEP,color_clinical_like,13,False,photo_like
train,OHI_datasetIMG_6635_JPG.rf.8c84239949885cfe17565afdedcb51d7.jpg,OHI_datasetIMG_6635_JPG,False,EXCLUDE,roboflow_augmentation_duplicate,13,False,photo_like
train,OHI_datasetIMG_6635_JPG.rf.c76e90a816f4b3c424a411c1c7a925ef.jpg,OHI_datasetIMG_6635_JPG,False,EXCLUDE,roboflow_augmentation_duplicate,13,False,photo_like
train,OHI_datasetIMG_6637_JPG.rf.a046349ded325409318a4ac9b7016fb5.jpg,OHI_datasetIMG_6637_JPG,True,KEEP,color_clinical_like,30,False,photo_like
train,OHI_datasetIMG_6637_JPG.rf.c7dea512a8694b649d0173cb6c553169.jpg,OHI_datasetIMG_6637_JPG,False,EXCLUDE,roboflow_augmentation_duplicate,30,False,photo_like
train,OHI_datasetIMG_6637_JPG.rf.e8a25d6cdfb87675d70ef20b6408e621.jpg,OHI_datasetIMG_6637_JPG,False,EXCLUDE,roboflow_augmentation_duplicate,30,False,photo_like
train,OHI_datasetIMG_6641_JPG.rf.0d8a6f9c1077e5d0704ea1d2b3cc5494.jpg,OHI_datasetIMG_6641_JPG,True,KEEP,color_clinical_like,15,False,photo_like
train,OHI_datasetIMG_6641_JPG.rf.3a51188e6f8973bd67e4643a352d1f71.jpg,OHI_datasetIMG_6641_JPG,False,EXCLUDE,roboflow_augmentation_duplicate,15,False,photo_like
train,OHI_datasetIMG_6641_JPG.rf.d5a5635a0cbaae0d9861160ef83cb9fe.jpg,OHI_datasetIMG_6641_JPG,False,EXCLUDE,roboflow_augmentation_duplicate,15,False,photo_like
train,OHI_datasetIMG_6644_JPG.rf.6414d1aa239a76b7d5f83285cf252959.jpg,OHI_datasetIMG_6644_JPG,True,REVIEW,near_grayscale_color_stats,29,True,photo_like
train,OHI_datasetIMG_6644_JPG.rf.66abc203e30d5caa816d783f8816458f.jpg,OHI_datasetIMG_6644_JPG,False,EXCLUDE,roboflow_augmentation_duplicate,29,False,photo_like
train,OHI_datasetIMG_6644_JPG.rf.78d52fdc47463e08967f1b1adf955228.jpg,OHI_datasetIMG_6644_JPG,False,EXCLUDE,roboflow_augmentation_duplicate,29,False,photo_like
train,OHI_datasetIMG_6649_JPG.rf.2748c590102e6a7bd04bef6f5ae8b5da.jpg,OHI_datasetIMG_6649_JPG,True,KEEP,color_clinical_like,14,False,photo_like
train,OHI_datasetIMG_6649_JPG.rf.ea63a69881567df81bc71193b37de94f.jpg,OHI_datasetIMG_6649_JPG,False,EXCLUDE,roboflow_augmentation_duplicate,14,False,photo_like
train,OHI_datasetIMG_6649_JPG.rf.f9f73f32db771d131789cd3f8f9db2ea.jpg,OHI_datasetIMG_6649_JPG,False,EXCLUDE,roboflow_augmentation_duplicate,14,False,photo_like
train,OHI_datasetIMG_6651_JPG.rf.4b28235cf1c50d2bd63e388e4379ccc1.jpg,OHI_datasetIMG_6651_JPG,True,KEEP,color_clinical_like,14,False,photo_like
train,OHI_datasetIMG_6651_JPG.rf.9eeb41881091a0255f5c02a74c9da39e.jpg,OHI_datasetIMG_6651_JPG,False,EXCLUDE,roboflow_augmentation_duplicate,15,False,photo_like
train,OHI_datasetIMG_6651_JPG.rf.a31e0143b63d2ba3cd69bbad1398f11a.jpg,OHI_datasetIMG_6651_JPG,False,EXCLUDE,roboflow_augmentation_duplicate,14,False,photo_like
train,OHI_datasetIMG_6652_JPG.rf.363d6a2e583506ba1888c25c961529de.jpg,OHI_datasetIMG_6652_JPG,True,KEEP,color_clinical_like,22,False,photo_like
train,OHI_datasetIMG_6652_JPG.rf.c4b3954e95e8fd6b836024e304d0a449.jpg,OHI_datasetIMG_6652_JPG,False,EXCLUDE,roboflow_augmentation_duplicate,22,False,photo_like
train,OHI_datasetIMG_6652_JPG.rf.d0a6cb57753edbc818afbe55b952eb97.jpg,OHI_datasetIMG_6652_JPG,False,EXCLUDE,roboflow_augmentation_duplicate,22,False,photo_like
train,OHI_datasetIMG_6657_JPG.rf.2b2551ec08b2b1fbd37dc9f8a397a512.jpg,OHI_datasetIMG_6657_JPG,True,KEEP,color_clinical_like,14,False,photo_like
train,OHI_datasetIMG_6657_JPG.rf.66285ce296f62a8a231c20a88bffcccf.jpg,OHI_datasetIMG_6657_JPG,False,EXCLUDE,roboflow_augmentation_duplicate,14,False,photo_like
train,OHI_datasetIMG_6657_JPG.rf.b327a16587527536787981c6c0d3a333.jpg,OHI_datasetIMG_6657_JPG,False,EXCLUDE,roboflow_augmentation_duplicate,14,False,photo_like
train,OHI_datasetIMG_6661_JPG.rf.7595e8b95c8f21a50cb7245b285aaa12.jpg,OHI_datasetIMG_6661_JPG,True,KEEP,color_clinical_like,14,False,photo_like
train,OHI_datasetIMG_6661_JPG.rf.772260caf226114c07610ed6d2d71df3.jpg,OHI_datasetIMG_6661_JPG,False,EXCLUDE,roboflow_augmentation_duplicate,14,False,photo_like
train,OHI_datasetIMG_6661_JPG.rf.e160b854f816ad668b644835e9a8aef6.jpg,OHI_datasetIMG_6661_JPG,False,EXCLUDE,roboflow_augmentation_duplicate,14,False,photo_like
train,OHI_datasetIMG_6667_JPG.rf.c30a80d56f9ef73fa29f4c948cc7e706.jpg,OHI_datasetIMG_6667_JPG,True,KEEP,color_clinical_like,8,False,photo_like
train,OHI_datasetIMG_6667_JPG.rf.d67869718bb3bb1ac752c5e352179554.jpg,OHI_datasetIMG_6667_JPG,False,EXCLUDE,roboflow_augmentation_duplicate,8,False,photo_like
train,OHI_datasetIMG_6667_JPG.rf.ebd3c0525187b3cc81e46e3fc351dd07.jpg,OHI_datasetIMG_6667_JPG,False,EXCLUDE,roboflow_augmentation_duplicate,8,True,photo_like
train,OHI_datasetIMG_6668_JPG.rf.89e562037b8f62ae8b19fd73af7f99d2.jpg,OHI_datasetIMG_6668_JPG,True,REVIEW,near_grayscale_color_stats,6,True,photo_like
train,OHI_datasetIMG_6668_JPG.rf.b02e6615494730a817688ba6788b43a6.jpg,OHI_datasetIMG_6668_JPG,False,EXCLUDE,roboflow_augmentation_duplicate,6,False,photo_like
train,OHI_datasetIMG_6668_JPG.rf.d1171d004b0173be2079f1d9e4c0d02c.jpg,OHI_datasetIMG_6668_JPG,False,EXCLUDE,roboflow_augmentation_duplicate,6,False,photo_like
train,OHI_datasetIMG_6678_JPG.rf.29389093b5732d24bd07a74338c95f42.jpg,OHI_datasetIMG_6678_JPG,True,KEEP,color_clinical_like,24,False,photo_like
train,OHI_datasetIMG_6678_JPG.rf.3f8959512e5dbe67fe55e3e7f82ed532.jpg,OHI_datasetIMG_6678_JPG,False,EXCLUDE,roboflow_augmentation_duplicate,24,False,photo_like
train,OHI_datasetIMG_6678_JPG.rf.44cbeaf96eba0546ae62d36758917733.jpg,OHI_datasetIMG_6678_JPG,False,EXCLUDE,roboflow_augmentation_duplicate,24,False,photo_like
train,OHI_datasetIMG_6681_JPG.rf.803d8ae77eee26a31643598677e4e2b0.jpg,OHI_datasetIMG_6681_JPG,True,KEEP,color_clinical_like,25,False,photo_like
train,OHI_datasetIMG_6681_JPG.rf.b1dee24ca8e5a3db9afb2d2db3de6f9b.jpg,OHI_datasetIMG_6681_JPG,False,EXCLUDE,roboflow_augmentation_duplicate,25,False,photo_like
train,OHI_datasetIMG_6681_JPG.rf.bb6828506c2294451192a2c1ba3f8dfc.jpg,OHI_datasetIMG_6681_JPG,False,EXCLUDE,roboflow_augmentation_duplicate,25,False,photo_like
train,OHI_datasetIMG_6682_JPG.rf.15cc7127401571b8b8d7387d1fc86a26.jpg,OHI_datasetIMG_6682_JPG,True,KEEP,color_clinical_like,12,False,photo_like
train,OHI_datasetIMG_6682_JPG.rf.608e0f766a328782e6ebd5a6fb4e3abe.jpg,OHI_datasetIMG_6682_JPG,False,EXCLUDE,roboflow_augmentation_duplicate,12,False,photo_like
train,OHI_datasetIMG_6682_JPG.rf.d658d13d62ff0d6d177ef0b5f5f0ba23.jpg,OHI_datasetIMG_6682_JPG,False,EXCLUDE,roboflow_augmentation_duplicate,12,False,photo_like
train,OHI_datasetIMG_6683_JPG.rf.032bfe0d8fa78f7f6db1d14c9d2ace2b.jpg,OHI_datasetIMG_6683_JPG,True,KEEP,color_clinical_like,11,False,photo_like
train,OHI_datasetIMG_6683_JPG.rf.0ed352ff5f7c6e3204a2d03492920bde.jpg,OHI_datasetIMG_6683_JPG,False,EXCLUDE,roboflow_augmentation_duplicate,11,True,photo_like
train,OHI_datasetIMG_6683_JPG.rf.32899a59d5f1bd13dd65458e69d6481c.jpg,OHI_datasetIMG_6683_JPG,False,EXCLUDE,roboflow_augmentation_duplicate,11,False,photo_like
train,OHI_datasetIMG_6684_JPG.rf.038cc8c0413cd739973ead09f002ac4c.jpg,OHI_datasetIMG_6684_JPG,True,KEEP,color_clinical_like,11,False,photo_like
train,OHI_datasetIMG_6684_JPG.rf.449edf3f1b41857f0ad795d7ad635af0.jpg,OHI_datasetIMG_6684_JPG,False,EXCLUDE,roboflow_augmentation_duplicate,11,False,photo_like
train,OHI_datasetIMG_6684_JPG.rf.ab4d4a6570d0cb3741e5ef5f714bb2a8.jpg,OHI_datasetIMG_6684_JPG,False,EXCLUDE,roboflow_augmentation_duplicate,11,True,photo_like
train,OHI_datasetIMG_6685_JPG.rf.5d8b2d60835eb453f84c2fe350ed0d4b.jpg,OHI_datasetIMG_6685_JPG,True,KEEP,color_clinical_like,11,False,photo_like
train,OHI_datasetIMG_6685_JPG.rf.8acf0038fc7cf3e8c8b64d2a961ecfeb.jpg,OHI_datasetIMG_6685_JPG,False,EXCLUDE,roboflow_augmentation_duplicate,11,False,photo_like
train,OHI_datasetIMG_6685_JPG.rf.dd3bbdbdf7943fbb8a21d0425059e3a5.jpg,OHI_datasetIMG_6685_JPG,False,EXCLUDE,roboflow_augmentation_duplicate,11,False,photo_like
train,OHI_datasetIMG_6686_JPG.rf.091f48091ff262281c8bd22f877914c1.jpg,OHI_datasetIMG_6686_JPG,True,KEEP,color_clinical_like,12,False,photo_like
train,OHI_datasetIMG_6686_JPG.rf.3c1163c14ac67bb5aab6322124d9a829.jpg,OHI_datasetIMG_6686_JPG,False,EXCLUDE,roboflow_augmentation_duplicate,12,False,photo_like
train,OHI_datasetIMG_6686_JPG.rf.68f56defb250374d9d93c38d994bbf88.jpg,OHI_datasetIMG_6686_JPG,False,EXCLUDE,roboflow_augmentation_duplicate,12,True,photo_like
train,OHI_datasetIMG_9986_jpg.rf.24213bfae8a16ea3611fcd22c9f2b55b.jpg,OHI_datasetIMG_9986_jpg,True,KEEP,color_clinical_like,24,False,photo_like
train,OHI_datasetIMG_9986_jpg.rf.8543de766c76edd1b34f648038aa5cb1.jpg,OHI_datasetIMG_9986_jpg,False,EXCLUDE,roboflow_augmentation_duplicate,24,False,photo_like
train,OHI_datasetIMG_9986_jpg.rf.d28a6331758c0d806a6f345e70693478.jpg,OHI_datasetIMG_9986_jpg,False,EXCLUDE,roboflow_augmentation_duplicate,24,False,photo_like
train,OHI_datasetIMG_9997_jpg.rf.11449b709dd532db9c70bc33104f69d2.jpg,OHI_datasetIMG_9997_jpg,True,KEEP,color_clinical_like,16,False,photo_like
train,OHI_datasetIMG_9997_jpg.rf.2bf010a2c3aca128d595384bae370614.jpg,OHI_datasetIMG_9997_jpg,False,EXCLUDE,roboflow_augmentation_duplicate,16,False,photo_like
train,OHI_datasetIMG_9997_jpg.rf.be32f92d475d3b75f4637d81fcc208bf.jpg,OHI_datasetIMG_9997_jpg,False,EXCLUDE,roboflow_augmentation_duplicate,16,False,photo_like
train,OHI_datasetlower_JPG.rf.027bcd92bdcb1786f9ffd2cfdc9961db.jpg,OHI_datasetlower_JPG,True,KEEP,color_clinical_like,15,False,photo_like
train,OHI_datasetlower_JPG.rf.bfe1cc5f9bb3b823fe4fab0a1bdff50d.jpg,OHI_datasetlower_JPG,False,EXCLUDE,roboflow_augmentation_duplicate,15,False,photo_like
train,OHI_datasetlower_JPG.rf.fb278035791921fe05397b346e36b619.jpg,OHI_datasetlower_JPG,False,EXCLUDE,roboflow_augmentation_duplicate,15,False,photo_like
train,OHI_datasetSANGER_M_19591112_324752336_1_jpg.rf.6230ed9411cade0edb36a37415a941f4.jpg,OHI_datasetSANGER_M_19591112_324752336_1_jpg,True,KEEP,color_clinical_like,26,False,photo_like
train,OHI_datasetSANGER_M_19591112_324752336_1_jpg.rf.ea35e484c04538eb2102accbfa03c67b.jpg,OHI_datasetSANGER_M_19591112_324752336_1_jpg,False,EXCLUDE,roboflow_augmentation_duplicate,26,False,photo_like
train,OHI_datasetSANGER_M_19591112_324752336_1_jpg.rf.f4f52c4344f73e5ef55c82913483f49c.jpg,OHI_datasetSANGER_M_19591112_324752336_1_jpg,False,EXCLUDE,roboflow_augmentation_duplicate,26,False,photo_like
train,OHI_datasetSANGER_M_19591112_324753048_1_jpg.rf.1dfaaec1a28bb355329d729bf906c969.jpg,OHI_datasetSANGER_M_19591112_324753048_1_jpg,True,KEEP,color_clinical_like,14,False,photo_like
train,OHI_datasetSANGER_M_19591112_324753048_1_jpg.rf.ae9ee49bfe9c484301292f1fd17e829e.jpg,OHI_datasetSANGER_M_19591112_324753048_1_jpg,False,EXCLUDE,roboflow_augmentation_duplicate,14,False,photo_like
train,OHI_datasetSANGER_M_19591112_324753048_1_jpg.rf.ccbe15b5d638152c063440bfc664ab09.jpg,OHI_datasetSANGER_M_19591112_324753048_1_jpg,False,EXCLUDE,roboflow_augmentation_duplicate,14,True,photo_like
train,OHI_datasetscreen_shot_front1_jpg.rf.710e5d7e2ea7a420863af5d6fdc46068.jpg,OHI_datasetscreen_shot_front1_jpg,True,REVIEW,screenshot_filename,24,False,screenshot
train,OHI_datasetscreen_shot_front1_jpg.rf.b16fdd22ff85673ae66c5da4fd643d14.jpg,OHI_datasetscreen_shot_front1_jpg,False,EXCLUDE,roboflow_augmentation_duplicate,24,True,screenshot
train,OHI_datasetscreen_shot_front1_jpg.rf.eba9692ebac082559fa2a1367795dacf.jpg,OHI_datasetscreen_shot_front1_jpg,False,EXCLUDE,roboflow_augmentation_duplicate,24,False,screenshot
train,OHI_datasetscreen_shot_front2.rf.4103732ddac40a939ba419ae976f6d26.jpg,OHI_datasetscreen_shot_front2,True,REVIEW,screenshot_filename,27,False,screenshot
train,OHI_datasetscreen_shot_front2.rf.c51f1fc3d5a385c4bec2ad5639c595b0.jpg,OHI_datasetscreen_shot_front2,False,EXCLUDE,roboflow_augmentation_duplicate,27,False,screenshot
train,OHI_datasetscreen_shot_front2.rf.fbb79619c722c7a966d315a61728f9e0.jpg,OHI_datasetscreen_shot_front2,False,EXCLUDE,roboflow_augmentation_duplicate,27,True,screenshot
train,OHI_datasetscreen_shot_lower1_jpg.rf.6de101207b8bc814ac7bfad6f391b5cf.jpg,OHI_datasetscreen_shot_lower1_jpg,True,REVIEW,screenshot_filename,11,True,screenshot
train,OHI_datasetscreen_shot_lower1_jpg.rf.db729d9bbf2650519cae334bd6be4c40.jpg,OHI_datasetscreen_shot_lower1_jpg,False,EXCLUDE,roboflow_augmentation_duplicate,11,True,screenshot
train,OHI_datasetscreen_shot_lower1_jpg.rf.eff121241a2b9ea649cf826e44cffea0.jpg,OHI_datasetscreen_shot_lower1_jpg,False,EXCLUDE,roboflow_augmentation_duplicate,11,True,screenshot
train,OHI_datasetscreen_shot_lower2.rf.25bc3762fd3b6a057f22a4773d9c5ba6.jpg,OHI_datasetscreen_shot_lower2,True,REVIEW,screenshot_filename,14,True,screenshot
train,OHI_datasetscreen_shot_lower2.rf.28dc86adf5c22f85c51a7e0fed005125.jpg,OHI_datasetscreen_shot_lower2,False,EXCLUDE,roboflow_augmentation_duplicate,14,True,screenshot
train,OHI_datasetscreen_shot_lower2.rf.46129520fbf79f4353088ed73c73b287.jpg,OHI_datasetscreen_shot_lower2,False,EXCLUDE,roboflow_augmentation_duplicate,14,True,screenshot
train,OHI_datasetscreen_shot_upper1_jpg.rf.58a87be35ba4053746531929f5251f17.jpg,OHI_datasetscreen_shot_upper1_jpg,True,REVIEW,screenshot_filename,13,False,screenshot
train,OHI_datasetscreen_shot_upper1_jpg.rf.5d39a7248952bff9e21a0b5278ba9da5.jpg,OHI_datasetscreen_shot_upper1_jpg,False,EXCLUDE,roboflow_augmentation_duplicate,13,False,screenshot
train,OHI_datasetscreen_shot_upper1_jpg.rf.85796e5f881033dc6a9794a0fd9a5825.jpg,OHI_datasetscreen_shot_upper1_jpg,False,EXCLUDE,roboflow_augmentation_duplicate,13,False,screenshot
train,OHI_datasetscreen_shot_upper_jpg.rf.5637ae112e91c4597d8c3d9ae1654952.jpg,OHI_datasetscreen_shot_upper_jpg,True,REVIEW,screenshot_filename,14,True,screenshot
train,OHI_datasetscreen_shot_upper_jpg.rf.583224fda4a84efb5c44f21bd51f0b64.jpg,OHI_datasetscreen_shot_upper_jpg,False,EXCLUDE,roboflow_augmentation_duplicate,14,True,screenshot
train,OHI_datasetscreen_shot_upper_jpg.rf.ee099643cd2df5e0356a9df617109ab9.jpg,OHI_datasetscreen_shot_upper_jpg,False,EXCLUDE,roboflow_augmentation_duplicate,14,True,screenshot
train,OHI_datasetupper_jpg.rf.3eac6a29849a58963d8bca01e9f6fcdb.jpg,OHI_datasetupper_jpg,True,KEEP,color_clinical_like,14,False,photo_like
train,OHI_datasetupper_jpg.rf.911e0fffe531deb3e71cdf9c9dc990ab.jpg,OHI_datasetupper_jpg,False,EXCLUDE,roboflow_augmentation_duplicate,14,True,photo_like
train,OHI_datasetupper_jpg.rf.a2e19b043b5534777fa90966bead40bc.jpg,OHI_datasetupper_jpg,False,EXCLUDE,roboflow_augmentation_duplicate,14,False,photo_like
valid,OHI_dataset_MG_3853_JPG.rf.47370cb79993162d2ba11fad8a00e783.jpg,OHI_dataset_MG_3853_JPG,True,KEEP,color_clinical_like,13,False,photo_like
valid,OHI_dataset_MG_3856_JPG.rf.87fc711c042120c5907c07da8a7c1bb4.jpg,OHI_dataset_MG_3856_JPG,True,KEEP,color_clinical_like,14,False,photo_like
valid,OHI_dataset_MG_3892_JPG.rf.e338769e05c43244a4a9010c05bf4f11.jpg,OHI_dataset_MG_3892_JPG,True,KEEP,color_clinical_like,14,False,photo_like
valid,OHI_dataset_MG_4766_JPG.rf.bb208b19592f263b1b5b5765b2fda2e6.jpg,OHI_dataset_MG_4766_JPG,True,KEEP,color_clinical_like,13,False,photo_like
valid,OHI_datasetflip1_jpg.rf.1211671620404a44bf120a6909db10d7.jpg,OHI_datasetflip1_jpg,True,KEEP,color_clinical_like,12,False,photo_like
valid,OHI_datasetgallery_-107953394_penta_front_m_jpg.rf.25a7229cea2c0bcd6e4c5fa0e9ed8f9a.jpg,OHI_datasetgallery_-107953394_penta_front_m_jpg,True,REVIEW,gallery_or_3d_like_filename,26,False,gallery_3d_like
valid,OHI_datasetgallery_-107953394_penta_lower_m_jpg.rf.d35fcb8ba72cc1efe526b247819d7a4a.jpg,OHI_datasetgallery_-107953394_penta_lower_m_jpg,True,REVIEW,gallery_or_3d_like_filename,13,False,gallery_3d_like
valid,OHI_datasetgallery_-107953394_penta_upper_m_jpg.rf.8d7ddae5afa61483efc37decd84766ca.jpg,OHI_datasetgallery_-107953394_penta_upper_m_jpg,True,REVIEW,gallery_or_3d_like_filename,12,False,gallery_3d_like
valid,OHI_datasetgallery_-112247038_penta_front_m_jpg.rf.c5ec54379b37da87c6ad351a0b33d731.jpg,OHI_datasetgallery_-112247038_penta_front_m_jpg,True,REVIEW,gallery_or_3d_like_filename,28,False,gallery_3d_like
valid,OHI_datasetgallery_-112247038_penta_lower_m_jpg.rf.3ea171564b986ea847a3a6daa9987eaa.jpg,OHI_datasetgallery_-112247038_penta_lower_m_jpg,True,REVIEW,gallery_or_3d_like_filename,14,False,gallery_3d_like
valid,OHI_datasetgallery_-127342845_penta_upper_m_jpg.rf.26bde85b117164de79a3b7b8cb174049.jpg,OHI_datasetgallery_-127342845_penta_upper_m_jpg,True,REVIEW,gallery_or_3d_like_filename,13,False,gallery_3d_like
valid,OHI_datasetgallery_-130264893_penta_upper_m_jpg.rf.44826695cdf8841d0e559737ad2a8f2c.jpg,OHI_datasetgallery_-130264893_penta_upper_m_jpg,True,REVIEW,gallery_or_3d_like_filename,14,False,gallery_3d_like
valid,OHI_datasetgallery_-144445605_penta_front_m_jpg.rf.42adec9ec5e39168c3270c24d69bb03d.jpg,OHI_datasetgallery_-144445605_penta_front_m_jpg,True,REVIEW,gallery_or_3d_like_filename,17,False,gallery_3d_like
valid,OHI_datasetgallery_-159699942_penta_front_m_jpg.rf.dbc4e3cbba633ea2b8eb0df8c3b1c9a0.jpg,OHI_datasetgallery_-159699942_penta_front_m_jpg,True,REVIEW,gallery_or_3d_like_filename,20,False,gallery_3d_like
valid,OHI_datasetgallery_-159699942_penta_upper_m_jpg.rf.d02f0f9e4788315d51eca8a06dcd582b.jpg,OHI_datasetgallery_-159699942_penta_upper_m_jpg,True,REVIEW,gallery_or_3d_like_filename,10,False,gallery_3d_like
valid,OHI_datasetgallery_-160158513_penta_lower_m_jpg.rf.33a6f3d9a79118134dc996ba2736048a.jpg,OHI_datasetgallery_-160158513_penta_lower_m_jpg,True,REVIEW,gallery_or_3d_like_filename,5,False,gallery_3d_like
valid,OHI_datasetgallery_-40615633_penta_front_m_jpg.rf.f5fa52ef62719786fbf7010c9ec3f88a.jpg,OHI_datasetgallery_-40615633_penta_front_m_jpg,True,REVIEW,gallery_or_3d_like_filename,23,False,gallery_3d_like
valid,OHI_datasetgallery_-48450823_penta_lower_m1_jpg.rf.fe94b92f693aacabf3fc7cb642fda8d2.jpg,OHI_datasetgallery_-48450823_penta_lower_m1_jpg,True,REVIEW,gallery_or_3d_like_filename,13,False,gallery_3d_like
valid,OHI_datasetgallery_-48450823_penta_lower_m_jpg.rf.68b806fee4377c628b46cb76f44deb5a.jpg,OHI_datasetgallery_-48450823_penta_lower_m_jpg,True,REVIEW,gallery_or_3d_like_filename,13,False,gallery_3d_like
valid,OHI_datasetgallery_-50885731_penta_upper_m_jpg.rf.c3c9b27012c5c52aa9002b3bc80f6a60.jpg,OHI_datasetgallery_-50885731_penta_upper_m_jpg,True,REVIEW,gallery_or_3d_like_filename,12,False,gallery_3d_like
valid,OHI_datasetIMG_0250_JPG.rf.f99e7a3af57cdd6ea23560c8f9c5bbc5.jpg,OHI_datasetIMG_0250_JPG,True,KEEP,color_clinical_like,26,False,photo_like
valid,OHI_datasetIMG_0281_JPG.rf.5246fd1b8883ddac184f832c9e67915d.jpg,OHI_datasetIMG_0281_JPG,True,KEEP,color_clinical_like,25,False,photo_like
valid,OHI_datasetIMG_0366_JPG.rf.c562784adc0051a3aa579eec3a82e2db.jpg,OHI_datasetIMG_0366_JPG,True,KEEP,color_clinical_like,14,False,photo_like
valid,OHI_datasetIMG_0602_JPG.rf.13c9ea9fe1c17065d26a0896410c2d6f.jpg,OHI_datasetIMG_0602_JPG,True,KEEP,color_clinical_like,28,False,photo_like
valid,OHI_datasetIMG_0604_JPG.rf.6aedce1be05c63d8f0ceb040ae9229ff.jpg,OHI_datasetIMG_0604_JPG,True,KEEP,color_clinical_like,13,False,photo_like
valid,OHI_datasetIMG_1111_JPG.rf.c942055271ddc43953098ef41b84b5f5.jpg,OHI_datasetIMG_1111_JPG,True,KEEP,color_clinical_like,27,False,photo_like
valid,OHI_datasetIMG_1116_JPG.rf.38a989ffcad5623dcc36a5f6972e6c87.jpg,OHI_datasetIMG_1116_JPG,True,KEEP,color_clinical_like,15,False,photo_like
valid,OHI_datasetIMG_1119_JPG.rf.1f3168301403acbf64d7d7d7648782b0.jpg,OHI_datasetIMG_1119_JPG,True,KEEP,color_clinical_like,28,False,photo_like
valid,OHI_datasetIMG_1182_JPG.rf.9891fadf162d8c18a95f27565c6a712c.jpg,OHI_datasetIMG_1182_JPG,True,KEEP,color_clinical_like,16,False,photo_like
valid,OHI_datasetIMG_1218_JPG.rf.33c0d807f2cc2844998b7cff9d805e37.jpg,OHI_datasetIMG_1218_JPG,True,KEEP,color_clinical_like,13,False,photo_like
valid,OHI_datasetIMG_1219_JPG.rf.778885e89817ef6db825332ed88c5a02.jpg,OHI_datasetIMG_1219_JPG,True,KEEP,color_clinical_like,16,False,photo_like
valid,OHI_datasetIMG_1487_JPG.rf.6d13165ebf5750995b1a492bf070b8a7.jpg,OHI_datasetIMG_1487_JPG,True,KEEP,color_clinical_like,19,False,photo_like
valid,OHI_datasetIMG_1488_JPG.rf.c7eb94d9e8de08ce0c9bdaab5b30e92f.jpg,OHI_datasetIMG_1488_JPG,True,KEEP,color_clinical_like,11,False,photo_like
valid,OHI_datasetIMG_1523_JPG.rf.6efb9f57945819761359bffacda866df.jpg,OHI_datasetIMG_1523_JPG,True,KEEP,color_clinical_like,14,False,photo_like
valid,OHI_datasetIMG_1550_JPG.rf.387b0691847947008654774ddb5a91f6.jpg,OHI_datasetIMG_1550_JPG,True,KEEP,color_clinical_like,14,False,photo_like
valid,OHI_datasetIMG_1559_JPG.rf.5fc31c6aa4cdb1882251d5b0f8ee8c36.jpg,OHI_datasetIMG_1559_JPG,True,KEEP,color_clinical_like,10,False,photo_like
valid,OHI_datasetIMG_1625_JPG.rf.5a82fb21072f3f4cd8c5054bed96a96d.jpg,OHI_datasetIMG_1625_JPG,True,KEEP,color_clinical_like,26,False,photo_like
valid,OHI_datasetIMG_1689_JPG.rf.26706fc060b164b569d04b2ec4809abb.jpg,OHI_datasetIMG_1689_JPG,True,KEEP,color_clinical_like,27,False,photo_like
valid,OHI_datasetIMG_1736_JPG.rf.bba1ebb57c48c88e791c808150d60603.jpg,OHI_datasetIMG_1736_JPG,True,KEEP,color_clinical_like,26,False,photo_like
valid,OHI_datasetIMG_1738_JPG.rf.4e6d0be4aa92f121be30abd15c005761.jpg,OHI_datasetIMG_1738_JPG,True,KEEP,color_clinical_like,14,False,photo_like
valid,OHI_datasetIMG_1746_JPG.rf.d600e314a6b016368ccf8dec0655e93f.jpg,OHI_datasetIMG_1746_JPG,True,KEEP,color_clinical_like,26,False,photo_like
valid,OHI_datasetIMG_1775_JPG.rf.5ee7fb9165445c77f34c63c858815fac.jpg,OHI_datasetIMG_1775_JPG,True,KEEP,color_clinical_like,25,False,photo_like
valid,OHI_datasetIMG_1806_JPG.rf.018bd0a7b564298ff1b6d94e84c12e11.jpg,OHI_datasetIMG_1806_JPG,True,KEEP,color_clinical_like,15,False,photo_like
valid,OHI_datasetIMG_1808_JPG.rf.d492400976cf23c3427125493a643fec.jpg,OHI_datasetIMG_1808_JPG,True,KEEP,color_clinical_like,15,False,photo_like
valid,OHI_datasetIMG_1971_JPG.rf.f6b5bb8695f13fb09f61341715a70ebd.jpg,OHI_datasetIMG_1971_JPG,True,KEEP,color_clinical_like,14,False,photo_like
valid,OHI_datasetIMG_2067_JPG.rf.a877735b54c5cc9bc7931c5ee62d88be.jpg,OHI_datasetIMG_2067_JPG,True,KEEP,color_clinical_like,25,False,photo_like
valid,OHI_datasetIMG_2070_JPG.rf.87e54b760bca65964a519af0e1ff7cba.jpg,OHI_datasetIMG_2070_JPG,True,KEEP,color_clinical_like,13,False,photo_like
valid,OHI_datasetIMG_2152_JPG.rf.f7ea704a6652e10c579bd6da9e470a7f.jpg,OHI_datasetIMG_2152_JPG,True,KEEP,color_clinical_like,12,False,photo_like
valid,OHI_datasetIMG_2174_JPG.rf.a329eab1f364a09c2aa4dbc797a3fa70.jpg,OHI_datasetIMG_2174_JPG,True,KEEP,color_clinical_like,21,False,photo_like
valid,OHI_datasetIMG_2181_jpg.rf.9543fbb38588f2d20fe3876453b8e4b7.jpg,OHI_datasetIMG_2181_jpg,True,KEEP,color_clinical_like,25,False,photo_like
valid,OHI_datasetIMG_2208_JPG.rf.25be0fc9f0297b6b60b553b1424c7e5b.jpg,OHI_datasetIMG_2208_JPG,True,KEEP,color_clinical_like,12,False,photo_like
valid,OHI_datasetIMG_2209_JPG.rf.c612e1f764a3cd78333fcf9c5d4af78c.jpg,OHI_datasetIMG_2209_JPG,True,KEEP,color_clinical_like,14,False,photo_like
valid,OHI_datasetIMG_2349_jpg.rf.e5b572e46b1632d3fc377dac5d631545.jpg,OHI_datasetIMG_2349_jpg,True,KEEP,color_clinical_like,15,False,photo_like
valid,OHI_datasetIMG_2356_JPG.rf.6a595196d3018a65f7b12973973b4c83.jpg,OHI_datasetIMG_2356_JPG,True,KEEP,color_clinical_like,14,False,photo_like
valid,OHI_datasetIMG_2368_JPG.rf.bffa253acd878167b46543a934f060d6.jpg,OHI_datasetIMG_2368_JPG,True,KEEP,color_clinical_like,28,False,photo_like
valid,OHI_datasetIMG_2400_JPG.rf.96acccdc731cd8f11cd9057c6fe1ce1c.jpg,OHI_datasetIMG_2400_JPG,True,KEEP,color_clinical_like,12,False,photo_like
valid,OHI_datasetIMG_2401_JPG.rf.6c61049430348336b1913c7ed224e8da.jpg,OHI_datasetIMG_2401_JPG,True,KEEP,color_clinical_like,12,False,photo_like
valid,OHI_datasetIMG_2452_JPG.rf.92a7187a18b05d0de41aaa83cc83f72e.jpg,OHI_datasetIMG_2452_JPG,True,KEEP,color_clinical_like,16,False,photo_like
valid,OHI_datasetIMG_2460_JPG.rf.94df82ea0789bee0fe3066dcb3872540.jpg,OHI_datasetIMG_2460_JPG,True,KEEP,color_clinical_like,11,False,photo_like
valid,OHI_datasetIMG_2552_JPG.rf.f8ce495110344debcaa7a055154b1589.jpg,OHI_datasetIMG_2552_JPG,True,KEEP,color_clinical_like,12,False,photo_like
valid,OHI_datasetIMG_2554_JPG.rf.32ba65011ccf35fbbc8c310b8bcd8ba5.jpg,OHI_datasetIMG_2554_JPG,True,KEEP,color_clinical_like,23,False,photo_like
valid,OHI_datasetIMG_2657_jpg.rf.da9c108f8b07e5729e75a2eb96e07beb.jpg,OHI_datasetIMG_2657_jpg,True,KEEP,color_clinical_like,22,False,photo_like
valid,OHI_datasetIMG_2658_jpg.rf.b542f802eb40189f0d0f0e27ba72d8f4.jpg,OHI_datasetIMG_2658_jpg,True,KEEP,color_clinical_like,12,False,photo_like
valid,OHI_datasetIMG_2659_jpg.rf.02e08f0306b7b11870174de2d257c331.jpg,OHI_datasetIMG_2659_jpg,True,KEEP,color_clinical_like,10,False,photo_like
valid,OHI_datasetIMG_2667_JPG.rf.17171e279ffc456137178d0b6e4cfeff.jpg,OHI_datasetIMG_2667_JPG,True,KEEP,color_clinical_like,11,False,photo_like
valid,OHI_datasetIMG_2688_JPG.rf.2474677700c195ad5c04a882aef7b608.jpg,OHI_datasetIMG_2688_JPG,True,KEEP,color_clinical_like,12,False,photo_like
valid,OHI_datasetIMG_2706_JPG.rf.4b1502c2441f8e7805cfb23a7c86022a.jpg,OHI_datasetIMG_2706_JPG,True,KEEP,color_clinical_like,25,False,photo_like
valid,OHI_datasetIMG_2709_JPG.rf.db3b1942a2fae8c4e5b3adddca6e2cbd.jpg,OHI_datasetIMG_2709_JPG,True,KEEP,color_clinical_like,12,False,photo_like
valid,OHI_datasetIMG_2714_JPG.rf.f6c2f6ce2a15adb988765a73eba9fdd4.jpg,OHI_datasetIMG_2714_JPG,True,KEEP,color_clinical_like,27,False,photo_like
valid,OHI_datasetIMG_2741_JPG.rf.44cb0edb26578486b935981bdf04abaa.jpg,OHI_datasetIMG_2741_JPG,True,KEEP,color_clinical_like,30,False,photo_like
valid,OHI_datasetIMG_2789_JPG.rf.445f7ced7e9b58d238a4e708ac474f80.jpg,OHI_datasetIMG_2789_JPG,True,KEEP,color_clinical_like,12,False,photo_like
valid,OHI_datasetIMG_2791_JPG.rf.b542de4e47dcd0fff949185c78d98c6c.jpg,OHI_datasetIMG_2791_JPG,True,KEEP,color_clinical_like,13,False,photo_like
valid,OHI_datasetIMG_2928_jpg.rf.8c574a1cd5b95179fe2a54417f8cf12b.jpg,OHI_datasetIMG_2928_jpg,True,KEEP,color_clinical_like,11,False,photo_like
valid,OHI_datasetIMG_2945_jpg.rf.36747d44eea217ff828e228de0c302b2.jpg,OHI_datasetIMG_2945_jpg,True,KEEP,color_clinical_like,28,False,photo_like
valid,OHI_datasetIMG_2947_jpg.rf.c6aecb012db865234843c3662a30620f.jpg,OHI_datasetIMG_2947_jpg,True,KEEP,color_clinical_like,15,False,photo_like
valid,OHI_datasetIMG_3099_JPG.rf.d47389a9b96ccd867399b269aaca9d95.jpg,OHI_datasetIMG_3099_JPG,True,KEEP,color_clinical_like,22,False,photo_like
valid,OHI_datasetIMG_3106_JPG.rf.a10f609f0b0ae87f28446a0a7852a886.jpg,OHI_datasetIMG_3106_JPG,True,KEEP,color_clinical_like,21,False,photo_like
valid,OHI_datasetIMG_3129_JPG.rf.29e91aab5e0b17cee82e803b5ac0ea9f.jpg,OHI_datasetIMG_3129_JPG,True,KEEP,color_clinical_like,10,False,photo_like
valid,OHI_datasetIMG_3147_JPG.rf.3e79d37fe68f7eea9e54cc4454713e9c.jpg,OHI_datasetIMG_3147_JPG,True,KEEP,color_clinical_like,13,False,photo_like
valid,OHI_datasetIMG_3148_JPG.rf.b006afc3dd4c9c011abe3b0f22687e6e.jpg,OHI_datasetIMG_3148_JPG,True,KEEP,color_clinical_like,11,False,photo_like
valid,OHI_datasetIMG_3149_JPG.rf.70c1bef45e62fd3d0864432e14574732.jpg,OHI_datasetIMG_3149_JPG,True,KEEP,color_clinical_like,11,False,photo_like
valid,OHI_datasetIMG_3158_JPG.rf.dfd81633d6a02f0e75bcfd2a6f6d30c8.jpg,OHI_datasetIMG_3158_JPG,True,KEEP,color_clinical_like,13,False,photo_like
valid,OHI_datasetIMG_3263_JPG.rf.2f8285f4543a3d3e02598ae427f7fa2e.jpg,OHI_datasetIMG_3263_JPG,True,KEEP,color_clinical_like,12,False,photo_like
valid,OHI_datasetIMG_3265_JPG.rf.be8cd451f936e1d0498071c7e1495066.jpg,OHI_datasetIMG_3265_JPG,True,KEEP,color_clinical_like,13,False,photo_like
valid,OHI_datasetIMG_3308_JPG.rf.0a564b7d47f7619aa01c3124b4cc06e4.jpg,OHI_datasetIMG_3308_JPG,True,KEEP,color_clinical_like,14,False,photo_like
valid,OHI_datasetIMG_3403_JPG.rf.c26e3c66371ad31f4e01aa954158b76b.jpg,OHI_datasetIMG_3403_JPG,True,KEEP,color_clinical_like,10,False,photo_like
valid,OHI_datasetIMG_3416_JPG.rf.8da705610182473f7da27ec22568e74d.jpg,OHI_datasetIMG_3416_JPG,True,KEEP,color_clinical_like,27,False,photo_like
valid,OHI_datasetIMG_3461_JPG.rf.fc40868e52469ed21474716ecd730b4d.jpg,OHI_datasetIMG_3461_JPG,True,KEEP,color_clinical_like,7,False,photo_like
valid,OHI_datasetIMG_3463_JPG.rf.0624d8eca62ad8243f8bb260c2a0d720.jpg,OHI_datasetIMG_3463_JPG,True,KEEP,color_clinical_like,11,False,photo_like
valid,OHI_datasetIMG_34741_jpg.rf.d0c206faaca495a8e3e0c0e4bd346e74.jpg,OHI_datasetIMG_34741_jpg,True,KEEP,color_clinical_like,25,False,photo_like
valid,OHI_datasetIMG_3479_JPG.rf.afd044552565050712151863f43279a0.jpg,OHI_datasetIMG_3479_JPG,True,KEEP,color_clinical_like,13,False,photo_like
valid,OHI_datasetIMG_3517_JPG.rf.098115d3ac7cd8400a6d94abcf3dc2bf.jpg,OHI_datasetIMG_3517_JPG,True,KEEP,color_clinical_like,12,False,photo_like
valid,OHI_datasetIMG_3535_JPG.rf.9613839339d5c5328e729649ebdb93d5.jpg,OHI_datasetIMG_3535_JPG,True,KEEP,color_clinical_like,26,False,photo_like
valid,OHI_datasetIMG_3621_JPG.rf.b896d1893d41816df9066b8e744f9ba3.jpg,OHI_datasetIMG_3621_JPG,True,KEEP,color_clinical_like,20,False,photo_like
valid,OHI_datasetIMG_3627_JPG.rf.115861c8b1217f9e31a7dfc61a47aecc.jpg,OHI_datasetIMG_3627_JPG,True,KEEP,color_clinical_like,14,False,photo_like
valid,OHI_datasetIMG_3648_JPG.rf.a335f16aa4492097d78e6caa68575ad3.jpg,OHI_datasetIMG_3648_JPG,True,KEEP,color_clinical_like,16,False,photo_like
valid,OHI_datasetIMG_3665_JPG.rf.904bda5868b2cefa1e94a605a344f3a8.jpg,OHI_datasetIMG_3665_JPG,True,KEEP,color_clinical_like,27,False,photo_like
valid,OHI_datasetIMG_3697_JPG.rf.3ef2218a633ae862c7d031ac1e6ff507.jpg,OHI_datasetIMG_3697_JPG,True,KEEP,color_clinical_like,22,False,photo_like
valid,OHI_datasetIMG_3806_JPG.rf.60a3711d496c0823c13a42098cc56d36.jpg,OHI_datasetIMG_3806_JPG,True,KEEP,color_clinical_like,14,False,photo_like
valid,OHI_datasetIMG_3823_JPG.rf.03487ef119d48aa7d401acd76ec446b9.jpg,OHI_datasetIMG_3823_JPG,True,KEEP,color_clinical_like,27,False,photo_like
valid,OHI_datasetIMG_3827_JPG.rf.6bc8281f860a0b6ab8786e0754d17b00.jpg,OHI_datasetIMG_3827_JPG,True,KEEP,color_clinical_like,14,False,photo_like
valid,OHI_datasetIMG_3894_JPG.rf.e6e56dbbdb553eb51a2e3c5d424637e8.jpg,OHI_datasetIMG_3894_JPG,True,KEEP,color_clinical_like,14,False,photo_like
valid,OHI_datasetIMG_3952_JPG.rf.408f3561968925ad3fb67e5cb3935a1d.jpg,OHI_datasetIMG_3952_JPG,True,KEEP,color_clinical_like,14,False,photo_like
valid,OHI_datasetIMG_3953_JPG.rf.18e3ebf0634e3e620f1c54f6e8aa219c.jpg,OHI_datasetIMG_3953_JPG,True,KEEP,color_clinical_like,14,False,photo_like
valid,OHI_datasetIMG_3963_JPG.rf.6378dcbf649ad64ba680a02c5cd0e760.jpg,OHI_datasetIMG_3963_JPG,True,KEEP,color_clinical_like,15,False,photo_like
valid,OHI_datasetIMG_4008_JPG.rf.c3b14291646692d0e5650de8153cf4d1.jpg,OHI_datasetIMG_4008_JPG,True,KEEP,color_clinical_like,13,False,photo_like
valid,OHI_datasetIMG_4012_JPG.rf.22862a403a291cdf8d285cf3333a2d8f.jpg,OHI_datasetIMG_4012_JPG,True,KEEP,color_clinical_like,13,False,photo_like
valid,OHI_datasetIMG_4028_JPG.rf.15d33b92acd2e793a107353a2bc6d3e8.jpg,OHI_datasetIMG_4028_JPG,True,KEEP,color_clinical_like,14,False,photo_like
valid,OHI_datasetIMG_4061_JPG.rf.44a56abf045eae744b40171e894c4a31.jpg,OHI_datasetIMG_4061_JPG,True,KEEP,color_clinical_like,27,False,photo_like
valid,OHI_datasetIMG_4082_JPG.rf.38e34a317d6cfc52697090d4dc41e84b.jpg,OHI_datasetIMG_4082_JPG,True,KEEP,color_clinical_like,27,False,photo_like
valid,OHI_datasetIMG_4087_JPG.rf.deb0a6085d0dfa244f4afafd188da4cd.jpg,OHI_datasetIMG_4087_JPG,True,KEEP,color_clinical_like,12,False,photo_like
valid,OHI_datasetIMG_4118_JPG.rf.785752e4c283b8808f1cec1de7bf3101.jpg,OHI_datasetIMG_4118_JPG,True,KEEP,color_clinical_like,13,False,photo_like
valid,OHI_datasetIMG_4129_JPG.rf.e8fabe436df60524621ef9dca2447d1f.jpg,OHI_datasetIMG_4129_JPG,True,KEEP,color_clinical_like,14,False,photo_like
valid,OHI_datasetIMG_4152_JPG.rf.9052a636ee8c6ff1eb4b78082afe4d88.jpg,OHI_datasetIMG_4152_JPG,True,KEEP,color_clinical_like,12,False,photo_like
valid,OHI_datasetIMG_4197_JPG.rf.ed04242005343e7beffd6cd73f2f5378.jpg,OHI_datasetIMG_4197_JPG,True,KEEP,color_clinical_like,25,False,photo_like
valid,OHI_datasetIMG_4228_JPG.rf.12f8d956d927e36b3459e2e5ac8cc13d.jpg,OHI_datasetIMG_4228_JPG,True,KEEP,color_clinical_like,22,False,photo_like
valid,OHI_datasetIMG_4260_JPG.rf.b27194054259a95425b99457af79b284.jpg,OHI_datasetIMG_4260_JPG,True,KEEP,color_clinical_like,24,False,photo_like
valid,OHI_datasetIMG_4298_JPG.rf.74713778ff2592c91ba8cb5fe8ede63a.jpg,OHI_datasetIMG_4298_JPG,True,KEEP,color_clinical_like,11,False,photo_like
valid,OHI_datasetIMG_4305_JPG.rf.7a83569d698e99b9f4417354b337ad25.jpg,OHI_datasetIMG_4305_JPG,True,KEEP,color_clinical_like,14,False,photo_like
valid,OHI_datasetIMG_4321_JPG.rf.8a538f8cc77eeb4bb0d748c5d426d457.jpg,OHI_datasetIMG_4321_JPG,True,KEEP,color_clinical_like,10,False,photo_like
valid,OHI_datasetIMG_4333_JPG.rf.d5b41c09345919f6dc4dd3cc3203d8dc.jpg,OHI_datasetIMG_4333_JPG,True,KEEP,color_clinical_like,13,False,photo_like
valid,OHI_datasetIMG_4338_JPG.rf.0bd2532004432614ca8bfaac4a20b1d6.jpg,OHI_datasetIMG_4338_JPG,True,KEEP,color_clinical_like,25,False,photo_like
valid,OHI_datasetIMG_4347_JPG.rf.78c78546cd81970aa40f7d9aa025f895.jpg,OHI_datasetIMG_4347_JPG,True,KEEP,color_clinical_like,16,False,photo_like
valid,OHI_datasetIMG_4352_JPG.rf.778ae17e6e2f7d0a107da40d931bc20a.jpg,OHI_datasetIMG_4352_JPG,True,KEEP,color_clinical_like,14,False,photo_like
valid,OHI_datasetIMG_4360_JPG.rf.53137c151c7919aaabe98fe41e8d1a80.jpg,OHI_datasetIMG_4360_JPG,True,KEEP,color_clinical_like,22,False,photo_like
valid,OHI_datasetIMG_4365_JPG.rf.bc8faebf99129da9ed289035d643cb77.jpg,OHI_datasetIMG_4365_JPG,True,KEEP,color_clinical_like,13,False,photo_like
valid,OHI_datasetIMG_4370_JPG.rf.81cca26476b5f65b2dbaa6002a39c7a9.jpg,OHI_datasetIMG_4370_JPG,True,KEEP,color_clinical_like,14,False,photo_like
valid,OHI_datasetIMG_4405_JPG.rf.c208835b692280d26e912aa5f56af96c.jpg,OHI_datasetIMG_4405_JPG,True,KEEP,color_clinical_like,29,False,photo_like
valid,OHI_datasetIMG_4407_JPG.rf.71343929484c038d0ce2e2ee0664b228.jpg,OHI_datasetIMG_4407_JPG,True,KEEP,color_clinical_like,15,False,photo_like
valid,OHI_datasetIMG_4419_JPG.rf.eb929190ef3a61fd43ac7db351f35bbf.jpg,OHI_datasetIMG_4419_JPG,True,KEEP,color_clinical_like,23,False,photo_like
valid,OHI_datasetIMG_4448_JPG.rf.9c7f53ec69bb2b53adcd3a9073a54f10.jpg,OHI_datasetIMG_4448_JPG,True,KEEP,color_clinical_like,23,False,photo_like
valid,OHI_datasetIMG_4451_JPG.rf.c7a71d2a792de56d743f2cb7f0930a0d.jpg,OHI_datasetIMG_4451_JPG,True,KEEP,color_clinical_like,13,False,photo_like
valid,OHI_datasetIMG_4456_JPG.rf.7ab220c5fa31315648eb4a80654137b6.jpg,OHI_datasetIMG_4456_JPG,True,KEEP,color_clinical_like,12,False,photo_like
valid,OHI_datasetIMG_4475_JPG.rf.93acb7493e655255969c5eddb22d788b.jpg,OHI_datasetIMG_4475_JPG,True,KEEP,color_clinical_like,12,False,photo_like
valid,OHI_datasetIMG_4494_JPG.rf.1e454bc60ac65ce376dd5e291e985861.jpg,OHI_datasetIMG_4494_JPG,True,KEEP,color_clinical_like,9,False,photo_like
valid,OHI_datasetIMG_4533_JPG.rf.ab5a536b2c06abc10d85156e0b15e512.jpg,OHI_datasetIMG_4533_JPG,True,KEEP,color_clinical_like,14,False,photo_like
valid,OHI_datasetIMG_4539_JPG.rf.f526075ed427fe2b2c26a145fa6f381e.jpg,OHI_datasetIMG_4539_JPG,True,KEEP,color_clinical_like,14,False,photo_like
valid,OHI_datasetIMG_4556_JPG.rf.723ee17afd1c584aea57446eaa525e0b.jpg,OHI_datasetIMG_4556_JPG,True,KEEP,color_clinical_like,15,False,photo_like
valid,OHI_datasetIMG_4566_JPG.rf.aafe65408e9cb5731af8465e1d52e537.jpg,OHI_datasetIMG_4566_JPG,True,KEEP,color_clinical_like,27,False,photo_like
valid,OHI_datasetIMG_4568_JPG.rf.549adb6e3e5b8bd2eb3a7105f12cf23b.jpg,OHI_datasetIMG_4568_JPG,True,KEEP,color_clinical_like,14,False,photo_like
valid,OHI_datasetIMG_4574_JPG.rf.b004decd9c984b9f04d9cf5cf0538322.jpg,OHI_datasetIMG_4574_JPG,True,KEEP,color_clinical_like,13,False,photo_like
valid,OHI_datasetIMG_4575_JPG.rf.18a16e58fb4db3acaadbe3f0e6149247.jpg,OHI_datasetIMG_4575_JPG,True,KEEP,color_clinical_like,13,False,photo_like
valid,OHI_datasetIMG_4582_JPG.rf.369d61800d09c4c70f8896a4ffb116d7.jpg,OHI_datasetIMG_4582_JPG,True,KEEP,color_clinical_like,28,False,photo_like
valid,OHI_datasetIMG_4631_JPG.rf.882d9ddab86e486c55a0adcee86b1825.jpg,OHI_datasetIMG_4631_JPG,True,KEEP,color_clinical_like,14,False,photo_like
valid,OHI_datasetIMG_4660_JPG.rf.dfe96e31aa39bbd0b29c06bc766644ce.jpg,OHI_datasetIMG_4660_JPG,True,KEEP,color_clinical_like,15,False,photo_like
valid,OHI_datasetIMG_4665_JPG.rf.ecbc6b073c867d970ee36845bb1da9f4.jpg,OHI_datasetIMG_4665_JPG,True,KEEP,color_clinical_like,21,False,photo_like
valid,OHI_datasetIMG_4668_JPG.rf.f8341474095ee967f26fb742ed283154.jpg,OHI_datasetIMG_4668_JPG,True,KEEP,color_clinical_like,14,False,photo_like
valid,OHI_datasetIMG_4675_JPG.rf.7d9b63c6c0177db507deb52766cbc43a.jpg,OHI_datasetIMG_4675_JPG,True,KEEP,color_clinical_like,28,False,photo_like
valid,OHI_datasetIMG_4677_JPG.rf.5a28780392516510424088eb5a5fa73c.jpg,OHI_datasetIMG_4677_JPG,True,KEEP,color_clinical_like,14,False,photo_like
valid,OHI_datasetIMG_4682_JPG.rf.15590bc0ab6c50985b153f5b93553733.jpg,OHI_datasetIMG_4682_JPG,True,KEEP,color_clinical_like,16,False,photo_like
valid,OHI_datasetIMG_4684_JPG.rf.3a0c0483902377ed36cd39a7504bc5c3.jpg,OHI_datasetIMG_4684_JPG,True,KEEP,color_clinical_like,4,False,photo_like
valid,OHI_datasetIMG_4687_JPG.rf.d63a04f17fe5a30486f0c79428aa1647.jpg,OHI_datasetIMG_4687_JPG,True,KEEP,color_clinical_like,14,False,photo_like
valid,OHI_datasetIMG_4701_JPG.rf.fce68f6c88cdfefef49522b407d6bfe2.jpg,OHI_datasetIMG_4701_JPG,True,KEEP,color_clinical_like,13,False,photo_like
valid,OHI_datasetIMG_4714_JPG.rf.da2994784a2a7cb4fe115a3cb68bc07f.jpg,OHI_datasetIMG_4714_JPG,True,KEEP,color_clinical_like,15,False,photo_like
valid,OHI_datasetIMG_4715_JPG.rf.2c86ddf11b3633cd807d3e6516fa934e.jpg,OHI_datasetIMG_4715_JPG,True,KEEP,color_clinical_like,14,False,photo_like
valid,OHI_datasetIMG_4727_JPG.rf.4df1c7a9192e439bf1f54a97888a6423.jpg,OHI_datasetIMG_4727_JPG,True,KEEP,color_clinical_like,9,False,photo_like
valid,OHI_datasetIMG_4733_JPG.rf.5488320e77ee3fddbde35fa855931890.jpg,OHI_datasetIMG_4733_JPG,True,KEEP,color_clinical_like,12,False,photo_like
valid,OHI_datasetIMG_4742_JPG.rf.564ef9f5356e9a86ff7e4489f89fa70a.jpg,OHI_datasetIMG_4742_JPG,True,KEEP,color_clinical_like,14,False,photo_like
valid,OHI_datasetIMG_4812_JPG.rf.f4a1b54225dda52eb0a64323332e58b7.jpg,OHI_datasetIMG_4812_JPG,True,KEEP,color_clinical_like,14,False,photo_like
valid,OHI_datasetIMG_4843_JPG.rf.fc40052a06d104aff591fdb79df4fa78.jpg,OHI_datasetIMG_4843_JPG,True,KEEP,color_clinical_like,23,False,photo_like
valid,OHI_datasetIMG_4850_JPG.rf.29cc5809b924f1f81e0e4a3369f6092f.jpg,OHI_datasetIMG_4850_JPG,True,KEEP,color_clinical_like,11,False,photo_like
valid,OHI_datasetIMG_4852_JPG.rf.f6a56764401d718264d55c113fbf1738.jpg,OHI_datasetIMG_4852_JPG,True,KEEP,color_clinical_like,1,False,photo_like
valid,OHI_datasetIMG_4864_JPG.rf.1accdcacff41a6c4875363843cad6462.jpg,OHI_datasetIMG_4864_JPG,True,KEEP,color_clinical_like,13,False,photo_like
valid,OHI_datasetIMG_4868_JPG.rf.023569cca37fec06a41db873a0de5020.jpg,OHI_datasetIMG_4868_JPG,True,KEEP,color_clinical_like,14,False,photo_like
valid,OHI_datasetIMG_4910_JPG.rf.7875132e542e7e51c440ce20da377f98.jpg,OHI_datasetIMG_4910_JPG,True,KEEP,color_clinical_like,13,False,photo_like
valid,OHI_datasetIMG_4922_JPG.rf.0db42f8913292f6f2c19f6a10483eef0.jpg,OHI_datasetIMG_4922_JPG,True,KEEP,color_clinical_like,28,False,photo_like
valid,OHI_datasetIMG_4937_JPG.rf.d4a18e97ae132a084b4ba3c13996b96e.jpg,OHI_datasetIMG_4937_JPG,True,KEEP,color_clinical_like,16,False,photo_like
valid,OHI_datasetIMG_4950_JPG.rf.b3b8b2e803641b186d32c3370d3a90f4.jpg,OHI_datasetIMG_4950_JPG,True,KEEP,color_clinical_like,12,False,photo_like
valid,OHI_datasetIMG_4979_JPG.rf.91dbb08a56003f03b426bf28a371dd90.jpg,OHI_datasetIMG_4979_JPG,True,KEEP,color_clinical_like,26,False,photo_like
valid,OHI_datasetIMG_4981_JPG.rf.0f58faa88422b0a5d2ef23579571eef8.jpg,OHI_datasetIMG_4981_JPG,True,KEEP,color_clinical_like,15,False,photo_like
valid,OHI_datasetIMG_4984_JPG.rf.1d1682fa54b36dbaa8b18667d8313a89.jpg,OHI_datasetIMG_4984_JPG,True,KEEP,color_clinical_like,8,False,photo_like
valid,OHI_datasetIMG_4995_JPG.rf.80bd0be9321f925bf93e4a7c67a3697a.jpg,OHI_datasetIMG_4995_JPG,True,KEEP,color_clinical_like,16,False,photo_like
valid,OHI_datasetIMG_5002_JPG.rf.ec18fa71c12d2044eb636f1c791340d2.jpg,OHI_datasetIMG_5002_JPG,True,KEEP,color_clinical_like,26,False,photo_like
valid,OHI_datasetIMG_5011_JPG.rf.55431215d8ef1417dc48b19e01d1a527.jpg,OHI_datasetIMG_5011_JPG,True,KEEP,color_clinical_like,11,False,photo_like
valid,OHI_datasetIMG_5015_JPG.rf.de66a4f10d21598929bd884092d8866c.jpg,OHI_datasetIMG_5015_JPG,True,KEEP,color_clinical_like,14,False,photo_like
valid,OHI_datasetIMG_5032_JPG.rf.620be14cb51ebcc9c24031b1d95762a3.jpg,OHI_datasetIMG_5032_JPG,True,KEEP,color_clinical_like,25,False,photo_like
valid,OHI_datasetIMG_5074_JPG.rf.773d123127ab0df1d7211f40874baeb4.jpg,OHI_datasetIMG_5074_JPG,True,KEEP,color_clinical_like,19,False,photo_like
valid,OHI_datasetIMG_5090_JPG.rf.919784707b2ee036d036a351315739d0.jpg,OHI_datasetIMG_5090_JPG,True,KEEP,color_clinical_like,14,False,photo_like
valid,OHI_datasetIMG_5099_JPG.rf.b42a2b70e8908098d330eaa36d70fb2b.jpg,OHI_datasetIMG_5099_JPG,True,KEEP,color_clinical_like,14,False,photo_like
valid,OHI_datasetIMG_5105_JPG.rf.7925ad45116371bbfd1dc54251bca8c2.jpg,OHI_datasetIMG_5105_JPG,True,KEEP,color_clinical_like,27,False,photo_like
valid,OHI_datasetIMG_5114_JPG.rf.f630babd3b3060836d13b2e6a7248dc3.jpg,OHI_datasetIMG_5114_JPG,True,KEEP,color_clinical_like,14,False,photo_like
valid,OHI_datasetIMG_5145_JPG.rf.bc812e5790a5fb5382f2348fa18eafda.jpg,OHI_datasetIMG_5145_JPG,True,KEEP,color_clinical_like,10,False,photo_like
valid,OHI_datasetIMG_5151_JPG.rf.4547aeca83c47b9329108c0e825b43af.jpg,OHI_datasetIMG_5151_JPG,True,KEEP,color_clinical_like,15,False,photo_like
valid,OHI_datasetIMG_5168_JPG.rf.1faa8bc552de805c24912132da0fb3c0.jpg,OHI_datasetIMG_5168_JPG,True,KEEP,color_clinical_like,11,False,photo_like
valid,OHI_datasetIMG_5189_JPG.rf.cdf5aece036b75b486b7d1cfcdbc2e60.jpg,OHI_datasetIMG_5189_JPG,True,KEEP,color_clinical_like,14,False,photo_like
valid,OHI_datasetIMG_5194_JPG.rf.c0d913dc43e91519c85349673d59f09a.jpg,OHI_datasetIMG_5194_JPG,True,KEEP,color_clinical_like,27,False,photo_like
valid,OHI_datasetIMG_5198_JPG.rf.b051745b807771d20afeb39ed9019d61.jpg,OHI_datasetIMG_5198_JPG,True,KEEP,color_clinical_like,14,False,photo_like
valid,OHI_datasetIMG_5204_JPG.rf.6ed304b9d5ea193195470243a4c9ebea.jpg,OHI_datasetIMG_5204_JPG,True,KEEP,color_clinical_like,13,False,photo_like
valid,OHI_datasetIMG_5210_JPG.rf.74cc9785d10aa44555d67902ac7516db.jpg,OHI_datasetIMG_5210_JPG,True,KEEP,color_clinical_like,25,False,photo_like
valid,OHI_datasetIMG_5216_JPG.rf.6fb00aa66c0c841942c0a6445849c1a4.jpg,OHI_datasetIMG_5216_JPG,True,KEEP,color_clinical_like,14,False,photo_like
valid,OHI_datasetIMG_5235_JPG.rf.8ea6069a15208692a41b516b3a337dea.jpg,OHI_datasetIMG_5235_JPG,True,KEEP,color_clinical_like,12,False,photo_like
valid,OHI_datasetIMG_5254_JPG.rf.074c6fc18d0439ea2f3a250b7057b4eb.jpg,OHI_datasetIMG_5254_JPG,True,KEEP,color_clinical_like,14,False,photo_like
valid,OHI_datasetIMG_5260_JPG.rf.b75f0257c5fe1070bd27e03b05f897b5.jpg,OHI_datasetIMG_5260_JPG,True,KEEP,color_clinical_like,11,False,photo_like
valid,OHI_datasetIMG_5271_JPG.rf.0a90a73a51c9c6e29a8b8ffc1148b338.jpg,OHI_datasetIMG_5271_JPG,True,KEEP,color_clinical_like,24,False,photo_like
valid,OHI_datasetIMG_5297_JPG.rf.f26095df13bc8deb8da93d54d44e090c.jpg,OHI_datasetIMG_5297_JPG,True,KEEP,color_clinical_like,12,False,photo_like
valid,OHI_datasetIMG_5376_JPG.rf.231a5eb28a852b967dc0e8afb9752f38.jpg,OHI_datasetIMG_5376_JPG,True,KEEP,color_clinical_like,28,False,photo_like
valid,OHI_datasetIMG_5398_JPG.rf.05c1599b2f31f175d18df82eb8700ea9.jpg,OHI_datasetIMG_5398_JPG,True,KEEP,color_clinical_like,24,False,photo_like
valid,OHI_datasetIMG_5399_JPG.rf.eb1142c391d4e1237b1260391e8362ab.jpg,OHI_datasetIMG_5399_JPG,True,KEEP,color_clinical_like,11,False,photo_like
valid,OHI_datasetIMG_5407_JPG.rf.004aa1bcb18c47d0021121ad0e5110d8.jpg,OHI_datasetIMG_5407_JPG,True,KEEP,color_clinical_like,14,False,photo_like
valid,OHI_datasetIMG_5428_JPG.rf.8258f7bbe21081cd4a9374ca07f2fd9c.jpg,OHI_datasetIMG_5428_JPG,True,KEEP,color_clinical_like,24,False,photo_like
valid,OHI_datasetIMG_5434_JPG.rf.13ce158cf6430177b838d9742ef9879f.jpg,OHI_datasetIMG_5434_JPG,True,KEEP,color_clinical_like,22,False,photo_like
valid,OHI_datasetIMG_5436_JPG.rf.0c0fb2b86768c1f13b1ad6eb4959e76e.jpg,OHI_datasetIMG_5436_JPG,True,KEEP,color_clinical_like,10,False,photo_like
valid,OHI_datasetIMG_5442_JPG.rf.2c8b8e0fab258700549221c45cb2d7ba.jpg,OHI_datasetIMG_5442_JPG,True,KEEP,color_clinical_like,13,False,photo_like
valid,OHI_datasetIMG_5443_JPG.rf.37862fe48ea3d440723415b94010bcd8.jpg,OHI_datasetIMG_5443_JPG,True,KEEP,color_clinical_like,13,False,photo_like
valid,OHI_datasetIMG_5557_JPG.rf.586318026f2b66f22ca3e8be3a696f3d.jpg,OHI_datasetIMG_5557_JPG,True,KEEP,color_clinical_like,26,False,photo_like
valid,OHI_datasetIMG_5686_JPG.rf.2047af5be1531bcb21d5bdcd345eae85.jpg,OHI_datasetIMG_5686_JPG,True,KEEP,color_clinical_like,21,False,photo_like
valid,OHI_datasetIMG_5720_JPG.rf.749d63836aea1771f711a1dd24cf1906.jpg,OHI_datasetIMG_5720_JPG,True,KEEP,color_clinical_like,13,False,photo_like
valid,OHI_datasetIMG_5737_JPG.rf.629a8e8774f79ac4702e75171d97ca6b.jpg,OHI_datasetIMG_5737_JPG,True,KEEP,color_clinical_like,11,False,photo_like
valid,OHI_datasetIMG_5769_JPG.rf.97a92169767b5aab227d3ec22fa74126.jpg,OHI_datasetIMG_5769_JPG,True,KEEP,color_clinical_like,13,False,photo_like
valid,OHI_datasetIMG_5783_JPG.rf.209553bf5a9903b397ff7fcd4ed35675.jpg,OHI_datasetIMG_5783_JPG,True,KEEP,color_clinical_like,23,False,photo_like
valid,OHI_datasetIMG_5872_JPG.rf.a4e69a7b948246402e4b586e15f0be19.jpg,OHI_datasetIMG_5872_JPG,True,KEEP,color_clinical_like,29,False,photo_like
valid,OHI_datasetIMG_5875_JPG.rf.a41df359545ecfae737626c13a3b5ae7.jpg,OHI_datasetIMG_5875_JPG,True,KEEP,color_clinical_like,14,False,photo_like
valid,OHI_datasetIMG_5913_JPG.rf.a60f85cd23d251ae3425f9b54eee9efb.jpg,OHI_datasetIMG_5913_JPG,True,KEEP,color_clinical_like,30,False,photo_like
valid,OHI_datasetIMG_5940_JPG.rf.70568e6aef02c742af70a4308d2b29f4.jpg,OHI_datasetIMG_5940_JPG,True,KEEP,color_clinical_like,17,False,photo_like
valid,OHI_datasetIMG_5989_JPG.rf.6596467e2dd6ab78da584581cf610b8a.jpg,OHI_datasetIMG_5989_JPG,True,KEEP,color_clinical_like,22,False,photo_like
valid,OHI_datasetIMG_5993_JPG.rf.781a12ba4ca0b71c88c0ae2b45495619.jpg,OHI_datasetIMG_5993_JPG,True,KEEP,color_clinical_like,11,False,photo_like
valid,OHI_datasetIMG_6016_JPG.rf.3930ca48aea83ab6749fea9d2c9b2729.jpg,OHI_datasetIMG_6016_JPG,True,KEEP,color_clinical_like,14,False,photo_like
valid,OHI_datasetIMG_6036_JPG.rf.832afd674291967411418349d8bd93bc.jpg,OHI_datasetIMG_6036_JPG,True,KEEP,color_clinical_like,15,False,photo_like
valid,OHI_datasetIMG_6057_JPG.rf.7c0069782b55dddfb19983a0425a2761.jpg,OHI_datasetIMG_6057_JPG,True,KEEP,color_clinical_like,14,False,photo_like
valid,OHI_datasetIMG_6111_JPG.rf.96b4f944b1cd8c92c89fbd91ef51554f.jpg,OHI_datasetIMG_6111_JPG,True,KEEP,color_clinical_like,14,False,photo_like
valid,OHI_datasetIMG_6125_JPG.rf.4082ed1ecdc1e9f9c15b443498928e43.jpg,OHI_datasetIMG_6125_JPG,True,KEEP,color_clinical_like,15,False,photo_like
valid,OHI_datasetIMG_6154_JPG.rf.fa72ce047237550a2d6fccdd496d6015.jpg,OHI_datasetIMG_6154_JPG,True,KEEP,color_clinical_like,26,False,photo_like
valid,OHI_datasetIMG_6158_JPG.rf.4b57c01bfae347ae38d6ae9b79438c4e.jpg,OHI_datasetIMG_6158_JPG,True,KEEP,color_clinical_like,32,False,photo_like
valid,OHI_datasetIMG_6185_JPG.rf.8fc58d30984b9ae70d6221b8db8f8406.jpg,OHI_datasetIMG_6185_JPG,True,KEEP,color_clinical_like,11,False,photo_like
valid,OHI_datasetIMG_6232_JPG.rf.5ff84fe13bc19f72b3f1f9e58e3a5b15.jpg,OHI_datasetIMG_6232_JPG,True,KEEP,color_clinical_like,25,False,photo_like
valid,OHI_datasetIMG_6244_JPG.rf.4f1310512ec45785bd26d48ea831e23d.jpg,OHI_datasetIMG_6244_JPG,True,KEEP,color_clinical_like,14,False,photo_like
valid,OHI_datasetIMG_6247_JPG.rf.0bab4d77afe39fdf53c2a60e16525f39.jpg,OHI_datasetIMG_6247_JPG,True,KEEP,color_clinical_like,26,False,photo_like
valid,OHI_datasetIMG_6256_JPG.rf.0bcedd73138195b242b100f30e8c7faf.jpg,OHI_datasetIMG_6256_JPG,True,KEEP,color_clinical_like,14,False,photo_like
valid,OHI_datasetIMG_6257_JPG.rf.252863e034387b6ab288693e58475705.jpg,OHI_datasetIMG_6257_JPG,True,KEEP,color_clinical_like,14,False,photo_like
valid,OHI_datasetIMG_6308_JPG.rf.9c15010b0f21cb9f5a244d771a46c0d1.jpg,OHI_datasetIMG_6308_JPG,True,KEEP,color_clinical_like,22,False,photo_like
valid,OHI_datasetIMG_6363_JPG.rf.597f5201266d7c2dcacb50abf08fe0db.jpg,OHI_datasetIMG_6363_JPG,True,KEEP,color_clinical_like,14,False,photo_like
valid,OHI_datasetIMG_6377_JPG.rf.9a2079d19c15a8da24f20d0991a1b9dc.jpg,OHI_datasetIMG_6377_JPG,True,KEEP,color_clinical_like,26,False,photo_like
valid,OHI_datasetIMG_6404_JPG.rf.5ef05d46b2b91ae2f0c3f31fa11c2e82.jpg,OHI_datasetIMG_6404_JPG,True,KEEP,color_clinical_like,12,False,photo_like
valid,OHI_datasetIMG_6464_JPG.rf.025c1a36bf056f04c6c340feaf9e50f1.jpg,OHI_datasetIMG_6464_JPG,True,KEEP,color_clinical_like,10,False,photo_like
valid,OHI_datasetIMG_6496_JPG.rf.c9b9de2a4d53b0b9e16e1cc8cf476037.jpg,OHI_datasetIMG_6496_JPG,True,KEEP,color_clinical_like,27,False,photo_like
valid,OHI_datasetIMG_6521_JPG.rf.07e4566d2f5a01b1f06cbae80c40c5d3.jpg,OHI_datasetIMG_6521_JPG,True,KEEP,color_clinical_like,22,False,photo_like
valid,OHI_datasetIMG_6565_JPG.rf.6c40277bdac1456c1c90be34af96c7ce.jpg,OHI_datasetIMG_6565_JPG,True,KEEP,color_clinical_like,26,False,photo_like
valid,OHI_datasetIMG_6568_JPG.rf.6582864bac6863144464870f00d862af.jpg,OHI_datasetIMG_6568_JPG,True,KEEP,color_clinical_like,14,False,photo_like
valid,OHI_datasetIMG_6575_JPG.rf.ab7df5687bd0be415b46647e4a247e15.jpg,OHI_datasetIMG_6575_JPG,True,KEEP,color_clinical_like,28,False,photo_like
valid,OHI_datasetIMG_6578_JPG.rf.f7769282f1844f0b83b9573c41fef797.jpg,OHI_datasetIMG_6578_JPG,True,KEEP,color_clinical_like,14,False,photo_like
valid,OHI_datasetIMG_6581_JPG.rf.fdd720af7adac5be08c6819aebd5ad59.jpg,OHI_datasetIMG_6581_JPG,True,KEEP,color_clinical_like,7,False,photo_like
valid,OHI_datasetIMG_6595_JPG.rf.4abfd8607c46fcb8bb74a56146c0843b.jpg,OHI_datasetIMG_6595_JPG,True,KEEP,color_clinical_like,28,False,photo_like
valid,OHI_datasetSANGER_M_19591112_324751624_1_jpg.rf.4c941e0bb57eb5c1aa6de5b2bccc694e.jpg,OHI_datasetSANGER_M_19591112_324751624_1_jpg,True,KEEP,color_clinical_like,13,False,photo_like
valid,OHI_datasetscreen_shot_front_jpg.rf.24e9b79abfbabd8e1d929903a5c519ba.jpg,OHI_datasetscreen_shot_front_jpg,True,REVIEW,screenshot_filename,28,True,screenshot
valid,OHI_datasetscreen_shot_lower_jpg.rf.219dc0ce2a698af61265b8d636c3b3cb.jpg,OHI_datasetscreen_shot_lower_jpg,True,REVIEW,screenshot_filename,14,True,screenshot
valid,OHI_datasetscreen_shot_upper2.rf.196ce17346516547676d36de8c4329e7.jpg,OHI_datasetscreen_shot_upper2,True,REVIEW,screenshot_filename,13,True,screenshot
test,OHI_dataset_MG_4555_JPG.rf.64acf9af8efc909cf88591b0755f6069.jpg,OHI_dataset_MG_4555_JPG,True,KEEP,color_clinical_like,12,False,photo_like
test,OHI_dataset_MG_4556_JPG.rf.db183ac60da0153363a674d72206b2e7.jpg,OHI_dataset_MG_4556_JPG,True,KEEP,color_clinical_like,14,False,photo_like
test,OHI_datasetbite1_jpg.rf.e4e2f02f9996bf28623aacdc71b37f35.jpg,OHI_datasetbite1_jpg,True,KEEP,color_clinical_like,29,False,photo_like
test,OHI_datasetgallery_-137391181_penta_front_m_jpg.rf.1658a13aacc6e090dad90434d636b387.jpg,OHI_datasetgallery_-137391181_penta_front_m_jpg,True,REVIEW,gallery_or_3d_like_filename,26,False,gallery_3d_like
test,OHI_datasetgallery_-137391181_penta_lower_m_jpg.rf.968789dc7fc11bf162b3efd8677df66f.jpg,OHI_datasetgallery_-137391181_penta_lower_m_jpg,True,REVIEW,gallery_or_3d_like_filename,14,False,gallery_3d_like
test,OHI_datasetgallery_-42318742_penta_upper_m_jpg.rf.82e076b4e9b966a46673c852ce69dcee.jpg,OHI_datasetgallery_-42318742_penta_upper_m_jpg,True,REVIEW,gallery_or_3d_like_filename,13,False,gallery_3d_like
test,OHI_datasetgallery_-48450823_penta_front_m_jpg.rf.3287bcc7ede9fe4a330f1a27a923958f.jpg,OHI_datasetgallery_-48450823_penta_front_m_jpg,True,REVIEW,gallery_or_3d_like_filename,24,False,gallery_3d_like
test,OHI_datasetgallery_-58038273_penta_front_m_jpg.rf.037e23f39bc02577fbadfba80af615c2.jpg,OHI_datasetgallery_-58038273_penta_front_m_jpg,True,REVIEW,gallery_or_3d_like_filename,21,False,gallery_3d_like
test,OHI_datasetIMG_0099_JPG.rf.f1e698b02907aba002c1d0fe24fee2a3.jpg,OHI_datasetIMG_0099_JPG,True,KEEP,color_clinical_like,25,False,photo_like
test,OHI_datasetIMG_0265_JPG.rf.d38ed8513ee13c292742d95e05065511.jpg,OHI_datasetIMG_0265_JPG,True,KEEP,color_clinical_like,11,False,photo_like
test,OHI_datasetIMG_0370_JPG.rf.8795f3aaaca2103c76c4227baa28fb5a.jpg,OHI_datasetIMG_0370_JPG,True,KEEP,color_clinical_like,14,False,photo_like
test,OHI_datasetIMG_0668_JPG.rf.47879121425d67af4ef2f55e2215a23e.jpg,OHI_datasetIMG_0668_JPG,True,KEEP,color_clinical_like,13,False,photo_like
test,OHI_datasetIMG_1173_JPG.rf.195f9ca3af32bc277a92a46501173eef.jpg,OHI_datasetIMG_1173_JPG,True,KEEP,color_clinical_like,30,False,photo_like
test,OHI_datasetIMG_1289_JPG.rf.15fa1da0372b4159bf20a5c69bf38510.jpg,OHI_datasetIMG_1289_JPG,True,KEEP,color_clinical_like,10,False,photo_like
test,OHI_datasetIMG_15811_jpg.rf.9b280e8a6a22c0c335e70cd852efe2ac.jpg,OHI_datasetIMG_15811_jpg,True,KEEP,color_clinical_like,14,False,photo_like
test,OHI_datasetIMG_1582_JPG.rf.42048f9870928d11bfdeb229b4e304d0.jpg,OHI_datasetIMG_1582_JPG,True,KEEP,color_clinical_like,6,False,photo_like
test,OHI_datasetIMG_1630_JPG.rf.b7deb460c1ab4c4a68997084bd011ebc.jpg,OHI_datasetIMG_1630_JPG,True,KEEP,color_clinical_like,12,False,photo_like
test,OHI_datasetIMG_1660_JPG.rf.c15cec709dbede3eef42a4bc08689a75.jpg,OHI_datasetIMG_1660_JPG,True,KEEP,color_clinical_like,28,False,photo_like
test,OHI_datasetIMG_1663_JPG.rf.2f899d49b6c5049d135cb5a336282eb7.jpg,OHI_datasetIMG_1663_JPG,True,KEEP,color_clinical_like,14,False,photo_like
test,OHI_datasetIMG_1749_JPG.rf.0f2bfc35b38c38598b174c5788cdb8d7.jpg,OHI_datasetIMG_1749_JPG,True,KEEP,color_clinical_like,10,False,photo_like
test,OHI_datasetIMG_1778_JPG.rf.cad699075122e8b4ea2b2efbe06c39dd.jpg,OHI_datasetIMG_1778_JPG,True,KEEP,color_clinical_like,12,False,photo_like
test,OHI_datasetIMG_1804_JPG.rf.a5431c958864445000dade59ac8534c2.jpg,OHI_datasetIMG_1804_JPG,True,KEEP,color_clinical_like,29,False,photo_like
test,OHI_datasetIMG_2045_jpg.rf.cb4cc8455cfd0ddd5dc9eabbdf83a3ec.jpg,OHI_datasetIMG_2045_jpg,True,KEEP,color_clinical_like,13,False,photo_like
test,OHI_datasetIMG_2357_JPG.rf.9fa775980474a1895c47902c924620c9.jpg,OHI_datasetIMG_2357_JPG,True,KEEP,color_clinical_like,9,False,photo_like
test,OHI_datasetIMG_2636_JPG.rf.4f2a9513314a54e3ca9aff70ab926ea1.jpg,OHI_datasetIMG_2636_JPG,True,KEEP,color_clinical_like,12,False,photo_like
test,OHI_datasetIMG_2689_JPG.rf.b653fa53c07cae624dcb8fba1ec9346f.jpg,OHI_datasetIMG_2689_JPG,True,KEEP,color_clinical_like,14,False,photo_like
test,OHI_datasetIMG_2778_JPG.rf.6fa84fcc1b0cbe43c98031d6f319c8c9.jpg,OHI_datasetIMG_2778_JPG,True,KEEP,color_clinical_like,15,False,photo_like
test,OHI_datasetIMG_2874_JPG.rf.ecc242fc04e7c188b4a279a72187121e.jpg,OHI_datasetIMG_2874_JPG,True,KEEP,color_clinical_like,22,False,photo_like
test,OHI_datasetIMG_2877_JPG.rf.c79a97f21bccaf4aefde0116f970d16d.jpg,OHI_datasetIMG_2877_JPG,True,KEEP,color_clinical_like,10,False,photo_like
test,OHI_datasetIMG_2878_JPG.rf.957b348d585c6ca3ac178ed9834ed302.jpg,OHI_datasetIMG_2878_JPG,True,KEEP,color_clinical_like,10,False,photo_like
test,OHI_datasetIMG_2896_JPG.rf.7144f42a6b87588ac3a32020df4d3099.jpg,OHI_datasetIMG_2896_JPG,True,KEEP,color_clinical_like,14,False,photo_like
test,OHI_datasetIMG_2903_JPG.rf.4c12ef95783d036832e838f7816d8365.jpg,OHI_datasetIMG_2903_JPG,True,KEEP,color_clinical_like,26,False,photo_like
test,OHI_datasetIMG_2946_jpg.rf.17f0967c2b5deb85b9877f9607bc9f8e.jpg,OHI_datasetIMG_2946_jpg,True,KEEP,color_clinical_like,16,False,photo_like
test,OHI_datasetIMG_2972_jpg.rf.6fd2a655cfaec38c3bf55c32f8ccd9e9.jpg,OHI_datasetIMG_2972_jpg,True,KEEP,color_clinical_like,22,False,photo_like
test,OHI_datasetIMG_3061_jpg.rf.d2810319ea6ea2044581a6d7d162e624.jpg,OHI_datasetIMG_3061_jpg,True,KEEP,color_clinical_like,9,False,photo_like
test,OHI_datasetIMG_3062_jpg.rf.ff5a096baa5daf3c663664b7de0ec763.jpg,OHI_datasetIMG_3062_jpg,True,KEEP,color_clinical_like,14,False,photo_like
test,OHI_datasetIMG_3108_JPG.rf.e0132de69f4ba53a21da0cc5dd7a3f94.jpg,OHI_datasetIMG_3108_JPG,True,KEEP,color_clinical_like,10,False,photo_like
test,OHI_datasetIMG_3211_JPG.rf.b004534a8c42fac77ccc9e3a1ba6757b.jpg,OHI_datasetIMG_3211_JPG,True,KEEP,color_clinical_like,12,False,photo_like
test,OHI_datasetIMG_3524_JPG.rf.1d0228730e26d12f5bcd75b6c592e154.jpg,OHI_datasetIMG_3524_JPG,True,KEEP,color_clinical_like,20,False,photo_like
test,OHI_datasetIMG_3579_JPG.rf.f7421c58afb41e66bce2c065b95b5907.jpg,OHI_datasetIMG_3579_JPG,True,KEEP,color_clinical_like,26,False,photo_like
test,OHI_datasetIMG_3638_JPG.rf.55a05517b84eb640e0b22a63fb04f967.jpg,OHI_datasetIMG_3638_JPG,True,KEEP,color_clinical_like,16,False,photo_like
test,OHI_datasetIMG_3694_JPG.rf.0807d978cfb1c232a8f30dce7fdd3c5a.jpg,OHI_datasetIMG_3694_JPG,True,KEEP,color_clinical_like,14,False,photo_like
test,OHI_datasetIMG_3712_JPG.rf.d684ea26f86137eba470b1388cb6476f.jpg,OHI_datasetIMG_3712_JPG,True,KEEP,color_clinical_like,11,False,photo_like
test,OHI_datasetIMG_37911_jpg.rf.d96f2ae0475bb9f8c1f3380807442533.jpg,OHI_datasetIMG_37911_jpg,True,KEEP,color_clinical_like,12,False,photo_like
test,OHI_datasetIMG_3817_JPG.rf.418b465f12585bae89bea6d1ec782905.jpg,OHI_datasetIMG_3817_JPG,True,KEEP,color_clinical_like,11,False,photo_like
test,OHI_datasetIMG_3833_JPG.rf.3edda290922ecd535f68cac6b1521d9b.jpg,OHI_datasetIMG_3833_JPG,True,KEEP,color_clinical_like,14,False,photo_like
test,OHI_datasetIMG_3893_JPG.rf.0090ec7f6421583c0aa65e87a63ea4ba.jpg,OHI_datasetIMG_3893_JPG,True,KEEP,color_clinical_like,14,False,photo_like
test,OHI_datasetIMG_3950_JPG.rf.d9001ee9191ae5f7400488617e2b5e08.jpg,OHI_datasetIMG_3950_JPG,True,KEEP,color_clinical_like,28,False,photo_like
test,OHI_datasetIMG_3996_JPG.rf.d5560d86c6d5e3e0e415149f66d8c89d.jpg,OHI_datasetIMG_3996_JPG,True,KEEP,color_clinical_like,12,False,photo_like
test,OHI_datasetIMG_4120_JPG.rf.c6dd594a31f59d8de48e73e2e740644e.jpg,OHI_datasetIMG_4120_JPG,True,KEEP,color_clinical_like,12,False,photo_like
test,OHI_datasetIMG_4153_JPG.rf.1456f220fe01342ba5645bc37cb157c3.jpg,OHI_datasetIMG_4153_JPG,True,KEEP,color_clinical_like,12,False,photo_like
test,OHI_datasetIMG_4297_JPG.rf.a6ca5612ce5af569e53d81243879e1c3.jpg,OHI_datasetIMG_4297_JPG,True,KEEP,color_clinical_like,25,False,photo_like
test,OHI_datasetIMG_4299_JPG.rf.c6709fe22ac59e6e28a9d7e787680446.jpg,OHI_datasetIMG_4299_JPG,True,KEEP,color_clinical_like,14,False,photo_like
test,OHI_datasetIMG_4303_JPG.rf.ed10706c14dd2f240592739dfd6e34c5.jpg,OHI_datasetIMG_4303_JPG,True,KEEP,color_clinical_like,27,False,photo_like
test,OHI_datasetIMG_4332_JPG.rf.2595040770b35bcd4dfa56a23051b887.jpg,OHI_datasetIMG_4332_JPG,True,KEEP,color_clinical_like,23,False,photo_like
test,OHI_datasetIMG_4388_JPG.rf.0bfee67fcab35f92e227d63afbef6e5a.jpg,OHI_datasetIMG_4388_JPG,True,KEEP,color_clinical_like,4,False,photo_like
test,OHI_datasetIMG_4390_JPG.rf.9a055f191d652ad89708aa8b8436783b.jpg,OHI_datasetIMG_4390_JPG,True,KEEP,color_clinical_like,13,False,photo_like
test,OHI_datasetIMG_4404_JPG.rf.f211dbe4996fc231aadf5fd7f09260f4.jpg,OHI_datasetIMG_4404_JPG,True,KEEP,color_clinical_like,11,False,photo_like
test,OHI_datasetIMG_4437_JPG.rf.c4b8ed9f964cd6cb85655e6efaf30762.jpg,OHI_datasetIMG_4437_JPG,True,KEEP,color_clinical_like,10,False,photo_like
test,OHI_datasetIMG_4555_JPG.rf.5a1633380b934cd1a725c5ba3c2aaff7.jpg,OHI_datasetIMG_4555_JPG,True,KEEP,color_clinical_like,28,False,photo_like
test,OHI_datasetIMG_4564_JPG.rf.52f03a27374f610212ac15cd79b535f6.jpg,OHI_datasetIMG_4564_JPG,True,KEEP,color_clinical_like,22,False,photo_like
test,OHI_datasetIMG_4583_JPG.rf.6323cd59eb70521798fdd5f610550a34.jpg,OHI_datasetIMG_4583_JPG,True,KEEP,color_clinical_like,10,False,photo_like
test,OHI_datasetIMG_4606_JPG.rf.de70428a3eceecf3d63a56eef7ea414b.jpg,OHI_datasetIMG_4606_JPG,True,KEEP,color_clinical_like,26,False,photo_like
test,OHI_datasetIMG_4613_JPG.rf.4cfb1eec357657cd4b0cd8b845c53c1c.jpg,OHI_datasetIMG_4613_JPG,True,KEEP,color_clinical_like,14,False,photo_like
test,OHI_datasetIMG_4651_JPG.rf.1a6935aa53c24b61e8ff1c1674f67bac.jpg,OHI_datasetIMG_4651_JPG,True,KEEP,color_clinical_like,14,False,photo_like
test,OHI_datasetIMG_4676_JPG.rf.11301ce43cb31c0c9af190a660e55b94.jpg,OHI_datasetIMG_4676_JPG,True,KEEP,color_clinical_like,14,False,photo_like
test,OHI_datasetIMG_4692_JPG.rf.581a0ac54b43f670215e8082992d5155.jpg,OHI_datasetIMG_4692_JPG,True,KEEP,color_clinical_like,14,False,photo_like
test,OHI_datasetIMG_4725_JPG.rf.8ecbe8267a2bf05a58c1ba6d58a73fc1.jpg,OHI_datasetIMG_4725_JPG,True,KEEP,color_clinical_like,16,False,photo_like
test,OHI_datasetIMG_4726_JPG.rf.18469a00ef0e34a5cf189256134447fb.jpg,OHI_datasetIMG_4726_JPG,True,KEEP,color_clinical_like,7,False,photo_like
test,OHI_datasetIMG_4734_JPG.rf.864baae77409894961e19bf955631676.jpg,OHI_datasetIMG_4734_JPG,True,KEEP,color_clinical_like,11,False,photo_like
test,OHI_datasetIMG_4741_JPG.rf.6080574cdf807e3aa4c836789fe89619.jpg,OHI_datasetIMG_4741_JPG,True,KEEP,color_clinical_like,26,False,photo_like
test,OHI_datasetIMG_4748_JPG.rf.3c43b584fb8a3f0f09c7e755bcf1ddd4.jpg,OHI_datasetIMG_4748_JPG,True,KEEP,color_clinical_like,11,False,photo_like
test,OHI_datasetIMG_4756_JPG.rf.a908d203eda76bf049af42f1ec2d5cd6.jpg,OHI_datasetIMG_4756_JPG,True,KEEP,color_clinical_like,16,False,photo_like
test,OHI_datasetIMG_4764_JPG.rf.0b69c53433d08f6c09869fed61d02ac8.jpg,OHI_datasetIMG_4764_JPG,True,KEEP,color_clinical_like,10,False,photo_like
test,OHI_datasetIMG_4765_JPG.rf.2189e3684770d3b1c3883a6e5578249e.jpg,OHI_datasetIMG_4765_JPG,True,KEEP,color_clinical_like,26,False,photo_like
test,OHI_datasetIMG_4775_JPG.rf.9d5adfa923c1f0a49097a411b514f896.jpg,OHI_datasetIMG_4775_JPG,True,KEEP,color_clinical_like,14,False,photo_like
test,OHI_datasetIMG_4810_JPG.rf.673afe2127e631b789f0f3d0bdff6560.jpg,OHI_datasetIMG_4810_JPG,True,KEEP,color_clinical_like,14,False,photo_like
test,OHI_datasetIMG_4820_JPG.rf.ccbd199b72a83b97bd5bb52f581e12e4.jpg,OHI_datasetIMG_4820_JPG,True,KEEP,color_clinical_like,27,False,photo_like
test,OHI_datasetIMG_4860_JPG.rf.b14ae0c775bbb466f97f578c4ca90986.jpg,OHI_datasetIMG_4860_JPG,True,KEEP,color_clinical_like,26,False,photo_like
test,OHI_datasetIMG_4892_JPG.rf.bd964b849dfcc4ed5c65ad461905c676.jpg,OHI_datasetIMG_4892_JPG,True,KEEP,color_clinical_like,24,False,photo_like
test,OHI_datasetIMG_4894_JPG.rf.b15ee24fa54bdd8674a7a0ca9c86022b.jpg,OHI_datasetIMG_4894_JPG,True,KEEP,color_clinical_like,14,False,photo_like
test,OHI_datasetIMG_4949_JPG.rf.6f7379ee8bb892c9a3d154d462476fbd.jpg,OHI_datasetIMG_4949_JPG,True,KEEP,color_clinical_like,25,False,photo_like
test,OHI_datasetIMG_4953_JPG.rf.91d5fe574f357ef78629bfd7530bb7eb.jpg,OHI_datasetIMG_4953_JPG,True,KEEP,color_clinical_like,24,False,photo_like
test,OHI_datasetIMG_4969_JPG.rf.010b944e185deea583ac67e3616ae122.jpg,OHI_datasetIMG_4969_JPG,True,KEEP,color_clinical_like,9,False,photo_like
test,OHI_datasetIMG_5027_JPG.rf.f213fd65f6f7983fb6f971022a4eb4a1.jpg,OHI_datasetIMG_5027_JPG,True,KEEP,color_clinical_like,5,False,photo_like
test,OHI_datasetIMG_5034_JPG.rf.6ba16aa6eb15e1297140997760bb5b7c.jpg,OHI_datasetIMG_5034_JPG,True,KEEP,color_clinical_like,13,False,photo_like
test,OHI_datasetIMG_5071_JPG.rf.f7fd12b2d63a34e09f262eb63f1a5f4d.jpg,OHI_datasetIMG_5071_JPG,True,KEEP,color_clinical_like,28,False,photo_like
test,OHI_datasetIMG_5072_JPG.rf.2556d9d457234e8385b09dfa6ff2c282.jpg,OHI_datasetIMG_5072_JPG,True,KEEP,color_clinical_like,15,False,photo_like
test,OHI_datasetIMG_5150_JPG.rf.ecd0d45a0aa581f1d310e941438a87ee.jpg,OHI_datasetIMG_5150_JPG,True,KEEP,color_clinical_like,28,False,photo_like
test,OHI_datasetIMG_5155_JPG.rf.fb85c36d54447a08ffa444ec8908c7e5.jpg,OHI_datasetIMG_5155_JPG,True,KEEP,color_clinical_like,11,False,photo_like
test,OHI_datasetIMG_5205_JPG.rf.1bb1dc84f775ded1be33203cd77a697c.jpg,OHI_datasetIMG_5205_JPG,True,KEEP,color_clinical_like,11,False,photo_like
test,OHI_datasetIMG_5208_JPG.rf.b8dadd9f82f190023810f38231e0f4d8.jpg,OHI_datasetIMG_5208_JPG,True,KEEP,color_clinical_like,30,False,photo_like
test,OHI_datasetIMG_5240_JPG.rf.dadef03e02a7818f257908bcb5a18f8d.jpg,OHI_datasetIMG_5240_JPG,True,KEEP,color_clinical_like,14,False,photo_like
test,OHI_datasetIMG_5256_JPG.rf.bc720d55e128218356e3c1f027dbff00.jpg,OHI_datasetIMG_5256_JPG,True,KEEP,color_clinical_like,26,False,photo_like
test,OHI_datasetIMG_5274_JPG.rf.5341249d8ebad18f024977bdebce3ef5.jpg,OHI_datasetIMG_5274_JPG,True,KEEP,color_clinical_like,14,False,photo_like
test,OHI_datasetIMG_5355_JPG.rf.8d276fb3d569649893e8e07aed950451.jpg,OHI_datasetIMG_5355_JPG,True,KEEP,color_clinical_like,27,False,photo_like
test,OHI_datasetIMG_5387_JPG.rf.3d3de892140c480a5a7f62657504d36a.jpg,OHI_datasetIMG_5387_JPG,True,KEEP,color_clinical_like,26,False,photo_like
test,OHI_datasetIMG_5441_JPG.rf.97b29d0b307657ff321509445f856dc3.jpg,OHI_datasetIMG_5441_JPG,True,KEEP,color_clinical_like,27,False,photo_like
test,OHI_datasetIMG_5585_JPG.rf.8edac5aa12cd3b347a992bf94b312025.jpg,OHI_datasetIMG_5585_JPG,True,KEEP,color_clinical_like,25,False,photo_like
test,OHI_datasetIMG_5674_JPG.rf.6f3f010b013dc2aca124918a62b08815.jpg,OHI_datasetIMG_5674_JPG,True,KEEP,color_clinical_like,14,False,photo_like
test,OHI_datasetIMG_5708_JPG.rf.096cae82e894d58b0b71b3e1ab89b0b3.jpg,OHI_datasetIMG_5708_JPG,True,KEEP,color_clinical_like,15,False,photo_like
test,OHI_datasetIMG_5733_JPG.rf.7d6865662642dc8dafe583f6983a04c6.jpg,OHI_datasetIMG_5733_JPG,True,KEEP,color_clinical_like,22,False,photo_like
test,OHI_datasetIMG_5794_JPG.rf.974700ee7e2615f85b098831ca0e3123.jpg,OHI_datasetIMG_5794_JPG,True,KEEP,color_clinical_like,25,False,photo_like
test,OHI_datasetIMG_5846_JPG.rf.912522d6930635b97609c34ff9386242.jpg,OHI_datasetIMG_5846_JPG,True,KEEP,color_clinical_like,24,False,photo_like
test,OHI_datasetIMG_5858_JPG.rf.2cb68f65faf6c7390ad4bae509240932.jpg,OHI_datasetIMG_5858_JPG,True,KEEP,color_clinical_like,14,False,photo_like
test,OHI_datasetIMG_5861_JPG.rf.406e8bb87cde25b4aaf1b18e8ba05bfb.jpg,OHI_datasetIMG_5861_JPG,True,KEEP,color_clinical_like,27,False,photo_like
test,OHI_datasetIMG_5922_JPG.rf.617fac837a568bdef27d9e0a2ffad0bb.jpg,OHI_datasetIMG_5922_JPG,True,KEEP,color_clinical_like,24,False,photo_like
test,OHI_datasetIMG_6051_JPG.rf.5268e7aae06192b6eaf865024dc3de6a.jpg,OHI_datasetIMG_6051_JPG,True,KEEP,color_clinical_like,13,False,photo_like
test,OHI_datasetIMG_6058_JPG.rf.f52f3a1fb451c6ad64687891c7985e2e.jpg,OHI_datasetIMG_6058_JPG,True,KEEP,color_clinical_like,13,False,photo_like
test,OHI_datasetIMG_6069_JPG.rf.7e820b2a0bb9c6570c4afb2ba3ece017.jpg,OHI_datasetIMG_6069_JPG,True,KEEP,color_clinical_like,10,False,photo_like
test,OHI_datasetIMG_6131_JPG.rf.2100cde59c303f4941712f7249533b88.jpg,OHI_datasetIMG_6131_JPG,True,KEEP,color_clinical_like,14,False,photo_like
test,OHI_datasetIMG_6156_JPG.rf.9c74dc2d447ef9bc597221ba17bb40ee.jpg,OHI_datasetIMG_6156_JPG,True,KEEP,color_clinical_like,14,False,photo_like
test,OHI_datasetIMG_63901_jpg.rf.e56870d4cec1c3bc5c76787aefcb0199.jpg,OHI_datasetIMG_63901_jpg,True,KEEP,color_clinical_like,14,False,photo_like
test,OHI_datasetIMG_6459_JPG.rf.054f4786f7d399483bee59cd5c9b2b95.jpg,OHI_datasetIMG_6459_JPG,True,KEEP,color_clinical_like,16,False,photo_like
test,OHI_datasetIMG_6465_JPG.rf.1bbc48bf9494ea7c3ac3429b980e95cf.jpg,OHI_datasetIMG_6465_JPG,True,KEEP,color_clinical_like,6,False,photo_like
test,OHI_datasetIMG_6500_JPG.rf.baf4dd131e953612b26c7c4fe4078ba2.jpg,OHI_datasetIMG_6500_JPG,True,KEEP,color_clinical_like,14,False,photo_like
test,OHI_datasetIMG_6582_JPG.rf.ed242a6af3c96bf1984870cd119039e1.jpg,OHI_datasetIMG_6582_JPG,True,KEEP,color_clinical_like,12,False,photo_like
test,OHI_datasetIMG_6625_JPG.rf.ec8799b2c237124e1f8a2d24dde35504.jpg,OHI_datasetIMG_6625_JPG,True,KEEP,color_clinical_like,15,False,photo_like
test,OHI_datasetIMG_6640_JPG.rf.efc4e7f9e20d556da951d7354d5b1f55.jpg,OHI_datasetIMG_6640_JPG,True,KEEP,color_clinical_like,15,False,photo_like
test,OHI_datasetIMG_6656_JPG.rf.c733c6eed95545f5f4b219b8a39f14e2.jpg,OHI_datasetIMG_6656_JPG,True,KEEP,color_clinical_like,9,False,photo_like
